f1,success,precision,recall,map_condition,model_short,log_codebase_size,codebase_size,issue_id,repo,issue_idx,rep,turns_used,hit_turn_cap,total_input_tokens,total_output_tokens,total_cost,wall_time_seconds
1.0,1,1.0,1.0,baseline,ministral_3b,12.068688124847148,174327,core/16,core,16,1,14,False,151168,1611,0.010808,38.25
0.0,0,0.0,0.0,baseline,ministral_3b,12.068688124847148,174327,core/16,core,16,2,18,False,180485,1706,0.006901,44.37
1.0,1,1.0,1.0,baseline,ministral_3b,12.068688124847148,174327,core/16,core,16,3,5,False,15169,706,0.00123,9.69
1.0,1,1.0,1.0,baseline,ministral_3b,11.506545154005941,99364,core/20,core,20,1,5,False,27591,1661,0.002366,18.45
1.0,1,1.0,1.0,baseline,ministral_3b,11.506545154005941,99364,core/20,core,20,2,4,False,20201,1561,0.001802,16.1
1.0,1,1.0,1.0,baseline,ministral_3b,11.506545154005941,99364,core/20,core,20,3,10,False,52739,1572,0.003605,26.52
0.0,0,0.0,0.0,baseline,ministral_3b,8.579980179515003,5324,fastapi/17,fastapi,17,1,23,False,217559,2094,0.005768,51.0
0.0,0,0.0,0.0,baseline,ministral_3b,8.579980179515003,5324,fastapi/17,fastapi,17,2,13,False,114047,3359,0.006194,47.89
0.0,0,0.0,0.0,baseline,ministral_3b,8.579980179515003,5324,fastapi/17,fastapi,17,3,16,False,116498,8291,0.007076,96.13
0.0,0,0.0,0.0,baseline,ministral_3b,8.518991573357617,5009,fastapi/20,fastapi,20,1,26,False,57462,2548,0.00194,53.08
0.0,0,0.0,0.0,baseline,ministral_3b,8.518991573357617,5009,fastapi/20,fastapi,20,2,29,False,74189,1399,0.002997,44.38
0.0,0,0.0,0.0,baseline,ministral_3b,8.518991573357617,5009,fastapi/20,fastapi,20,3,16,False,42120,2778,0.00142,35.82
0.5,0,1.0,0.3333,baseline,ministral_3b,8.482187582217422,4828,fastapi/9,fastapi,9,1,15,False,101530,1245,0.004569,32.86
0.5,0,1.0,0.3333,baseline,ministral_3b,8.482187582217422,4828,fastapi/9,fastapi,9,2,8,False,37357,849,0.002335,14.66
0.5,0,1.0,0.3333,baseline,ministral_3b,8.482187582217422,4828,fastapi/9,fastapi,9,3,7,False,50244,946,0.00278,15.69
0.6667,0,1.0,0.5,baseline,ministral_3b,8.808369153122275,6690,flask/18,flask,18,1,24,False,102807,1806,0.003653,43.34
0.6667,0,1.0,0.5,baseline,ministral_3b,8.808369153122275,6690,flask/18,flask,18,2,24,False,133704,2491,0.005043,48.86
0.6667,0,1.0,0.5,baseline,ministral_3b,8.808369153122275,6690,flask/18,flask,18,3,13,False,116760,2731,0.005492,35.93
1.0,1,1.0,1.0,baseline,ministral_3b,8.899457906353966,7328,flask/3,flask,3,1,7,False,18193,836,0.000906,13.34
1.0,1,1.0,1.0,baseline,ministral_3b,8.899457906353966,7328,flask/3,flask,3,2,10,False,34504,1204,0.001785,18.4
1.0,1,1.0,1.0,baseline,ministral_3b,8.899457906353966,7328,flask/3,flask,3,3,12,False,34426,2152,0.002264,37.52
1.0,1,1.0,1.0,baseline,ministral_3b,8.827468112520654,6819,flask/6,flask,6,1,8,False,19485,501,0.001411,12.82
1.0,1,1.0,1.0,baseline,ministral_3b,8.827468112520654,6819,flask/6,flask,6,2,7,False,14606,382,0.000865,11.64
1.0,1,1.0,1.0,baseline,ministral_3b,8.827468112520654,6819,flask/6,flask,6,3,9,False,79211,587,0.00499,22.59
0.0,0,0.0,0.0,baseline,ministral_3b,8.341410211461865,4194,gpt-engineer/11,gpt-engineer,11,1,11,False,31652,1744,0.001882,25.92
0.0,0,0.0,0.0,baseline,ministral_3b,8.341410211461865,4194,gpt-engineer/11,gpt-engineer,11,2,9,False,43747,1601,0.002962,37.81
0.0,0,0.0,0.0,baseline,ministral_3b,8.341410211461865,4194,gpt-engineer/11,gpt-engineer,11,3,7,False,29353,1583,0.002063,25.66
0.4,0,1.0,0.25,baseline,ministral_3b,8.029432840581244,3070,gpt-engineer/12,gpt-engineer,12,1,6,False,27809,919,0.002458,16.09
0.4,0,1.0,0.25,baseline,ministral_3b,8.029432840581244,3070,gpt-engineer/12,gpt-engineer,12,2,5,False,18468,1320,0.001242,14.56
0.4,0,1.0,0.25,baseline,ministral_3b,8.029432840581244,3070,gpt-engineer/12,gpt-engineer,12,3,4,False,11232,878,0.000837,26.99
1.0,1,1.0,1.0,baseline,ministral_3b,8.36380888451688,4289,gpt-engineer/9,gpt-engineer,9,1,22,False,88993,1129,0.003506,34.12
1.0,1,1.0,1.0,baseline,ministral_3b,8.36380888451688,4289,gpt-engineer/9,gpt-engineer,9,2,13,False,66173,1647,0.003994,29.81
1.0,1,1.0,1.0,baseline,ministral_3b,8.36380888451688,4289,gpt-engineer/9,gpt-engineer,9,3,10,False,29518,1237,0.002379,21.28
0.0,0,0.0,0.0,baseline,ministral_3b,10.196231790580173,26802,keras/12,keras,12,1,14,False,56986,1725,0.002813,29.85
0.0,0,0.0,0.0,baseline,ministral_3b,10.196231790580173,26802,keras/12,keras,12,2,20,False,47746,3093,0.002083,42.54
0.0,0,0.0,0.0,baseline,ministral_3b,10.196231790580173,26802,keras/12,keras,12,3,7,False,14226,1305,0.000885,14.24
1.0,1,1.0,1.0,baseline,ministral_3b,10.349134450277123,31230,keras/5,keras,5,1,8,False,59597,1421,0.003504,22.9
0.0,0,0.0,0.0,baseline,ministral_3b,10.349134450277123,31230,keras/5,keras,5,2,24,False,41996,1260,0.001094,34.21
0.0,0,0.0,0.0,baseline,ministral_3b,10.349134450277123,31230,keras/5,keras,5,3,14,False,20236,1022,0.000686,42.75
1.0,1,1.0,1.0,baseline,ministral_3b,10.444153492313001,34343,keras/9,keras,9,1,11,False,82528,2283,0.004363,38.29
1.0,1,1.0,1.0,baseline,ministral_3b,10.444153492313001,34343,keras/9,keras,9,2,7,False,31016,1049,0.002625,15.92
1.0,1,1.0,1.0,baseline,ministral_3b,10.444153492313001,34343,keras/9,keras,9,3,12,False,84698,1617,0.007151,34.59
0.25,0,1.0,0.1429,baseline,ministral_3b,9.61953186182516,15056,localstack/19,localstack,19,1,14,False,125976,1627,0.006931,42.02
0.0,0,0.0,0.0,baseline,ministral_3b,9.61953186182516,15056,localstack/19,localstack,19,2,12,False,38339,1079,0.002698,20.8
0.0,0,0.0,0.0,baseline,ministral_3b,9.61953186182516,15056,localstack/19,localstack,19,3,13,False,64595,1113,0.004791,31.32
1.0,1,1.0,1.0,baseline,ministral_3b,10.563155506021905,38683,localstack/2,localstack,2,1,11,False,126521,2568,0.005358,36.42
1.0,1,1.0,1.0,baseline,ministral_3b,10.563155506021905,38683,localstack/2,localstack,2,2,14,False,178386,2089,0.007708,40.19
1.0,1,1.0,1.0,baseline,ministral_3b,10.563155506021905,38683,localstack/2,localstack,2,3,14,False,158718,1271,0.004761,33.17
0.0,0,0.0,0.0,baseline,ministral_3b,9.860214640302662,19153,localstack/9,localstack,9,1,28,False,81897,1508,0.002079,44.67
1.0,1,1.0,1.0,baseline,ministral_3b,9.860214640302662,19153,localstack/9,localstack,9,2,19,False,83089,1696,0.002966,36.38
0.0,0,0.0,0.0,baseline,ministral_3b,9.860214640302662,19153,localstack/9,localstack,9,3,1,False,4518,10,0.000389,6.46
0.6667,0,1.0,0.5,baseline,ministral_3b,11.189312196300184,72353,pandas/26,pandas,26,1,26,False,157158,1302,0.003543,44.71
0.6667,0,1.0,0.5,baseline,ministral_3b,11.189312196300184,72353,pandas/26,pandas,26,2,13,False,82011,997,0.004298,24.61
1.0,1,1.0,1.0,baseline,ministral_3b,11.189312196300184,72353,pandas/26,pandas,26,3,18,False,379027,1588,0.020419,46.22
0.0,0,0.0,0.0,baseline,ministral_3b,11.270446177349276,78468,pandas/35,pandas,35,1,19,False,346555,3373,0.016451,68.49
0.0,0,0.0,0.0,baseline,ministral_3b,11.270446177349276,78468,pandas/35,pandas,35,2,26,False,357576,1974,0.01193,61.68
0.0,0,0.0,0.0,baseline,ministral_3b,11.270446177349276,78468,pandas/35,pandas,35,3,22,False,534976,2208,0.016566,122.35
0.6667,0,1.0,0.5,baseline,ministral_3b,12.08721590866289,177587,pandas/38,pandas,38,1,9,False,57558,1359,0.002937,23.54
0.6667,0,1.0,0.5,baseline,ministral_3b,12.08721590866289,177587,pandas/38,pandas,38,2,15,False,91706,2723,0.004731,94.95
0.6667,0,1.0,0.5,baseline,ministral_3b,12.08721590866289,177587,pandas/38,pandas,38,3,15,False,81345,2339,0.003167,34.41
0.0,0,0.0,0.0,baseline,ministral_3b,10.883015959814806,53264,pandas/44,pandas,44,1,16,False,40595,1287,0.002034,30.03
0.5,0,0.5,0.5,baseline,ministral_3b,10.883015959814806,53264,pandas/44,pandas,44,2,16,False,33881,810,0.001753,20.61
0.0,0,0.0,0.0,baseline,ministral_3b,10.883015959814806,53264,pandas/44,pandas,44,3,27,False,65845,1196,0.002327,37.8
0.5,0,1.0,0.3333,baseline,ministral_3b,9.346705246496699,11461,requests/12,requests,12,1,6,False,12772,648,0.000634,12.14
0.5,0,1.0,0.3333,baseline,ministral_3b,9.346705246496699,11461,requests/12,requests,12,2,10,False,17626,725,0.001184,15.4
0.5,0,1.0,0.3333,baseline,ministral_3b,9.346705246496699,11461,requests/12,requests,12,3,11,False,32884,792,0.002118,18.4
1.0,1,1.0,1.0,baseline,ministral_3b,9.348274558065496,11479,requests/13,requests,13,1,8,False,41514,790,0.003948,21.28
1.0,1,1.0,1.0,baseline,ministral_3b,9.348274558065496,11479,requests/13,requests,13,2,9,False,61919,1321,0.003732,22.47
1.0,1,1.0,1.0,baseline,ministral_3b,9.348274558065496,11479,requests/13,requests,13,3,12,False,63726,1269,0.004783,31.26
1.0,1,1.0,1.0,baseline,ministral_3b,7.958576903813898,2860,requests/7,requests,7,1,5,False,14597,491,0.001244,9.83
1.0,1,1.0,1.0,baseline,ministral_3b,7.958576903813898,2860,requests/7,requests,7,2,11,False,24998,941,0.001597,19.19
1.0,1,1.0,1.0,baseline,ministral_3b,7.958576903813898,2860,requests/7,requests,7,3,5,False,8688,1007,0.000382,10.24
1.0,1,1.0,1.0,baseline,ministral_3b,10.031000872835088,22720,rich/1,rich,1,1,7,False,20404,1016,0.001376,24.46
1.0,1,1.0,1.0,baseline,ministral_3b,10.031000872835088,22720,rich/1,rich,1,2,4,False,10185,596,0.000525,12.94
1.0,1,1.0,1.0,baseline,ministral_3b,10.031000872835088,22720,rich/1,rich,1,3,4,False,19928,531,0.001418,8.9
0.4,0,1.0,0.25,baseline,ministral_3b,10.051648903516648,23194,rich/12,rich,12,1,23,False,229003,2922,0.010348,69.86
0.4,0,1.0,0.25,baseline,ministral_3b,10.051648903516648,23194,rich/12,rich,12,2,19,False,388120,1715,0.014855,57.7
0.4,0,1.0,0.25,baseline,ministral_3b,10.051648903516648,23194,rich/12,rich,12,3,11,False,58935,1886,0.005264,33.7
1.0,1,1.0,1.0,baseline,ministral_3b,10.039939675671627,22924,rich/8,rich,8,1,5,False,22579,956,0.001449,15.95
1.0,1,1.0,1.0,baseline,ministral_3b,10.039939675671627,22924,rich/8,rich,8,2,5,False,22508,508,0.001248,12.03
0.0,0,0.0,0.0,baseline,ministral_3b,10.039939675671627,22924,rich/8,rich,8,3,15,False,65112,998,0.004105,33.2
0.6667,0,1.0,0.5,baseline,ministral_3b,11.620954417182327,111408,scikit-learn/45,scikit-learn,45,1,6,False,9834,930,0.000523,12.22
0.6667,0,1.0,0.5,baseline,ministral_3b,11.620954417182327,111408,scikit-learn/45,scikit-learn,45,2,5,False,7646,686,0.000493,9.46
0.6667,0,1.0,0.5,baseline,ministral_3b,11.620954417182327,111408,scikit-learn/45,scikit-learn,45,3,5,False,7622,292,0.000475,6.86
1.0,1,1.0,1.0,baseline,ministral_3b,11.55076060327325,103856,scikit-learn/49,scikit-learn,49,1,5,False,32222,578,0.00305,11.88
1.0,1,1.0,1.0,baseline,ministral_3b,11.55076060327325,103856,scikit-learn/49,scikit-learn,49,2,6,False,55633,595,0.005519,14.02
1.0,1,1.0,1.0,baseline,ministral_3b,11.55076060327325,103856,scikit-learn/49,scikit-learn,49,3,11,False,81265,710,0.005559,21.39
1.0,1,1.0,1.0,baseline,ministral_3b,11.525654110946952,101281,scikit-learn/5,scikit-learn,5,1,22,False,268934,1429,0.012711,54.53
1.0,1,1.0,1.0,baseline,ministral_3b,11.525654110946952,101281,scikit-learn/5,scikit-learn,5,2,12,False,117560,1387,0.006538,29.3
1.0,1,1.0,1.0,baseline,ministral_3b,11.525654110946952,101281,scikit-learn/5,scikit-learn,5,3,11,False,74039,992,0.003149,19.47
1.0,1,1.0,1.0,baseline,ministral_3b,9.796458979777604,17970,scrapy/20,scrapy,20,1,9,False,43780,648,0.003262,16.7
1.0,1,1.0,1.0,baseline,ministral_3b,9.796458979777604,17970,scrapy/20,scrapy,20,2,5,False,12866,360,0.000729,9.79
1.0,1,1.0,1.0,baseline,ministral_3b,9.796458979777604,17970,scrapy/20,scrapy,20,3,6,False,18963,484,0.001841,15.39
1.0,1,1.0,1.0,baseline,ministral_3b,9.655026193237628,15600,scrapy/26,scrapy,26,1,16,False,136303,1245,0.006042,33.0
1.0,1,1.0,1.0,baseline,ministral_3b,9.655026193237628,15600,scrapy/26,scrapy,26,2,10,False,74079,1524,0.004911,26.21
1.0,1,1.0,1.0,baseline,ministral_3b,9.655026193237628,15600,scrapy/26,scrapy,26,3,19,False,148111,1400,0.006714,37.49
0.0,0,0.0,0.0,baseline,ministral_3b,9.73477299914839,16895,scrapy/48,scrapy,48,1,16,False,63711,1178,0.00218,29.68
0.0,0,0.0,0.0,baseline,ministral_3b,9.73477299914839,16895,scrapy/48,scrapy,48,2,9,False,53623,1104,0.002817,21.16
0.0,0,0.0,0.0,baseline,ministral_3b,9.73477299914839,16895,scrapy/48,scrapy,48,3,13,False,42793,1318,0.002637,32.48
1.0,1,1.0,1.0,baseline,ministral_3b,9.961803629358965,21201,stable-diffusion-webui/0,stable-diffusion-webui,0,1,6,False,104983,1262,0.007318,23.01
1.0,1,1.0,1.0,baseline,ministral_3b,9.961803629358965,21201,stable-diffusion-webui/0,stable-diffusion-webui,0,2,5,False,85217,881,0.005401,15.93
1.0,1,1.0,1.0,baseline,ministral_3b,9.961803629358965,21201,stable-diffusion-webui/0,stable-diffusion-webui,0,3,4,False,65036,525,0.006303,11.15
0.0,0,0.0,0.0,baseline,ministral_3b,9.908425341565751,20099,stable-diffusion-webui/13,stable-diffusion-webui,13,1,6,False,79867,424,0.004458,15.97
1.0,1,1.0,1.0,baseline,ministral_3b,9.908425341565751,20099,stable-diffusion-webui/13,stable-diffusion-webui,13,2,19,False,269127,2568,0.009515,53.23
0.0,0,0.0,0.0,baseline,ministral_3b,9.908425341565751,20099,stable-diffusion-webui/13,stable-diffusion-webui,13,3,12,False,198841,1921,0.012421,47.85
0.0,0,0.0,0.0,baseline,ministral_3b,10.028797743501574,22670,stable-diffusion-webui/5,stable-diffusion-webui,5,1,24,False,434570,1802,0.009238,19.91
0.0,0,0.0,0.0,baseline,ministral_3b,10.028797743501574,22670,stable-diffusion-webui/5,stable-diffusion-webui,5,2,6,False,14149,901,0.000871,5.28
0.0,0,0.0,0.0,baseline,ministral_3b,10.028797743501574,22670,stable-diffusion-webui/5,stable-diffusion-webui,5,3,7,False,65538,1164,0.003329,9.41
0.5,0,1.0,0.3333,baseline,ministral_3b,8.483636407887394,4835,thefuck/10,thefuck,10,1,9,False,27746,1427,0.001512,15.74
0.0,0,0.0,0.0,baseline,ministral_3b,8.483636407887394,4835,thefuck/10,thefuck,10,2,18,False,54701,1316,0.001754,15.34
0.0,0,0.0,0.0,baseline,ministral_3b,8.483636407887394,4835,thefuck/10,thefuck,10,3,26,False,112474,2007,0.003292,30.36
0.0,0,0.0,0.0,baseline,ministral_3b,8.270781013162674,3908,thefuck/20,thefuck,20,1,11,False,28168,1794,0.001625,28.47
0.0,0,0.0,0.0,baseline,ministral_3b,8.270781013162674,3908,thefuck/20,thefuck,20,2,13,False,45977,2199,0.001966,32.59
0.0,0,0.0,0.0,baseline,ministral_3b,8.270781013162674,3908,thefuck/20,thefuck,20,3,11,False,82130,2247,0.002879,30.07
1.0,1,1.0,1.0,baseline,ministral_3b,7.822845290279774,2497,thefuck/5,thefuck,5,1,6,False,17228,873,0.00143,16.64
0.0,0,0.0,0.0,baseline,ministral_3b,7.822845290279774,2497,thefuck/5,thefuck,5,2,3,False,7047,812,0.000642,9.16
1.0,1,1.0,1.0,baseline,ministral_3b,7.822845290279774,2497,thefuck/5,thefuck,5,3,4,False,7216,757,0.000527,12.89
1.0,1,1.0,1.0,baseline,ministral_3b,12.430331574579306,250279,transformers/25,transformers,25,1,16,False,176093,1341,0.010106,41.1
1.0,1,1.0,1.0,baseline,ministral_3b,12.430331574579306,250279,transformers/25,transformers,25,2,19,False,220004,1730,0.013142,48.9
1.0,1,1.0,1.0,baseline,ministral_3b,12.430331574579306,250279,transformers/25,transformers,25,3,7,False,30023,924,0.002818,18.27
0.1538,0,1.0,0.0833,baseline,ministral_3b,12.407424472605875,244611,transformers/27,transformers,27,1,4,False,11945,499,0.000997,8.45
0.1538,0,1.0,0.0833,baseline,ministral_3b,12.407424472605875,244611,transformers/27,transformers,27,2,7,False,27944,916,0.00174,15.08
0.1538,0,1.0,0.0833,baseline,ministral_3b,12.407424472605875,244611,transformers/27,transformers,27,3,5,False,14698,438,0.001231,10.12
0.0,0,0.0,0.0,baseline,ministral_3b,11.587420505060633,107734,transformers/5,transformers,5,1,2,False,3744,929,0.000341,8.32
0.0,0,0.0,0.0,baseline,ministral_3b,11.587420505060633,107734,transformers/5,transformers,5,2,24,False,190001,3867,0.00986,69.61
0.0,0,0.0,0.0,baseline,ministral_3b,11.587420505060633,107734,transformers/5,transformers,5,3,10,False,52169,3292,0.004152,29.73
1.0,1,1.0,1.0,baseline,ministral_3b,12.095096391086711,178992,yt-dlp/23,yt-dlp,23,1,10,False,126141,1912,0.007558,35.4
1.0,1,1.0,1.0,baseline,ministral_3b,12.095096391086711,178992,yt-dlp/23,yt-dlp,23,2,5,False,37571,1406,0.002872,22.02
1.0,1,1.0,1.0,baseline,ministral_3b,12.095096391086711,178992,yt-dlp/23,yt-dlp,23,3,7,False,101777,1910,0.009361,32.23
0.0,0,0.0,0.0,baseline,ministral_3b,12.1489730534896,188900,yt-dlp/41,yt-dlp,41,1,9,False,141320,945,0.007579,32.19
0.0,0,0.0,0.0,baseline,ministral_3b,12.1489730534896,188900,yt-dlp/41,yt-dlp,41,2,24,False,763073,2214,0.042107,83.09
0.0,0,0.0,0.0,baseline,ministral_3b,12.1489730534896,188900,yt-dlp/41,yt-dlp,41,3,19,False,122280,1480,0.00244,34.96
0.0,0,0.0,0.0,baseline,ministral_3b,12.198660241414718,198523,yt-dlp/45,yt-dlp,45,1,19,False,464964,2672,0.016305,67.18
0.6667,0,1.0,0.5,baseline,ministral_3b,12.198660241414718,198523,yt-dlp/45,yt-dlp,45,2,8,False,183265,1702,0.011153,33.32
0.0,0,0.0,0.0,baseline,ministral_3b,12.198660241414718,198523,yt-dlp/45,yt-dlp,45,3,4,False,37593,1348,0.002829,23.88
1.0,1,1.0,1.0,baseline,gpt_oss_120b,12.068688124847148,174327,core/16,core,16,1,5,False,37379,1479,0.005784,26.86
1.0,1,1.0,1.0,baseline,gpt_oss_120b,12.068688124847148,174327,core/16,core,16,2,5,False,16551,2672,0.003338,27.63
1.0,1,1.0,1.0,baseline,gpt_oss_120b,12.068688124847148,174327,core/16,core,16,3,6,False,17945,1329,0.00259,16.14
1.0,1,1.0,1.0,baseline,gpt_oss_120b,11.506545154005941,99364,core/20,core,20,1,6,False,27362,2014,0.00289,22.27
1.0,1,1.0,1.0,baseline,gpt_oss_120b,11.506545154005941,99364,core/20,core,20,2,9,False,38529,3044,0.004301,33.72
1.0,1,1.0,1.0,baseline,gpt_oss_120b,11.506545154005941,99364,core/20,core,20,3,9,False,32052,2258,0.003144,27.21
0.0,0,0.0,0.0,baseline,gpt_oss_120b,8.579980179515003,5324,fastapi/17,fastapi,17,1,20,False,144222,9386,0.012865,109.26
0.0,0,0.0,0.0,baseline,gpt_oss_120b,8.579980179515003,5324,fastapi/17,fastapi,17,2,23,False,244458,12022,0.019283,171.48
0.0,0,0.0,0.0,baseline,gpt_oss_120b,8.579980179515003,5324,fastapi/17,fastapi,17,3,12,False,60842,3474,0.004877,38.82
0.0,0,0.0,0.0,baseline,gpt_oss_120b,8.518991573357617,5009,fastapi/20,fastapi,20,1,15,False,49239,6976,0.006876,67.41
0.0,0,0.0,0.0,baseline,gpt_oss_120b,8.518991573357617,5009,fastapi/20,fastapi,20,2,14,False,26629,4677,0.004392,50.12
0.0,0,0.0,0.0,baseline,gpt_oss_120b,8.518991573357617,5009,fastapi/20,fastapi,20,3,5,False,6935,1156,0.001051,13.36
0.5,0,1.0,0.3333,baseline,gpt_oss_120b,8.482187582217422,4828,fastapi/9,fastapi,9,1,5,False,14283,1068,0.002105,16.92
0.5,0,1.0,0.3333,baseline,gpt_oss_120b,8.482187582217422,4828,fastapi/9,fastapi,9,2,7,False,37026,1714,0.004259,21.26
0.5,0,1.0,0.3333,baseline,gpt_oss_120b,8.482187582217422,4828,fastapi/9,fastapi,9,3,5,False,17397,606,0.001529,11.24
0.6667,0,1.0,0.5,baseline,gpt_oss_120b,8.808369153122275,6690,flask/18,flask,18,1,9,False,22137,1765,0.002684,22.01
0.6667,0,1.0,0.5,baseline,gpt_oss_120b,8.808369153122275,6690,flask/18,flask,18,2,4,False,5254,2284,0.001602,21.26
1.0,1,1.0,1.0,baseline,gpt_oss_120b,8.808369153122275,6690,flask/18,flask,18,3,15,False,38327,3043,0.003698,52.36
1.0,1,1.0,1.0,baseline,gpt_oss_120b,8.899457906353966,7328,flask/3,flask,3,1,7,False,12458,1438,0.001815,17.97
1.0,1,1.0,1.0,baseline,gpt_oss_120b,8.899457906353966,7328,flask/3,flask,3,2,13,False,55511,7169,0.006758,65.8
1.0,1,1.0,1.0,baseline,gpt_oss_120b,8.899457906353966,7328,flask/3,flask,3,3,9,False,43494,1687,0.004659,26.39
1.0,1,1.0,1.0,baseline,gpt_oss_120b,8.827468112520654,6819,flask/6,flask,6,1,12,False,39325,5154,0.005446,47.19
1.0,1,1.0,1.0,baseline,gpt_oss_120b,8.827468112520654,6819,flask/6,flask,6,2,5,False,10829,1280,0.001699,13.97
1.0,1,1.0,1.0,baseline,gpt_oss_120b,8.827468112520654,6819,flask/6,flask,6,3,12,False,128232,4584,0.008402,58.5
0.0,0,0.0,0.0,baseline,gpt_oss_120b,8.341410211461865,4194,gpt-engineer/11,gpt-engineer,11,1,11,False,112114,5909,0.010751,80.76
0.0,0,0.0,0.0,baseline,gpt_oss_120b,8.341410211461865,4194,gpt-engineer/11,gpt-engineer,11,2,9,False,69186,2666,0.007693,40.05
0.0,0,0.0,0.0,baseline,gpt_oss_120b,8.341410211461865,4194,gpt-engineer/11,gpt-engineer,11,3,5,False,30841,1873,0.004496,19.38
0.4,0,1.0,0.25,baseline,gpt_oss_120b,8.029432840581244,3070,gpt-engineer/12,gpt-engineer,12,1,9,False,39137,2902,0.004214,34.77
0.4,0,1.0,0.25,baseline,gpt_oss_120b,8.029432840581244,3070,gpt-engineer/12,gpt-engineer,12,2,8,False,27480,2324,0.003299,23.15
0.4,0,1.0,0.25,baseline,gpt_oss_120b,8.029432840581244,3070,gpt-engineer/12,gpt-engineer,12,3,3,False,6082,572,0.000824,7.66
0.6667,1,0.5,1.0,baseline,gpt_oss_120b,8.36380888451688,4289,gpt-engineer/9,gpt-engineer,9,1,7,False,34390,6257,0.006492,60.48
1.0,1,1.0,1.0,baseline,gpt_oss_120b,8.36380888451688,4289,gpt-engineer/9,gpt-engineer,9,2,9,False,53297,6003,0.008888,58.4
0.0,0,0.0,0.0,baseline,gpt_oss_120b,8.36380888451688,4289,gpt-engineer/9,gpt-engineer,9,3,5,False,12851,2459,0.002696,24.67
0.0,0,0.0,0.0,baseline,gpt_oss_120b,10.196231790580173,26802,keras/12,keras,12,1,7,False,20407,2189,0.003338,25.56
0.0,0,0.0,0.0,baseline,gpt_oss_120b,10.196231790580173,26802,keras/12,keras,12,2,7,False,20700,2237,0.003008,21.53
0.2857,0,0.5,0.2,baseline,gpt_oss_120b,10.196231790580173,26802,keras/12,keras,12,3,12,False,43314,5036,0.005911,51.41
0.0,0,0.0,0.0,baseline,gpt_oss_120b,10.349134450277123,31230,keras/5,keras,5,1,10,False,37755,6354,0.006504,60.27
0.0,0,0.0,0.0,baseline,gpt_oss_120b,10.349134450277123,31230,keras/5,keras,5,2,10,False,44362,4311,0.004175,41.38
0.0,0,0.0,0.0,baseline,gpt_oss_120b,10.349134450277123,31230,keras/5,keras,5,3,11,False,41632,4860,0.005267,52.3
1.0,1,1.0,1.0,baseline,gpt_oss_120b,10.444153492313001,34343,keras/9,keras,9,1,10,False,32957,1817,0.003293,62.39
1.0,1,1.0,1.0,baseline,gpt_oss_120b,10.444153492313001,34343,keras/9,keras,9,2,10,False,41810,3180,0.005941,45.43
1.0,1,1.0,1.0,baseline,gpt_oss_120b,10.444153492313001,34343,keras/9,keras,9,3,6,False,18354,2622,0.003186,30.17
0.0,0,0.0,0.0,baseline,gpt_oss_120b,9.61953186182516,15056,localstack/19,localstack,19,1,18,False,28031,2770,0.003112,35.67
0.0,0,0.0,0.0,baseline,gpt_oss_120b,9.61953186182516,15056,localstack/19,localstack,19,2,15,False,44224,3160,0.00517,31.97
0.0,0,0.0,0.0,baseline,gpt_oss_120b,9.61953186182516,15056,localstack/19,localstack,19,3,18,False,70222,3201,0.004984,44.01
1.0,1,1.0,1.0,baseline,gpt_oss_120b,10.563155506021905,38683,localstack/2,localstack,2,1,19,False,173993,7528,0.012075,82.36
1.0,1,1.0,1.0,baseline,gpt_oss_120b,10.563155506021905,38683,localstack/2,localstack,2,2,25,False,221795,6234,0.009791,84.36
1.0,1,1.0,1.0,baseline,gpt_oss_120b,10.563155506021905,38683,localstack/2,localstack,2,3,13,False,114103,3852,0.008931,66.55
1.0,1,1.0,1.0,baseline,gpt_oss_120b,9.860214640302662,19153,localstack/9,localstack,9,1,13,False,84503,6199,0.00697,103.97
1.0,1,1.0,1.0,baseline,gpt_oss_120b,9.860214640302662,19153,localstack/9,localstack,9,2,15,False,93485,13202,0.01453,118.58
1.0,1,1.0,1.0,baseline,gpt_oss_120b,9.860214640302662,19153,localstack/9,localstack,9,3,14,False,77636,8917,0.0094,80.47
0.6667,0,1.0,0.5,baseline,gpt_oss_120b,11.189312196300184,72353,pandas/26,pandas,26,1,25,False,161527,4621,0.010409,78.53
1.0,1,1.0,1.0,baseline,gpt_oss_120b,11.189312196300184,72353,pandas/26,pandas,26,2,16,False,96043,3223,0.005302,50.3
0.8,1,0.6667,1.0,baseline,gpt_oss_120b,11.189312196300184,72353,pandas/26,pandas,26,3,26,False,224678,9320,0.014336,110.05
0.0,0,0.0,0.0,baseline,gpt_oss_120b,11.270446177349276,78468,pandas/35,pandas,35,1,20,False,229622,6405,0.015972,98.87
0.0,0,0.0,0.0,baseline,gpt_oss_120b,11.270446177349276,78468,pandas/35,pandas,35,2,18,False,183079,4756,0.013793,75.37
0.0,0,0.0,0.0,baseline,gpt_oss_120b,11.270446177349276,78468,pandas/35,pandas,35,3,9,False,76346,2715,0.005611,38.37
0.6667,0,1.0,0.5,baseline,gpt_oss_120b,12.08721590866289,177587,pandas/38,pandas,38,1,4,False,20733,935,0.002956,16.75
0.6667,0,1.0,0.5,baseline,gpt_oss_120b,12.08721590866289,177587,pandas/38,pandas,38,2,11,False,105764,2388,0.007498,36.81
0.6667,0,1.0,0.5,baseline,gpt_oss_120b,12.08721590866289,177587,pandas/38,pandas,38,3,3,False,22813,682,0.002655,10.87
0.0,0,0.0,0.0,baseline,gpt_oss_120b,10.883015959814806,53264,pandas/44,pandas,44,1,3,False,19226,1311,0.002696,18.09
0.0,0,0.0,0.0,baseline,gpt_oss_120b,10.883015959814806,53264,pandas/44,pandas,44,2,4,False,24125,1563,0.002924,16.01
0.0,0,0.0,0.0,baseline,gpt_oss_120b,10.883015959814806,53264,pandas/44,pandas,44,3,9,False,30904,2360,0.003218,32.09
0.8,0,1.0,0.6667,baseline,gpt_oss_120b,9.346705246496699,11461,requests/12,requests,12,1,16,False,50869,4113,0.005656,52.17
0.5,0,1.0,0.3333,baseline,gpt_oss_120b,9.346705246496699,11461,requests/12,requests,12,2,16,False,61578,4797,0.00616,61.88
0.8,0,1.0,0.6667,baseline,gpt_oss_120b,9.346705246496699,11461,requests/12,requests,12,3,14,False,52658,2760,0.004423,40.07
1.0,1,1.0,1.0,baseline,gpt_oss_120b,9.348274558065496,11479,requests/13,requests,13,1,6,False,41663,1874,0.005672,33.31
1.0,1,1.0,1.0,baseline,gpt_oss_120b,9.348274558065496,11479,requests/13,requests,13,2,10,False,44506,3726,0.005763,39.47
1.0,1,1.0,1.0,baseline,gpt_oss_120b,9.348274558065496,11479,requests/13,requests,13,3,9,False,45809,3358,0.006027,59.67
1.0,1,1.0,1.0,baseline,gpt_oss_120b,7.958576903813898,2860,requests/7,requests,7,1,10,False,31819,4367,0.004653,42.28
1.0,1,1.0,1.0,baseline,gpt_oss_120b,7.958576903813898,2860,requests/7,requests,7,2,5,False,9449,2567,0.001955,21.34
1.0,1,1.0,1.0,baseline,gpt_oss_120b,7.958576903813898,2860,requests/7,requests,7,3,6,False,13131,2916,0.002381,26.8
1.0,1,1.0,1.0,baseline,gpt_oss_120b,10.031000872835088,22720,rich/1,rich,1,1,14,False,52930,3371,0.005244,36.59
1.0,1,1.0,1.0,baseline,gpt_oss_120b,10.031000872835088,22720,rich/1,rich,1,2,7,False,18731,1187,0.002156,20.78
1.0,1,1.0,1.0,baseline,gpt_oss_120b,10.031000872835088,22720,rich/1,rich,1,3,8,False,22494,1359,0.001867,19.24
0.0,0,0.0,0.0,baseline,gpt_oss_120b,10.051648903516648,23194,rich/12,rich,12,1,11,False,46492,2812,0.004142,33.91
0.0,0,0.0,0.0,baseline,gpt_oss_120b,10.051648903516648,23194,rich/12,rich,12,2,11,False,57072,3132,0.006337,35.61
0.0,0,0.0,0.0,baseline,gpt_oss_120b,10.051648903516648,23194,rich/12,rich,12,3,9,False,30604,2053,0.002791,25.87
1.0,1,1.0,1.0,baseline,gpt_oss_120b,10.039939675671627,22924,rich/8,rich,8,1,7,False,40863,2825,0.00535,41.65
1.0,1,1.0,1.0,baseline,gpt_oss_120b,10.039939675671627,22924,rich/8,rich,8,2,5,False,27232,1602,0.00358,18.92
1.0,1,1.0,1.0,baseline,gpt_oss_120b,10.039939675671627,22924,rich/8,rich,8,3,4,False,20838,889,0.002846,14.71
0.6667,0,1.0,0.5,baseline,gpt_oss_120b,11.620954417182327,111408,scikit-learn/45,scikit-learn,45,1,19,False,132681,3680,0.008865,62.73
0.6667,0,1.0,0.5,baseline,gpt_oss_120b,11.620954417182327,111408,scikit-learn/45,scikit-learn,45,2,7,False,26762,1035,0.002633,19.28
0.6667,0,1.0,0.5,baseline,gpt_oss_120b,11.620954417182327,111408,scikit-learn/45,scikit-learn,45,3,10,False,53759,1497,0.004406,25.95
1.0,1,1.0,1.0,baseline,gpt_oss_120b,11.55076060327325,103856,scikit-learn/49,scikit-learn,49,1,7,False,70861,1514,0.007987,22.27
1.0,1,1.0,1.0,baseline,gpt_oss_120b,11.55076060327325,103856,scikit-learn/49,scikit-learn,49,2,9,False,93747,2943,0.009748,46.76
1.0,1,1.0,1.0,baseline,gpt_oss_120b,11.55076060327325,103856,scikit-learn/49,scikit-learn,49,3,7,False,82854,3826,0.010323,45.5
1.0,1,1.0,1.0,baseline,gpt_oss_120b,11.525654110946952,101281,scikit-learn/5,scikit-learn,5,1,6,False,13458,1467,0.001737,21.26
1.0,1,1.0,1.0,baseline,gpt_oss_120b,11.525654110946952,101281,scikit-learn/5,scikit-learn,5,2,8,False,29630,7213,0.006952,64.03
1.0,1,1.0,1.0,baseline,gpt_oss_120b,11.525654110946952,101281,scikit-learn/5,scikit-learn,5,3,6,False,10637,1136,0.001656,15.11
1.0,1,1.0,1.0,baseline,gpt_oss_120b,9.796458979777604,17970,scrapy/20,scrapy,20,1,10,False,43761,1561,0.00387,26.42
1.0,1,1.0,1.0,baseline,gpt_oss_120b,9.796458979777604,17970,scrapy/20,scrapy,20,2,15,False,109037,3827,0.005349,55.94
1.0,1,1.0,1.0,baseline,gpt_oss_120b,9.796458979777604,17970,scrapy/20,scrapy,20,3,5,False,19212,481,0.001956,15.02
1.0,1,1.0,1.0,baseline,gpt_oss_120b,9.655026193237628,15600,scrapy/26,scrapy,26,1,4,False,18607,2116,0.002942,24.8
1.0,1,1.0,1.0,baseline,gpt_oss_120b,9.655026193237628,15600,scrapy/26,scrapy,26,2,12,False,98367,2945,0.0072,44.23
0.6667,1,0.5,1.0,baseline,gpt_oss_120b,9.655026193237628,15600,scrapy/26,scrapy,26,3,21,False,192935,4431,0.011703,86.79
0.0,0,0.0,0.0,baseline,gpt_oss_120b,9.73477299914839,16895,scrapy/48,scrapy,48,1,12,False,51750,3649,0.005415,56.56
0.0,0,0.0,0.0,baseline,gpt_oss_120b,9.73477299914839,16895,scrapy/48,scrapy,48,2,9,False,21407,1650,0.00297,26.66
0.0,0,0.0,0.0,baseline,gpt_oss_120b,9.73477299914839,16895,scrapy/48,scrapy,48,3,9,False,30346,1612,0.002945,21.45
1.0,1,1.0,1.0,baseline,gpt_oss_120b,9.961803629358965,21201,stable-diffusion-webui/0,stable-diffusion-webui,0,1,4,False,64824,605,0.008195,13.51
1.0,1,1.0,1.0,baseline,gpt_oss_120b,9.961803629358965,21201,stable-diffusion-webui/0,stable-diffusion-webui,0,2,5,False,78253,810,0.005344,19.57
1.0,1,1.0,1.0,baseline,gpt_oss_120b,9.961803629358965,21201,stable-diffusion-webui/0,stable-diffusion-webui,0,3,2,False,35887,199,0.005294,8.95
1.0,1,1.0,1.0,baseline,gpt_oss_120b,9.908425341565751,20099,stable-diffusion-webui/13,stable-diffusion-webui,13,1,24,False,307159,8509,0.017233,113.12
1.0,1,1.0,1.0,baseline,gpt_oss_120b,9.908425341565751,20099,stable-diffusion-webui/13,stable-diffusion-webui,13,2,9,False,109466,1780,0.007156,36.01
1.0,1,1.0,1.0,baseline,gpt_oss_120b,9.908425341565751,20099,stable-diffusion-webui/13,stable-diffusion-webui,13,3,26,False,344751,5373,0.014895,129.9
0.6667,0,1.0,0.5,baseline,gpt_oss_120b,10.028797743501574,22670,stable-diffusion-webui/5,stable-diffusion-webui,5,1,9,False,67515,4418,0.007171,67.1
0.6667,0,1.0,0.5,baseline,gpt_oss_120b,10.028797743501574,22670,stable-diffusion-webui/5,stable-diffusion-webui,5,2,21,False,120034,3477,0.005735,85.92
0.6667,0,1.0,0.5,baseline,gpt_oss_120b,10.028797743501574,22670,stable-diffusion-webui/5,stable-diffusion-webui,5,3,12,False,60284,1969,0.004644,25.44
0.0,0,0.0,0.0,baseline,gpt_oss_120b,8.483636407887394,4835,thefuck/10,thefuck,10,1,10,False,26873,3621,0.003588,65.42
0.0,0,0.0,0.0,baseline,gpt_oss_120b,8.483636407887394,4835,thefuck/10,thefuck,10,2,18,False,64908,7602,0.007242,137.84
0.0,0,0.0,0.0,baseline,gpt_oss_120b,8.483636407887394,4835,thefuck/10,thefuck,10,3,7,False,20538,4385,0.004077,74.85
0.0,0,0.0,0.0,baseline,gpt_oss_120b,8.270781013162674,3908,thefuck/20,thefuck,20,1,15,False,47629,5246,0.006516,51.85
0.0,0,0.0,0.0,baseline,gpt_oss_120b,8.270781013162674,3908,thefuck/20,thefuck,20,2,11,False,23732,2810,0.003467,33.06
0.0,0,0.0,0.0,baseline,gpt_oss_120b,8.270781013162674,3908,thefuck/20,thefuck,20,3,27,False,102903,7868,0.008712,104.9
1.0,1,1.0,1.0,baseline,gpt_oss_120b,7.822845290279774,2497,thefuck/5,thefuck,5,1,8,False,16232,1560,0.002253,17.61
1.0,1,1.0,1.0,baseline,gpt_oss_120b,7.822845290279774,2497,thefuck/5,thefuck,5,2,10,False,25164,5560,0.005478,51.24
1.0,1,1.0,1.0,baseline,gpt_oss_120b,7.822845290279774,2497,thefuck/5,thefuck,5,3,10,False,31407,1964,0.003049,28.86
1.0,1,1.0,1.0,baseline,gpt_oss_120b,12.430331574579306,250279,transformers/25,transformers,25,1,12,False,33655,4928,0.004836,40.27
1.0,1,1.0,1.0,baseline,gpt_oss_120b,12.430331574579306,250279,transformers/25,transformers,25,2,5,False,11676,1444,0.001554,19.47
1.0,1,1.0,1.0,baseline,gpt_oss_120b,12.430331574579306,250279,transformers/25,transformers,25,3,5,False,10434,1227,0.001528,15.04
0.1538,0,1.0,0.0833,baseline,gpt_oss_120b,12.407424472605875,244611,transformers/27,transformers,27,1,3,False,18813,677,0.002318,11.12
0.1538,0,1.0,0.0833,baseline,gpt_oss_120b,12.407424472605875,244611,transformers/27,transformers,27,2,3,False,11580,351,0.001308,6.36
0.1538,0,1.0,0.0833,baseline,gpt_oss_120b,12.407424472605875,244611,transformers/27,transformers,27,3,6,False,63613,1097,0.005521,22.12
0.0,0,0.0,0.0,baseline,gpt_oss_120b,11.587420505060633,107734,transformers/5,transformers,5,1,1,False,2118,456,0.00056,6.14
0.75,0,1.0,0.6,baseline,gpt_oss_120b,11.587420505060633,107734,transformers/5,transformers,5,2,20,False,234595,4385,0.012172,71.21
0.5714,0,1.0,0.4,baseline,gpt_oss_120b,11.587420505060633,107734,transformers/5,transformers,5,3,10,False,101543,2248,0.007796,36.1
1.0,1,1.0,1.0,baseline,gpt_oss_120b,12.095096391086711,178992,yt-dlp/23,yt-dlp,23,1,6,False,17640,2964,0.003336,66.73
1.0,1,1.0,1.0,baseline,gpt_oss_120b,12.095096391086711,178992,yt-dlp/23,yt-dlp,23,2,3,False,7526,655,0.001069,7.76
1.0,1,1.0,1.0,baseline,gpt_oss_120b,12.095096391086711,178992,yt-dlp/23,yt-dlp,23,3,4,False,11405,1318,0.001778,77.85
0.6667,1,0.5,1.0,baseline,gpt_oss_120b,12.1489730534896,188900,yt-dlp/41,yt-dlp,41,1,9,False,67340,5837,0.007938,60.43
0.0,0,0.0,0.0,baseline,gpt_oss_120b,12.1489730534896,188900,yt-dlp/41,yt-dlp,41,2,9,False,151925,5545,0.017584,74.15
0.0,0,0.0,0.0,baseline,gpt_oss_120b,12.1489730534896,188900,yt-dlp/41,yt-dlp,41,3,11,False,93887,7562,0.009414,66.55
0.6667,0,1.0,0.5,baseline,gpt_oss_120b,12.198660241414718,198523,yt-dlp/45,yt-dlp,45,1,13,False,145116,4766,0.011394,65.82
0.6667,0,1.0,0.5,baseline,gpt_oss_120b,12.198660241414718,198523,yt-dlp/45,yt-dlp,45,2,11,False,138853,2319,0.01075,42.36
0.6667,0,1.0,0.5,baseline,gpt_oss_120b,12.198660241414718,198523,yt-dlp/45,yt-dlp,45,3,6,False,69449,3845,0.008062,37.54
1.0,1,1.0,1.0,baseline,deepseek_flash,12.068688124847148,174327,core/16,core,16,1,24,False,586150,14554,0.009374,157.16
1.0,1,1.0,1.0,baseline,deepseek_flash,12.068688124847148,174327,core/16,core,16,2,25,False,375146,12113,0.007389,154.56
0.6667,1,0.5,1.0,baseline,deepseek_flash,12.068688124847148,174327,core/16,core,16,3,21,False,257259,7943,0.004961,95.4
1.0,1,1.0,1.0,baseline,deepseek_flash,11.506545154005941,99364,core/20,core,20,1,9,False,42413,2528,0.001377,36.02
1.0,1,1.0,1.0,baseline,deepseek_flash,11.506545154005941,99364,core/20,core,20,2,9,False,104059,3626,0.003238,47.09
1.0,1,1.0,1.0,baseline,deepseek_flash,11.506545154005941,99364,core/20,core,20,3,7,False,46683,2728,0.00175,34.42
0.0,0,0.0,0.0,baseline,deepseek_flash,8.579980179515003,5324,fastapi/17,fastapi,17,1,30,True,1064968,31826,0.021729,386.0
0.0,0,0.0,0.0,baseline,deepseek_flash,8.579980179515003,5324,fastapi/17,fastapi,17,2,30,True,913819,20738,0.01866,214.17
0.0,0,0.0,0.0,baseline,deepseek_flash,8.579980179515003,5324,fastapi/17,fastapi,17,3,30,True,1040792,23931,0.018276,246.66
0.0,0,0.0,0.0,baseline,deepseek_flash,8.518991573357617,5009,fastapi/20,fastapi,20,1,30,True,650177,7551,0.011302,149.46
0.5,1,0.3333,1.0,baseline,deepseek_flash,8.518991573357617,5009,fastapi/20,fastapi,20,2,30,True,545814,9356,0.010403,160.31
0.5,1,0.3333,1.0,baseline,deepseek_flash,8.518991573357617,5009,fastapi/20,fastapi,20,3,30,True,536869,10926,0.010644,174.25
0.5,0,1.0,0.3333,baseline,deepseek_flash,8.482187582217422,4828,fastapi/9,fastapi,9,1,14,False,146912,2759,0.003041,49.61
0.5,0,1.0,0.3333,baseline,deepseek_flash,8.482187582217422,4828,fastapi/9,fastapi,9,2,13,False,70481,3171,0.002027,53.36
0.5,0,1.0,0.3333,baseline,deepseek_flash,8.482187582217422,4828,fastapi/9,fastapi,9,3,16,False,192401,4906,0.003969,69.43
1.0,1,1.0,1.0,baseline,deepseek_flash,8.808369153122275,6690,flask/18,flask,18,1,21,False,105492,4495,0.002435,70.34
0.6667,0,1.0,0.5,baseline,deepseek_flash,8.808369153122275,6690,flask/18,flask,18,2,20,False,138632,4630,0.002933,70.08
0.6667,0,1.0,0.5,baseline,deepseek_flash,8.808369153122275,6690,flask/18,flask,18,3,20,False,101830,3433,0.002222,63.1
0.0,0,0.0,0.0,baseline,deepseek_flash,8.899457906353966,7328,flask/3,flask,3,1,30,True,328321,24352,0.010969,279.0
0.0,0,0.0,0.0,baseline,deepseek_flash,8.899457906353966,7328,flask/3,flask,3,2,30,True,201164,7240,0.004919,114.67
1.0,1,1.0,1.0,baseline,deepseek_flash,8.899457906353966,7328,flask/3,flask,3,3,30,True,171068,8523,0.004928,143.53
1.0,1,1.0,1.0,baseline,deepseek_flash,8.827468112520654,6819,flask/6,flask,6,1,11,False,62799,7098,0.002877,70.26
1.0,1,1.0,1.0,baseline,deepseek_flash,8.827468112520654,6819,flask/6,flask,6,2,5,False,42314,2793,0.00221,33.5
1.0,1,1.0,1.0,baseline,deepseek_flash,8.827468112520654,6819,flask/6,flask,6,3,6,False,68320,6439,0.003377,62.3
0.5,1,0.3333,1.0,baseline,deepseek_flash,8.341410211461865,4194,gpt-engineer/11,gpt-engineer,11,1,14,False,120218,2396,0.00282,45.71
0.5,1,0.3333,1.0,baseline,deepseek_flash,8.341410211461865,4194,gpt-engineer/11,gpt-engineer,11,2,8,False,49478,3029,0.002349,40.1
0.5,1,0.3333,1.0,baseline,deepseek_flash,8.341410211461865,4194,gpt-engineer/11,gpt-engineer,11,3,7,False,50752,3041,0.002899,39.72
0.6667,0,1.0,0.5,baseline,deepseek_flash,8.029432840581244,3070,gpt-engineer/12,gpt-engineer,12,1,25,False,387097,12427,0.00692,144.18
0.6667,0,1.0,0.5,baseline,deepseek_flash,8.029432840581244,3070,gpt-engineer/12,gpt-engineer,12,2,12,False,93581,7383,0.003543,78.57
0.6667,0,1.0,0.5,baseline,deepseek_flash,8.029432840581244,3070,gpt-engineer/12,gpt-engineer,12,3,12,False,92346,5230,0.002749,59.65
0.6667,1,0.5,1.0,baseline,deepseek_flash,8.36380888451688,4289,gpt-engineer/9,gpt-engineer,9,1,30,True,615425,30100,0.014981,318.8
0.6667,1,0.5,1.0,baseline,deepseek_flash,8.36380888451688,4289,gpt-engineer/9,gpt-engineer,9,2,24,False,520067,16469,0.009229,182.82
0.6667,1,0.5,1.0,baseline,deepseek_flash,8.36380888451688,4289,gpt-engineer/9,gpt-engineer,9,3,30,True,578483,27076,0.015478,328.31
0.0,0,0.0,0.0,baseline,deepseek_flash,10.196231790580173,26802,keras/12,keras,12,1,25,False,162705,5956,0.003776,87.75
0.0,0,0.0,0.0,baseline,deepseek_flash,10.196231790580173,26802,keras/12,keras,12,2,16,False,116755,4328,0.002876,65.61
0.2857,0,0.5,0.2,baseline,deepseek_flash,10.196231790580173,26802,keras/12,keras,12,3,13,False,63307,5426,0.002462,66.93
0.0,0,0.0,0.0,baseline,deepseek_flash,10.349134450277123,31230,keras/5,keras,5,1,30,True,594074,23517,0.017384,242.39
0.0,0,0.0,0.0,baseline,deepseek_flash,10.349134450277123,31230,keras/5,keras,5,2,30,True,690305,11527,0.012659,166.94
0.0,0,0.0,0.0,baseline,deepseek_flash,10.349134450277123,31230,keras/5,keras,5,3,30,True,681383,9936,0.012422,142.82
1.0,1,1.0,1.0,baseline,deepseek_flash,10.444153492313001,34343,keras/9,keras,9,1,8,False,87013,5357,0.00311,60.5
1.0,1,1.0,1.0,baseline,deepseek_flash,10.444153492313001,34343,keras/9,keras,9,2,7,False,68006,6837,0.003392,71.83
1.0,1,1.0,1.0,baseline,deepseek_flash,10.444153492313001,34343,keras/9,keras,9,3,11,False,83393,7162,0.003179,76.43
0.0,0,0.0,0.0,baseline,deepseek_flash,9.61953186182516,15056,localstack/19,localstack,19,1,11,False,47707,1326,0.001501,28.95
0.0,0,0.0,0.0,baseline,deepseek_flash,9.61953186182516,15056,localstack/19,localstack,19,2,15,False,88527,2550,0.002325,46.74
0.0,0,0.0,0.0,baseline,deepseek_flash,9.61953186182516,15056,localstack/19,localstack,19,3,12,False,42645,1669,0.001275,32.43
0.6667,1,0.5,1.0,baseline,deepseek_flash,10.563155506021905,38683,localstack/2,localstack,2,1,30,True,409956,6797,0.006612,109.92
0.6667,1,0.5,1.0,baseline,deepseek_flash,10.563155506021905,38683,localstack/2,localstack,2,2,28,False,802456,11304,0.015162,150.41
0.0,0,0.0,0.0,baseline,deepseek_flash,10.563155506021905,38683,localstack/2,localstack,2,3,30,True,391131,4847,0.007821,104.66
1.0,1,1.0,1.0,baseline,deepseek_flash,9.860214640302662,19153,localstack/9,localstack,9,1,24,False,279084,12618,0.006358,141.74
1.0,1,1.0,1.0,baseline,deepseek_flash,9.860214640302662,19153,localstack/9,localstack,9,2,25,False,285174,13443,0.005931,140.35
1.0,1,1.0,1.0,baseline,deepseek_flash,9.860214640302662,19153,localstack/9,localstack,9,3,30,True,451300,27552,0.013804,269.79
0.0,0,0.0,0.0,baseline,deepseek_flash,11.189312196300184,72353,pandas/26,pandas,26,1,30,True,256724,3972,0.00539,83.31
0.0,0,0.0,0.0,baseline,deepseek_flash,11.189312196300184,72353,pandas/26,pandas,26,2,30,True,268953,3628,0.004881,87.3
0.8,1,0.6667,1.0,baseline,deepseek_flash,11.189312196300184,72353,pandas/26,pandas,26,3,30,True,418054,5375,0.008243,113.87
0.0,0,0.0,0.0,baseline,deepseek_flash,11.270446177349276,78468,pandas/35,pandas,35,1,30,True,209618,5202,0.00511,85.54
0.0,0,0.0,0.0,baseline,deepseek_flash,11.270446177349276,78468,pandas/35,pandas,35,2,30,True,239187,6385,0.005648,109.0
0.0,0,0.0,0.0,baseline,deepseek_flash,11.270446177349276,78468,pandas/35,pandas,35,3,30,True,255529,6855,0.005977,112.23
0.5,0,0.5,0.5,baseline,deepseek_flash,12.08721590866289,177587,pandas/38,pandas,38,1,30,True,431656,6170,0.007332,111.97
0.5,0,0.5,0.5,baseline,deepseek_flash,12.08721590866289,177587,pandas/38,pandas,38,2,30,True,653100,14306,0.012426,214.48
0.5,0,0.5,0.5,baseline,deepseek_flash,12.08721590866289,177587,pandas/38,pandas,38,3,30,True,473734,9288,0.008705,151.14
0.0,0,0.0,0.0,baseline,deepseek_flash,10.883015959814806,53264,pandas/44,pandas,44,1,30,True,198569,6876,0.004506,97.53
0.0,0,0.0,0.0,baseline,deepseek_flash,10.883015959814806,53264,pandas/44,pandas,44,2,30,True,212676,8049,0.004983,111.73
0.5,0,0.5,0.5,baseline,deepseek_flash,10.883015959814806,53264,pandas/44,pandas,44,3,30,True,240047,9667,0.005528,125.55
0.8,0,1.0,0.6667,baseline,deepseek_flash,9.346705246496699,11461,requests/12,requests,12,1,9,False,69793,3331,0.002889,39.52
0.8,0,1.0,0.6667,baseline,deepseek_flash,9.346705246496699,11461,requests/12,requests,12,2,5,False,29968,3315,0.00263,33.84
0.8,0,1.0,0.6667,baseline,deepseek_flash,9.346705246496699,11461,requests/12,requests,12,3,12,False,133992,3699,0.003427,60.0
1.0,1,1.0,1.0,baseline,deepseek_flash,9.348274558065496,11479,requests/13,requests,13,1,8,False,79119,4667,0.00355,60.05
1.0,1,1.0,1.0,baseline,deepseek_flash,9.348274558065496,11479,requests/13,requests,13,2,9,False,106474,6223,0.004198,64.78
1.0,1,1.0,1.0,baseline,deepseek_flash,9.348274558065496,11479,requests/13,requests,13,3,12,False,176189,7726,0.004895,92.32
1.0,1,1.0,1.0,baseline,deepseek_flash,7.958576903813898,2860,requests/7,requests,7,1,6,False,34643,7755,0.002596,71.15
1.0,1,1.0,1.0,baseline,deepseek_flash,7.958576903813898,2860,requests/7,requests,7,2,7,False,30071,3746,0.001518,48.37
1.0,1,1.0,1.0,baseline,deepseek_flash,7.958576903813898,2860,requests/7,requests,7,3,7,False,31781,4482,0.0017,56.18
1.0,1,1.0,1.0,baseline,deepseek_flash,10.031000872835088,22720,rich/1,rich,1,1,7,False,24450,1434,0.000857,23.66
1.0,1,1.0,1.0,baseline,deepseek_flash,10.031000872835088,22720,rich/1,rich,1,2,6,False,18733,1481,0.000789,23.68
1.0,1,1.0,1.0,baseline,deepseek_flash,10.031000872835088,22720,rich/1,rich,1,3,3,False,7536,1395,0.000673,20.12
0.4,0,1.0,0.25,baseline,deepseek_flash,10.051648903516648,23194,rich/12,rich,12,1,28,False,789860,24760,0.017061,267.74
0.4,0,1.0,0.25,baseline,deepseek_flash,10.051648903516648,23194,rich/12,rich,12,2,21,False,549799,12657,0.009409,156.66
0.4,0,1.0,0.25,baseline,deepseek_flash,10.051648903516648,23194,rich/12,rich,12,3,30,True,937272,39089,0.022797,438.96
1.0,1,1.0,1.0,baseline,deepseek_flash,10.039939675671627,22924,rich/8,rich,8,1,10,False,68705,1748,0.001766,32.63
1.0,1,1.0,1.0,baseline,deepseek_flash,10.039939675671627,22924,rich/8,rich,8,2,8,False,51921,2663,0.001956,37.83
1.0,1,1.0,1.0,baseline,deepseek_flash,10.039939675671627,22924,rich/8,rich,8,3,8,False,53444,1787,0.001766,27.92
0.6667,0,1.0,0.5,baseline,deepseek_flash,11.620954417182327,111408,scikit-learn/45,scikit-learn,45,1,14,False,48186,2173,0.001103,35.74
0.6667,0,1.0,0.5,baseline,deepseek_flash,11.620954417182327,111408,scikit-learn/45,scikit-learn,45,2,18,False,109165,2829,0.001938,53.06
0.6667,0,1.0,0.5,baseline,deepseek_flash,11.620954417182327,111408,scikit-learn/45,scikit-learn,45,3,21,False,173639,3279,0.003118,64.93
1.0,1,1.0,1.0,baseline,deepseek_flash,11.55076060327325,103856,scikit-learn/49,scikit-learn,49,1,13,False,202800,3434,0.004346,49.17
1.0,1,1.0,1.0,baseline,deepseek_flash,11.55076060327325,103856,scikit-learn/49,scikit-learn,49,2,18,False,324286,6560,0.005756,92.18
1.0,1,1.0,1.0,baseline,deepseek_flash,11.55076060327325,103856,scikit-learn/49,scikit-learn,49,3,9,False,131847,3636,0.003952,44.09
1.0,1,1.0,1.0,baseline,deepseek_flash,11.525654110946952,101281,scikit-learn/5,scikit-learn,5,1,14,False,248019,22747,0.008585,253.1
1.0,1,1.0,1.0,baseline,deepseek_flash,11.525654110946952,101281,scikit-learn/5,scikit-learn,5,2,11,False,199732,15929,0.007081,149.24
1.0,1,1.0,1.0,baseline,deepseek_flash,11.525654110946952,101281,scikit-learn/5,scikit-learn,5,3,11,False,115373,18455,0.006866,157.0
1.0,1,1.0,1.0,baseline,deepseek_flash,9.796458979777604,17970,scrapy/20,scrapy,20,1,4,False,19881,1029,0.001631,14.18
1.0,1,1.0,1.0,baseline,deepseek_flash,9.796458979777604,17970,scrapy/20,scrapy,20,2,4,False,11856,754,0.000923,13.08
1.0,1,1.0,1.0,baseline,deepseek_flash,9.796458979777604,17970,scrapy/20,scrapy,20,3,4,False,15644,763,0.000929,13.56
0.6667,1,0.5,1.0,baseline,deepseek_flash,9.655026193237628,15600,scrapy/26,scrapy,26,1,17,False,161815,3248,0.003052,53.59
0.6667,1,0.5,1.0,baseline,deepseek_flash,9.655026193237628,15600,scrapy/26,scrapy,26,2,14,False,150313,2350,0.003297,45.41
0.6667,1,0.5,1.0,baseline,deepseek_flash,9.655026193237628,15600,scrapy/26,scrapy,26,3,20,False,318906,3360,0.00481,72.13
0.6667,0,1.0,0.5,baseline,deepseek_flash,9.73477299914839,16895,scrapy/48,scrapy,48,1,12,False,58811,3472,0.0019,50.8
0.0,0,0.0,0.0,baseline,deepseek_flash,9.73477299914839,16895,scrapy/48,scrapy,48,2,30,True,224450,4961,0.004889,93.64
0.0,0,0.0,0.0,baseline,deepseek_flash,9.73477299914839,16895,scrapy/48,scrapy,48,3,30,True,245160,6165,0.00521,109.6
1.0,1,1.0,1.0,baseline,deepseek_flash,9.961803629358965,21201,stable-diffusion-webui/0,stable-diffusion-webui,0,1,3,False,48597,1122,0.002762,14.98
1.0,1,1.0,1.0,baseline,deepseek_flash,9.961803629358965,21201,stable-diffusion-webui/0,stable-diffusion-webui,0,2,3,False,48158,1204,0.002706,17.64
1.0,1,1.0,1.0,baseline,deepseek_flash,9.961803629358965,21201,stable-diffusion-webui/0,stable-diffusion-webui,0,3,5,False,84179,1453,0.00299,22.69
1.0,1,1.0,1.0,baseline,deepseek_flash,9.908425341565751,20099,stable-diffusion-webui/13,stable-diffusion-webui,13,1,21,False,452202,10216,0.007513,136.82
1.0,1,1.0,1.0,baseline,deepseek_flash,9.908425341565751,20099,stable-diffusion-webui/13,stable-diffusion-webui,13,2,12,False,378615,7631,0.008025,97.81
1.0,1,1.0,1.0,baseline,deepseek_flash,9.908425341565751,20099,stable-diffusion-webui/13,stable-diffusion-webui,13,3,13,False,250785,6711,0.005308,81.11
0.6667,0,1.0,0.5,baseline,deepseek_flash,10.028797743501574,22670,stable-diffusion-webui/5,stable-diffusion-webui,5,1,14,False,251975,18015,0.009096,151.63
0.6667,0,1.0,0.5,baseline,deepseek_flash,10.028797743501574,22670,stable-diffusion-webui/5,stable-diffusion-webui,5,2,20,False,559311,17721,0.012914,177.22
1.0,1,1.0,1.0,baseline,deepseek_flash,10.028797743501574,22670,stable-diffusion-webui/5,stable-diffusion-webui,5,3,23,False,574690,31837,0.01412,268.06
0.0,0,0.0,0.0,baseline,deepseek_flash,8.483636407887394,4835,thefuck/10,thefuck,10,1,18,False,292112,20560,0.009141,181.61
0.5,0,1.0,0.3333,baseline,deepseek_flash,8.483636407887394,4835,thefuck/10,thefuck,10,2,26,False,526920,20590,0.014732,204.0
0.0,0,0.0,0.0,baseline,deepseek_flash,8.483636407887394,4835,thefuck/10,thefuck,10,3,26,False,394258,29602,0.013943,257.8
0.0,0,0.0,0.0,baseline,deepseek_flash,8.270781013162674,3908,thefuck/20,thefuck,20,1,10,False,45157,2787,0.001764,37.52
0.0,0,0.0,0.0,baseline,deepseek_flash,8.270781013162674,3908,thefuck/20,thefuck,20,2,13,False,72683,4596,0.002418,51.38
0.0,0,0.0,0.0,baseline,deepseek_flash,8.270781013162674,3908,thefuck/20,thefuck,20,3,14,False,70168,3524,0.001889,49.88
1.0,1,1.0,1.0,baseline,deepseek_flash,7.822845290279774,2497,thefuck/5,thefuck,5,1,14,False,92004,3420,0.00237,49.65
1.0,1,1.0,1.0,baseline,deepseek_flash,7.822845290279774,2497,thefuck/5,thefuck,5,2,9,False,35487,2777,0.001619,33.63
1.0,1,1.0,1.0,baseline,deepseek_flash,7.822845290279774,2497,thefuck/5,thefuck,5,3,9,False,41853,2528,0.001562,33.78
1.0,1,1.0,1.0,baseline,deepseek_flash,12.430331574579306,250279,transformers/25,transformers,25,1,14,False,80948,3852,0.002419,57.7
1.0,1,1.0,1.0,baseline,deepseek_flash,12.430331574579306,250279,transformers/25,transformers,25,2,11,False,39691,4065,0.001848,44.51
1.0,1,1.0,1.0,baseline,deepseek_flash,12.430331574579306,250279,transformers/25,transformers,25,3,11,False,62372,4222,0.002398,55.18
0.1538,0,1.0,0.0833,baseline,deepseek_flash,12.407424472605875,244611,transformers/27,transformers,27,1,2,False,7089,458,0.000664,7.91
0.1538,0,1.0,0.0833,baseline,deepseek_flash,12.407424472605875,244611,transformers/27,transformers,27,2,2,False,5143,498,0.000403,7.27
0.1538,0,1.0,0.0833,baseline,deepseek_flash,12.407424472605875,244611,transformers/27,transformers,27,3,3,False,13248,888,0.000962,14.66
0.8889,0,1.0,0.8,baseline,deepseek_flash,11.587420505060633,107734,transformers/5,transformers,5,1,30,True,395919,6648,0.008135,115.06
0.0,0,0.0,0.0,baseline,deepseek_flash,11.587420505060633,107734,transformers/5,transformers,5,2,30,True,484336,5907,0.009471,119.84
0.75,0,1.0,0.6,baseline,deepseek_flash,11.587420505060633,107734,transformers/5,transformers,5,3,26,False,297434,5679,0.007774,100.33
1.0,1,1.0,1.0,baseline,deepseek_flash,12.095096391086711,178992,yt-dlp/23,yt-dlp,23,1,11,False,141146,7592,0.004377,83.15
1.0,1,1.0,1.0,baseline,deepseek_flash,12.095096391086711,178992,yt-dlp/23,yt-dlp,23,2,18,False,199056,7662,0.004444,94.67
1.0,1,1.0,1.0,baseline,deepseek_flash,12.095096391086711,178992,yt-dlp/23,yt-dlp,23,3,20,False,246195,13581,0.006343,144.49
0.0,0,0.0,0.0,baseline,deepseek_flash,12.1489730534896,188900,yt-dlp/41,yt-dlp,41,1,28,False,469093,21637,0.011478,232.71
0.0,0,0.0,0.0,baseline,deepseek_flash,12.1489730534896,188900,yt-dlp/41,yt-dlp,41,2,30,True,450993,13673,0.009471,176.29
0.0,0,0.0,0.0,baseline,deepseek_flash,12.1489730534896,188900,yt-dlp/41,yt-dlp,41,3,30,True,445708,17176,0.010081,215.63
0.0,0,0.0,0.0,baseline,deepseek_flash,12.198660241414718,198523,yt-dlp/45,yt-dlp,45,1,30,True,333432,7230,0.006487,119.48
0.6667,0,1.0,0.5,baseline,deepseek_flash,12.198660241414718,198523,yt-dlp/45,yt-dlp,45,2,30,False,678929,7195,0.010749,144.71
0.6667,0,1.0,0.5,baseline,deepseek_flash,12.198660241414718,198523,yt-dlp/45,yt-dlp,45,3,26,False,318113,7777,0.007042,115.78
1.0,1,1.0,1.0,baseline,nemotron_super,12.068688124847148,174327,core/16,core,16,1,8,False,29161,18856,0.010021,373.34
1.0,1,1.0,1.0,baseline,nemotron_super,12.068688124847148,174327,core/16,core,16,2,14,False,110935,39195,0.025107,353.33
1.0,1,1.0,1.0,baseline,nemotron_super,12.068688124847148,174327,core/16,core,16,3,9,False,40411,7028,0.006246,93.37
1.0,1,1.0,1.0,baseline,nemotron_super,11.506545154005941,99364,core/20,core,20,1,6,False,30817,11812,0.007344,198.25
1.0,1,1.0,1.0,baseline,nemotron_super,11.506545154005941,99364,core/20,core,20,2,5,False,19249,7407,0.004599,123.19
1.0,1,1.0,1.0,baseline,nemotron_super,11.506545154005941,99364,core/20,core,20,3,7,False,36076,14602,0.008907,284.0
0.0,0,0.0,0.0,baseline,nemotron_super,8.579980179515003,5324,fastapi/17,fastapi,17,1,14,False,120192,37118,0.025064,326.96
0.0,0,0.0,0.0,baseline,nemotron_super,8.579980179515003,5324,fastapi/17,fastapi,17,2,10,False,98140,19733,0.016235,228.55
0.0,0,0.0,0.0,baseline,nemotron_super,8.579980179515003,5324,fastapi/17,fastapi,17,3,9,False,52524,12790,0.009581,151.29
0.0,0,0.0,0.0,baseline,nemotron_super,8.518991573357617,5009,fastapi/20,fastapi,20,1,11,False,21385,22829,0.010949,227.59
0.0,0,0.0,0.0,baseline,nemotron_super,8.518991573357617,5009,fastapi/20,fastapi,20,2,11,False,67279,16946,0.012497,162.36
0.0,0,0.0,0.0,baseline,nemotron_super,8.518991573357617,5009,fastapi/20,fastapi,20,3,16,False,48147,27794,0.01521,350.31
0.5,0,1.0,0.3333,baseline,nemotron_super,8.482187582217422,4828,fastapi/9,fastapi,9,1,5,False,19297,8298,0.004959,160.09
0.5,0,1.0,0.3333,baseline,nemotron_super,8.482187582217422,4828,fastapi/9,fastapi,9,2,5,False,19430,6777,0.004362,84.79
0.5,0,1.0,0.3333,baseline,nemotron_super,8.482187582217422,4828,fastapi/9,fastapi,9,3,4,False,17168,8518,0.004866,189.41
0.6667,0,1.0,0.5,baseline,nemotron_super,8.808369153122275,6690,flask/18,flask,18,1,7,False,15737,8528,0.004749,109.61
0.6667,0,1.0,0.5,baseline,nemotron_super,8.808369153122275,6690,flask/18,flask,18,2,7,False,41079,6810,0.006216,113.41
0.6667,0,1.0,0.5,baseline,nemotron_super,8.808369153122275,6690,flask/18,flask,18,3,9,False,21865,7081,0.004691,77.8
1.0,1,1.0,1.0,baseline,nemotron_super,8.899457906353966,7328,flask/3,flask,3,1,11,False,25716,9730,0.006078,188.5
1.0,1,1.0,1.0,baseline,nemotron_super,8.899457906353966,7328,flask/3,flask,3,2,7,False,39092,7480,0.006315,77.63
1.0,1,1.0,1.0,baseline,nemotron_super,8.899457906353966,7328,flask/3,flask,3,3,15,False,47790,21762,0.012767,253.55
1.0,1,1.0,1.0,baseline,nemotron_super,8.827468112520654,6819,flask/6,flask,6,1,5,False,15992,9211,0.005044,204.88
1.0,1,1.0,1.0,baseline,nemotron_super,8.827468112520654,6819,flask/6,flask,6,2,4,False,14212,2201,0.002088,46.63
1.0,1,1.0,1.0,baseline,nemotron_super,8.827468112520654,6819,flask/6,flask,6,3,5,False,40506,7597,0.006482,82.28
0.0,0,0.0,0.0,baseline,nemotron_super,8.341410211461865,4194,gpt-engineer/11,gpt-engineer,11,1,13,False,84352,32405,0.020132,345.82
0.0,0,0.0,0.0,baseline,nemotron_super,8.341410211461865,4194,gpt-engineer/11,gpt-engineer,11,2,9,False,25420,16653,0.008822,174.43
0.0,0,0.0,0.0,baseline,nemotron_super,8.341410211461865,4194,gpt-engineer/11,gpt-engineer,11,3,9,False,40199,14611,0.009261,116.97
0.4,0,1.0,0.25,baseline,nemotron_super,8.029432840581244,3070,gpt-engineer/12,gpt-engineer,12,1,4,False,10107,5683,0.003132,43.78
0.4,0,1.0,0.25,baseline,nemotron_super,8.029432840581244,3070,gpt-engineer/12,gpt-engineer,12,2,6,False,17890,6131,0.003973,55.88
0.4,0,1.0,0.25,baseline,nemotron_super,8.029432840581244,3070,gpt-engineer/12,gpt-engineer,12,3,19,False,113945,21136,0.01814,363.5
1.0,1,1.0,1.0,baseline,nemotron_super,8.36380888451688,4289,gpt-engineer/9,gpt-engineer,9,1,5,False,11842,6826,0.003737,152.25
0.6667,1,0.5,1.0,baseline,nemotron_super,8.36380888451688,4289,gpt-engineer/9,gpt-engineer,9,2,9,False,43815,14393,0.009481,121.96
0.0,0,0.0,0.0,baseline,nemotron_super,8.36380888451688,4289,gpt-engineer/9,gpt-engineer,9,3,6,False,29772,12535,0.007545,246.73
0.0,0,0.0,0.0,baseline,nemotron_super,10.196231790580173,26802,keras/12,keras,12,1,7,False,14131,8004,0.004403,103.48
0.0,0,0.0,0.0,baseline,nemotron_super,10.196231790580173,26802,keras/12,keras,12,2,11,False,29611,25221,0.012605,314.27
0.0,0,0.0,0.0,baseline,nemotron_super,10.196231790580173,26802,keras/12,keras,12,3,5,False,10644,9351,0.004645,238.44
0.0,0,0.0,0.0,baseline,nemotron_super,10.349134450277123,31230,keras/5,keras,5,1,13,False,200056,54191,0.038681,709.7
0.0,0,0.0,0.0,baseline,nemotron_super,10.349134450277123,31230,keras/5,keras,5,2,15,False,244363,36617,0.035418,430.53
0.6667,1,0.5,1.0,baseline,nemotron_super,10.349134450277123,31230,keras/5,keras,5,3,11,False,168188,41700,0.030976,522.67
1.0,1,1.0,1.0,baseline,nemotron_super,10.444153492313001,34343,keras/9,keras,9,1,7,False,31792,21466,0.011289,284.97
1.0,1,1.0,1.0,baseline,nemotron_super,10.444153492313001,34343,keras/9,keras,9,2,4,False,13252,7501,0.004127,152.07
1.0,1,1.0,1.0,baseline,nemotron_super,10.444153492313001,34343,keras/9,keras,9,3,6,False,23270,16934,0.008752,231.16
0.0,0,0.0,0.0,baseline,nemotron_super,9.61953186182516,15056,localstack/19,localstack,19,1,10,False,19742,3593,0.003115,94.29
0.0,0,0.0,0.0,baseline,nemotron_super,9.61953186182516,15056,localstack/19,localstack,19,2,15,False,99643,9063,0.012095,112.66
0.0,0,0.0,0.0,baseline,nemotron_super,9.61953186182516,15056,localstack/19,localstack,19,3,20,False,161762,7216,0.016636,186.27
1.0,1,1.0,1.0,baseline,nemotron_super,10.563155506021905,38683,localstack/2,localstack,2,1,14,False,217748,30644,0.030766,298.61
1.0,1,1.0,1.0,baseline,nemotron_super,10.563155506021905,38683,localstack/2,localstack,2,2,9,False,97675,13025,0.013512,195.39
1.0,1,1.0,1.0,baseline,nemotron_super,10.563155506021905,38683,localstack/2,localstack,2,3,11,False,142529,20205,0.020197,182.99
1.0,1,1.0,1.0,baseline,nemotron_super,9.860214640302662,19153,localstack/9,localstack,9,1,18,False,87239,28421,0.018784,398.94
0.0,0,0.0,0.0,baseline,nemotron_super,9.860214640302662,19153,localstack/9,localstack,9,2,7,False,81705,29082,0.018578,321.1
1.0,1,1.0,1.0,baseline,nemotron_super,9.860214640302662,19153,localstack/9,localstack,9,3,15,False,65802,12334,0.010527,388.88
0.0,0,0.0,0.0,baseline,nemotron_super,11.189312196300184,72353,pandas/26,pandas,26,1,30,True,287344,9136,0.028079,123.28
0.0,0,0.0,0.0,baseline,nemotron_super,11.189312196300184,72353,pandas/26,pandas,26,2,30,True,675128,18543,0.064803,433.44
0.0,0,0.0,0.0,baseline,nemotron_super,11.189312196300184,72353,pandas/26,pandas,26,3,30,True,169693,8386,0.017778,241.59
0.0,0,0.0,0.0,baseline,nemotron_super,11.270446177349276,78468,pandas/35,pandas,35,1,30,True,234108,12262,0.024804,171.52
0.0,0,0.0,0.0,baseline,nemotron_super,11.270446177349276,78468,pandas/35,pandas,35,2,30,True,351040,12683,0.034912,169.8
0.0,0,0.0,0.0,baseline,nemotron_super,11.270446177349276,78468,pandas/35,pandas,35,3,30,True,391124,27862,0.04439,299.33
0.6667,0,1.0,0.5,baseline,nemotron_super,12.08721590866289,177587,pandas/38,pandas,38,1,6,False,26512,10546,0.006472,86.71
0.6667,0,1.0,0.5,baseline,nemotron_super,12.08721590866289,177587,pandas/38,pandas,38,2,4,False,21795,9864,0.005798,189.98
0.6667,0,1.0,0.5,baseline,nemotron_super,12.08721590866289,177587,pandas/38,pandas,38,3,5,False,17464,8046,0.004703,169.55
0.0,0,0.0,0.0,baseline,nemotron_super,10.883015959814806,53264,pandas/44,pandas,44,1,18,False,71717,20701,0.014376,213.87
0.0,0,0.0,0.0,baseline,nemotron_super,10.883015959814806,53264,pandas/44,pandas,44,2,13,False,35819,12440,0.008021,170.02
0.0,0,0.0,0.0,baseline,nemotron_super,10.883015959814806,53264,pandas/44,pandas,44,3,10,False,34426,14482,0.008719,431.11
0.8,0,1.0,0.6667,baseline,nemotron_super,9.346705246496699,11461,requests/12,requests,12,1,8,False,29954,9756,0.006448,114.55
0.8,0,1.0,0.6667,baseline,nemotron_super,9.346705246496699,11461,requests/12,requests,12,2,9,False,44520,15169,0.009852,145.34
0.8,0,1.0,0.6667,baseline,nemotron_super,9.346705246496699,11461,requests/12,requests,12,3,9,False,35444,8997,0.006612,158.96
1.0,1,1.0,1.0,baseline,nemotron_super,9.348274558065496,11479,requests/13,requests,13,1,5,False,13394,6341,0.003675,110.52
0.0,0,0.0,0.0,baseline,nemotron_super,9.348274558065496,11479,requests/13,requests,13,2,1,False,2603,819,0.000549,12.28
1.0,1,1.0,1.0,baseline,nemotron_super,9.348274558065496,11479,requests/13,requests,13,3,6,False,21574,9924,0.005803,139.75
1.0,1,1.0,1.0,baseline,nemotron_super,7.958576903813898,2860,requests/7,requests,7,1,7,False,62354,8638,0.008755,141.81
1.0,1,1.0,1.0,baseline,nemotron_super,7.958576903813898,2860,requests/7,requests,7,2,5,False,11917,12897,0.006172,130.97
1.0,1,1.0,1.0,baseline,nemotron_super,7.958576903813898,2860,requests/7,requests,7,3,11,False,27345,23828,0.011856,424.34
1.0,1,1.0,1.0,baseline,nemotron_super,10.031000872835088,22720,rich/1,rich,1,1,10,False,75474,7354,0.009357,98.28
1.0,1,1.0,1.0,baseline,nemotron_super,10.031000872835088,22720,rich/1,rich,1,2,11,False,38856,8292,0.00662,81.95
1.0,1,1.0,1.0,baseline,nemotron_super,10.031000872835088,22720,rich/1,rich,1,3,7,False,21681,5469,0.00403,131.23
0.0,0,0.0,0.0,baseline,nemotron_super,10.051648903516648,23194,rich/12,rich,12,1,6,False,53904,13777,0.010093,168.36
0.4,0,1.0,0.25,baseline,nemotron_super,10.051648903516648,23194,rich/12,rich,12,2,7,False,73141,18724,0.013707,283.42
0.6667,0,1.0,0.5,baseline,nemotron_super,10.051648903516648,23194,rich/12,rich,12,3,7,False,56897,14070,0.010464,291.43
1.0,1,1.0,1.0,baseline,nemotron_super,10.039939675671627,22924,rich/8,rich,8,1,7,False,39080,13384,0.008675,172.5
1.0,1,1.0,1.0,baseline,nemotron_super,10.039939675671627,22924,rich/8,rich,8,2,5,False,23583,7449,0.004984,75.51
1.0,1,1.0,1.0,baseline,nemotron_super,10.039939675671627,22924,rich/8,rich,8,3,10,False,59259,11432,0.00961,273.66
0.6667,0,1.0,0.5,baseline,nemotron_super,11.620954417182327,111408,scikit-learn/45,scikit-learn,45,1,9,False,45777,6728,0.006582,81.21
0.6667,0,1.0,0.5,baseline,nemotron_super,11.620954417182327,111408,scikit-learn/45,scikit-learn,45,2,9,False,24078,10150,0.006107,96.65
0.6667,0,1.0,0.5,baseline,nemotron_super,11.620954417182327,111408,scikit-learn/45,scikit-learn,45,3,14,False,42540,20631,0.011868,513.44
1.0,1,1.0,1.0,baseline,nemotron_super,11.55076060327325,103856,scikit-learn/49,scikit-learn,49,1,12,False,110978,8470,0.012821,128.37
1.0,1,1.0,1.0,baseline,nemotron_super,11.55076060327325,103856,scikit-learn/49,scikit-learn,49,2,10,False,51736,5332,0.00653,58.71
1.0,1,1.0,1.0,baseline,nemotron_super,11.55076060327325,103856,scikit-learn/49,scikit-learn,49,3,30,False,341774,25831,0.039383,483.76
1.0,1,1.0,1.0,baseline,nemotron_super,11.525654110946952,101281,scikit-learn/5,scikit-learn,5,1,5,False,13754,4351,0.002909,46.29
1.0,1,1.0,1.0,baseline,nemotron_super,11.525654110946952,101281,scikit-learn/5,scikit-learn,5,2,6,False,15743,3941,0.002915,65.29
1.0,1,1.0,1.0,baseline,nemotron_super,11.525654110946952,101281,scikit-learn/5,scikit-learn,5,3,5,False,13523,7086,0.003984,273.81
1.0,1,1.0,1.0,baseline,nemotron_super,9.796458979777604,17970,scrapy/20,scrapy,20,1,7,False,29793,6860,0.005276,377.42
1.0,1,1.0,1.0,baseline,nemotron_super,9.796458979777604,17970,scrapy/20,scrapy,20,2,4,False,15075,1771,0.00199,33.4
1.0,1,1.0,1.0,baseline,nemotron_super,9.796458979777604,17970,scrapy/20,scrapy,20,3,6,False,26870,3659,0.003748,63.83
1.0,1,1.0,1.0,baseline,nemotron_super,9.655026193237628,15600,scrapy/26,scrapy,26,1,7,False,28264,8495,0.0058,101.89
1.0,1,1.0,1.0,baseline,nemotron_super,9.655026193237628,15600,scrapy/26,scrapy,26,2,4,False,13640,9699,0.005039,129.38
1.0,1,1.0,1.0,baseline,nemotron_super,9.655026193237628,15600,scrapy/26,scrapy,26,3,6,False,27230,10424,0.006484,184.66
0.5,0,0.5,0.5,baseline,nemotron_super,9.73477299914839,16895,scrapy/48,scrapy,48,1,8,False,13796,7501,0.004173,136.83
0.0,0,0.0,0.0,baseline,nemotron_super,9.73477299914839,16895,scrapy/48,scrapy,48,2,13,False,48264,16879,0.010854,280.38
0.5,0,0.5,0.5,baseline,nemotron_super,9.73477299914839,16895,scrapy/48,scrapy,48,3,6,False,11030,8170,0.004206,89.74
1.0,1,1.0,1.0,baseline,nemotron_super,9.961803629358965,21201,stable-diffusion-webui/0,stable-diffusion-webui,0,1,3,False,49993,2007,0.005052,36.29
1.0,1,1.0,1.0,baseline,nemotron_super,9.961803629358965,21201,stable-diffusion-webui/0,stable-diffusion-webui,0,2,3,False,50002,2068,0.005077,27.78
1.0,1,1.0,1.0,baseline,nemotron_super,9.961803629358965,21201,stable-diffusion-webui/0,stable-diffusion-webui,0,3,2,False,33081,2657,0.003875,48.51
0.0,0,0.0,0.0,baseline,nemotron_super,9.908425341565751,20099,stable-diffusion-webui/13,stable-diffusion-webui,13,1,30,False,775089,43594,0.08332,870.81
0.0,0,0.0,0.0,baseline,nemotron_super,9.908425341565751,20099,stable-diffusion-webui/13,stable-diffusion-webui,13,2,23,False,433243,33180,0.050098,341.67
1.0,1,1.0,1.0,baseline,nemotron_super,9.908425341565751,20099,stable-diffusion-webui/13,stable-diffusion-webui,13,3,30,False,680723,37253,0.072763,636.31
0.6667,0,1.0,0.5,baseline,nemotron_super,10.028797743501574,22670,stable-diffusion-webui/5,stable-diffusion-webui,5,1,11,False,77343,13925,0.012144,230.45
0.0,0,0.0,0.0,baseline,nemotron_super,10.028797743501574,22670,stable-diffusion-webui/5,stable-diffusion-webui,5,2,8,False,36242,5274,0.00519,98.59
0.0,0,0.0,0.0,baseline,nemotron_super,10.028797743501574,22670,stable-diffusion-webui/5,stable-diffusion-webui,5,3,11,False,94781,12777,0.013167,122.77
0.4,0,0.5,0.3333,baseline,nemotron_super,8.483636407887394,4835,thefuck/10,thefuck,10,1,6,False,14933,10978,0.005661,176.83
0.4,0,0.5,0.3333,baseline,nemotron_super,8.483636407887394,4835,thefuck/10,thefuck,10,2,8,False,23202,21321,0.010501,288.08
0.0,0,0.0,0.0,baseline,nemotron_super,8.483636407887394,4835,thefuck/10,thefuck,10,3,9,False,17929,6880,0.004276,119.78
0.0,0,0.0,0.0,baseline,nemotron_super,8.270781013162674,3908,thefuck/20,thefuck,20,1,30,True,164775,24310,0.02373,303.03
0.0,0,0.0,0.0,baseline,nemotron_super,8.270781013162674,3908,thefuck/20,thefuck,20,2,30,False,132722,28291,0.022598,378.03
0.0,0,0.0,0.0,baseline,nemotron_super,8.270781013162674,3908,thefuck/20,thefuck,20,3,23,False,95924,30981,0.020546,693.44
1.0,1,1.0,1.0,baseline,nemotron_super,7.822845290279774,2497,thefuck/5,thefuck,5,1,24,False,144525,50543,0.032502,497.77
1.0,1,1.0,1.0,baseline,nemotron_super,7.822845290279774,2497,thefuck/5,thefuck,5,2,17,False,40924,21853,0.01222,417.96
1.0,1,1.0,1.0,baseline,nemotron_super,7.822845290279774,2497,thefuck/5,thefuck,5,3,7,False,17377,7705,0.004559,81.44
1.0,1,1.0,1.0,baseline,nemotron_super,12.430331574579306,250279,transformers/25,transformers,25,1,13,False,56353,17113,0.011635,276.51
1.0,1,1.0,1.0,baseline,nemotron_super,12.430331574579306,250279,transformers/25,transformers,25,2,12,False,89266,4869,0.009535,79.1
1.0,1,1.0,1.0,baseline,nemotron_super,12.430331574579306,250279,transformers/25,transformers,25,3,9,False,75700,5461,0.008619,55.64
0.1538,0,1.0,0.0833,baseline,nemotron_super,12.407424472605875,244611,transformers/27,transformers,27,1,2,False,7220,1394,0.001171,27.78
0.1538,0,1.0,0.0833,baseline,nemotron_super,12.407424472605875,244611,transformers/27,transformers,27,2,5,False,15484,1390,0.001872,18.63
0.1538,0,1.0,0.0833,baseline,nemotron_super,12.407424472605875,244611,transformers/27,transformers,27,3,3,False,9911,844,0.00118,9.66
0.5714,0,1.0,0.4,baseline,nemotron_super,11.587420505060633,107734,transformers/5,transformers,5,1,27,False,640064,21361,0.06295,246.07
0.8889,0,1.0,0.8,baseline,nemotron_super,11.587420505060633,107734,transformers/5,transformers,5,2,15,False,262376,17685,0.029376,220.32
0.8889,0,1.0,0.8,baseline,nemotron_super,11.587420505060633,107734,transformers/5,transformers,5,3,10,False,139164,8866,0.015375,124.28
1.0,1,1.0,1.0,baseline,nemotron_super,12.095096391086711,178992,yt-dlp/23,yt-dlp,23,1,4,False,12436,5522,0.003266,52.24
1.0,1,1.0,1.0,baseline,nemotron_super,12.095096391086711,178992,yt-dlp/23,yt-dlp,23,2,3,False,9502,7250,0.003708,65.91
1.0,1,1.0,1.0,baseline,nemotron_super,12.095096391086711,178992,yt-dlp/23,yt-dlp,23,3,3,False,9478,5859,0.003149,45.52
0.0,0,0.0,0.0,baseline,nemotron_super,12.1489730534896,188900,yt-dlp/41,yt-dlp,41,1,30,True,225752,9126,0.022839,139.75
0.0,0,0.0,0.0,baseline,nemotron_super,12.1489730534896,188900,yt-dlp/41,yt-dlp,41,2,29,False,358417,27934,0.041639,645.52
0.0,0,0.0,0.0,baseline,nemotron_super,12.1489730534896,188900,yt-dlp/41,yt-dlp,41,3,23,False,422280,8422,0.039263,237.07
0.6667,0,1.0,0.5,baseline,nemotron_super,12.198660241414718,198523,yt-dlp/45,yt-dlp,45,1,20,False,288261,32414,0.037468,525.31
0.6667,0,1.0,0.5,baseline,nemotron_super,12.198660241414718,198523,yt-dlp/45,yt-dlp,45,2,17,False,183893,23470,0.025019,228.03
0.6667,0,1.0,0.5,baseline,nemotron_super,12.198660241414718,198523,yt-dlp/45,yt-dlp,45,3,24,False,229311,32580,0.032523,368.01
1.0,1,1.0,1.0,structural,ministral_3b,12.068688124847148,174327,core/16,core,16,1,3,False,235017,429,0.016489,20.29
1.0,1,1.0,1.0,structural,ministral_3b,12.068688124847148,174327,core/16,core,16,2,3,False,235017,282,0.016497,17.48
1.0,1,1.0,1.0,structural,ministral_3b,12.068688124847148,174327,core/16,core,16,3,3,False,235014,382,0.016478,19.14
1.0,1,1.0,1.0,structural,ministral_3b,11.506545154005941,99364,core/20,core,20,1,4,False,323460,1274,0.025158,40.65
0.0,0,0.0,0.0,structural,ministral_3b,11.506545154005941,99364,core/20,core,20,2,11,False,923821,1773,0.055309,75.27
0.0,0,0.0,0.0,structural,ministral_3b,11.506545154005941,99364,core/20,core,20,3,7,False,584372,2151,0.058474,70.69
0.0,0,0.0,0.0,structural,ministral_3b,8.579980179515003,5324,fastapi/17,fastapi,17,1,24,False,352311,2598,0.012583,71.29
0.0,0,0.0,0.0,structural,ministral_3b,8.579980179515003,5324,fastapi/17,fastapi,17,2,13,False,162077,2084,0.006751,41.93
0.0,0,0.0,0.0,structural,ministral_3b,8.579980179515003,5324,fastapi/17,fastapi,17,3,13,False,230677,3087,0.014921,45.57
0.0,0,0.0,0.0,structural,ministral_3b,8.518991573357617,5009,fastapi/20,fastapi,20,1,4,False,43203,1663,0.003634,26.06
0.0,0,0.0,0.0,structural,ministral_3b,8.518991573357617,5009,fastapi/20,fastapi,20,2,25,False,270018,2485,0.008761,189.06
0.0,0,0.0,0.0,structural,ministral_3b,8.518991573357617,5009,fastapi/20,fastapi,20,3,17,False,185028,1703,0.004095,35.64
0.5,0,1.0,0.3333,structural,ministral_3b,8.482187582217422,4828,fastapi/9,fastapi,9,1,10,False,104943,1408,0.004115,25.55
0.5,0,1.0,0.3333,structural,ministral_3b,8.482187582217422,4828,fastapi/9,fastapi,9,2,8,False,84645,1038,0.00434,20.83
0.0,0,0.0,0.0,structural,ministral_3b,8.482187582217422,4828,fastapi/9,fastapi,9,3,16,False,274345,9675,0.011036,81.58
0.0,0,0.0,0.0,structural,ministral_3b,8.808369153122275,6690,flask/18,flask,18,1,11,False,137982,2702,0.0073,40.28
0.6667,0,1.0,0.5,structural,ministral_3b,8.808369153122275,6690,flask/18,flask,18,2,11,False,105106,2325,0.004586,32.87
1.0,1,1.0,1.0,structural,ministral_3b,8.808369153122275,6690,flask/18,flask,18,3,5,False,69180,1156,0.005622,21.96
1.0,1,1.0,1.0,structural,ministral_3b,8.899457906353966,7328,flask/3,flask,3,1,5,False,39470,814,0.00328,16.02
1.0,1,1.0,1.0,structural,ministral_3b,8.899457906353966,7328,flask/3,flask,3,2,6,False,95578,1219,0.008055,22.17
1.0,1,1.0,1.0,structural,ministral_3b,8.899457906353966,7328,flask/3,flask,3,3,7,False,61843,1243,0.003043,17.18
1.0,1,1.0,1.0,structural,ministral_3b,8.827468112520654,6819,flask/6,flask,6,1,9,False,76856,834,0.004013,18.87
1.0,1,1.0,1.0,structural,ministral_3b,8.827468112520654,6819,flask/6,flask,6,2,6,False,48761,440,0.002708,12.69
1.0,1,1.0,1.0,structural,ministral_3b,8.827468112520654,6819,flask/6,flask,6,3,6,False,53983,978,0.002305,18.2
0.0,0,0.0,0.0,structural,ministral_3b,8.341410211461865,4194,gpt-engineer/11,gpt-engineer,11,1,4,False,34948,1059,0.002489,14.31
0.0,0,0.0,0.0,structural,ministral_3b,8.341410211461865,4194,gpt-engineer/11,gpt-engineer,11,2,8,False,63847,1597,0.003215,24.7
0.0,0,0.0,0.0,structural,ministral_3b,8.341410211461865,4194,gpt-engineer/11,gpt-engineer,11,3,7,False,42618,1077,0.002676,20.18
0.4,0,1.0,0.25,structural,ministral_3b,8.029432840581244,3070,gpt-engineer/12,gpt-engineer,12,1,10,False,62755,1249,0.00352,21.4
0.4,0,1.0,0.25,structural,ministral_3b,8.029432840581244,3070,gpt-engineer/12,gpt-engineer,12,2,16,False,99603,1839,0.004494,38.47
0.4,0,1.0,0.25,structural,ministral_3b,8.029432840581244,3070,gpt-engineer/12,gpt-engineer,12,3,7,False,49848,1756,0.001468,22.84
1.0,1,1.0,1.0,structural,ministral_3b,8.36380888451688,4289,gpt-engineer/9,gpt-engineer,9,1,3,False,17658,862,0.001334,10.87
1.0,1,1.0,1.0,structural,ministral_3b,8.36380888451688,4289,gpt-engineer/9,gpt-engineer,9,2,9,False,61776,1318,0.003435,21.11
1.0,1,1.0,1.0,structural,ministral_3b,8.36380888451688,4289,gpt-engineer/9,gpt-engineer,9,3,11,False,71204,1959,0.004851,38.02
0.2857,0,0.5,0.2,structural,ministral_3b,10.196231790580173,26802,keras/12,keras,12,1,7,False,198743,1653,0.010127,30.65
0.0,0,0.0,0.0,structural,ministral_3b,10.196231790580173,26802,keras/12,keras,12,2,8,False,259839,723,0.020786,33.5
0.0,0,0.0,0.0,structural,ministral_3b,10.196231790580173,26802,keras/12,keras,12,3,6,False,204334,1918,0.020487,35.48
0.0,0,0.0,0.0,structural,ministral_3b,10.349134450277123,31230,keras/5,keras,5,1,21,False,785803,1562,0.035842,83.96
1.0,1,1.0,1.0,structural,ministral_3b,10.349134450277123,31230,keras/5,keras,5,2,25,False,893836,2692,0.028228,89.39
0.6667,1,0.5,1.0,structural,ministral_3b,10.349134450277123,31230,keras/5,keras,5,3,17,False,570693,2550,0.030846,64.63
1.0,1,1.0,1.0,structural,ministral_3b,10.444153492313001,34343,keras/9,keras,9,1,7,False,259294,1991,0.01648,36.39
1.0,1,1.0,1.0,structural,ministral_3b,10.444153492313001,34343,keras/9,keras,9,2,6,False,211930,2072,0.011729,33.98
1.0,1,1.0,1.0,structural,ministral_3b,10.444153492313001,34343,keras/9,keras,9,3,4,False,136116,683,0.010725,20.84
0.25,0,1.0,0.1429,structural,ministral_3b,9.61953186182516,15056,localstack/19,localstack,19,1,6,False,133130,1923,0.007532,24.5
0.4444,0,1.0,0.2857,structural,ministral_3b,9.61953186182516,15056,localstack/19,localstack,19,2,7,False,164605,1435,0.009104,27.07
0.25,0,1.0,0.1429,structural,ministral_3b,9.61953186182516,15056,localstack/19,localstack,19,3,12,False,340427,2011,0.026456,51.43
1.0,1,1.0,1.0,structural,ministral_3b,10.563155506021905,38683,localstack/2,localstack,2,1,8,False,470229,1506,0.021081,52.45
1.0,1,1.0,1.0,structural,ministral_3b,10.563155506021905,38683,localstack/2,localstack,2,2,26,False,1500910,2349,0.041992,93.68
1.0,1,1.0,1.0,structural,ministral_3b,10.563155506021905,38683,localstack/2,localstack,2,3,13,False,773967,2373,0.035799,58.92
1.0,1,1.0,1.0,structural,ministral_3b,9.860214640302662,19153,localstack/9,localstack,9,1,10,False,287983,1665,0.013822,37.9
1.0,1,1.0,1.0,structural,ministral_3b,9.860214640302662,19153,localstack/9,localstack,9,2,7,False,233634,1300,0.015562,28.84
1.0,1,1.0,1.0,structural,ministral_3b,9.860214640302662,19153,localstack/9,localstack,9,3,13,False,388091,1717,0.036078,50.84
0.6667,0,1.0,0.5,structural,ministral_3b,11.189312196300184,72353,pandas/26,pandas,26,1,10,False,793464,578,0.037224,51.06
0.6667,0,1.0,0.5,structural,ministral_3b,11.189312196300184,72353,pandas/26,pandas,26,2,6,False,490721,500,0.02766,31.53
0.6667,0,1.0,0.5,structural,ministral_3b,11.189312196300184,72353,pandas/26,pandas,26,3,4,False,328742,308,0.025935,25.83
0.0,0,0.0,0.0,structural,ministral_3b,11.270446177349276,78468,pandas/35,pandas,35,1,3,False,267072,1049,0.019382,29.02
0.0,0,0.0,0.0,structural,ministral_3b,11.270446177349276,78468,pandas/35,pandas,35,2,12,False,1218972,367,0.040436,97.57
0.0,0,0.0,0.0,structural,ministral_3b,11.270446177349276,78468,pandas/35,pandas,35,3,8,False,782198,490,0.025559,49.06
0.6667,0,1.0,0.5,structural,ministral_3b,12.08721590866289,177587,pandas/38,pandas,38,1,9,False,763718,653,0.038876,50.96
0.6667,0,1.0,0.5,structural,ministral_3b,12.08721590866289,177587,pandas/38,pandas,38,2,14,False,1218075,1428,0.060065,87.88
0.6667,0,1.0,0.5,structural,ministral_3b,12.08721590866289,177587,pandas/38,pandas,38,3,14,False,1322877,679,0.092577,91.5
0.6667,0,1.0,0.5,structural,ministral_3b,10.883015959814806,53264,pandas/44,pandas,44,1,7,False,499799,2734,0.033497,60.1
0.6667,0,1.0,0.5,structural,ministral_3b,10.883015959814806,53264,pandas/44,pandas,44,2,11,False,681052,2023,0.023967,63.42
0.0,0,0.0,0.0,structural,ministral_3b,10.883015959814806,53264,pandas/44,pandas,44,3,20,False,1283374,3316,0.071991,93.71
0.5,0,1.0,0.3333,structural,ministral_3b,9.346705246496699,11461,requests/12,requests,12,1,8,False,45613,1801,0.002334,23.03
0.5,0,1.0,0.3333,structural,ministral_3b,9.346705246496699,11461,requests/12,requests,12,2,6,False,32581,1189,0.00245,16.43
1.0,1,1.0,1.0,structural,ministral_3b,9.346705246496699,11461,requests/12,requests,12,3,7,False,34624,1148,0.001411,21.47
1.0,1,1.0,1.0,structural,ministral_3b,9.348274558065496,11479,requests/13,requests,13,1,7,False,43440,1093,0.003296,20.57
1.0,1,1.0,1.0,structural,ministral_3b,9.348274558065496,11479,requests/13,requests,13,2,13,False,103592,2597,0.004899,33.79
1.0,1,1.0,1.0,structural,ministral_3b,9.348274558065496,11479,requests/13,requests,13,3,6,False,37736,1367,0.001681,16.05
1.0,1,1.0,1.0,structural,ministral_3b,7.958576903813898,2860,requests/7,requests,7,1,8,False,44280,1377,0.002619,20.14
1.0,1,1.0,1.0,structural,ministral_3b,7.958576903813898,2860,requests/7,requests,7,2,8,False,41407,1302,0.002831,22.33
1.0,1,1.0,1.0,structural,ministral_3b,7.958576903813898,2860,requests/7,requests,7,3,5,False,25883,1191,0.001757,13.38
1.0,1,1.0,1.0,structural,ministral_3b,10.031000872835088,22720,rich/1,rich,1,1,4,False,79761,326,0.007894,11.48
1.0,1,1.0,1.0,structural,ministral_3b,10.031000872835088,22720,rich/1,rich,1,2,3,False,57019,594,0.003999,10.57
1.0,1,1.0,1.0,structural,ministral_3b,10.031000872835088,22720,rich/1,rich,1,3,3,False,56816,529,0.00403,19.44
0.4,0,1.0,0.25,structural,ministral_3b,10.051648903516648,23194,rich/12,rich,12,1,10,False,255709,1150,0.016977,39.62
0.4,0,1.0,0.25,structural,ministral_3b,10.051648903516648,23194,rich/12,rich,12,2,14,False,449519,2441,0.027657,59.85
0.4,0,1.0,0.25,structural,ministral_3b,10.051648903516648,23194,rich/12,rich,12,3,9,False,189349,536,0.015348,23.62
1.0,1,1.0,1.0,structural,ministral_3b,10.039939675671627,22924,rich/8,rich,8,1,4,False,85082,449,0.004705,12.76
0.0,0,0.0,0.0,structural,ministral_3b,10.039939675671627,22924,rich/8,rich,8,2,5,False,109981,1410,0.007101,20.6
1.0,1,1.0,1.0,structural,ministral_3b,10.039939675671627,22924,rich/8,rich,8,3,4,False,87391,1082,0.006923,20.25
0.6667,0,1.0,0.5,structural,ministral_3b,11.620954417182327,111408,scikit-learn/45,scikit-learn,45,1,7,False,515794,584,0.038344,45.21
0.6667,0,1.0,0.5,structural,ministral_3b,11.620954417182327,111408,scikit-learn/45,scikit-learn,45,2,2,False,146086,192,0.01457,17.33
0.6667,0,1.0,0.5,structural,ministral_3b,11.620954417182327,111408,scikit-learn/45,scikit-learn,45,3,3,False,220251,465,0.021985,20.66
1.0,1,1.0,1.0,structural,ministral_3b,11.55076060327325,103856,scikit-learn/49,scikit-learn,49,1,7,False,515543,599,0.03271,43.46
1.0,1,1.0,1.0,structural,ministral_3b,11.55076060327325,103856,scikit-learn/49,scikit-learn,49,2,8,False,587271,702,0.03957,42.28
1.0,1,1.0,1.0,structural,ministral_3b,11.55076060327325,103856,scikit-learn/49,scikit-learn,49,3,4,False,278693,380,0.015374,20.1
1.0,1,1.0,1.0,structural,ministral_3b,11.525654110946952,101281,scikit-learn/5,scikit-learn,5,1,7,False,492691,550,0.030529,36.23
1.0,1,1.0,1.0,structural,ministral_3b,11.525654110946952,101281,scikit-learn/5,scikit-learn,5,2,12,False,847022,985,0.034694,59.02
1.0,1,1.0,1.0,structural,ministral_3b,11.525654110946952,101281,scikit-learn/5,scikit-learn,5,3,11,False,771913,1045,0.026735,44.77
1.0,1,1.0,1.0,structural,ministral_3b,9.796458979777604,17970,scrapy/20,scrapy,20,1,5,False,146014,482,0.012058,17.17
1.0,1,1.0,1.0,structural,ministral_3b,9.796458979777604,17970,scrapy/20,scrapy,20,2,4,False,114386,444,0.011368,14.69
1.0,1,1.0,1.0,structural,ministral_3b,9.796458979777604,17970,scrapy/20,scrapy,20,3,3,False,83421,164,0.008272,11.28
0.6667,1,0.5,1.0,structural,ministral_3b,9.655026193237628,15600,scrapy/26,scrapy,26,1,13,False,385575,1249,0.012319,46.82
0.0,0,0.0,0.0,structural,ministral_3b,9.655026193237628,15600,scrapy/26,scrapy,26,2,7,False,199564,952,0.012494,25.53
1.0,1,1.0,1.0,structural,ministral_3b,9.655026193237628,15600,scrapy/26,scrapy,26,3,16,False,482377,1594,0.032384,59.1
0.0,0,0.0,0.0,structural,ministral_3b,9.73477299914839,16895,scrapy/48,scrapy,48,1,9,False,219917,1583,0.011529,31.87
0.0,0,0.0,0.0,structural,ministral_3b,9.73477299914839,16895,scrapy/48,scrapy,48,2,11,False,260209,1425,0.009125,31.21
0.0,0,0.0,0.0,structural,ministral_3b,9.73477299914839,16895,scrapy/48,scrapy,48,3,7,False,157244,931,0.00568,25.08
1.0,1,1.0,1.0,structural,ministral_3b,9.961803629358965,21201,stable-diffusion-webui/0,stable-diffusion-webui,0,1,3,False,134041,636,0.013416,17.74
1.0,1,1.0,1.0,structural,ministral_3b,9.961803629358965,21201,stable-diffusion-webui/0,stable-diffusion-webui,0,2,4,False,180548,820,0.014168,24.74
1.0,1,1.0,1.0,structural,ministral_3b,9.961803629358965,21201,stable-diffusion-webui/0,stable-diffusion-webui,0,3,2,False,88392,405,0.008845,12.77
0.0,0,0.0,0.0,structural,ministral_3b,9.908425341565751,20099,stable-diffusion-webui/13,stable-diffusion-webui,13,1,7,False,262231,1399,0.012873,38.81
1.0,1,1.0,1.0,structural,ministral_3b,9.908425341565751,20099,stable-diffusion-webui/13,stable-diffusion-webui,13,2,15,False,569963,1960,0.026255,66.12
0.0,0,0.0,0.0,structural,ministral_3b,9.908425341565751,20099,stable-diffusion-webui/13,stable-diffusion-webui,13,3,7,False,259463,1120,0.019256,36.3
0.6667,0,1.0,0.5,structural,ministral_3b,10.028797743501574,22670,stable-diffusion-webui/5,stable-diffusion-webui,5,1,5,False,155676,1167,0.002678,9.3
0.4,0,0.3333,0.5,structural,ministral_3b,10.028797743501574,22670,stable-diffusion-webui/5,stable-diffusion-webui,5,2,4,False,136916,773,0.011142,8.34
0.0,0,0.0,0.0,structural,ministral_3b,10.028797743501574,22670,stable-diffusion-webui/5,stable-diffusion-webui,5,3,4,False,138911,790,0.008763,11.08
0.0,0,0.0,0.0,structural,ministral_3b,8.483636407887394,4835,thefuck/10,thefuck,10,1,3,False,28172,670,0.002043,4.5
0.0,0,0.0,0.0,structural,ministral_3b,8.483636407887394,4835,thefuck/10,thefuck,10,2,8,False,109591,1839,0.004127,11.12
0.0,0,0.0,0.0,structural,ministral_3b,8.483636407887394,4835,thefuck/10,thefuck,10,3,5,False,47936,718,0.001502,5.29
0.0,0,0.0,0.0,structural,ministral_3b,8.270781013162674,3908,thefuck/20,thefuck,20,1,6,False,52892,1253,0.003784,19.39
0.0,0,0.0,0.0,structural,ministral_3b,8.270781013162674,3908,thefuck/20,thefuck,20,2,4,False,32493,663,0.002555,11.2
0.0,0,0.0,0.0,structural,ministral_3b,8.270781013162674,3908,thefuck/20,thefuck,20,3,5,False,40939,767,0.001965,15.4
1.0,1,1.0,1.0,structural,ministral_3b,7.822845290279774,2497,thefuck/5,thefuck,5,1,3,False,18510,583,0.001857,10.39
1.0,1,1.0,1.0,structural,ministral_3b,7.822845290279774,2497,thefuck/5,thefuck,5,2,4,False,25278,589,0.001544,9.89
1.0,1,1.0,1.0,structural,ministral_3b,7.822845290279774,2497,thefuck/5,thefuck,5,3,3,False,17972,505,0.001761,10.12
1.0,1,1.0,1.0,structural,ministral_3b,12.430331574579306,250279,transformers/25,transformers,25,1,4,False,342135,1065,0.027212,38.97
1.0,1,1.0,1.0,structural,ministral_3b,12.430331574579306,250279,transformers/25,transformers,25,2,8,False,689090,948,0.053815,58.68
1.0,1,1.0,1.0,structural,ministral_3b,12.430331574579306,250279,transformers/25,transformers,25,3,5,False,415906,1041,0.027191,34.24
0.1538,0,1.0,0.0833,structural,ministral_3b,12.407424472605875,244611,transformers/27,transformers,27,1,3,False,235973,474,0.023558,26.28
0.1538,0,1.0,0.0833,structural,ministral_3b,12.407424472605875,244611,transformers/27,transformers,27,2,3,False,235936,514,0.016577,20.73
0.1538,0,1.0,0.0833,structural,ministral_3b,12.407424472605875,244611,transformers/27,transformers,27,3,3,False,235970,481,0.016601,29.47
0.0,0,0.0,0.0,structural,ministral_3b,11.587420505060633,107734,transformers/5,transformers,5,1,7,False,505147,1084,0.024536,41.6
0.3333,0,1.0,0.2,structural,ministral_3b,11.587420505060633,107734,transformers/5,transformers,5,2,6,False,443521,2436,0.018152,43.4
0.0,0,0.0,0.0,structural,ministral_3b,11.587420505060633,107734,transformers/5,transformers,5,3,9,False,656234,333,0.019732,37.44
1.0,1,1.0,1.0,structural,ministral_3b,12.095096391086711,178992,yt-dlp/23,yt-dlp,23,1,10,False,878648,917,0.056253,65.44
1.0,1,1.0,1.0,structural,ministral_3b,12.095096391086711,178992,yt-dlp/23,yt-dlp,23,2,5,False,424918,378,0.027191,35.92
1.0,1,1.0,1.0,structural,ministral_3b,12.095096391086711,178992,yt-dlp/23,yt-dlp,23,3,9,False,781774,923,0.024466,41.34
0.0,0,0.0,0.0,structural,ministral_3b,12.1489730534896,188900,yt-dlp/41,yt-dlp,41,1,5,False,477963,1887,0.023292,44.76
0.0,0,0.0,0.0,structural,ministral_3b,12.1489730534896,188900,yt-dlp/41,yt-dlp,41,2,5,False,499205,1626,0.032665,48.95
0.0,0,0.0,0.0,structural,ministral_3b,12.1489730534896,188900,yt-dlp/41,yt-dlp,41,3,17,False,1645496,3103,0.064106,164.42
0.6667,0,1.0,0.5,structural,ministral_3b,12.198660241414718,198523,yt-dlp/45,yt-dlp,45,1,6,False,522981,1492,0.029148,44.48
0.5,0,0.5,0.5,structural,ministral_3b,12.198660241414718,198523,yt-dlp/45,yt-dlp,45,2,7,False,705091,1568,0.039038,60.21
0.6667,0,1.0,0.5,structural,ministral_3b,12.198660241414718,198523,yt-dlp/45,yt-dlp,45,3,8,False,723527,1590,0.034029,49.47
1.0,1,1.0,1.0,structural,gpt_oss_120b,12.068688124847148,174327,core/16,core,16,1,3,False,195803,1341,0.012661,53.45
1.0,1,1.0,1.0,structural,gpt_oss_120b,12.068688124847148,174327,core/16,core,16,2,11,False,815176,8225,0.046462,274.75
1.0,1,1.0,1.0,structural,gpt_oss_120b,12.068688124847148,174327,core/16,core,16,3,10,False,776443,7428,0.037934,254.75
1.0,1,1.0,1.0,structural,gpt_oss_120b,11.506545154005941,99364,core/20,core,20,1,6,False,479527,2989,0.028466,115.26
1.0,1,1.0,1.0,structural,gpt_oss_120b,11.506545154005941,99364,core/20,core,20,2,4,False,336289,3028,0.034125,120.77
1.0,1,1.0,1.0,structural,gpt_oss_120b,11.506545154005941,99364,core/20,core,20,3,6,False,475809,1915,0.036646,101.89
0.0,0,0.0,0.0,structural,gpt_oss_120b,8.579980179515003,5324,fastapi/17,fastapi,17,1,18,False,299772,12286,0.020663,155.39
0.0,0,0.0,0.0,structural,gpt_oss_120b,8.579980179515003,5324,fastapi/17,fastapi,17,2,23,False,380825,15980,0.024283,187.65
0.0,0,0.0,0.0,structural,gpt_oss_120b,8.579980179515003,5324,fastapi/17,fastapi,17,3,16,False,252519,10734,0.016714,120.44
0.0,0,0.0,0.0,structural,gpt_oss_120b,8.518991573357617,5009,fastapi/20,fastapi,20,1,4,False,40843,1051,0.003607,19.87
0.0,0,0.0,0.0,structural,gpt_oss_120b,8.518991573357617,5009,fastapi/20,fastapi,20,2,7,False,69794,3261,0.004659,37.84
0.0,0,0.0,0.0,structural,gpt_oss_120b,8.518991573357617,5009,fastapi/20,fastapi,20,3,8,False,73883,4995,0.006514,56.76
0.5,0,1.0,0.3333,structural,gpt_oss_120b,8.482187582217422,4828,fastapi/9,fastapi,9,1,8,False,85552,2431,0.007184,30.77
0.5,0,1.0,0.3333,structural,gpt_oss_120b,8.482187582217422,4828,fastapi/9,fastapi,9,2,9,False,104336,5975,0.009963,65.12
0.5,0,1.0,0.3333,structural,gpt_oss_120b,8.482187582217422,4828,fastapi/9,fastapi,9,3,11,False,117841,4613,0.008038,78.01
0.6667,0,1.0,0.5,structural,gpt_oss_120b,8.808369153122275,6690,flask/18,flask,18,1,12,False,100795,2993,0.007204,73.17
0.6667,0,1.0,0.5,structural,gpt_oss_120b,8.808369153122275,6690,flask/18,flask,18,2,6,False,49957,3253,0.003996,29.42
0.6667,0,1.0,0.5,structural,gpt_oss_120b,8.808369153122275,6690,flask/18,flask,18,3,7,False,56563,2709,0.004825,28.62
1.0,1,1.0,1.0,structural,gpt_oss_120b,8.899457906353966,7328,flask/3,flask,3,1,8,False,73409,3278,0.007518,47.38
1.0,1,1.0,1.0,structural,gpt_oss_120b,8.899457906353966,7328,flask/3,flask,3,2,8,False,85674,3182,0.009517,41.48
1.0,1,1.0,1.0,structural,gpt_oss_120b,8.899457906353966,7328,flask/3,flask,3,3,4,False,34103,1024,0.003216,14.21
1.0,1,1.0,1.0,structural,gpt_oss_120b,8.827468112520654,6819,flask/6,flask,6,1,13,False,147109,7123,0.013085,98.05
1.0,1,1.0,1.0,structural,gpt_oss_120b,8.827468112520654,6819,flask/6,flask,6,2,7,False,67394,3549,0.006551,35.59
1.0,1,1.0,1.0,structural,gpt_oss_120b,8.827468112520654,6819,flask/6,flask,6,3,7,False,53596,2432,0.004438,24.88
0.0,0,0.0,0.0,structural,gpt_oss_120b,8.341410211461865,4194,gpt-engineer/11,gpt-engineer,11,1,4,False,30340,1387,0.004287,18.44
0.0,0,0.0,0.0,structural,gpt_oss_120b,8.341410211461865,4194,gpt-engineer/11,gpt-engineer,11,2,26,False,387580,19766,0.023175,233.07
0.0,0,0.0,0.0,structural,gpt_oss_120b,8.341410211461865,4194,gpt-engineer/11,gpt-engineer,11,3,14,False,136232,5984,0.01137,86.64
0.4,0,1.0,0.25,structural,gpt_oss_120b,8.029432840581244,3070,gpt-engineer/12,gpt-engineer,12,1,8,False,47012,2071,0.004759,28.5
0.4,0,1.0,0.25,structural,gpt_oss_120b,8.029432840581244,3070,gpt-engineer/12,gpt-engineer,12,2,12,False,94071,3329,0.008491,45.97
0.4,0,1.0,0.25,structural,gpt_oss_120b,8.029432840581244,3070,gpt-engineer/12,gpt-engineer,12,3,2,False,8489,771,0.001222,8.16
0.0,0,0.0,0.0,structural,gpt_oss_120b,8.36380888451688,4289,gpt-engineer/9,gpt-engineer,9,1,10,False,90568,7144,0.010364,140.64
0.0,0,0.0,0.0,structural,gpt_oss_120b,8.36380888451688,4289,gpt-engineer/9,gpt-engineer,9,2,9,False,70294,9338,0.011276,96.16
0.0,0,0.0,0.0,structural,gpt_oss_120b,8.36380888451688,4289,gpt-engineer/9,gpt-engineer,9,3,7,False,60292,2993,0.005946,37.42
0.2222,0,0.25,0.2,structural,gpt_oss_120b,10.196231790580173,26802,keras/12,keras,12,1,2,False,69732,2491,0.005881,33.71
0.0,0,0.0,0.0,structural,gpt_oss_120b,10.196231790580173,26802,keras/12,keras,12,2,2,False,70859,1948,0.00872,29.42
0.0,0,0.0,0.0,structural,gpt_oss_120b,10.196231790580173,26802,keras/12,keras,12,3,8,False,192422,4115,0.012048,59.53
0.0,0,0.0,0.0,structural,gpt_oss_120b,10.349134450277123,31230,keras/5,keras,5,1,11,False,331621,5836,0.021281,102.15
0.0,0,0.0,0.0,structural,gpt_oss_120b,10.349134450277123,31230,keras/5,keras,5,2,9,False,293553,7092,0.021525,112.67
0.0,0,0.0,0.0,structural,gpt_oss_120b,10.349134450277123,31230,keras/5,keras,5,3,16,False,489856,9015,0.021854,139.97
1.0,1,1.0,1.0,structural,gpt_oss_120b,10.444153492313001,34343,keras/9,keras,9,1,6,False,205046,2911,0.013504,67.36
1.0,1,1.0,1.0,structural,gpt_oss_120b,10.444153492313001,34343,keras/9,keras,9,2,5,False,174546,2280,0.00848,50.67
1.0,1,1.0,1.0,structural,gpt_oss_120b,10.444153492313001,34343,keras/9,keras,9,3,12,False,355145,3988,0.015875,89.58
0.0,0,0.0,0.0,structural,gpt_oss_120b,9.61953186182516,15056,localstack/19,localstack,19,1,10,False,186451,2010,0.00883,56.7
0.0,0,0.0,0.0,structural,gpt_oss_120b,9.61953186182516,15056,localstack/19,localstack,19,2,20,False,379178,4344,0.013775,84.49
0.0,0,0.0,0.0,structural,gpt_oss_120b,9.61953186182516,15056,localstack/19,localstack,19,3,9,False,169443,1679,0.00835,34.09
1.0,1,1.0,1.0,structural,gpt_oss_120b,10.563155506021905,38683,localstack/2,localstack,2,1,18,False,897971,9377,0.039912,225.32
1.0,1,1.0,1.0,structural,gpt_oss_120b,10.563155506021905,38683,localstack/2,localstack,2,2,15,False,782554,5415,0.03015,145.15
1.0,1,1.0,1.0,structural,gpt_oss_120b,10.563155506021905,38683,localstack/2,localstack,2,3,15,False,784375,5797,0.029908,163.16
1.0,1,1.0,1.0,structural,gpt_oss_120b,9.860214640302662,19153,localstack/9,localstack,9,1,12,False,322129,18544,0.027472,231.41
1.0,1,1.0,1.0,structural,gpt_oss_120b,9.860214640302662,19153,localstack/9,localstack,9,2,7,False,162782,8003,0.010593,97.71
1.0,1,1.0,1.0,structural,gpt_oss_120b,9.860214640302662,19153,localstack/9,localstack,9,3,10,False,271062,11203,0.021824,143.77
1.0,1,1.0,1.0,structural,gpt_oss_120b,11.189312196300184,72353,pandas/26,pandas,26,1,10,False,673054,4070,0.040138,160.68
1.0,1,1.0,1.0,structural,gpt_oss_120b,11.189312196300184,72353,pandas/26,pandas,26,2,14,False,1012471,11280,0.050538,357.78
0.5,0,0.5,0.5,structural,gpt_oss_120b,11.189312196300184,72353,pandas/26,pandas,26,3,8,False,601719,6766,0.031583,188.43
0.0,0,0.0,0.0,structural,gpt_oss_120b,11.270446177349276,78468,pandas/35,pandas,35,1,3,False,280644,6344,0.035889,195.38
0.0,0,0.0,0.0,structural,gpt_oss_120b,11.270446177349276,78468,pandas/35,pandas,35,2,8,False,639852,8842,0.053472,287.73
0.0,0,0.0,0.0,structural,gpt_oss_120b,11.270446177349276,78468,pandas/35,pandas,35,3,3,False,280805,5598,0.02645,157.84
0.6667,0,1.0,0.5,structural,gpt_oss_120b,12.08721590866289,177587,pandas/38,pandas,38,1,11,False,858816,6959,0.049778,240.0
0.6667,0,1.0,0.5,structural,gpt_oss_120b,12.08721590866289,177587,pandas/38,pandas,38,2,9,False,694967,4122,0.034181,167.31
0.6667,0,1.0,0.5,structural,gpt_oss_120b,12.08721590866289,177587,pandas/38,pandas,38,3,7,False,511180,3321,0.029713,129.29
0.0,0,0.0,0.0,structural,gpt_oss_120b,10.883015959814806,53264,pandas/44,pandas,44,1,3,False,153276,1064,0.016711,27.67
0.0,0,0.0,0.0,structural,gpt_oss_120b,10.883015959814806,53264,pandas/44,pandas,44,2,5,False,307448,2625,0.020438,70.96
0.0,0,0.0,0.0,structural,gpt_oss_120b,10.883015959814806,53264,pandas/44,pandas,44,3,6,False,361387,3024,0.028568,89.86
0.5,0,1.0,0.3333,structural,gpt_oss_120b,9.346705246496699,11461,requests/12,requests,12,1,17,False,114904,7004,0.010437,83.71
1.0,1,1.0,1.0,structural,gpt_oss_120b,9.346705246496699,11461,requests/12,requests,12,2,11,False,67473,4007,0.007222,42.55
0.8,0,1.0,0.6667,structural,gpt_oss_120b,9.346705246496699,11461,requests/12,requests,12,3,23,False,158939,7606,0.010223,101.19
1.0,1,1.0,1.0,structural,gpt_oss_120b,9.348274558065496,11479,requests/13,requests,13,1,5,False,28535,1238,0.002794,17.99
1.0,1,1.0,1.0,structural,gpt_oss_120b,9.348274558065496,11479,requests/13,requests,13,2,19,False,122221,9809,0.008876,95.64
1.0,1,1.0,1.0,structural,gpt_oss_120b,9.348274558065496,11479,requests/13,requests,13,3,9,False,62926,3631,0.005809,37.12
1.0,1,1.0,1.0,structural,gpt_oss_120b,7.958576903813898,2860,requests/7,requests,7,1,10,False,65960,5410,0.00762,58.36
1.0,1,1.0,1.0,structural,gpt_oss_120b,7.958576903813898,2860,requests/7,requests,7,2,7,False,45217,4161,0.006016,38.26
1.0,1,1.0,1.0,structural,gpt_oss_120b,7.958576903813898,2860,requests/7,requests,7,3,15,False,114247,9434,0.011696,116.0
1.0,1,1.0,1.0,structural,gpt_oss_120b,10.031000872835088,22720,rich/1,rich,1,1,8,False,157747,3647,0.012415,59.8
1.0,1,1.0,1.0,structural,gpt_oss_120b,10.031000872835088,22720,rich/1,rich,1,2,14,False,266919,6935,0.0168,94.06
1.0,1,1.0,1.0,structural,gpt_oss_120b,10.031000872835088,22720,rich/1,rich,1,3,9,False,160882,2828,0.009375,57.78
0.4,0,1.0,0.25,structural,gpt_oss_120b,10.051648903516648,23194,rich/12,rich,12,1,6,False,110401,3277,0.011384,48.98
0.0,0,0.0,0.0,structural,gpt_oss_120b,10.051648903516648,23194,rich/12,rich,12,2,9,False,202132,7080,0.011214,84.68
0.0,0,0.0,0.0,structural,gpt_oss_120b,10.051648903516648,23194,rich/12,rich,12,3,10,False,199015,3346,0.010397,64.03
1.0,1,1.0,1.0,structural,gpt_oss_120b,10.039939675671627,22924,rich/8,rich,8,1,8,False,178708,3140,0.013357,94.67
1.0,1,1.0,1.0,structural,gpt_oss_120b,10.039939675671627,22924,rich/8,rich,8,2,7,False,153653,2368,0.015512,50.02
1.0,1,1.0,1.0,structural,gpt_oss_120b,10.039939675671627,22924,rich/8,rich,8,3,7,False,152699,3042,0.010432,52.05
0.6667,0,1.0,0.5,structural,gpt_oss_120b,11.620954417182327,111408,scikit-learn/45,scikit-learn,45,1,8,False,517374,3687,0.045338,136.44
0.6667,0,1.0,0.5,structural,gpt_oss_120b,11.620954417182327,111408,scikit-learn/45,scikit-learn,45,2,21,False,1375831,6035,0.059996,229.56
0.6667,0,1.0,0.5,structural,gpt_oss_120b,11.620954417182327,111408,scikit-learn/45,scikit-learn,45,3,27,False,1833613,6214,0.049796,219.59
1.0,1,1.0,1.0,structural,gpt_oss_120b,11.55076060327325,103856,scikit-learn/49,scikit-learn,49,1,7,False,527518,5249,0.039814,158.79
1.0,1,1.0,1.0,structural,gpt_oss_120b,11.55076060327325,103856,scikit-learn/49,scikit-learn,49,2,10,False,753324,5886,0.052722,190.6
1.0,1,1.0,1.0,structural,gpt_oss_120b,11.55076060327325,103856,scikit-learn/49,scikit-learn,49,3,6,False,382866,4119,0.025522,122.57
1.0,1,1.0,1.0,structural,gpt_oss_120b,11.525654110946952,101281,scikit-learn/5,scikit-learn,5,1,13,False,819729,16626,0.048778,447.36
1.0,1,1.0,1.0,structural,gpt_oss_120b,11.525654110946952,101281,scikit-learn/5,scikit-learn,5,2,11,False,702289,11029,0.052568,362.67
1.0,1,1.0,1.0,structural,gpt_oss_120b,11.525654110946952,101281,scikit-learn/5,scikit-learn,5,3,21,False,1378352,27248,0.065958,774.4
1.0,1,1.0,1.0,structural,gpt_oss_120b,9.796458979777604,17970,scrapy/20,scrapy,20,1,13,False,374457,6379,0.021879,119.78
1.0,1,1.0,1.0,structural,gpt_oss_120b,9.796458979777604,17970,scrapy/20,scrapy,20,2,12,False,343202,4569,0.016625,83.6
1.0,1,1.0,1.0,structural,gpt_oss_120b,9.796458979777604,17970,scrapy/20,scrapy,20,3,8,False,218772,1823,0.012551,45.1
1.0,1,1.0,1.0,structural,gpt_oss_120b,9.655026193237628,15600,scrapy/26,scrapy,26,1,20,False,665203,7726,0.036063,180.79
1.0,1,1.0,1.0,structural,gpt_oss_120b,9.655026193237628,15600,scrapy/26,scrapy,26,2,10,False,291035,1649,0.013541,42.6
1.0,1,1.0,1.0,structural,gpt_oss_120b,9.655026193237628,15600,scrapy/26,scrapy,26,3,8,False,232968,4475,0.014092,73.84
0.0,0,0.0,0.0,structural,gpt_oss_120b,9.73477299914839,16895,scrapy/48,scrapy,48,1,6,False,143275,4843,0.013649,51.21
0.5,0,0.5,0.5,structural,gpt_oss_120b,9.73477299914839,16895,scrapy/48,scrapy,48,2,2,False,56529,3819,0.008192,47.17
0.6667,0,1.0,0.5,structural,gpt_oss_120b,9.73477299914839,16895,scrapy/48,scrapy,48,3,17,False,397262,9077,0.021791,146.61
1.0,1,1.0,1.0,structural,gpt_oss_120b,9.961803629358965,21201,stable-diffusion-webui/0,stable-diffusion-webui,0,1,4,False,180973,828,0.019486,29.25
1.0,1,1.0,1.0,structural,gpt_oss_120b,9.961803629358965,21201,stable-diffusion-webui/0,stable-diffusion-webui,0,2,4,False,186412,1146,0.023719,43.58
1.0,1,1.0,1.0,structural,gpt_oss_120b,9.961803629358965,21201,stable-diffusion-webui/0,stable-diffusion-webui,0,3,3,False,110005,488,0.006947,16.68
1.0,1,1.0,1.0,structural,gpt_oss_120b,9.908425341565751,20099,stable-diffusion-webui/13,stable-diffusion-webui,13,1,17,False,584459,4103,0.026826,106.02
1.0,1,1.0,1.0,structural,gpt_oss_120b,9.908425341565751,20099,stable-diffusion-webui/13,stable-diffusion-webui,13,2,10,False,317060,1962,0.010482,49.73
1.0,1,1.0,1.0,structural,gpt_oss_120b,9.908425341565751,20099,stable-diffusion-webui/13,stable-diffusion-webui,13,3,16,False,587364,3955,0.023076,109.18
0.0,0,0.0,0.0,structural,gpt_oss_120b,10.028797743501574,22670,stable-diffusion-webui/5,stable-diffusion-webui,5,1,13,False,361703,4002,0.012094,60.04
0.6667,0,1.0,0.5,structural,gpt_oss_120b,10.028797743501574,22670,stable-diffusion-webui/5,stable-diffusion-webui,5,2,13,False,413626,3136,0.013188,82.86
0.0,0,0.0,0.0,structural,gpt_oss_120b,10.028797743501574,22670,stable-diffusion-webui/5,stable-diffusion-webui,5,3,15,False,513802,8916,0.019717,144.58
0.0,0,0.0,0.0,structural,gpt_oss_120b,8.483636407887394,4835,thefuck/10,thefuck,10,1,7,False,63629,3158,0.005455,47.25
0.0,0,0.0,0.0,structural,gpt_oss_120b,8.483636407887394,4835,thefuck/10,thefuck,10,2,8,False,82686,3872,0.00529,34.77
0.0,0,0.0,0.0,structural,gpt_oss_120b,8.483636407887394,4835,thefuck/10,thefuck,10,3,9,False,96416,4293,0.006227,43.62
0.0,0,0.0,0.0,structural,gpt_oss_120b,8.270781013162674,3908,thefuck/20,thefuck,20,1,9,False,86425,3926,0.006834,46.44
0.0,0,0.0,0.0,structural,gpt_oss_120b,8.270781013162674,3908,thefuck/20,thefuck,20,2,12,False,109984,3941,0.007829,49.83
0.0,0,0.0,0.0,structural,gpt_oss_120b,8.270781013162674,3908,thefuck/20,thefuck,20,3,12,False,121592,7951,0.011279,91.19
1.0,1,1.0,1.0,structural,gpt_oss_120b,7.822845290279774,2497,thefuck/5,thefuck,5,1,6,False,45171,3858,0.005274,41.28
1.0,1,1.0,1.0,structural,gpt_oss_120b,7.822845290279774,2497,thefuck/5,thefuck,5,2,2,False,13709,2556,0.002364,19.15
1.0,1,1.0,1.0,structural,gpt_oss_120b,7.822845290279774,2497,thefuck/5,thefuck,5,3,7,False,48701,2015,0.004368,24.5
1.0,1,1.0,1.0,structural,gpt_oss_120b,12.430331574579306,250279,transformers/25,transformers,25,1,4,False,339814,1353,0.033466,66.94
1.0,1,1.0,1.0,structural,gpt_oss_120b,12.430331574579306,250279,transformers/25,transformers,25,2,6,False,413196,2242,0.026344,81.09
1.0,1,1.0,1.0,structural,gpt_oss_120b,12.430331574579306,250279,transformers/25,transformers,25,3,11,False,790803,4735,0.034653,164.16
0.1538,0,1.0,0.0833,structural,gpt_oss_120b,12.407424472605875,244611,transformers/27,transformers,27,1,4,False,352031,1979,0.035488,72.17
0.1429,0,0.5,0.0833,structural,gpt_oss_120b,12.407424472605875,244611,transformers/27,transformers,27,2,8,False,629967,6388,0.042716,199.37
0.1429,0,0.5,0.0833,structural,gpt_oss_120b,12.407424472605875,244611,transformers/27,transformers,27,3,12,False,868915,5729,0.046511,213.33
0.75,0,1.0,0.6,structural,gpt_oss_120b,11.587420505060633,107734,transformers/5,transformers,5,1,8,False,610888,4720,0.040907,165.49
0.8889,0,1.0,0.8,structural,gpt_oss_120b,11.587420505060633,107734,transformers/5,transformers,5,2,5,False,410561,2236,0.018407,83.26
0.8889,0,1.0,0.8,structural,gpt_oss_120b,11.587420505060633,107734,transformers/5,transformers,5,3,7,False,540914,6113,0.040689,207.32
1.0,1,1.0,1.0,structural,gpt_oss_120b,12.095096391086711,178992,yt-dlp/23,yt-dlp,23,1,20,False,1574784,11741,0.064044,440.94
1.0,1,1.0,1.0,structural,gpt_oss_120b,12.095096391086711,178992,yt-dlp/23,yt-dlp,23,2,11,False,899361,9023,0.030094,277.22
1.0,1,1.0,1.0,structural,gpt_oss_120b,12.095096391086711,178992,yt-dlp/23,yt-dlp,23,3,9,False,662731,4737,0.032879,166.01
0.0,0,0.0,0.0,structural,gpt_oss_120b,12.1489730534896,188900,yt-dlp/41,yt-dlp,41,1,6,False,538073,4789,0.043085,192.93
0.0,0,0.0,0.0,structural,gpt_oss_120b,12.1489730534896,188900,yt-dlp/41,yt-dlp,41,2,3,False,298639,5138,0.018202,151.0
0.0,0,0.0,0.0,structural,gpt_oss_120b,12.1489730534896,188900,yt-dlp/41,yt-dlp,41,3,5,False,455047,2825,0.029753,121.15
0.6667,0,1.0,0.5,structural,gpt_oss_120b,12.198660241414718,198523,yt-dlp/45,yt-dlp,45,1,3,False,289815,3341,0.026202,115.25
0.6667,0,1.0,0.5,structural,gpt_oss_120b,12.198660241414718,198523,yt-dlp/45,yt-dlp,45,2,3,False,307610,2118,0.017642,84.51
0.5,0,0.5,0.5,structural,gpt_oss_120b,12.198660241414718,198523,yt-dlp/45,yt-dlp,45,3,5,False,467358,2866,0.031423,107.42
1.0,1,1.0,1.0,structural,deepseek_flash,12.068688124847148,174327,core/16,core,16,1,6,False,444302,3684,0.003524,45.95
1.0,1,1.0,1.0,structural,deepseek_flash,12.068688124847148,174327,core/16,core,16,2,11,False,868169,5473,0.005343,77.19
1.0,1,1.0,1.0,structural,deepseek_flash,12.068688124847148,174327,core/16,core,16,3,5,False,386339,4764,0.003702,56.17
1.0,1,1.0,1.0,structural,deepseek_flash,11.506545154005941,99364,core/20,core,20,1,9,False,707873,4465,0.014336,70.85
1.0,1,1.0,1.0,structural,deepseek_flash,11.506545154005941,99364,core/20,core,20,2,6,False,457686,2781,0.003477,43.38
1.0,1,1.0,1.0,structural,deepseek_flash,11.506545154005941,99364,core/20,core,20,3,7,False,536499,3205,0.003214,50.93
0.0,0,0.0,0.0,structural,deepseek_flash,8.579980179515003,5324,fastapi/17,fastapi,17,1,30,True,932384,28548,0.016983,375.03
0.0,0,0.0,0.0,structural,deepseek_flash,8.579980179515003,5324,fastapi/17,fastapi,17,2,30,True,1012666,29983,0.017561,383.12
0.0,0,0.0,0.0,structural,deepseek_flash,8.579980179515003,5324,fastapi/17,fastapi,17,3,30,True,814127,17976,0.013536,221.31
0.0,0,0.0,0.0,structural,deepseek_flash,8.518991573357617,5009,fastapi/20,fastapi,20,1,25,False,567880,8063,0.006193,126.64
0.0,0,0.0,0.0,structural,deepseek_flash,8.518991573357617,5009,fastapi/20,fastapi,20,2,30,True,442467,6807,0.005424,131.81
0.0,0,0.0,0.0,structural,deepseek_flash,8.518991573357617,5009,fastapi/20,fastapi,20,3,28,False,446276,8715,0.00686,150.16
0.5,0,1.0,0.3333,structural,deepseek_flash,8.482187582217422,4828,fastapi/9,fastapi,9,1,12,False,176803,5450,0.003642,73.42
0.5,0,1.0,0.3333,structural,deepseek_flash,8.482187582217422,4828,fastapi/9,fastapi,9,2,11,False,143808,3133,0.002518,53.26
0.5,0,1.0,0.3333,structural,deepseek_flash,8.482187582217422,4828,fastapi/9,fastapi,9,3,21,False,354140,9366,0.005067,120.32
1.0,1,1.0,1.0,structural,deepseek_flash,8.808369153122275,6690,flask/18,flask,18,1,5,False,41342,1989,0.001814,25.81
1.0,1,1.0,1.0,structural,deepseek_flash,8.808369153122275,6690,flask/18,flask,18,2,12,False,130590,4490,0.002417,65.95
0.6667,0,1.0,0.5,structural,deepseek_flash,8.808369153122275,6690,flask/18,flask,18,3,12,False,135098,4828,0.002493,60.97
1.0,1,1.0,1.0,structural,deepseek_flash,8.899457906353966,7328,flask/3,flask,3,1,12,False,137276,3729,0.003193,51.79
1.0,1,1.0,1.0,structural,deepseek_flash,8.899457906353966,7328,flask/3,flask,3,2,17,False,210514,5503,0.003143,76.67
0.0,0,0.0,0.0,structural,deepseek_flash,8.899457906353966,7328,flask/3,flask,3,3,30,True,554108,19488,0.010502,242.27
1.0,1,1.0,1.0,structural,deepseek_flash,8.827468112520654,6819,flask/6,flask,6,1,8,False,86417,4874,0.002979,58.35
1.0,1,1.0,1.0,structural,deepseek_flash,8.827468112520654,6819,flask/6,flask,6,2,10,False,89721,3123,0.001581,42.0
1.0,1,1.0,1.0,structural,deepseek_flash,8.827468112520654,6819,flask/6,flask,6,3,9,False,91841,6434,0.002594,65.66
0.5,1,0.3333,1.0,structural,deepseek_flash,8.341410211461865,4194,gpt-engineer/11,gpt-engineer,11,1,8,False,97357,3070,0.002987,44.44
0.5,1,0.3333,1.0,structural,deepseek_flash,8.341410211461865,4194,gpt-engineer/11,gpt-engineer,11,2,6,False,87746,4914,0.003404,56.54
0.5,1,0.3333,1.0,structural,deepseek_flash,8.341410211461865,4194,gpt-engineer/11,gpt-engineer,11,3,8,False,98724,2987,0.002505,46.63
0.6667,0,1.0,0.5,structural,deepseek_flash,8.029432840581244,3070,gpt-engineer/12,gpt-engineer,12,1,9,False,83766,4932,0.002922,53.99
0.6667,0,1.0,0.5,structural,deepseek_flash,8.029432840581244,3070,gpt-engineer/12,gpt-engineer,12,2,10,False,88508,4643,0.002487,59.43
0.6667,0,1.0,0.5,structural,deepseek_flash,8.029432840581244,3070,gpt-engineer/12,gpt-engineer,12,3,10,False,134044,5753,0.003799,58.4
0.6667,1,0.5,1.0,structural,deepseek_flash,8.36380888451688,4289,gpt-engineer/9,gpt-engineer,9,1,25,False,865077,20504,0.015125,257.72
0.6667,1,0.5,1.0,structural,deepseek_flash,8.36380888451688,4289,gpt-engineer/9,gpt-engineer,9,2,30,True,662275,29613,0.015292,319.85
0.6667,1,0.5,1.0,structural,deepseek_flash,8.36380888451688,4289,gpt-engineer/9,gpt-engineer,9,3,13,False,368946,22633,0.010169,217.57
0.0,0,0.0,0.0,structural,deepseek_flash,10.196231790580173,26802,keras/12,keras,12,1,10,False,297838,5272,0.004275,69.12
0.2857,0,0.5,0.2,structural,deepseek_flash,10.196231790580173,26802,keras/12,keras,12,2,10,False,302607,5866,0.003598,70.82
0.0,0,0.0,0.0,structural,deepseek_flash,10.196231790580173,26802,keras/12,keras,12,3,8,False,229656,2303,0.002204,41.86
1.0,1,1.0,1.0,structural,deepseek_flash,10.349134450277123,31230,keras/5,keras,5,1,30,True,1600702,39570,0.023086,408.89
0.0,0,0.0,0.0,structural,deepseek_flash,10.349134450277123,31230,keras/5,keras,5,2,30,True,1548971,24128,0.018896,269.43
0.0,0,0.0,0.0,structural,deepseek_flash,10.349134450277123,31230,keras/5,keras,5,3,30,True,1883517,36284,0.025812,396.18
1.0,1,1.0,1.0,structural,deepseek_flash,10.444153492313001,34343,keras/9,keras,9,1,6,False,228549,6078,0.004494,61.85
1.0,1,1.0,1.0,structural,deepseek_flash,10.444153492313001,34343,keras/9,keras,9,2,7,False,271239,6390,0.003761,78.58
1.0,1,1.0,1.0,structural,deepseek_flash,10.444153492313001,34343,keras/9,keras,9,3,6,False,233798,6452,0.003823,61.6
0.5455,0,0.75,0.4286,structural,deepseek_flash,9.61953186182516,15056,localstack/19,localstack,19,1,3,False,57275,1511,0.000802,18.25
0.25,0,1.0,0.1429,structural,deepseek_flash,9.61953186182516,15056,localstack/19,localstack,19,2,9,False,190764,3152,0.002195,51.85
0.25,0,1.0,0.1429,structural,deepseek_flash,9.61953186182516,15056,localstack/19,localstack,19,3,5,False,97933,1382,0.000944,26.04
1.0,1,1.0,1.0,structural,deepseek_flash,10.563155506021905,38683,localstack/2,localstack,2,1,30,False,1799116,10944,0.013205,201.51
1.0,1,1.0,1.0,structural,deepseek_flash,10.563155506021905,38683,localstack/2,localstack,2,2,21,False,1224752,7195,0.007453,104.54
0.6667,1,0.5,1.0,structural,deepseek_flash,10.563155506021905,38683,localstack/2,localstack,2,3,22,False,1243047,7004,0.007467,116.56
1.0,1,1.0,1.0,structural,deepseek_flash,9.860214640302662,19153,localstack/9,localstack,9,1,26,False,1058978,39086,0.01934,362.2
1.0,1,1.0,1.0,structural,deepseek_flash,9.860214640302662,19153,localstack/9,localstack,9,2,21,False,838043,19831,0.009922,178.45
1.0,1,1.0,1.0,structural,deepseek_flash,9.860214640302662,19153,localstack/9,localstack,9,3,30,True,1198790,40021,0.018506,370.3
0.0,0,0.0,0.0,structural,deepseek_flash,11.189312196300184,72353,pandas/26,pandas,26,1,30,True,2271935,4108,0.009856,119.36
0.0,0,0.0,0.0,structural,deepseek_flash,11.189312196300184,72353,pandas/26,pandas,26,2,30,True,2307886,4094,0.009915,138.8
0.0,0,0.0,0.0,structural,deepseek_flash,11.189312196300184,72353,pandas/26,pandas,26,3,30,True,2267260,4028,0.009337,136.09
0.0,0,0.0,0.0,structural,deepseek_flash,11.270446177349276,78468,pandas/35,pandas,35,1,30,True,2604373,11345,0.015099,201.48
0.0,0,0.0,0.0,structural,deepseek_flash,11.270446177349276,78468,pandas/35,pandas,35,2,30,True,2679786,17100,0.017171,250.36
0.0,0,0.0,0.0,structural,deepseek_flash,11.270446177349276,78468,pandas/35,pandas,35,3,30,True,2620819,11653,0.014977,190.66
0.5,0,0.5,0.5,structural,deepseek_flash,12.08721590866289,177587,pandas/38,pandas,38,1,30,False,2693259,13299,0.017606,200.3
0.6667,0,1.0,0.5,structural,deepseek_flash,12.08721590866289,177587,pandas/38,pandas,38,2,30,True,2828170,15346,0.017696,245.39
0.6667,0,1.0,0.5,structural,deepseek_flash,12.08721590866289,177587,pandas/38,pandas,38,3,30,True,2568445,10030,0.013723,161.56
0.5,0,0.5,0.5,structural,deepseek_flash,10.883015959814806,53264,pandas/44,pandas,44,1,30,True,1917356,15821,0.020183,250.45
0.0,0,0.0,0.0,structural,deepseek_flash,10.883015959814806,53264,pandas/44,pandas,44,2,12,False,691574,4322,0.004585,72.99
0.5,0,0.5,0.5,structural,deepseek_flash,10.883015959814806,53264,pandas/44,pandas,44,3,30,True,1884985,14932,0.012364,206.44
1.0,1,1.0,1.0,structural,deepseek_flash,9.346705246496699,11461,requests/12,requests,12,1,11,False,98507,3873,0.002705,49.13
1.0,1,1.0,1.0,structural,deepseek_flash,9.346705246496699,11461,requests/12,requests,12,2,7,False,71041,2963,0.002276,36.13
0.8,0,1.0,0.6667,structural,deepseek_flash,9.346705246496699,11461,requests/12,requests,12,3,4,False,39086,3801,0.002322,44.98
1.0,1,1.0,1.0,structural,deepseek_flash,9.348274558065496,11479,requests/13,requests,13,1,3,False,39230,5211,0.003738,55.65
1.0,1,1.0,1.0,structural,deepseek_flash,9.348274558065496,11479,requests/13,requests,13,2,6,False,112516,12720,0.005791,114.82
1.0,1,1.0,1.0,structural,deepseek_flash,9.348274558065496,11479,requests/13,requests,13,3,7,False,95798,6352,0.003529,65.67
1.0,1,1.0,1.0,structural,deepseek_flash,7.958576903813898,2860,requests/7,requests,7,1,6,False,37838,3474,0.001862,50.23
1.0,1,1.0,1.0,structural,deepseek_flash,7.958576903813898,2860,requests/7,requests,7,2,4,False,23144,2729,0.001054,37.46
1.0,1,1.0,1.0,structural,deepseek_flash,7.958576903813898,2860,requests/7,requests,7,3,8,False,81652,10433,0.003464,104.57
1.0,1,1.0,1.0,structural,deepseek_flash,10.031000872835088,22720,rich/1,rich,1,1,5,False,91762,2295,0.002039,32.0
1.0,1,1.0,1.0,structural,deepseek_flash,10.031000872835088,22720,rich/1,rich,1,2,6,False,109044,1888,0.001148,34.61
1.0,1,1.0,1.0,structural,deepseek_flash,10.031000872835088,22720,rich/1,rich,1,3,4,False,71995,1354,0.000852,24.24
0.4,0,1.0,0.25,structural,deepseek_flash,10.051648903516648,23194,rich/12,rich,12,1,16,False,552608,9803,0.007721,117.69
0.4,0,1.0,0.25,structural,deepseek_flash,10.051648903516648,23194,rich/12,rich,12,2,25,False,920353,19829,0.010698,235.75
0.4,0,1.0,0.25,structural,deepseek_flash,10.051648903516648,23194,rich/12,rich,12,3,13,False,431272,11919,0.006956,135.0
1.0,1,1.0,1.0,structural,deepseek_flash,10.039939675671627,22924,rich/8,rich,8,1,4,False,87665,1892,0.002459,25.97
1.0,1,1.0,1.0,structural,deepseek_flash,10.039939675671627,22924,rich/8,rich,8,2,5,False,111264,2009,0.001809,31.41
1.0,1,1.0,1.0,structural,deepseek_flash,10.039939675671627,22924,rich/8,rich,8,3,6,False,130727,1417,0.001716,27.99
0.6667,0,1.0,0.5,structural,deepseek_flash,11.620954417182327,111408,scikit-learn/45,scikit-learn,45,1,13,False,920776,2233,0.004126,59.48
0.6667,0,1.0,0.5,structural,deepseek_flash,11.620954417182327,111408,scikit-learn/45,scikit-learn,45,2,13,False,917947,1984,0.003766,54.09
0.6667,0,1.0,0.5,structural,deepseek_flash,11.620954417182327,111408,scikit-learn/45,scikit-learn,45,3,6,False,408983,1016,0.001661,30.13
1.0,1,1.0,1.0,structural,deepseek_flash,11.55076060327325,103856,scikit-learn/49,scikit-learn,49,1,21,False,1591841,5041,0.009245,97.45
1.0,1,1.0,1.0,structural,deepseek_flash,11.55076060327325,103856,scikit-learn/49,scikit-learn,49,2,7,False,493295,2792,0.003811,48.19
1.0,1,1.0,1.0,structural,deepseek_flash,11.55076060327325,103856,scikit-learn/49,scikit-learn,49,3,10,False,722700,2298,0.00446,55.77
1.0,1,1.0,1.0,structural,deepseek_flash,11.525654110946952,101281,scikit-learn/5,scikit-learn,5,1,20,False,1515441,29820,0.014619,370.56
1.0,1,1.0,1.0,structural,deepseek_flash,11.525654110946952,101281,scikit-learn/5,scikit-learn,5,2,12,False,852924,13802,0.007332,158.13
1.0,1,1.0,1.0,structural,deepseek_flash,11.525654110946952,101281,scikit-learn/5,scikit-learn,5,3,14,False,1133513,26342,0.012228,301.65
1.0,1,1.0,1.0,structural,deepseek_flash,9.796458979777604,17970,scrapy/20,scrapy,20,1,4,False,113993,699,0.001965,18.46
1.0,1,1.0,1.0,structural,deepseek_flash,9.796458979777604,17970,scrapy/20,scrapy,20,2,3,False,81098,859,0.001005,14.52
1.0,1,1.0,1.0,structural,deepseek_flash,9.796458979777604,17970,scrapy/20,scrapy,20,3,5,False,151436,1052,0.00216,22.12
0.6667,1,0.5,1.0,structural,deepseek_flash,9.655026193237628,15600,scrapy/26,scrapy,26,1,8,False,251797,1912,0.003368,32.07
0.6667,1,0.5,1.0,structural,deepseek_flash,9.655026193237628,15600,scrapy/26,scrapy,26,2,9,False,276637,2331,0.00259,45.33
0.6667,1,0.5,1.0,structural,deepseek_flash,9.655026193237628,15600,scrapy/26,scrapy,26,3,6,False,187238,2458,0.002579,35.82
0.0,0,0.0,0.0,structural,deepseek_flash,9.73477299914839,16895,scrapy/48,scrapy,48,1,26,False,681069,5433,0.006885,97.57
0.6667,0,1.0,0.5,structural,deepseek_flash,9.73477299914839,16895,scrapy/48,scrapy,48,2,11,False,266244,2875,0.002271,55.09
0.0,0,0.0,0.0,structural,deepseek_flash,9.73477299914839,16895,scrapy/48,scrapy,48,3,16,False,407681,3548,0.003241,68.0
1.0,1,1.0,1.0,structural,deepseek_flash,9.961803629358965,21201,stable-diffusion-webui/0,stable-diffusion-webui,0,1,11,False,478100,4274,0.005717,66.97
1.0,1,1.0,1.0,structural,deepseek_flash,9.961803629358965,21201,stable-diffusion-webui/0,stable-diffusion-webui,0,2,11,False,467821,2423,0.004181,43.71
1.0,1,1.0,1.0,structural,deepseek_flash,9.961803629358965,21201,stable-diffusion-webui/0,stable-diffusion-webui,0,3,7,False,297362,1999,0.003783,33.25
1.0,1,1.0,1.0,structural,deepseek_flash,9.908425341565751,20099,stable-diffusion-webui/13,stable-diffusion-webui,13,1,27,False,1339602,19633,0.015582,228.12
1.0,1,1.0,1.0,structural,deepseek_flash,9.908425341565751,20099,stable-diffusion-webui/13,stable-diffusion-webui,13,2,14,False,620101,9412,0.007384,107.9
1.0,1,1.0,1.0,structural,deepseek_flash,9.908425341565751,20099,stable-diffusion-webui/13,stable-diffusion-webui,13,3,17,False,788749,10300,0.008343,113.92
0.6667,0,1.0,0.5,structural,deepseek_flash,10.028797743501574,22670,stable-diffusion-webui/5,stable-diffusion-webui,5,1,12,False,486341,16619,0.009256,146.7
0.6667,0,1.0,0.5,structural,deepseek_flash,10.028797743501574,22670,stable-diffusion-webui/5,stable-diffusion-webui,5,2,17,False,924210,27294,0.017859,230.5
0.6667,0,1.0,0.5,structural,deepseek_flash,10.028797743501574,22670,stable-diffusion-webui/5,stable-diffusion-webui,5,3,10,False,367493,8623,0.005042,77.87
0.1538,0,0.1,0.3333,structural,deepseek_flash,8.483636407887394,4835,thefuck/10,thefuck,10,1,30,True,979135,25141,0.018483,236.28
0.5,0,1.0,0.3333,structural,deepseek_flash,8.483636407887394,4835,thefuck/10,thefuck,10,2,15,False,434116,18368,0.011707,154.04
0.5,0,1.0,0.3333,structural,deepseek_flash,8.483636407887394,4835,thefuck/10,thefuck,10,3,30,False,863869,33071,0.018668,307.11
0.0,0,0.0,0.0,structural,deepseek_flash,8.270781013162674,3908,thefuck/20,thefuck,20,1,5,False,52144,3386,0.002453,36.82
0.0,0,0.0,0.0,structural,deepseek_flash,8.270781013162674,3908,thefuck/20,thefuck,20,2,5,False,51269,2425,0.001306,26.75
0.0,0,0.0,0.0,structural,deepseek_flash,8.270781013162674,3908,thefuck/20,thefuck,20,3,8,False,84633,3303,0.001692,39.18
1.0,1,1.0,1.0,structural,deepseek_flash,7.822845290279774,2497,thefuck/5,thefuck,5,1,11,False,97035,2247,0.002483,36.58
1.0,1,1.0,1.0,structural,deepseek_flash,7.822845290279774,2497,thefuck/5,thefuck,5,2,5,False,35344,1490,0.00094,20.72
1.0,1,1.0,1.0,structural,deepseek_flash,7.822845290279774,2497,thefuck/5,thefuck,5,3,4,False,32147,2615,0.001475,27.82
1.0,1,1.0,1.0,structural,deepseek_flash,12.430331574579306,250279,transformers/25,transformers,25,1,10,False,766068,4305,0.004859,77.59
1.0,1,1.0,1.0,structural,deepseek_flash,12.430331574579306,250279,transformers/25,transformers,25,2,5,False,371840,2581,0.002203,38.48
1.0,1,1.0,1.0,structural,deepseek_flash,12.430331574579306,250279,transformers/25,transformers,25,3,5,False,372815,2312,0.002159,37.66
0.1538,0,1.0,0.0833,structural,deepseek_flash,12.407424472605875,244611,transformers/27,transformers,27,1,6,False,457546,2016,0.003594,42.25
0.1538,0,1.0,0.0833,structural,deepseek_flash,12.407424472605875,244611,transformers/27,transformers,27,2,5,False,378283,1430,0.002484,30.05
0.1538,0,1.0,0.0833,structural,deepseek_flash,12.407424472605875,244611,transformers/27,transformers,27,3,2,False,145407,604,0.001103,13.52
0.8889,0,1.0,0.8,structural,deepseek_flash,11.587420505060633,107734,transformers/5,transformers,5,1,18,False,1737700,5452,0.01199,89.29
0.8889,0,1.0,0.8,structural,deepseek_flash,11.587420505060633,107734,transformers/5,transformers,5,2,24,False,1972659,6114,0.010456,130.83
0.8889,0,1.0,0.8,structural,deepseek_flash,11.587420505060633,107734,transformers/5,transformers,5,3,13,False,1127541,3963,0.00776,72.72
1.0,1,1.0,1.0,structural,deepseek_flash,12.095096391086711,178992,yt-dlp/23,yt-dlp,23,1,21,False,1871270,8932,0.010784,148.4
1.0,1,1.0,1.0,structural,deepseek_flash,12.095096391086711,178992,yt-dlp/23,yt-dlp,23,2,27,False,2374463,21068,0.015401,271.61
1.0,1,1.0,1.0,structural,deepseek_flash,12.095096391086711,178992,yt-dlp/23,yt-dlp,23,3,9,False,726885,3521,0.003737,66.87
0.0,0,0.0,0.0,structural,deepseek_flash,12.1489730534896,188900,yt-dlp/41,yt-dlp,41,1,29,False,2566116,9361,0.015633,190.7
0.0,0,0.0,0.0,structural,deepseek_flash,12.1489730534896,188900,yt-dlp/41,yt-dlp,41,2,8,False,673840,3674,0.004292,61.63
0.0,0,0.0,0.0,structural,deepseek_flash,12.1489730534896,188900,yt-dlp/41,yt-dlp,41,3,10,False,875886,7845,0.006526,97.74
0.6667,0,1.0,0.5,structural,deepseek_flash,12.198660241414718,198523,yt-dlp/45,yt-dlp,45,1,23,False,2002724,5565,0.009998,153.59
0.6667,0,1.0,0.5,structural,deepseek_flash,12.198660241414718,198523,yt-dlp/45,yt-dlp,45,2,11,False,895018,2478,0.004207,48.55
0.6667,0,1.0,0.5,structural,deepseek_flash,12.198660241414718,198523,yt-dlp/45,yt-dlp,45,3,12,False,982987,3321,0.004799,76.33
1.0,1,1.0,1.0,structural,nemotron_super,12.068688124847148,174327,core/16,core,16,1,4,False,317188,11229,0.031453,141.59
1.0,1,1.0,1.0,structural,nemotron_super,12.068688124847148,174327,core/16,core,16,2,2,False,157633,5529,0.01561,113.63
1.0,1,1.0,1.0,structural,nemotron_super,12.068688124847148,174327,core/16,core,16,3,2,False,157633,9350,0.017139,95.8
1.0,1,1.0,1.0,structural,nemotron_super,11.506545154005941,99364,core/20,core,20,1,5,False,504629,13061,0.048118,258.71
1.0,1,1.0,1.0,structural,nemotron_super,11.506545154005941,99364,core/20,core,20,2,2,False,162514,4628,0.015665,94.92
1.0,1,1.0,1.0,structural,nemotron_super,11.506545154005941,99364,core/20,core,20,3,2,False,162514,7283,0.016727,144.59
0.0,0,0.0,0.0,structural,nemotron_super,8.579980179515003,5324,fastapi/17,fastapi,17,1,15,False,185250,19637,0.023601,245.72
0.0,0,0.0,0.0,structural,nemotron_super,8.579980179515003,5324,fastapi/17,fastapi,17,2,5,False,76510,8425,0.009873,170.16
0.0,0,0.0,0.0,structural,nemotron_super,8.579980179515003,5324,fastapi/17,fastapi,17,3,9,False,204790,42475,0.034397,781.27
0.0,0,0.0,0.0,structural,nemotron_super,8.518991573357617,5009,fastapi/20,fastapi,20,1,6,False,63734,15888,0.011773,314.7
0.0,0,0.0,0.0,structural,nemotron_super,8.518991573357617,5009,fastapi/20,fastapi,20,2,1,False,8717,3365,0.002087,38.41
0.0,0,0.0,0.0,structural,nemotron_super,8.518991573357617,5009,fastapi/20,fastapi,20,3,5,False,73945,13638,0.011741,238.63
0.5,0,1.0,0.3333,structural,nemotron_super,8.482187582217422,4828,fastapi/9,fastapi,9,1,8,False,80696,21242,0.015356,252.52
0.5,0,1.0,0.3333,structural,nemotron_super,8.482187582217422,4828,fastapi/9,fastapi,9,2,3,False,36163,12757,0.008177,236.58
0.0,0,0.0,0.0,structural,nemotron_super,8.482187582217422,4828,fastapi/9,fastapi,9,3,4,False,80601,20610,0.015095,524.91
1.0,1,1.0,1.0,structural,nemotron_super,8.808369153122275,6690,flask/18,flask,18,1,9,False,88383,19597,0.015351,509.96
1.0,1,1.0,1.0,structural,nemotron_super,8.808369153122275,6690,flask/18,flask,18,2,9,False,77823,15126,0.012665,128.89
1.0,1,1.0,1.0,structural,nemotron_super,8.808369153122275,6690,flask/18,flask,18,3,5,False,40701,7857,0.006602,147.74
1.0,1,1.0,1.0,structural,nemotron_super,8.899457906353966,7328,flask/3,flask,3,1,10,False,91913,24111,0.017457,327.0
1.0,1,1.0,1.0,structural,nemotron_super,8.899457906353966,7328,flask/3,flask,3,2,12,False,109301,32441,0.022267,330.5
1.0,1,1.0,1.0,structural,nemotron_super,8.899457906353966,7328,flask/3,flask,3,3,11,False,100426,20949,0.016916,329.03
1.0,1,1.0,1.0,structural,nemotron_super,8.827468112520654,6819,flask/6,flask,6,1,5,False,83418,7577,0.010121,138.13
0.0,0,0.0,0.0,structural,nemotron_super,8.827468112520654,6819,flask/6,flask,6,2,4,False,60619,14623,0.011002,184.77
1.0,1,1.0,1.0,structural,nemotron_super,8.827468112520654,6819,flask/6,flask,6,3,2,False,22375,10486,0.006096,150.96
0.0,0,0.0,0.0,structural,nemotron_super,8.341410211461865,4194,gpt-engineer/11,gpt-engineer,11,1,3,False,18846,7226,0.004492,105.79
0.0,0,0.0,0.0,structural,nemotron_super,8.341410211461865,4194,gpt-engineer/11,gpt-engineer,11,2,6,False,42820,13220,0.008928,161.07
0.0,0,0.0,0.0,structural,nemotron_super,8.341410211461865,4194,gpt-engineer/11,gpt-engineer,11,3,9,False,71404,34782,0.019982,599.84
0.4,0,1.0,0.25,structural,nemotron_super,8.029432840581244,3070,gpt-engineer/12,gpt-engineer,12,1,3,False,16131,6526,0.003982,82.84
0.4,0,1.0,0.25,structural,nemotron_super,8.029432840581244,3070,gpt-engineer/12,gpt-engineer,12,2,9,False,70249,13945,0.011549,226.6
0.0,0,0.0,0.0,structural,nemotron_super,8.029432840581244,3070,gpt-engineer/12,gpt-engineer,12,3,8,False,82227,14743,0.012886,304.97
0.0,0,0.0,0.0,structural,nemotron_super,8.36380888451688,4289,gpt-engineer/9,gpt-engineer,9,1,5,False,38201,19274,0.010957,373.63
1.0,1,1.0,1.0,structural,nemotron_super,8.36380888451688,4289,gpt-engineer/9,gpt-engineer,9,2,4,False,39129,12518,0.008333,127.39
0.0,0,0.0,0.0,structural,nemotron_super,8.36380888451688,4289,gpt-engineer/9,gpt-engineer,9,3,4,False,37921,15932,0.009596,163.76
0.0,0,0.0,0.0,structural,nemotron_super,10.196231790580173,26802,keras/12,keras,12,1,3,False,81996,3218,0.008257,61.97
0.0,0,0.0,0.0,structural,nemotron_super,10.196231790580173,26802,keras/12,keras,12,2,3,False,80737,10192,0.010939,190.56
0.0,0,0.0,0.0,structural,nemotron_super,10.196231790580173,26802,keras/12,keras,12,3,2,False,54028,7978,0.007784,84.84
0.0,0,0.0,0.0,structural,nemotron_super,10.349134450277123,31230,keras/5,keras,5,1,13,False,443491,22232,0.04659,383.55
1.0,1,1.0,1.0,structural,nemotron_super,10.349134450277123,31230,keras/5,keras,5,2,6,False,188718,29708,0.027924,400.35
0.0,0,0.0,0.0,structural,nemotron_super,10.349134450277123,31230,keras/5,keras,5,3,8,False,374201,35422,0.045976,818.62
1.0,1,1.0,1.0,structural,nemotron_super,10.444153492313001,34343,keras/9,keras,9,1,2,False,70859,8284,0.009337,310.11
1.0,1,1.0,1.0,structural,nemotron_super,10.444153492313001,34343,keras/9,keras,9,2,4,False,175315,13682,0.020375,177.34
1.0,1,1.0,1.0,structural,nemotron_super,10.444153492313001,34343,keras/9,keras,9,3,7,False,244430,19598,0.028616,166.68
0.0,0,0.0,0.0,structural,nemotron_super,9.61953186182516,15056,localstack/19,localstack,19,1,6,False,120098,1764,0.010914,26.51
0.0,0,0.0,0.0,structural,nemotron_super,9.61953186182516,15056,localstack/19,localstack,19,2,11,False,223587,5225,0.021095,114.5
0.0,0,0.0,0.0,structural,nemotron_super,9.61953186182516,15056,localstack/19,localstack,19,3,10,False,210798,7278,0.020829,124.58
1.0,1,1.0,1.0,structural,nemotron_super,10.563155506021905,38683,localstack/2,localstack,2,1,8,False,450609,9833,0.042235,167.56
1.0,1,1.0,1.0,structural,nemotron_super,10.563155506021905,38683,localstack/2,localstack,2,2,3,False,166159,13496,0.019522,149.02
1.0,1,1.0,1.0,structural,nemotron_super,10.563155506021905,38683,localstack/2,localstack,2,3,7,False,391390,11798,0.037987,311.27
1.0,1,1.0,1.0,structural,nemotron_super,9.860214640302662,19153,localstack/9,localstack,9,1,7,False,191886,13895,0.021868,222.2
1.0,1,1.0,1.0,structural,nemotron_super,9.860214640302662,19153,localstack/9,localstack,9,2,11,False,313349,21233,0.035128,350.07
1.0,1,1.0,1.0,structural,nemotron_super,9.860214640302662,19153,localstack/9,localstack,9,3,3,False,98788,11816,0.013123,241.76
0.6667,0,1.0,0.5,structural,nemotron_super,11.189312196300184,72353,pandas/26,pandas,26,1,27,False,2585638,13957,0.225362,314.26
0.6667,0,1.0,0.5,structural,nemotron_super,11.189312196300184,72353,pandas/26,pandas,26,2,4,False,308761,6364,0.02879,100.58
1.0,1,1.0,1.0,structural,nemotron_super,11.189312196300184,72353,pandas/26,pandas,26,3,8,False,703687,9455,0.063595,226.88
0.0,0,0.0,0.0,structural,nemotron_super,11.270446177349276,78468,pandas/35,pandas,35,1,19,False,1614788,32011,0.150061,384.55
0.0,0,0.0,0.0,structural,nemotron_super,11.270446177349276,78468,pandas/35,pandas,35,2,27,False,2502649,22571,0.221754,409.83
0.0,0,0.0,0.0,structural,nemotron_super,11.270446177349276,78468,pandas/35,pandas,35,3,30,True,2819486,40240,0.255752,742.55
0.0,0,0.0,0.0,structural,nemotron_super,12.08721590866289,177587,pandas/38,pandas,38,1,2,False,259879,9813,0.026015,108.36
0.6667,0,1.0,0.5,structural,nemotron_super,12.08721590866289,177587,pandas/38,pandas,38,2,4,False,348910,7813,0.032783,116.73
0.6667,0,1.0,0.5,structural,nemotron_super,12.08721590866289,177587,pandas/38,pandas,38,3,4,False,349100,9849,0.033613,177.53
0.0,0,0.0,0.0,structural,nemotron_super,10.883015959814806,53264,pandas/44,pandas,44,1,9,False,546254,14202,0.052112,308.04
0.0,0,0.0,0.0,structural,nemotron_super,10.883015959814806,53264,pandas/44,pandas,44,2,7,False,422317,18631,0.043349,234.28
0.0,0,0.0,0.0,structural,nemotron_super,10.883015959814806,53264,pandas/44,pandas,44,3,7,False,425031,8947,0.039706,261.11
0.8,0,1.0,0.6667,structural,nemotron_super,9.346705246496699,11461,requests/12,requests,12,1,6,False,38591,15434,0.009454,161.95
0.8,0,1.0,0.6667,structural,nemotron_super,9.346705246496699,11461,requests/12,requests,12,2,5,False,32063,7884,0.005879,94.34
0.8,0,1.0,0.6667,structural,nemotron_super,9.346705246496699,11461,requests/12,requests,12,3,5,False,38277,9578,0.007085,177.35
1.0,1,1.0,1.0,structural,nemotron_super,9.348274558065496,11479,requests/13,requests,13,1,7,False,52269,28702,0.015924,263.93
1.0,1,1.0,1.0,structural,nemotron_super,9.348274558065496,11479,requests/13,requests,13,2,2,False,11757,7548,0.004019,97.68
0.0,0,0.0,0.0,structural,nemotron_super,9.348274558065496,11479,requests/13,requests,13,3,3,False,16071,11158,0.005829,151.64
1.0,1,1.0,1.0,structural,nemotron_super,7.958576903813898,2860,requests/7,requests,7,1,2,False,13141,9966,0.005103,136.77
1.0,1,1.0,1.0,structural,nemotron_super,7.958576903813898,2860,requests/7,requests,7,2,2,False,13145,4758,0.003021,44.5
1.0,1,1.0,1.0,structural,nemotron_super,7.958576903813898,2860,requests/7,requests,7,3,7,False,40232,18895,0.010978,337.57
1.0,1,1.0,1.0,structural,nemotron_super,10.031000872835088,22720,rich/1,rich,1,1,6,False,161313,13012,0.018916,247.94
1.0,1,1.0,1.0,structural,nemotron_super,10.031000872835088,22720,rich/1,rich,1,2,3,False,57170,3993,0.006457,76.45
1.0,1,1.0,1.0,structural,nemotron_super,10.031000872835088,22720,rich/1,rich,1,3,8,False,156945,14092,0.018977,208.26
0.4,0,1.0,0.25,structural,nemotron_super,10.051648903516648,23194,rich/12,rich,12,1,3,False,78628,22365,0.015629,202.8
0.4,0,1.0,0.25,structural,nemotron_super,10.051648903516648,23194,rich/12,rich,12,2,3,False,78634,10251,0.010784,96.31
0.4,0,1.0,0.25,structural,nemotron_super,10.051648903516648,23194,rich/12,rich,12,3,3,False,111966,16651,0.016178,162.53
1.0,1,1.0,1.0,structural,nemotron_super,10.039939675671627,22924,rich/8,rich,8,1,3,False,65878,5895,0.007958,54.57
1.0,1,1.0,1.0,structural,nemotron_super,10.039939675671627,22924,rich/8,rich,8,2,3,False,65878,4915,0.007566,56.86
1.0,1,1.0,1.0,structural,nemotron_super,10.039939675671627,22924,rich/8,rich,8,3,3,False,65872,5216,0.007686,120.39
0.6667,0,1.0,0.5,structural,nemotron_super,11.620954417182327,111408,scikit-learn/45,scikit-learn,45,1,3,False,220652,1822,0.019484,30.28
0.6667,0,1.0,0.5,structural,nemotron_super,11.620954417182327,111408,scikit-learn/45,scikit-learn,45,2,4,False,297362,3576,0.026706,49.08
0.6667,0,1.0,0.5,structural,nemotron_super,11.620954417182327,111408,scikit-learn/45,scikit-learn,45,3,3,False,220655,2649,0.019815,55.88
1.0,1,1.0,1.0,structural,nemotron_super,11.55076060327325,103856,scikit-learn/49,scikit-learn,49,1,2,False,148064,2766,0.013692,59.11
1.0,1,1.0,1.0,structural,nemotron_super,11.55076060327325,103856,scikit-learn/49,scikit-learn,49,2,19,False,1468888,23350,0.134195,299.25
1.0,1,1.0,1.0,structural,nemotron_super,11.55076060327325,103856,scikit-learn/49,scikit-learn,49,3,13,False,1045938,24135,0.098559,379.0
1.0,1,1.0,1.0,structural,nemotron_super,11.525654110946952,101281,scikit-learn/5,scikit-learn,5,1,3,False,205370,5519,0.019664,232.39
1.0,1,1.0,1.0,structural,nemotron_super,11.525654110946952,101281,scikit-learn/5,scikit-learn,5,2,2,False,141496,6666,0.014694,86.4
1.0,1,1.0,1.0,structural,nemotron_super,11.525654110946952,101281,scikit-learn/5,scikit-learn,5,3,3,False,221091,24748,0.028692,436.89
1.0,1,1.0,1.0,structural,nemotron_super,9.796458979777604,17970,scrapy/20,scrapy,20,1,2,False,90785,3103,0.008958,60.76
1.0,1,1.0,1.0,structural,nemotron_super,9.796458979777604,17970,scrapy/20,scrapy,20,2,2,False,59221,3207,0.006317,34.16
1.0,1,1.0,1.0,structural,nemotron_super,9.796458979777604,17970,scrapy/20,scrapy,20,3,4,False,125984,4939,0.012684,63.28
1.0,1,1.0,1.0,structural,nemotron_super,9.655026193237628,15600,scrapy/26,scrapy,26,1,1,False,27226,3453,0.003695,151.36
1.0,1,1.0,1.0,structural,nemotron_super,9.655026193237628,15600,scrapy/26,scrapy,26,2,2,False,90310,7543,0.010694,204.74
1.0,1,1.0,1.0,structural,nemotron_super,9.655026193237628,15600,scrapy/26,scrapy,26,3,1,False,27225,4397,0.004073,71.08
0.0,0,0.0,0.0,structural,nemotron_super,9.73477299914839,16895,scrapy/48,scrapy,48,1,3,False,67839,6348,0.008306,136.4
0.6667,0,1.0,0.5,structural,nemotron_super,9.73477299914839,16895,scrapy/48,scrapy,48,2,4,False,89327,10039,0.011608,81.17
0.6667,0,1.0,0.5,structural,nemotron_super,9.73477299914839,16895,scrapy/48,scrapy,48,3,4,False,91166,7465,0.010735,172.78
0.0,0,0.0,0.0,structural,nemotron_super,9.961803629358965,21201,stable-diffusion-webui/0,stable-diffusion-webui,0,1,2,False,134316,2716,0.012503,43.26
1.0,1,1.0,1.0,structural,nemotron_super,9.961803629358965,21201,stable-diffusion-webui/0,stable-diffusion-webui,0,2,2,False,134321,3171,0.012686,49.04
1.0,1,1.0,1.0,structural,nemotron_super,9.961803629358965,21201,stable-diffusion-webui/0,stable-diffusion-webui,0,3,3,False,177890,5214,0.017206,112.11
0.0,0,0.0,0.0,structural,nemotron_super,9.908425341565751,20099,stable-diffusion-webui/13,stable-diffusion-webui,13,1,20,False,898920,25048,0.086427,274.11
1.0,1,1.0,1.0,structural,nemotron_super,9.908425341565751,20099,stable-diffusion-webui/13,stable-diffusion-webui,13,2,3,False,111361,7803,0.012587,81.01
0.0,0,0.0,0.0,structural,nemotron_super,9.908425341565751,20099,stable-diffusion-webui/13,stable-diffusion-webui,13,3,18,False,862835,18601,0.080781,286.84
0.6667,0,1.0,0.5,structural,nemotron_super,10.028797743501574,22670,stable-diffusion-webui/5,stable-diffusion-webui,5,1,3,False,99447,10747,0.012752,130.24
0.0,0,0.0,0.0,structural,nemotron_super,10.028797743501574,22670,stable-diffusion-webui/5,stable-diffusion-webui,5,2,6,False,229290,12777,0.0246,243.79
0.0,0,0.0,0.0,structural,nemotron_super,10.028797743501574,22670,stable-diffusion-webui/5,stable-diffusion-webui,5,3,4,False,146794,7408,0.015441,62.28
0.0,0,0.0,0.0,structural,nemotron_super,8.483636407887394,4835,thefuck/10,thefuck,10,1,3,False,50706,9875,0.00826,160.8
0.0,0,0.0,0.0,structural,nemotron_super,8.483636407887394,4835,thefuck/10,thefuck,10,2,4,False,38730,8120,0.00654,164.75
0.4,0,0.5,0.3333,structural,nemotron_super,8.483636407887394,4835,thefuck/10,thefuck,10,3,3,False,30806,13583,0.008052,236.93
0.0,0,0.0,0.0,structural,nemotron_super,8.270781013162674,3908,thefuck/20,thefuck,20,1,10,False,116660,9196,0.013595,148.49
0.0,0,0.0,0.0,structural,nemotron_super,8.270781013162674,3908,thefuck/20,thefuck,20,2,30,True,365664,46025,0.049491,574.49
0.0,0,0.0,0.0,structural,nemotron_super,8.270781013162674,3908,thefuck/20,thefuck,20,3,30,True,352295,35408,0.044108,453.66
1.0,1,1.0,1.0,structural,nemotron_super,7.822845290279774,2497,thefuck/5,thefuck,5,1,12,False,83013,7465,0.010042,68.28
0.6667,1,0.5,1.0,structural,nemotron_super,7.822845290279774,2497,thefuck/5,thefuck,5,2,28,False,190865,19327,0.023954,186.04
1.0,1,1.0,1.0,structural,nemotron_super,7.822845290279774,2497,thefuck/5,thefuck,5,3,3,False,21958,6059,0.00429,79.67
1.0,1,1.0,1.0,structural,nemotron_super,12.430331574579306,250279,transformers/25,transformers,25,1,7,False,562853,17586,0.054877,248.05
1.0,1,1.0,1.0,structural,nemotron_super,12.430331574579306,250279,transformers/25,transformers,25,2,4,False,318673,11105,0.031529,129.66
1.0,1,1.0,1.0,structural,nemotron_super,12.430331574579306,250279,transformers/25,transformers,25,3,7,False,563243,12534,0.052889,225.22
0.1538,0,1.0,0.0833,structural,nemotron_super,12.407424472605875,244611,transformers/27,transformers,27,1,3,False,236852,2109,0.020976,34.02
0.1538,0,1.0,0.0833,structural,nemotron_super,12.407424472605875,244611,transformers/27,transformers,27,2,3,False,236849,1244,0.02063,39.77
0.1538,0,1.0,0.0833,structural,nemotron_super,12.407424472605875,244611,transformers/27,transformers,27,3,3,False,236849,2770,0.02124,56.64
0.5714,0,1.0,0.4,structural,nemotron_super,11.587420505060633,107734,transformers/5,transformers,5,1,9,False,780404,21651,0.074995,213.99
0.3333,0,1.0,0.2,structural,nemotron_super,11.587420505060633,107734,transformers/5,transformers,5,2,1,False,71515,3924,0.007648,74.74
0.3333,0,1.0,0.2,structural,nemotron_super,11.587420505060633,107734,transformers/5,transformers,5,3,8,False,634892,17584,0.060999,327.12
1.0,1,1.0,1.0,structural,nemotron_super,12.095096391086711,178992,yt-dlp/23,yt-dlp,23,1,6,False,516174,21049,0.052294,324.46
1.0,1,1.0,1.0,structural,nemotron_super,12.095096391086711,178992,yt-dlp/23,yt-dlp,23,2,4,False,445345,9800,0.041774,115.23
1.0,1,1.0,1.0,structural,nemotron_super,12.095096391086711,178992,yt-dlp/23,yt-dlp,23,3,5,False,430232,15428,0.042741,514.1
0.0,0,0.0,0.0,structural,nemotron_super,12.1489730534896,188900,yt-dlp/41,yt-dlp,41,1,10,False,883055,9024,0.078669,135.48
0.0,0,0.0,0.0,structural,nemotron_super,12.1489730534896,188900,yt-dlp/41,yt-dlp,41,2,30,True,2767358,16111,0.24167,419.23
0.0,0,0.0,0.0,structural,nemotron_super,12.1489730534896,188900,yt-dlp/41,yt-dlp,41,3,18,False,1690075,9716,0.147543,253.9
0.0,0,0.0,0.0,structural,nemotron_super,12.198660241414718,198523,yt-dlp/45,yt-dlp,45,1,5,False,459458,16267,0.045561,166.57
0.6667,0,1.0,0.5,structural,nemotron_super,12.198660241414718,198523,yt-dlp/45,yt-dlp,45,2,10,False,876758,12002,0.079325,207.72
0.6667,0,1.0,0.5,structural,nemotron_super,12.198660241414718,198523,yt-dlp/45,yt-dlp,45,3,5,False,524658,12811,0.04972,124.34
1.0,1,1.0,1.0,temporal_cochange,ministral_3b,12.068688124847148,174327,core/16,core,16,1,4,False,259438,570,0.020131,27.17
1.0,1,1.0,1.0,temporal_cochange,ministral_3b,12.068688124847148,174327,core/16,core,16,2,10,False,668951,1034,0.031672,51.24
1.0,1,1.0,1.0,temporal_cochange,ministral_3b,12.068688124847148,174327,core/16,core,16,3,7,False,465810,752,0.034745,36.54
0.0,0,0.0,0.0,temporal_cochange,ministral_3b,11.506545154005941,99364,core/20,core,20,1,6,False,258568,1737,0.010651,31.47
1.0,1,1.0,1.0,temporal_cochange,ministral_3b,11.506545154005941,99364,core/20,core,20,2,1,False,84294,736,0.008468,12.74
1.0,1,1.0,1.0,temporal_cochange,ministral_3b,11.506545154005941,99364,core/20,core,20,3,6,False,267082,1162,0.010956,24.51
0.0,0,0.0,0.0,temporal_cochange,ministral_3b,8.579980179515003,5324,fastapi/17,fastapi,17,1,18,False,135416,2218,0.005043,45.97
0.0,0,0.0,0.0,temporal_cochange,ministral_3b,8.579980179515003,5324,fastapi/17,fastapi,17,2,20,False,185244,3380,0.007095,59.42
0.0,0,0.0,0.0,temporal_cochange,ministral_3b,8.579980179515003,5324,fastapi/17,fastapi,17,3,13,False,211821,3803,0.011799,50.34
0.0,0,0.0,0.0,temporal_cochange,ministral_3b,8.518991573357617,5009,fastapi/20,fastapi,20,1,21,False,163023,2971,0.007291,57.34
0.0,0,0.0,0.0,temporal_cochange,ministral_3b,8.518991573357617,5009,fastapi/20,fastapi,20,2,15,False,132182,2243,0.005966,42.37
0.0,0,0.0,0.0,temporal_cochange,ministral_3b,8.518991573357617,5009,fastapi/20,fastapi,20,3,12,False,130196,1498,0.00969,42.35
0.5,0,1.0,0.3333,temporal_cochange,ministral_3b,8.482187582217422,4828,fastapi/9,fastapi,9,1,17,False,92739,1135,0.002982,32.59
0.5,0,1.0,0.3333,temporal_cochange,ministral_3b,8.482187582217422,4828,fastapi/9,fastapi,9,2,9,False,50962,1081,0.003321,20.38
0.5,0,1.0,0.3333,temporal_cochange,ministral_3b,8.482187582217422,4828,fastapi/9,fastapi,9,3,11,False,68463,667,0.00371,22.57
1.0,1,1.0,1.0,temporal_cochange,ministral_3b,8.808369153122275,6690,flask/18,flask,18,1,4,False,18166,850,0.001406,11.43
0.6667,0,1.0,0.5,temporal_cochange,ministral_3b,8.808369153122275,6690,flask/18,flask,18,2,4,False,30194,765,0.00165,10.61
0.6667,0,1.0,0.5,temporal_cochange,ministral_3b,8.808369153122275,6690,flask/18,flask,18,3,10,False,111530,1220,0.009858,27.88
1.0,1,1.0,1.0,temporal_cochange,ministral_3b,8.899457906353966,7328,flask/3,flask,3,1,15,False,74982,1696,0.003388,30.63
1.0,1,1.0,1.0,temporal_cochange,ministral_3b,8.899457906353966,7328,flask/3,flask,3,2,8,False,30574,1357,0.001632,26.88
1.0,1,1.0,1.0,temporal_cochange,ministral_3b,8.899457906353966,7328,flask/3,flask,3,3,14,False,76708,2212,0.005306,42.08
1.0,1,1.0,1.0,temporal_cochange,ministral_3b,8.827468112520654,6819,flask/6,flask,6,1,5,False,16627,614,0.001171,10.88
1.0,1,1.0,1.0,temporal_cochange,ministral_3b,8.827468112520654,6819,flask/6,flask,6,2,8,False,25423,745,0.001206,17.01
1.0,1,1.0,1.0,temporal_cochange,ministral_3b,8.827468112520654,6819,flask/6,flask,6,3,7,False,65277,1394,0.004743,31.99
0.0,0,0.0,0.0,temporal_cochange,ministral_3b,8.341410211461865,4194,gpt-engineer/11,gpt-engineer,11,1,10,False,50296,1447,0.002242,23.76
0.0,0,0.0,0.0,temporal_cochange,ministral_3b,8.341410211461865,4194,gpt-engineer/11,gpt-engineer,11,2,8,False,40571,1350,0.002614,19.91
0.0,0,0.0,0.0,temporal_cochange,ministral_3b,8.341410211461865,4194,gpt-engineer/11,gpt-engineer,11,3,7,False,33001,1154,0.002217,18.11
0.4,0,1.0,0.25,temporal_cochange,ministral_3b,8.029432840581244,3070,gpt-engineer/12,gpt-engineer,12,1,7,False,47556,1856,0.003225,27.85
0.0,0,0.0,0.0,temporal_cochange,ministral_3b,8.029432840581244,3070,gpt-engineer/12,gpt-engineer,12,2,8,False,57296,4385,0.002655,54.94
0.4,0,1.0,0.25,temporal_cochange,ministral_3b,8.029432840581244,3070,gpt-engineer/12,gpt-engineer,12,3,8,False,57257,2226,0.003754,36.59
1.0,1,1.0,1.0,temporal_cochange,ministral_3b,8.36380888451688,4289,gpt-engineer/9,gpt-engineer,9,1,11,False,66436,2330,0.004388,44.56
1.0,1,1.0,1.0,temporal_cochange,ministral_3b,8.36380888451688,4289,gpt-engineer/9,gpt-engineer,9,2,5,False,21853,889,0.001854,13.72
0.0,0,0.0,0.0,temporal_cochange,ministral_3b,8.36380888451688,4289,gpt-engineer/9,gpt-engineer,9,3,6,False,38923,1038,0.003092,20.63
0.0,0,0.0,0.0,temporal_cochange,ministral_3b,10.196231790580173,26802,keras/12,keras,12,1,8,False,43860,1463,0.002891,26.38
0.0,0,0.0,0.0,temporal_cochange,ministral_3b,10.196231790580173,26802,keras/12,keras,12,2,6,False,41012,1757,0.003177,27.29
0.0,0,0.0,0.0,temporal_cochange,ministral_3b,10.196231790580173,26802,keras/12,keras,12,3,5,False,32729,1136,0.003243,15.73
0.6667,1,0.5,1.0,temporal_cochange,ministral_3b,10.349134450277123,31230,keras/5,keras,5,1,9,False,125574,1345,0.00457,28.38
0.0,0,0.0,0.0,temporal_cochange,ministral_3b,10.349134450277123,31230,keras/5,keras,5,2,5,False,97369,1106,0.009323,24.05
0.0,0,0.0,0.0,temporal_cochange,ministral_3b,10.349134450277123,31230,keras/5,keras,5,3,12,False,244631,2499,0.016465,57.64
1.0,1,1.0,1.0,temporal_cochange,ministral_3b,10.444153492313001,34343,keras/9,keras,9,1,10,False,110236,1672,0.005897,29.78
1.0,1,1.0,1.0,temporal_cochange,ministral_3b,10.444153492313001,34343,keras/9,keras,9,2,14,False,184917,2414,0.012201,44.14
1.0,1,1.0,1.0,temporal_cochange,ministral_3b,10.444153492313001,34343,keras/9,keras,9,3,8,False,61421,1013,0.006013,21.22
0.1667,0,0.2,0.1429,temporal_cochange,ministral_3b,9.61953186182516,15056,localstack/19,localstack,19,1,11,False,85261,2574,0.004049,36.14
0.4444,0,1.0,0.2857,temporal_cochange,ministral_3b,9.61953186182516,15056,localstack/19,localstack,19,2,22,False,583529,3909,0.037605,92.54
0.3636,0,0.5,0.2857,temporal_cochange,ministral_3b,9.61953186182516,15056,localstack/19,localstack,19,3,7,False,47100,2990,0.003039,35.23
1.0,1,1.0,1.0,temporal_cochange,ministral_3b,10.563155506021905,38683,localstack/2,localstack,2,1,14,False,290929,698,0.012447,38.98
1.0,1,1.0,1.0,temporal_cochange,ministral_3b,10.563155506021905,38683,localstack/2,localstack,2,2,26,False,505779,1957,0.013627,75.7
1.0,1,1.0,1.0,temporal_cochange,ministral_3b,10.563155506021905,38683,localstack/2,localstack,2,3,15,False,311872,2149,0.024479,52.0
1.0,1,1.0,1.0,temporal_cochange,ministral_3b,9.860214640302662,19153,localstack/9,localstack,9,1,9,False,198319,2763,0.013035,46.47
1.0,1,1.0,1.0,temporal_cochange,ministral_3b,9.860214640302662,19153,localstack/9,localstack,9,2,15,False,282329,2790,0.01243,51.58
1.0,1,1.0,1.0,temporal_cochange,ministral_3b,9.860214640302662,19153,localstack/9,localstack,9,3,11,False,230698,2969,0.017728,44.21
0.6667,0,1.0,0.5,temporal_cochange,ministral_3b,11.189312196300184,72353,pandas/26,pandas,26,1,6,False,42033,1709,0.002387,19.95
0.6667,0,1.0,0.5,temporal_cochange,ministral_3b,11.189312196300184,72353,pandas/26,pandas,26,2,8,False,56864,1602,0.002131,31.46
1.0,1,1.0,1.0,temporal_cochange,ministral_3b,11.189312196300184,72353,pandas/26,pandas,26,3,9,False,122486,1771,0.004373,29.06
0.0,0,0.0,0.0,temporal_cochange,ministral_3b,11.270446177349276,78468,pandas/35,pandas,35,1,25,False,349162,2881,0.010672,91.87
0.0,0,0.0,0.0,temporal_cochange,ministral_3b,11.270446177349276,78468,pandas/35,pandas,35,2,26,False,958628,4422,0.025751,118.78
0.0,0,0.0,0.0,temporal_cochange,ministral_3b,11.270446177349276,78468,pandas/35,pandas,35,3,20,False,394944,3238,0.022423,64.58
0.6667,0,1.0,0.5,temporal_cochange,ministral_3b,12.08721590866289,177587,pandas/38,pandas,38,1,14,False,288105,2769,0.007637,47.1
0.6667,0,1.0,0.5,temporal_cochange,ministral_3b,12.08721590866289,177587,pandas/38,pandas,38,2,5,False,115771,1225,0.008318,21.09
0.6667,0,1.0,0.5,temporal_cochange,ministral_3b,12.08721590866289,177587,pandas/38,pandas,38,3,10,False,180238,1236,0.01313,31.22
0.0,0,0.0,0.0,temporal_cochange,ministral_3b,10.883015959814806,53264,pandas/44,pandas,44,1,26,False,260223,3070,0.007195,68.64
0.0,0,0.0,0.0,temporal_cochange,ministral_3b,10.883015959814806,53264,pandas/44,pandas,44,2,20,False,196907,3309,0.009055,55.09
0.0,0,0.0,0.0,temporal_cochange,ministral_3b,10.883015959814806,53264,pandas/44,pandas,44,3,13,False,141755,2664,0.007449,52.48
1.0,1,1.0,1.0,temporal_cochange,ministral_3b,9.346705246496699,11461,requests/12,requests,12,1,13,False,34744,1453,0.001402,24.42
0.8,0,1.0,0.6667,temporal_cochange,ministral_3b,9.346705246496699,11461,requests/12,requests,12,2,14,False,58738,1451,0.003162,29.96
0.8,0,1.0,0.6667,temporal_cochange,ministral_3b,9.346705246496699,11461,requests/12,requests,12,3,11,False,70744,1038,0.005116,28.89
0.6667,1,0.5,1.0,temporal_cochange,ministral_3b,9.348274558065496,11479,requests/13,requests,13,1,2,False,29334,289,0.001695,8.47
1.0,1,1.0,1.0,temporal_cochange,ministral_3b,9.348274558065496,11479,requests/13,requests,13,2,9,False,29702,1223,0.001503,20.03
0.6667,1,0.5,1.0,temporal_cochange,ministral_3b,9.348274558065496,11479,requests/13,requests,13,3,13,False,48788,1953,0.003081,26.38
1.0,1,1.0,1.0,temporal_cochange,ministral_3b,7.958576903813898,2860,requests/7,requests,7,1,3,False,10506,861,0.001137,10.39
1.0,1,1.0,1.0,temporal_cochange,ministral_3b,7.958576903813898,2860,requests/7,requests,7,2,8,False,19576,842,0.00108,16.5
1.0,1,1.0,1.0,temporal_cochange,ministral_3b,7.958576903813898,2860,requests/7,requests,7,3,13,False,35813,1560,0.002234,22.75
1.0,1,1.0,1.0,temporal_cochange,ministral_3b,10.031000872835088,22720,rich/1,rich,1,1,3,False,15682,915,0.00113,11.16
1.0,1,1.0,1.0,temporal_cochange,ministral_3b,10.031000872835088,22720,rich/1,rich,1,2,5,False,26195,635,0.001698,11.91
1.0,1,1.0,1.0,temporal_cochange,ministral_3b,10.031000872835088,22720,rich/1,rich,1,3,5,False,35491,703,0.003055,12.26
0.3333,0,0.5,0.25,temporal_cochange,ministral_3b,10.051648903516648,23194,rich/12,rich,12,1,26,False,253804,3586,0.007762,71.94
0.4,0,1.0,0.25,temporal_cochange,ministral_3b,10.051648903516648,23194,rich/12,rich,12,2,25,False,387757,2882,0.012965,77.16
0.4,0,1.0,0.25,temporal_cochange,ministral_3b,10.051648903516648,23194,rich/12,rich,12,3,10,False,148496,1803,0.011822,29.95
1.0,1,1.0,1.0,temporal_cochange,ministral_3b,10.039939675671627,22924,rich/8,rich,8,1,5,False,35379,690,0.002512,13.13
0.0,0,0.0,0.0,temporal_cochange,ministral_3b,10.039939675671627,22924,rich/8,rich,8,2,7,False,57740,1409,0.003236,22.39
0.0,0,0.0,0.0,temporal_cochange,ministral_3b,10.039939675671627,22924,rich/8,rich,8,3,5,False,39551,918,0.003949,18.76
0.6667,0,1.0,0.5,temporal_cochange,ministral_3b,11.620954417182327,111408,scikit-learn/45,scikit-learn,45,1,7,False,97222,870,0.004804,22.41
0.6667,0,1.0,0.5,temporal_cochange,ministral_3b,11.620954417182327,111408,scikit-learn/45,scikit-learn,45,2,4,False,67802,778,0.005648,16.33
0.0,0,0.0,0.0,temporal_cochange,ministral_3b,11.620954417182327,111408,scikit-learn/45,scikit-learn,45,3,3,False,38529,1662,0.003933,14.38
1.0,1,1.0,1.0,temporal_cochange,ministral_3b,11.55076060327325,103856,scikit-learn/49,scikit-learn,49,1,6,False,85444,1064,0.00497,21.77
1.0,1,1.0,1.0,temporal_cochange,ministral_3b,11.55076060327325,103856,scikit-learn/49,scikit-learn,49,2,4,False,54774,922,0.005466,15.13
1.0,1,1.0,1.0,temporal_cochange,ministral_3b,11.55076060327325,103856,scikit-learn/49,scikit-learn,49,3,7,False,101810,852,0.004552,17.62
0.0,0,0.0,0.0,temporal_cochange,ministral_3b,11.525654110946952,101281,scikit-learn/5,scikit-learn,5,1,3,False,36705,275,0.00254,10.79
1.0,1,1.0,1.0,temporal_cochange,ministral_3b,11.525654110946952,101281,scikit-learn/5,scikit-learn,5,2,6,False,102043,1313,0.010163,23.3
1.0,1,1.0,1.0,temporal_cochange,ministral_3b,11.525654110946952,101281,scikit-learn/5,scikit-learn,5,3,13,False,201279,2240,0.008411,44.28
1.0,1,1.0,1.0,temporal_cochange,ministral_3b,9.796458979777604,17970,scrapy/20,scrapy,20,1,4,False,40078,256,0.003077,14.77
1.0,1,1.0,1.0,temporal_cochange,ministral_3b,9.796458979777604,17970,scrapy/20,scrapy,20,2,8,False,86628,692,0.005823,19.16
1.0,1,1.0,1.0,temporal_cochange,ministral_3b,9.796458979777604,17970,scrapy/20,scrapy,20,3,3,False,33634,389,0.003316,8.72
1.0,1,1.0,1.0,temporal_cochange,ministral_3b,9.655026193237628,15600,scrapy/26,scrapy,26,1,15,False,256070,1367,0.008285,40.82
1.0,1,1.0,1.0,temporal_cochange,ministral_3b,9.655026193237628,15600,scrapy/26,scrapy,26,2,11,False,196020,1685,0.011459,49.09
1.0,1,1.0,1.0,temporal_cochange,ministral_3b,9.655026193237628,15600,scrapy/26,scrapy,26,3,21,False,289498,1645,0.010239,39.59
0.0,0,0.0,0.0,temporal_cochange,ministral_3b,9.73477299914839,16895,scrapy/48,scrapy,48,1,13,False,192769,1313,0.0076,37.3
0.0,0,0.0,0.0,temporal_cochange,ministral_3b,9.73477299914839,16895,scrapy/48,scrapy,48,2,13,False,208095,1898,0.00812,41.61
0.0,0,0.0,0.0,temporal_cochange,ministral_3b,9.73477299914839,16895,scrapy/48,scrapy,48,3,8,False,118616,1075,0.004136,20.2
1.0,1,1.0,1.0,temporal_cochange,ministral_3b,9.961803629358965,21201,stable-diffusion-webui/0,stable-diffusion-webui,0,1,3,False,68063,993,0.006871,18.27
1.0,1,1.0,1.0,temporal_cochange,ministral_3b,9.961803629358965,21201,stable-diffusion-webui/0,stable-diffusion-webui,0,2,12,False,285340,7633,0.014995,78.05
1.0,1,1.0,1.0,temporal_cochange,ministral_3b,9.961803629358965,21201,stable-diffusion-webui/0,stable-diffusion-webui,0,3,5,False,111635,1538,0.009336,28.48
1.0,1,1.0,1.0,temporal_cochange,ministral_3b,9.908425341565751,20099,stable-diffusion-webui/13,stable-diffusion-webui,13,1,9,False,164553,1656,0.006783,30.36
0.0,0,0.0,0.0,temporal_cochange,ministral_3b,9.908425341565751,20099,stable-diffusion-webui/13,stable-diffusion-webui,13,2,7,False,127679,2084,0.00808,25.56
0.0,0,0.0,0.0,temporal_cochange,ministral_3b,9.908425341565751,20099,stable-diffusion-webui/13,stable-diffusion-webui,13,3,10,False,215009,2147,0.015679,46.98
0.5,0,0.5,0.5,temporal_cochange,ministral_3b,10.028797743501574,22670,stable-diffusion-webui/5,stable-diffusion-webui,5,1,17,False,202697,2777,0.005687,21.97
0.0,0,0.0,0.0,temporal_cochange,ministral_3b,10.028797743501574,22670,stable-diffusion-webui/5,stable-diffusion-webui,5,2,25,False,259764,5028,0.005248,36.47
0.0,0,0.0,0.0,temporal_cochange,ministral_3b,10.028797743501574,22670,stable-diffusion-webui/5,stable-diffusion-webui,5,3,4,False,81388,1435,0.00364,10.55
0.5,0,1.0,0.3333,temporal_cochange,ministral_3b,8.483636407887394,4835,thefuck/10,thefuck,10,1,5,False,55440,848,0.002749,5.4
0.4,0,0.5,0.3333,temporal_cochange,ministral_3b,8.483636407887394,4835,thefuck/10,thefuck,10,2,25,False,403270,3497,0.006324,23.68
0.5,0,1.0,0.3333,temporal_cochange,ministral_3b,8.483636407887394,4835,thefuck/10,thefuck,10,3,7,False,80006,1730,0.003116,9.83
0.0,0,0.0,0.0,temporal_cochange,ministral_3b,8.270781013162674,3908,thefuck/20,thefuck,20,1,8,False,86822,1504,0.005008,20.8
1.0,1,1.0,1.0,temporal_cochange,ministral_3b,8.270781013162674,3908,thefuck/20,thefuck,20,2,11,False,140650,2243,0.006542,30.5
0.0,0,0.0,0.0,temporal_cochange,ministral_3b,8.270781013162674,3908,thefuck/20,thefuck,20,3,6,False,65987,1275,0.005695,22.98
1.0,1,1.0,1.0,temporal_cochange,ministral_3b,7.822845290279774,2497,thefuck/5,thefuck,5,1,4,False,36291,703,0.002553,13.26
1.0,1,1.0,1.0,temporal_cochange,ministral_3b,7.822845290279774,2497,thefuck/5,thefuck,5,2,3,False,20561,549,0.001506,8.84
0.0,0,0.0,0.0,temporal_cochange,ministral_3b,7.822845290279774,2497,thefuck/5,thefuck,5,3,30,True,214998,2098,0.008162,56.06
1.0,1,1.0,1.0,temporal_cochange,ministral_3b,12.430331574579306,250279,transformers/25,transformers,25,1,3,False,134350,592,0.009681,17.48
1.0,1,1.0,1.0,temporal_cochange,ministral_3b,12.430331574579306,250279,transformers/25,transformers,25,2,3,False,134493,676,0.009687,17.97
1.0,1,1.0,1.0,temporal_cochange,ministral_3b,12.430331574579306,250279,transformers/25,transformers,25,3,4,False,176368,689,0.01759,19.52
0.1538,0,1.0,0.0833,temporal_cochange,ministral_3b,12.407424472605875,244611,transformers/27,transformers,27,1,5,False,215278,881,0.017607,27.96
0.1538,0,1.0,0.0833,temporal_cochange,ministral_3b,12.407424472605875,244611,transformers/27,transformers,27,2,11,False,506167,901,0.018295,32.54
0.1538,0,1.0,0.0833,temporal_cochange,ministral_3b,12.407424472605875,244611,transformers/27,transformers,27,3,3,False,127333,465,0.008909,19.49
0.2,0,0.2,0.2,temporal_cochange,ministral_3b,11.587420505060633,107734,transformers/5,transformers,5,1,4,False,106080,3074,0.010864,40.32
0.4444,0,0.5,0.4,temporal_cochange,ministral_3b,11.587420505060633,107734,transformers/5,transformers,5,2,14,False,282376,2745,0.012033,54.96
0.0,0,0.0,0.0,temporal_cochange,ministral_3b,11.587420505060633,107734,transformers/5,transformers,5,3,7,False,159682,2260,0.012375,38.16
1.0,1,1.0,1.0,temporal_cochange,ministral_3b,12.095096391086711,178992,yt-dlp/23,yt-dlp,23,1,12,False,844466,2005,0.04003,67.1
1.0,1,1.0,1.0,temporal_cochange,ministral_3b,12.095096391086711,178992,yt-dlp/23,yt-dlp,23,2,8,False,517122,488,0.028813,35.49
1.0,1,1.0,1.0,temporal_cochange,ministral_3b,12.095096391086711,178992,yt-dlp/23,yt-dlp,23,3,9,False,589444,1228,0.047311,56.78
0.0,0,0.0,0.0,temporal_cochange,ministral_3b,12.1489730534896,188900,yt-dlp/41,yt-dlp,41,1,27,False,1981194,2497,0.025851,97.52
0.0,0,0.0,0.0,temporal_cochange,ministral_3b,12.1489730534896,188900,yt-dlp/41,yt-dlp,41,2,6,False,469958,1178,0.032293,41.21
0.0,0,0.0,0.0,temporal_cochange,ministral_3b,12.1489730534896,188900,yt-dlp/41,yt-dlp,41,3,13,False,927908,2253,0.073847,79.54
0.6667,0,1.0,0.5,temporal_cochange,ministral_3b,12.198660241414718,198523,yt-dlp/45,yt-dlp,45,1,13,False,914519,1940,0.035912,63.29
0.0,0,0.0,0.0,temporal_cochange,ministral_3b,12.198660241414718,198523,yt-dlp/45,yt-dlp,45,2,19,False,1588024,1013,0.052188,98.23
0.0,0,0.0,0.0,temporal_cochange,ministral_3b,12.198660241414718,198523,yt-dlp/45,yt-dlp,45,3,11,False,881080,1956,0.075706,83.97
1.0,1,1.0,1.0,temporal_cochange,gpt_oss_120b,12.068688124847148,174327,core/16,core,16,1,7,False,477951,2796,0.042556,125.02
1.0,1,1.0,1.0,temporal_cochange,gpt_oss_120b,12.068688124847148,174327,core/16,core,16,2,18,False,1290621,17021,0.070503,540.34
1.0,1,1.0,1.0,temporal_cochange,gpt_oss_120b,12.068688124847148,174327,core/16,core,16,3,15,False,936879,11605,0.03856,379.78
1.0,1,1.0,1.0,temporal_cochange,gpt_oss_120b,11.506545154005941,99364,core/20,core,20,1,14,False,569072,5683,0.028321,129.04
1.0,1,1.0,1.0,temporal_cochange,gpt_oss_120b,11.506545154005941,99364,core/20,core,20,2,4,False,188052,1967,0.009904,40.14
1.0,1,1.0,1.0,temporal_cochange,gpt_oss_120b,11.506545154005941,99364,core/20,core,20,3,5,False,224410,2226,0.015298,61.72
0.0,0,0.0,0.0,temporal_cochange,gpt_oss_120b,8.579980179515003,5324,fastapi/17,fastapi,17,1,11,False,79264,6584,0.007602,79.44
0.0,0,0.0,0.0,temporal_cochange,gpt_oss_120b,8.579980179515003,5324,fastapi/17,fastapi,17,2,19,False,255287,13512,0.02262,157.0
0.0,0,0.0,0.0,temporal_cochange,gpt_oss_120b,8.579980179515003,5324,fastapi/17,fastapi,17,3,13,False,102664,6901,0.010542,66.72
0.0,0,0.0,0.0,temporal_cochange,gpt_oss_120b,8.518991573357617,5009,fastapi/20,fastapi,20,1,17,False,77812,7636,0.008276,85.09
0.0,0,0.0,0.0,temporal_cochange,gpt_oss_120b,8.518991573357617,5009,fastapi/20,fastapi,20,2,12,False,52230,3884,0.004747,44.52
0.0,0,0.0,0.0,temporal_cochange,gpt_oss_120b,8.518991573357617,5009,fastapi/20,fastapi,20,3,12,False,55816,6215,0.006308,69.09
0.5,0,1.0,0.3333,temporal_cochange,gpt_oss_120b,8.482187582217422,4828,fastapi/9,fastapi,9,1,14,False,80922,6014,0.008357,66.41
0.5,0,1.0,0.3333,temporal_cochange,gpt_oss_120b,8.482187582217422,4828,fastapi/9,fastapi,9,2,12,False,95158,6474,0.007565,76.02
0.5,0,1.0,0.3333,temporal_cochange,gpt_oss_120b,8.482187582217422,4828,fastapi/9,fastapi,9,3,7,False,37386,1948,0.004229,25.6
0.6667,0,1.0,0.5,temporal_cochange,gpt_oss_120b,8.808369153122275,6690,flask/18,flask,18,1,8,False,29726,2478,0.003637,32.98
0.6667,0,1.0,0.5,temporal_cochange,gpt_oss_120b,8.808369153122275,6690,flask/18,flask,18,2,14,False,63362,4311,0.006907,60.3
0.6667,0,1.0,0.5,temporal_cochange,gpt_oss_120b,8.808369153122275,6690,flask/18,flask,18,3,20,False,102997,6383,0.008591,64.03
1.0,1,1.0,1.0,temporal_cochange,gpt_oss_120b,8.899457906353966,7328,flask/3,flask,3,1,4,False,9726,1008,0.001336,14.32
1.0,1,1.0,1.0,temporal_cochange,gpt_oss_120b,8.899457906353966,7328,flask/3,flask,3,2,5,False,14105,1878,0.001778,18.89
1.0,1,1.0,1.0,temporal_cochange,gpt_oss_120b,8.899457906353966,7328,flask/3,flask,3,3,11,False,55632,3935,0.005204,40.1
1.0,1,1.0,1.0,temporal_cochange,gpt_oss_120b,8.827468112520654,6819,flask/6,flask,6,1,6,False,24836,2922,0.004077,36.64
1.0,1,1.0,1.0,temporal_cochange,gpt_oss_120b,8.827468112520654,6819,flask/6,flask,6,2,12,False,57276,5281,0.005283,67.43
1.0,1,1.0,1.0,temporal_cochange,gpt_oss_120b,8.827468112520654,6819,flask/6,flask,6,3,17,False,117748,11916,0.013906,168.52
0.0,0,0.0,0.0,temporal_cochange,gpt_oss_120b,8.341410211461865,4194,gpt-engineer/11,gpt-engineer,11,1,16,False,135682,9244,0.010479,164.44
0.0,0,0.0,0.0,temporal_cochange,gpt_oss_120b,8.341410211461865,4194,gpt-engineer/11,gpt-engineer,11,2,5,False,29384,882,0.002174,12.3
0.0,0,0.0,0.0,temporal_cochange,gpt_oss_120b,8.341410211461865,4194,gpt-engineer/11,gpt-engineer,11,3,12,False,136623,4500,0.010418,68.66
0.4,0,1.0,0.25,temporal_cochange,gpt_oss_120b,8.029432840581244,3070,gpt-engineer/12,gpt-engineer,12,1,3,False,11084,645,0.001548,9.52
0.4,0,1.0,0.25,temporal_cochange,gpt_oss_120b,8.029432840581244,3070,gpt-engineer/12,gpt-engineer,12,2,7,False,39339,2299,0.002939,24.66
0.4,0,1.0,0.25,temporal_cochange,gpt_oss_120b,8.029432840581244,3070,gpt-engineer/12,gpt-engineer,12,3,6,False,35306,1830,0.003796,22.74
0.0,0,0.0,0.0,temporal_cochange,gpt_oss_120b,8.36380888451688,4289,gpt-engineer/9,gpt-engineer,9,1,7,False,45443,5366,0.006149,67.71
0.0,0,0.0,0.0,temporal_cochange,gpt_oss_120b,8.36380888451688,4289,gpt-engineer/9,gpt-engineer,9,2,4,False,26722,3105,0.004278,29.04
0.0,0,0.0,0.0,temporal_cochange,gpt_oss_120b,8.36380888451688,4289,gpt-engineer/9,gpt-engineer,9,3,9,False,71020,3429,0.006543,39.44
0.0,0,0.0,0.0,temporal_cochange,gpt_oss_120b,10.196231790580173,26802,keras/12,keras,12,1,4,False,22382,1360,0.002523,17.57
0.0,0,0.0,0.0,temporal_cochange,gpt_oss_120b,10.196231790580173,26802,keras/12,keras,12,2,16,False,151285,4995,0.012775,71.95
0.0,0,0.0,0.0,temporal_cochange,gpt_oss_120b,10.196231790580173,26802,keras/12,keras,12,3,12,False,71288,4897,0.006801,48.33
1.0,1,1.0,1.0,temporal_cochange,gpt_oss_120b,10.349134450277123,31230,keras/5,keras,5,1,12,False,113339,11887,0.014387,145.5
0.0,0,0.0,0.0,temporal_cochange,gpt_oss_120b,10.349134450277123,31230,keras/5,keras,5,2,10,False,77384,3620,0.007974,55.81
0.6667,1,0.5,1.0,temporal_cochange,gpt_oss_120b,10.349134450277123,31230,keras/5,keras,5,3,17,False,161068,11609,0.013969,127.09
1.0,1,1.0,1.0,temporal_cochange,gpt_oss_120b,10.444153492313001,34343,keras/9,keras,9,1,9,False,58348,3931,0.00628,39.09
1.0,1,1.0,1.0,temporal_cochange,gpt_oss_120b,10.444153492313001,34343,keras/9,keras,9,2,9,False,57989,3126,0.004757,41.86
1.0,1,1.0,1.0,temporal_cochange,gpt_oss_120b,10.444153492313001,34343,keras/9,keras,9,3,6,False,40851,1539,0.004019,21.5
0.0,0,0.0,0.0,temporal_cochange,gpt_oss_120b,9.61953186182516,15056,localstack/19,localstack,19,1,11,False,72833,1956,0.005075,28.05
0.0,0,0.0,0.0,temporal_cochange,gpt_oss_120b,9.61953186182516,15056,localstack/19,localstack,19,2,11,False,71205,1964,0.003349,29.33
0.0,0,0.0,0.0,temporal_cochange,gpt_oss_120b,9.61953186182516,15056,localstack/19,localstack,19,3,10,False,65499,2154,0.004941,39.67
1.0,1,1.0,1.0,temporal_cochange,gpt_oss_120b,10.563155506021905,38683,localstack/2,localstack,2,1,19,False,358886,7454,0.016484,120.78
1.0,1,1.0,1.0,temporal_cochange,gpt_oss_120b,10.563155506021905,38683,localstack/2,localstack,2,2,13,False,247108,4727,0.017519,83.89
1.0,1,1.0,1.0,temporal_cochange,gpt_oss_120b,10.563155506021905,38683,localstack/2,localstack,2,3,23,False,423461,7069,0.018895,125.41
1.0,1,1.0,1.0,temporal_cochange,gpt_oss_120b,9.860214640302662,19153,localstack/9,localstack,9,1,14,False,168841,15482,0.018462,165.05
1.0,1,1.0,1.0,temporal_cochange,gpt_oss_120b,9.860214640302662,19153,localstack/9,localstack,9,2,16,False,233545,14822,0.022554,163.91
1.0,1,1.0,1.0,temporal_cochange,gpt_oss_120b,9.860214640302662,19153,localstack/9,localstack,9,3,13,False,164484,11040,0.016123,138.77
1.0,1,1.0,1.0,temporal_cochange,gpt_oss_120b,11.189312196300184,72353,pandas/26,pandas,26,1,20,False,234710,10644,0.016047,124.14
1.0,1,1.0,1.0,temporal_cochange,gpt_oss_120b,11.189312196300184,72353,pandas/26,pandas,26,2,14,False,150605,5617,0.01282,76.77
1.0,1,1.0,1.0,temporal_cochange,gpt_oss_120b,11.189312196300184,72353,pandas/26,pandas,26,3,21,False,226113,4555,0.011597,77.03
0.0,0,0.0,0.0,temporal_cochange,gpt_oss_120b,11.270446177349276,78468,pandas/35,pandas,35,1,25,False,295575,7240,0.01792,127.27
0.0,0,0.0,0.0,temporal_cochange,gpt_oss_120b,11.270446177349276,78468,pandas/35,pandas,35,2,11,False,161653,7520,0.012648,77.94
0.0,0,0.0,0.0,temporal_cochange,gpt_oss_120b,11.270446177349276,78468,pandas/35,pandas,35,3,18,False,185678,7600,0.012387,96.1
0.6667,0,1.0,0.5,temporal_cochange,gpt_oss_120b,12.08721590866289,177587,pandas/38,pandas,38,1,6,False,114531,1824,0.010256,43.96
0.6667,0,1.0,0.5,temporal_cochange,gpt_oss_120b,12.08721590866289,177587,pandas/38,pandas,38,2,17,False,496551,9313,0.022478,150.51
0.6667,0,1.0,0.5,temporal_cochange,gpt_oss_120b,12.08721590866289,177587,pandas/38,pandas,38,3,3,False,45164,866,0.005307,13.49
0.0,0,0.0,0.0,temporal_cochange,gpt_oss_120b,10.883015959814806,53264,pandas/44,pandas,44,1,3,False,34373,1194,0.003409,17.16
0.0,0,0.0,0.0,temporal_cochange,gpt_oss_120b,10.883015959814806,53264,pandas/44,pandas,44,2,6,False,45854,2113,0.005218,25.03
0.0,0,0.0,0.0,temporal_cochange,gpt_oss_120b,10.883015959814806,53264,pandas/44,pandas,44,3,7,False,60963,3116,0.005938,53.59
0.8,0,1.0,0.6667,temporal_cochange,gpt_oss_120b,9.346705246496699,11461,requests/12,requests,12,1,26,False,208466,11265,0.015552,142.06
0.5,0,1.0,0.3333,temporal_cochange,gpt_oss_120b,9.346705246496699,11461,requests/12,requests,12,2,21,False,110907,5561,0.009796,67.62
0.5,0,1.0,0.3333,temporal_cochange,gpt_oss_120b,9.346705246496699,11461,requests/12,requests,12,3,13,False,47062,3940,0.005233,39.49
1.0,1,1.0,1.0,temporal_cochange,gpt_oss_120b,9.348274558065496,11479,requests/13,requests,13,1,9,False,56106,2696,0.005531,36.86
1.0,1,1.0,1.0,temporal_cochange,gpt_oss_120b,9.348274558065496,11479,requests/13,requests,13,2,8,False,27457,2839,0.002925,32.36
1.0,1,1.0,1.0,temporal_cochange,gpt_oss_120b,9.348274558065496,11479,requests/13,requests,13,3,9,False,40822,4789,0.005224,53.09
1.0,1,1.0,1.0,temporal_cochange,gpt_oss_120b,7.958576903813898,2860,requests/7,requests,7,1,8,False,26876,4635,0.004849,52.37
1.0,1,1.0,1.0,temporal_cochange,gpt_oss_120b,7.958576903813898,2860,requests/7,requests,7,2,5,False,13190,1542,0.002191,16.86
1.0,1,1.0,1.0,temporal_cochange,gpt_oss_120b,7.958576903813898,2860,requests/7,requests,7,3,8,False,26094,4388,0.004345,48.14
1.0,1,1.0,1.0,temporal_cochange,gpt_oss_120b,10.031000872835088,22720,rich/1,rich,1,1,11,False,76784,3557,0.006777,43.17
1.0,1,1.0,1.0,temporal_cochange,gpt_oss_120b,10.031000872835088,22720,rich/1,rich,1,2,21,False,155262,7857,0.011361,106.63
1.0,1,1.0,1.0,temporal_cochange,gpt_oss_120b,10.031000872835088,22720,rich/1,rich,1,3,11,False,68593,2034,0.005154,28.82
0.0,0,0.0,0.0,temporal_cochange,gpt_oss_120b,10.051648903516648,23194,rich/12,rich,12,1,15,False,126056,6108,0.009691,79.44
0.0,0,0.0,0.0,temporal_cochange,gpt_oss_120b,10.051648903516648,23194,rich/12,rich,12,2,12,False,89270,2451,0.007666,43.65
0.0,0,0.0,0.0,temporal_cochange,gpt_oss_120b,10.051648903516648,23194,rich/12,rich,12,3,20,False,151751,9450,0.011439,104.27
1.0,1,1.0,1.0,temporal_cochange,gpt_oss_120b,10.039939675671627,22924,rich/8,rich,8,1,8,False,70666,2456,0.006856,34.05
1.0,1,1.0,1.0,temporal_cochange,gpt_oss_120b,10.039939675671627,22924,rich/8,rich,8,2,9,False,78710,3041,0.007643,42.69
1.0,1,1.0,1.0,temporal_cochange,gpt_oss_120b,10.039939675671627,22924,rich/8,rich,8,3,7,False,57692,1833,0.00459,25.28
0.6667,0,1.0,0.5,temporal_cochange,gpt_oss_120b,11.620954417182327,111408,scikit-learn/45,scikit-learn,45,1,18,False,250778,3609,0.012068,70.19
0.6667,0,1.0,0.5,temporal_cochange,gpt_oss_120b,11.620954417182327,111408,scikit-learn/45,scikit-learn,45,2,13,False,237264,2959,0.017113,64.38
0.6667,0,1.0,0.5,temporal_cochange,gpt_oss_120b,11.620954417182327,111408,scikit-learn/45,scikit-learn,45,3,4,False,61413,675,0.004839,16.62
1.0,1,1.0,1.0,temporal_cochange,gpt_oss_120b,11.55076060327325,103856,scikit-learn/49,scikit-learn,49,1,9,False,145958,7450,0.013236,91.75
1.0,1,1.0,1.0,temporal_cochange,gpt_oss_120b,11.55076060327325,103856,scikit-learn/49,scikit-learn,49,2,8,False,166586,5058,0.010218,54.22
1.0,1,1.0,1.0,temporal_cochange,gpt_oss_120b,11.55076060327325,103856,scikit-learn/49,scikit-learn,49,3,8,False,135714,5889,0.010962,71.6
1.0,1,1.0,1.0,temporal_cochange,gpt_oss_120b,11.525654110946952,101281,scikit-learn/5,scikit-learn,5,1,6,False,87402,4529,0.008615,50.12
1.0,1,1.0,1.0,temporal_cochange,gpt_oss_120b,11.525654110946952,101281,scikit-learn/5,scikit-learn,5,2,11,False,192479,13258,0.01375,150.74
1.0,1,1.0,1.0,temporal_cochange,gpt_oss_120b,11.525654110946952,101281,scikit-learn/5,scikit-learn,5,3,6,False,102621,4843,0.008929,57.64
1.0,1,1.0,1.0,temporal_cochange,gpt_oss_120b,9.796458979777604,17970,scrapy/20,scrapy,20,1,18,False,273198,6093,0.0129,96.24
1.0,1,1.0,1.0,temporal_cochange,gpt_oss_120b,9.796458979777604,17970,scrapy/20,scrapy,20,2,7,False,90622,1578,0.004831,26.46
1.0,1,1.0,1.0,temporal_cochange,gpt_oss_120b,9.796458979777604,17970,scrapy/20,scrapy,20,3,4,False,40733,745,0.004174,11.56
1.0,1,1.0,1.0,temporal_cochange,gpt_oss_120b,9.655026193237628,15600,scrapy/26,scrapy,26,1,17,False,240311,3156,0.012383,72.12
1.0,1,1.0,1.0,temporal_cochange,gpt_oss_120b,9.655026193237628,15600,scrapy/26,scrapy,26,2,12,False,154289,5959,0.012091,76.38
1.0,1,1.0,1.0,temporal_cochange,gpt_oss_120b,9.655026193237628,15600,scrapy/26,scrapy,26,3,14,False,184111,3574,0.011594,58.71
0.0,0,0.0,0.0,temporal_cochange,gpt_oss_120b,9.73477299914839,16895,scrapy/48,scrapy,48,1,18,False,288516,8067,0.017308,176.83
0.5,0,0.5,0.5,temporal_cochange,gpt_oss_120b,9.73477299914839,16895,scrapy/48,scrapy,48,2,20,False,289777,6357,0.010523,91.68
0.0,0,0.0,0.0,temporal_cochange,gpt_oss_120b,9.73477299914839,16895,scrapy/48,scrapy,48,3,21,False,321818,8883,0.017791,123.33
1.0,1,1.0,1.0,temporal_cochange,gpt_oss_120b,9.961803629358965,21201,stable-diffusion-webui/0,stable-diffusion-webui,0,1,4,False,90452,1133,0.009426,23.08
1.0,1,1.0,1.0,temporal_cochange,gpt_oss_120b,9.961803629358965,21201,stable-diffusion-webui/0,stable-diffusion-webui,0,2,2,False,33480,325,0.002955,7.5
1.0,1,1.0,1.0,temporal_cochange,gpt_oss_120b,9.961803629358965,21201,stable-diffusion-webui/0,stable-diffusion-webui,0,3,5,False,112055,1317,0.009571,27.87
1.0,1,1.0,1.0,temporal_cochange,gpt_oss_120b,9.908425341565751,20099,stable-diffusion-webui/13,stable-diffusion-webui,13,1,20,False,349248,7269,0.020869,116.69
0.0,0,0.0,0.0,temporal_cochange,gpt_oss_120b,9.908425341565751,20099,stable-diffusion-webui/13,stable-diffusion-webui,13,2,7,False,120049,1784,0.010823,33.88
1.0,1,1.0,1.0,temporal_cochange,gpt_oss_120b,9.908425341565751,20099,stable-diffusion-webui/13,stable-diffusion-webui,13,3,17,False,273302,4186,0.014404,76.08
0.0,0,0.0,0.0,temporal_cochange,gpt_oss_120b,10.028797743501574,22670,stable-diffusion-webui/5,stable-diffusion-webui,5,1,9,False,107135,3088,0.008368,31.18
0.6667,0,1.0,0.5,temporal_cochange,gpt_oss_120b,10.028797743501574,22670,stable-diffusion-webui/5,stable-diffusion-webui,5,2,23,False,264175,6026,0.012064,84.74
0.5,0,0.5,0.5,temporal_cochange,gpt_oss_120b,10.028797743501574,22670,stable-diffusion-webui/5,stable-diffusion-webui,5,3,13,False,151747,6490,0.010529,61.86
0.0,0,0.0,0.0,temporal_cochange,gpt_oss_120b,8.483636407887394,4835,thefuck/10,thefuck,10,1,8,False,88286,2283,0.004302,20.7
0.0,0,0.0,0.0,temporal_cochange,gpt_oss_120b,8.483636407887394,4835,thefuck/10,thefuck,10,2,12,False,137170,5798,0.007219,62.83
0.0,0,0.0,0.0,temporal_cochange,gpt_oss_120b,8.483636407887394,4835,thefuck/10,thefuck,10,3,8,False,95410,3706,0.00548,45.79
0.0,0,0.0,0.0,temporal_cochange,gpt_oss_120b,8.270781013162674,3908,thefuck/20,thefuck,20,1,11,False,114513,4962,0.009166,57.17
0.0,0,0.0,0.0,temporal_cochange,gpt_oss_120b,8.270781013162674,3908,thefuck/20,thefuck,20,2,5,False,56108,4804,0.006315,51.93
0.0,0,0.0,0.0,temporal_cochange,gpt_oss_120b,8.270781013162674,3908,thefuck/20,thefuck,20,3,15,False,167507,6529,0.011538,82.66
1.0,1,1.0,1.0,temporal_cochange,gpt_oss_120b,7.822845290279774,2497,thefuck/5,thefuck,5,1,5,False,38424,1259,0.00427,15.95
1.0,1,1.0,1.0,temporal_cochange,gpt_oss_120b,7.822845290279774,2497,thefuck/5,thefuck,5,2,12,False,98766,6138,0.008251,61.56
1.0,1,1.0,1.0,temporal_cochange,gpt_oss_120b,7.822845290279774,2497,thefuck/5,thefuck,5,3,6,False,54121,3732,0.005893,32.97
1.0,1,1.0,1.0,temporal_cochange,gpt_oss_120b,12.430331574579306,250279,transformers/25,transformers,25,1,6,False,282813,1666,0.011477,50.09
1.0,1,1.0,1.0,temporal_cochange,gpt_oss_120b,12.430331574579306,250279,transformers/25,transformers,25,2,13,False,583940,6781,0.024981,153.07
1.0,1,1.0,1.0,temporal_cochange,gpt_oss_120b,12.430331574579306,250279,transformers/25,transformers,25,3,4,False,200624,1844,0.015193,40.29
0.1538,0,1.0,0.0833,temporal_cochange,gpt_oss_120b,12.407424472605875,244611,transformers/27,transformers,27,1,3,False,160649,648,0.019066,23.88
0.1538,0,1.0,0.0833,temporal_cochange,gpt_oss_120b,12.407424472605875,244611,transformers/27,transformers,27,2,5,False,215886,1283,0.010317,32.62
0.1538,0,1.0,0.0833,temporal_cochange,gpt_oss_120b,12.407424472605875,244611,transformers/27,transformers,27,3,4,False,215299,1162,0.022516,43.31
0.8889,0,1.0,0.8,temporal_cochange,gpt_oss_120b,11.587420505060633,107734,transformers/5,transformers,5,1,10,False,274957,3355,0.016407,71.67
0.5714,0,1.0,0.4,temporal_cochange,gpt_oss_120b,11.587420505060633,107734,transformers/5,transformers,5,2,7,False,172096,2304,0.01676,42.01
0.8889,0,1.0,0.8,temporal_cochange,gpt_oss_120b,11.587420505060633,107734,transformers/5,transformers,5,3,12,False,305197,5380,0.016214,93.17
1.0,1,1.0,1.0,temporal_cochange,gpt_oss_120b,12.095096391086711,178992,yt-dlp/23,yt-dlp,23,1,10,False,571329,5422,0.035209,168.28
1.0,1,1.0,1.0,temporal_cochange,gpt_oss_120b,12.095096391086711,178992,yt-dlp/23,yt-dlp,23,2,9,False,566569,5843,0.020369,161.7
1.0,1,1.0,1.0,temporal_cochange,gpt_oss_120b,12.095096391086711,178992,yt-dlp/23,yt-dlp,23,3,26,False,1606032,14492,0.05137,401.66
0.0,0,0.0,0.0,temporal_cochange,gpt_oss_120b,12.1489730534896,188900,yt-dlp/41,yt-dlp,41,1,11,False,719870,9211,0.041545,317.67
0.0,0,0.0,0.0,temporal_cochange,gpt_oss_120b,12.1489730534896,188900,yt-dlp/41,yt-dlp,41,2,1,False,58444,797,0.009197,21.82
0.0,0,0.0,0.0,temporal_cochange,gpt_oss_120b,12.1489730534896,188900,yt-dlp/41,yt-dlp,41,3,13,False,875294,9285,0.037933,302.08
0.5,0,0.5,0.5,temporal_cochange,gpt_oss_120b,12.198660241414718,198523,yt-dlp/45,yt-dlp,45,1,11,False,766002,6135,0.043992,190.67
0.6667,0,1.0,0.5,temporal_cochange,gpt_oss_120b,12.198660241414718,198523,yt-dlp/45,yt-dlp,45,2,9,False,639003,6050,0.032687,180.29
0.6667,0,1.0,0.5,temporal_cochange,gpt_oss_120b,12.198660241414718,198523,yt-dlp/45,yt-dlp,45,3,7,False,492812,5492,0.028755,188.33
1.0,1,1.0,1.0,temporal_cochange,deepseek_flash,12.068688124847148,174327,core/16,core,16,1,8,False,586589,2739,0.00467,47.24
1.0,1,1.0,1.0,temporal_cochange,deepseek_flash,12.068688124847148,174327,core/16,core,16,2,9,False,731136,5778,0.006405,74.18
1.0,1,1.0,1.0,temporal_cochange,deepseek_flash,12.068688124847148,174327,core/16,core,16,3,7,False,529548,4387,0.004785,55.73
1.0,1,1.0,1.0,temporal_cochange,deepseek_flash,11.506545154005941,99364,core/20,core,20,1,6,False,279371,3442,0.003372,45.27
1.0,1,1.0,1.0,temporal_cochange,deepseek_flash,11.506545154005941,99364,core/20,core,20,2,24,False,1234322,7091,0.007604,110.73
1.0,1,1.0,1.0,temporal_cochange,deepseek_flash,11.506545154005941,99364,core/20,core,20,3,4,False,191628,2955,0.002735,34.19
0.0,0,0.0,0.0,temporal_cochange,deepseek_flash,8.579980179515003,5324,fastapi/17,fastapi,17,1,30,False,889267,31684,0.018955,349.66
0.0,0,0.0,0.0,temporal_cochange,deepseek_flash,8.579980179515003,5324,fastapi/17,fastapi,17,2,30,True,387413,12616,0.008194,162.07
0.0,0,0.0,0.0,temporal_cochange,deepseek_flash,8.579980179515003,5324,fastapi/17,fastapi,17,3,30,True,590803,15083,0.011877,198.21
0.5,1,0.3333,1.0,temporal_cochange,deepseek_flash,8.518991573357617,5009,fastapi/20,fastapi,20,1,30,True,750766,8527,0.011784,160.15
0.0,0,0.0,0.0,temporal_cochange,deepseek_flash,8.518991573357617,5009,fastapi/20,fastapi,20,2,25,False,642156,5057,0.007268,104.55
0.4,1,0.25,1.0,temporal_cochange,deepseek_flash,8.518991573357617,5009,fastapi/20,fastapi,20,3,30,True,331175,8094,0.006378,135.07
0.5,0,1.0,0.3333,temporal_cochange,deepseek_flash,8.482187582217422,4828,fastapi/9,fastapi,9,1,20,False,201451,5853,0.00371,88.62
0.5,0,1.0,0.3333,temporal_cochange,deepseek_flash,8.482187582217422,4828,fastapi/9,fastapi,9,2,23,False,212756,9063,0.004032,116.97
0.5,0,1.0,0.3333,temporal_cochange,deepseek_flash,8.482187582217422,4828,fastapi/9,fastapi,9,3,19,False,303617,4560,0.004217,80.29
0.6667,0,1.0,0.5,temporal_cochange,deepseek_flash,8.808369153122275,6690,flask/18,flask,18,1,6,False,75850,3192,0.002995,38.73
1.0,1,1.0,1.0,temporal_cochange,deepseek_flash,8.808369153122275,6690,flask/18,flask,18,2,12,False,55027,3354,0.001601,48.74
0.6667,0,1.0,0.5,temporal_cochange,deepseek_flash,8.808369153122275,6690,flask/18,flask,18,3,18,False,108197,4659,0.002456,67.04
1.0,1,1.0,1.0,temporal_cochange,deepseek_flash,8.899457906353966,7328,flask/3,flask,3,1,30,True,335926,16586,0.008876,216.76
1.0,1,1.0,1.0,temporal_cochange,deepseek_flash,8.899457906353966,7328,flask/3,flask,3,2,30,True,406850,13378,0.00874,162.61
1.0,1,1.0,1.0,temporal_cochange,deepseek_flash,8.899457906353966,7328,flask/3,flask,3,3,30,True,351665,10094,0.007312,141.16
1.0,1,1.0,1.0,temporal_cochange,deepseek_flash,8.827468112520654,6819,flask/6,flask,6,1,7,False,36561,4823,0.002219,51.44
1.0,1,1.0,1.0,temporal_cochange,deepseek_flash,8.827468112520654,6819,flask/6,flask,6,2,8,False,99542,6119,0.003444,64.59
1.0,1,1.0,1.0,temporal_cochange,deepseek_flash,8.827468112520654,6819,flask/6,flask,6,3,5,False,23950,5580,0.002035,54.53
0.5,1,0.3333,1.0,temporal_cochange,deepseek_flash,8.341410211461865,4194,gpt-engineer/11,gpt-engineer,11,1,5,False,67316,3693,0.003416,45.22
0.5,1,0.3333,1.0,temporal_cochange,deepseek_flash,8.341410211461865,4194,gpt-engineer/11,gpt-engineer,11,2,7,False,103431,3667,0.003372,48.44
0.5,1,0.3333,1.0,temporal_cochange,deepseek_flash,8.341410211461865,4194,gpt-engineer/11,gpt-engineer,11,3,13,False,157857,3906,0.003103,66.43
0.6667,0,1.0,0.5,temporal_cochange,deepseek_flash,8.029432840581244,3070,gpt-engineer/12,gpt-engineer,12,1,9,False,98924,5416,0.003652,59.21
0.6667,0,1.0,0.5,temporal_cochange,deepseek_flash,8.029432840581244,3070,gpt-engineer/12,gpt-engineer,12,2,15,False,209576,7909,0.004774,91.51
0.6667,0,1.0,0.5,temporal_cochange,deepseek_flash,8.029432840581244,3070,gpt-engineer/12,gpt-engineer,12,3,10,False,118889,6427,0.003973,68.38
0.6667,1,0.5,1.0,temporal_cochange,deepseek_flash,8.36380888451688,4289,gpt-engineer/9,gpt-engineer,9,1,19,False,515741,23691,0.011928,253.18
0.6667,1,0.5,1.0,temporal_cochange,deepseek_flash,8.36380888451688,4289,gpt-engineer/9,gpt-engineer,9,2,23,False,648163,19181,0.010641,210.59
0.6667,1,0.5,1.0,temporal_cochange,deepseek_flash,8.36380888451688,4289,gpt-engineer/9,gpt-engineer,9,3,20,False,409787,14750,0.007533,152.83
0.0,0,0.0,0.0,temporal_cochange,deepseek_flash,10.196231790580173,26802,keras/12,keras,12,1,18,False,168391,4390,0.003484,81.8
0.2857,0,0.5,0.2,temporal_cochange,deepseek_flash,10.196231790580173,26802,keras/12,keras,12,2,18,False,199904,5845,0.003597,90.3
0.2857,0,0.5,0.2,temporal_cochange,deepseek_flash,10.196231790580173,26802,keras/12,keras,12,3,17,False,194156,5524,0.00351,79.98
0.0,0,0.0,0.0,temporal_cochange,deepseek_flash,10.349134450277123,31230,keras/5,keras,5,1,30,True,736842,22445,0.014961,252.69
0.0,0,0.0,0.0,temporal_cochange,deepseek_flash,10.349134450277123,31230,keras/5,keras,5,2,30,True,790086,30432,0.020033,305.26
0.0,0,0.0,0.0,temporal_cochange,deepseek_flash,10.349134450277123,31230,keras/5,keras,5,3,30,True,901762,17261,0.017807,212.38
1.0,1,1.0,1.0,temporal_cochange,deepseek_flash,10.444153492313001,34343,keras/9,keras,9,1,9,False,165227,14512,0.006683,147.24
1.0,1,1.0,1.0,temporal_cochange,deepseek_flash,10.444153492313001,34343,keras/9,keras,9,2,7,False,104236,8325,0.004051,94.6
1.0,1,1.0,1.0,temporal_cochange,deepseek_flash,10.444153492313001,34343,keras/9,keras,9,3,5,False,58201,3893,0.002512,41.25
0.25,0,1.0,0.1429,temporal_cochange,deepseek_flash,9.61953186182516,15056,localstack/19,localstack,19,1,9,False,91137,2205,0.002032,36.24
0.2,0,0.3333,0.1429,temporal_cochange,deepseek_flash,9.61953186182516,15056,localstack/19,localstack,19,2,10,False,102745,3814,0.002474,52.37
0.25,0,1.0,0.1429,temporal_cochange,deepseek_flash,9.61953186182516,15056,localstack/19,localstack,19,3,12,False,108289,3118,0.001703,45.15
1.0,1,1.0,1.0,temporal_cochange,deepseek_flash,10.563155506021905,38683,localstack/2,localstack,2,1,29,False,1329449,8621,0.017311,163.95
1.0,1,1.0,1.0,temporal_cochange,deepseek_flash,10.563155506021905,38683,localstack/2,localstack,2,2,30,True,719166,6818,0.007883,134.61
1.0,1,1.0,1.0,temporal_cochange,deepseek_flash,10.563155506021905,38683,localstack/2,localstack,2,3,30,True,1069090,11307,0.012978,177.91
1.0,1,1.0,1.0,temporal_cochange,deepseek_flash,9.860214640302662,19153,localstack/9,localstack,9,1,30,True,502383,21829,0.014418,235.21
1.0,1,1.0,1.0,temporal_cochange,deepseek_flash,9.860214640302662,19153,localstack/9,localstack,9,2,23,False,455943,17226,0.007945,201.54
1.0,1,1.0,1.0,temporal_cochange,deepseek_flash,9.860214640302662,19153,localstack/9,localstack,9,3,30,True,481490,30512,0.012555,316.83
0.0,0,0.0,0.0,temporal_cochange,deepseek_flash,11.189312196300184,72353,pandas/26,pandas,26,1,30,True,335580,4085,0.004361,96.35
1.0,1,1.0,1.0,temporal_cochange,deepseek_flash,11.189312196300184,72353,pandas/26,pandas,26,2,26,False,287295,4440,0.005094,83.86
0.0,0,0.0,0.0,temporal_cochange,deepseek_flash,11.189312196300184,72353,pandas/26,pandas,26,3,30,True,594079,3967,0.008416,111.66
0.0,0,0.0,0.0,temporal_cochange,deepseek_flash,11.270446177349276,78468,pandas/35,pandas,35,1,30,True,390796,10022,0.007853,137.86
0.0,0,0.0,0.0,temporal_cochange,deepseek_flash,11.270446177349276,78468,pandas/35,pandas,35,2,30,True,381264,9406,0.006838,138.39
0.0,0,0.0,0.0,temporal_cochange,deepseek_flash,11.270446177349276,78468,pandas/35,pandas,35,3,30,True,438294,9459,0.007584,138.09
0.0,0,0.0,0.0,temporal_cochange,deepseek_flash,12.08721590866289,177587,pandas/38,pandas,38,1,30,True,827094,6774,0.008808,120.0
0.0,0,0.0,0.0,temporal_cochange,deepseek_flash,12.08721590866289,177587,pandas/38,pandas,38,2,30,True,848253,5427,0.008548,126.84
0.0,0,0.0,0.0,temporal_cochange,deepseek_flash,12.08721590866289,177587,pandas/38,pandas,38,3,30,True,878524,7383,0.009821,141.86
0.0,0,0.0,0.0,temporal_cochange,deepseek_flash,10.883015959814806,53264,pandas/44,pandas,44,1,20,False,205516,4817,0.003375,75.29
0.5,0,0.5,0.5,temporal_cochange,deepseek_flash,10.883015959814806,53264,pandas/44,pandas,44,2,30,True,344001,8584,0.00543,135.62
0.0,0,0.0,0.0,temporal_cochange,deepseek_flash,10.883015959814806,53264,pandas/44,pandas,44,3,18,False,170239,4387,0.002407,70.38
1.0,1,1.0,1.0,temporal_cochange,deepseek_flash,9.346705246496699,11461,requests/12,requests,12,1,4,False,26218,1954,0.002426,21.54
1.0,1,1.0,1.0,temporal_cochange,deepseek_flash,9.346705246496699,11461,requests/12,requests,12,2,10,False,130408,3751,0.003555,47.75
1.0,1,1.0,1.0,temporal_cochange,deepseek_flash,9.346705246496699,11461,requests/12,requests,12,3,6,False,58685,4852,0.0032,46.84
1.0,1,1.0,1.0,temporal_cochange,deepseek_flash,9.348274558065496,11479,requests/13,requests,13,1,5,False,52920,6850,0.0039,65.54
1.0,1,1.0,1.0,temporal_cochange,deepseek_flash,9.348274558065496,11479,requests/13,requests,13,2,16,False,167741,8756,0.004668,108.35
1.0,1,1.0,1.0,temporal_cochange,deepseek_flash,9.348274558065496,11479,requests/13,requests,13,3,15,False,243809,7515,0.005259,90.97
1.0,1,1.0,1.0,temporal_cochange,deepseek_flash,7.958576903813898,2860,requests/7,requests,7,1,8,False,37915,5196,0.002127,58.55
1.0,1,1.0,1.0,temporal_cochange,deepseek_flash,7.958576903813898,2860,requests/7,requests,7,2,8,False,36824,2761,0.001327,40.75
1.0,1,1.0,1.0,temporal_cochange,deepseek_flash,7.958576903813898,2860,requests/7,requests,7,3,9,False,54975,5791,0.002258,62.78
1.0,1,1.0,1.0,temporal_cochange,deepseek_flash,10.031000872835088,22720,rich/1,rich,1,1,6,False,34601,2247,0.001487,29.02
1.0,1,1.0,1.0,temporal_cochange,deepseek_flash,10.031000872835088,22720,rich/1,rich,1,2,8,False,52912,3394,0.001527,42.54
1.0,1,1.0,1.0,temporal_cochange,deepseek_flash,10.031000872835088,22720,rich/1,rich,1,3,4,False,20976,1270,0.000693,19.23
0.4,0,1.0,0.25,temporal_cochange,deepseek_flash,10.051648903516648,23194,rich/12,rich,12,1,20,False,738528,20977,0.011643,245.25
0.4,0,1.0,0.25,temporal_cochange,deepseek_flash,10.051648903516648,23194,rich/12,rich,12,2,30,True,781301,24485,0.014855,265.03
0.6667,0,1.0,0.5,temporal_cochange,deepseek_flash,10.051648903516648,23194,rich/12,rich,12,3,22,False,652106,20808,0.010525,189.9
1.0,1,1.0,1.0,temporal_cochange,deepseek_flash,10.039939675671627,22924,rich/8,rich,8,1,7,False,74180,1854,0.002352,29.17
1.0,1,1.0,1.0,temporal_cochange,deepseek_flash,10.039939675671627,22924,rich/8,rich,8,2,6,False,54719,1309,0.001406,25.21
1.0,1,1.0,1.0,temporal_cochange,deepseek_flash,10.039939675671627,22924,rich/8,rich,8,3,7,False,67899,1765,0.001781,27.73
0.6667,0,1.0,0.5,temporal_cochange,deepseek_flash,11.620954417182327,111408,scikit-learn/45,scikit-learn,45,1,14,False,229387,2955,0.003052,53.07
0.6667,0,1.0,0.5,temporal_cochange,deepseek_flash,11.620954417182327,111408,scikit-learn/45,scikit-learn,45,2,21,False,490865,4302,0.004544,89.28
0.6667,0,1.0,0.5,temporal_cochange,deepseek_flash,11.620954417182327,111408,scikit-learn/45,scikit-learn,45,3,10,False,161802,2046,0.001695,39.28
1.0,1,1.0,1.0,temporal_cochange,deepseek_flash,11.55076060327325,103856,scikit-learn/49,scikit-learn,49,1,13,False,357989,3242,0.005893,51.96
1.0,1,1.0,1.0,temporal_cochange,deepseek_flash,11.55076060327325,103856,scikit-learn/49,scikit-learn,49,2,10,False,245035,3614,0.003934,57.88
1.0,1,1.0,1.0,temporal_cochange,deepseek_flash,11.55076060327325,103856,scikit-learn/49,scikit-learn,49,3,21,False,466865,4257,0.004631,82.6
1.0,1,1.0,1.0,temporal_cochange,deepseek_flash,11.525654110946952,101281,scikit-learn/5,scikit-learn,5,1,9,False,254454,21268,0.008879,218.04
1.0,1,1.0,1.0,temporal_cochange,deepseek_flash,11.525654110946952,101281,scikit-learn/5,scikit-learn,5,2,28,False,918223,45724,0.019775,430.32
1.0,1,1.0,1.0,temporal_cochange,deepseek_flash,11.525654110946952,101281,scikit-learn/5,scikit-learn,5,3,21,False,511027,35418,0.01283,414.9
1.0,1,1.0,1.0,temporal_cochange,deepseek_flash,9.796458979777604,17970,scrapy/20,scrapy,20,1,4,False,55731,1946,0.002376,28.01
1.0,1,1.0,1.0,temporal_cochange,deepseek_flash,9.796458979777604,17970,scrapy/20,scrapy,20,2,5,False,73258,1433,0.001754,22.14
1.0,1,1.0,1.0,temporal_cochange,deepseek_flash,9.796458979777604,17970,scrapy/20,scrapy,20,3,3,False,37796,1030,0.001031,14.33
0.5,1,0.3333,1.0,temporal_cochange,deepseek_flash,9.655026193237628,15600,scrapy/26,scrapy,26,1,9,False,185915,3956,0.0042,60.25
0.6667,1,0.5,1.0,temporal_cochange,deepseek_flash,9.655026193237628,15600,scrapy/26,scrapy,26,2,9,False,208699,5160,0.004549,70.99
0.6667,1,0.5,1.0,temporal_cochange,deepseek_flash,9.655026193237628,15600,scrapy/26,scrapy,26,3,14,False,289033,5740,0.004385,82.47
0.6667,0,1.0,0.5,temporal_cochange,deepseek_flash,9.73477299914839,16895,scrapy/48,scrapy,48,1,23,False,443975,5084,0.004696,96.08
0.6667,0,1.0,0.5,temporal_cochange,deepseek_flash,9.73477299914839,16895,scrapy/48,scrapy,48,2,16,False,296942,5156,0.00366,79.46
0.6667,0,1.0,0.5,temporal_cochange,deepseek_flash,9.73477299914839,16895,scrapy/48,scrapy,48,3,15,False,271573,3704,0.002933,66.13
1.0,1,1.0,1.0,temporal_cochange,deepseek_flash,9.961803629358965,21201,stable-diffusion-webui/0,stable-diffusion-webui,0,1,11,False,272466,3181,0.005546,52.77
1.0,1,1.0,1.0,temporal_cochange,deepseek_flash,9.961803629358965,21201,stable-diffusion-webui/0,stable-diffusion-webui,0,2,10,False,247181,4087,0.004385,61.78
1.0,1,1.0,1.0,temporal_cochange,deepseek_flash,9.961803629358965,21201,stable-diffusion-webui/0,stable-diffusion-webui,0,3,5,False,110375,1622,0.002999,25.4
1.0,1,1.0,1.0,temporal_cochange,deepseek_flash,9.908425341565751,20099,stable-diffusion-webui/13,stable-diffusion-webui,13,1,26,False,651582,13173,0.010035,177.18
0.6667,1,0.5,1.0,temporal_cochange,deepseek_flash,9.908425341565751,20099,stable-diffusion-webui/13,stable-diffusion-webui,13,2,18,False,708056,15446,0.011658,160.8
1.0,1,1.0,1.0,temporal_cochange,deepseek_flash,9.908425341565751,20099,stable-diffusion-webui/13,stable-diffusion-webui,13,3,30,False,792996,17688,0.011586,229.18
1.0,1,1.0,1.0,temporal_cochange,deepseek_flash,10.028797743501574,22670,stable-diffusion-webui/5,stable-diffusion-webui,5,1,12,False,237289,15651,0.008082,141.8
1.0,1,1.0,1.0,temporal_cochange,deepseek_flash,10.028797743501574,22670,stable-diffusion-webui/5,stable-diffusion-webui,5,2,16,False,326502,18674,0.009669,163.15
1.0,1,1.0,1.0,temporal_cochange,deepseek_flash,10.028797743501574,22670,stable-diffusion-webui/5,stable-diffusion-webui,5,3,14,False,264523,17825,0.00813,156.98
0.4,0,0.5,0.3333,temporal_cochange,deepseek_flash,8.483636407887394,4835,thefuck/10,thefuck,10,1,29,False,978393,31342,0.023487,287.73
0.0,0,0.0,0.0,temporal_cochange,deepseek_flash,8.483636407887394,4835,thefuck/10,thefuck,10,2,29,False,1048523,45923,0.026324,409.43
0.4,0,0.5,0.3333,temporal_cochange,deepseek_flash,8.483636407887394,4835,thefuck/10,thefuck,10,3,29,False,1400811,62017,0.032857,549.37
0.0,0,0.0,0.0,temporal_cochange,deepseek_flash,8.270781013162674,3908,thefuck/20,thefuck,20,1,11,False,162539,5274,0.003755,69.3
0.0,0,0.0,0.0,temporal_cochange,deepseek_flash,8.270781013162674,3908,thefuck/20,thefuck,20,2,10,False,163369,8112,0.003542,86.69
0.0,0,0.0,0.0,temporal_cochange,deepseek_flash,8.270781013162674,3908,thefuck/20,thefuck,20,3,8,False,109338,3625,0.001869,46.31
1.0,1,1.0,1.0,temporal_cochange,deepseek_flash,7.822845290279774,2497,thefuck/5,thefuck,5,1,9,False,88262,3131,0.002696,42.24
1.0,1,1.0,1.0,temporal_cochange,deepseek_flash,7.822845290279774,2497,thefuck/5,thefuck,5,2,8,False,81357,2245,0.001657,37.08
1.0,1,1.0,1.0,temporal_cochange,deepseek_flash,7.822845290279774,2497,thefuck/5,thefuck,5,3,8,False,78390,2794,0.00187,38.57
1.0,1,1.0,1.0,temporal_cochange,deepseek_flash,12.430331574579306,250279,transformers/25,transformers,25,1,8,False,369276,4514,0.003667,54.03
1.0,1,1.0,1.0,temporal_cochange,deepseek_flash,12.430331574579306,250279,transformers/25,transformers,25,2,8,False,368548,3681,0.002788,52.96
1.0,1,1.0,1.0,temporal_cochange,deepseek_flash,12.430331574579306,250279,transformers/25,transformers,25,3,9,False,417192,3856,0.002938,57.15
0.1538,0,1.0,0.0833,temporal_cochange,deepseek_flash,12.407424472605875,244611,transformers/27,transformers,27,1,9,False,437227,2901,0.004018,51.34
0.1538,0,1.0,0.0833,temporal_cochange,deepseek_flash,12.407424472605875,244611,transformers/27,transformers,27,2,15,False,772903,5643,0.005629,80.79
0.1538,0,1.0,0.0833,temporal_cochange,deepseek_flash,12.407424472605875,244611,transformers/27,transformers,27,3,20,False,1179653,7531,0.015001,116.28
0.8889,0,1.0,0.8,temporal_cochange,deepseek_flash,11.587420505060633,107734,transformers/5,transformers,5,1,12,False,546068,6094,0.008875,82.02
0.75,0,1.0,0.6,temporal_cochange,deepseek_flash,11.587420505060633,107734,transformers/5,transformers,5,2,22,False,949071,5674,0.00863,97.28
0.8889,0,1.0,0.8,temporal_cochange,deepseek_flash,11.587420505060633,107734,transformers/5,transformers,5,3,29,False,1424856,9130,0.017517,162.25
0.6667,1,0.5,1.0,temporal_cochange,deepseek_flash,12.095096391086711,178992,yt-dlp/23,yt-dlp,23,1,23,False,1632595,18013,0.012085,224.39
1.0,1,1.0,1.0,temporal_cochange,deepseek_flash,12.095096391086711,178992,yt-dlp/23,yt-dlp,23,2,25,False,1699001,6655,0.00856,134.21
1.0,1,1.0,1.0,temporal_cochange,deepseek_flash,12.095096391086711,178992,yt-dlp/23,yt-dlp,23,3,10,False,650905,4834,0.004584,73.93
0.4,1,0.25,1.0,temporal_cochange,deepseek_flash,12.1489730534896,188900,yt-dlp/41,yt-dlp,41,1,30,True,2262825,16771,0.015761,274.23
0.4,1,0.25,1.0,temporal_cochange,deepseek_flash,12.1489730534896,188900,yt-dlp/41,yt-dlp,41,2,21,False,1638599,11556,0.010696,156.52
0.4,1,0.25,1.0,temporal_cochange,deepseek_flash,12.1489730534896,188900,yt-dlp/41,yt-dlp,41,3,21,False,1612942,10792,0.01035,150.29
0.6667,0,1.0,0.5,temporal_cochange,deepseek_flash,12.198660241414718,198523,yt-dlp/45,yt-dlp,45,1,19,False,1287836,5542,0.00748,110.05
0.6667,0,1.0,0.5,temporal_cochange,deepseek_flash,12.198660241414718,198523,yt-dlp/45,yt-dlp,45,2,23,False,1575801,5491,0.007635,119.43
0.6667,0,1.0,0.5,temporal_cochange,deepseek_flash,12.198660241414718,198523,yt-dlp/45,yt-dlp,45,3,17,False,1158146,4603,0.006253,84.3
1.0,1,1.0,1.0,temporal_cochange,nemotron_super,12.068688124847148,174327,core/16,core,16,1,3,False,197220,8651,0.020224,172.23
1.0,1,1.0,1.0,temporal_cochange,nemotron_super,12.068688124847148,174327,core/16,core,16,2,3,False,195543,6661,0.019286,61.92
1.0,1,1.0,1.0,temporal_cochange,nemotron_super,12.068688124847148,174327,core/16,core,16,3,2,False,130611,3326,0.012432,104.02
1.0,1,1.0,1.0,temporal_cochange,nemotron_super,11.506545154005941,99364,core/20,core,20,1,4,False,220919,14201,0.024459,178.54
1.0,1,1.0,1.0,temporal_cochange,nemotron_super,11.506545154005941,99364,core/20,core,20,2,3,False,174658,4083,0.016479,43.47
1.0,1,1.0,1.0,temporal_cochange,nemotron_super,11.506545154005941,99364,core/20,core,20,3,5,False,220761,12600,0.023805,130.74
0.0,0,0.0,0.0,temporal_cochange,nemotron_super,8.579980179515003,5324,fastapi/17,fastapi,17,1,7,False,96020,24724,0.018051,370.66
0.0,0,0.0,0.0,temporal_cochange,nemotron_super,8.579980179515003,5324,fastapi/17,fastapi,17,2,6,False,82170,16074,0.013414,221.35
0.0,0,0.0,0.0,temporal_cochange,nemotron_super,8.579980179515003,5324,fastapi/17,fastapi,17,3,8,False,94589,17304,0.014962,487.12
0.0,0,0.0,0.0,temporal_cochange,nemotron_super,8.518991573357617,5009,fastapi/20,fastapi,20,1,9,False,90144,25517,0.017869,272.5
0.0,0,0.0,0.0,temporal_cochange,nemotron_super,8.518991573357617,5009,fastapi/20,fastapi,20,2,7,False,62425,19113,0.012951,295.45
0.0,0,0.0,0.0,temporal_cochange,nemotron_super,8.518991573357617,5009,fastapi/20,fastapi,20,3,16,False,77107,29405,0.018316,502.44
0.5,0,1.0,0.3333,temporal_cochange,nemotron_super,8.482187582217422,4828,fastapi/9,fastapi,9,1,4,False,41791,13950,0.009132,177.72
0.5,0,1.0,0.3333,temporal_cochange,nemotron_super,8.482187582217422,4828,fastapi/9,fastapi,9,2,8,False,87680,19520,0.015261,165.83
0.5,0,1.0,0.3333,temporal_cochange,nemotron_super,8.482187582217422,4828,fastapi/9,fastapi,9,3,2,False,16172,5273,0.003484,150.73
1.0,1,1.0,1.0,temporal_cochange,nemotron_super,8.808369153122275,6690,flask/18,flask,18,1,5,False,42083,6700,0.006257,60.38
1.0,1,1.0,1.0,temporal_cochange,nemotron_super,8.808369153122275,6690,flask/18,flask,18,2,8,False,94544,23677,0.017507,233.12
0.6667,0,1.0,0.5,temporal_cochange,nemotron_super,8.808369153122275,6690,flask/18,flask,18,3,6,False,55070,9079,0.008313,97.87
1.0,1,1.0,1.0,temporal_cochange,nemotron_super,8.899457906353966,7328,flask/3,flask,3,1,12,False,51270,12224,0.009248,235.69
1.0,1,1.0,1.0,temporal_cochange,nemotron_super,8.899457906353966,7328,flask/3,flask,3,2,6,False,18775,8592,0.005033,152.3
0.0,0,0.0,0.0,temporal_cochange,nemotron_super,8.899457906353966,7328,flask/3,flask,3,3,10,False,125406,38505,0.026062,561.76
1.0,1,1.0,1.0,temporal_cochange,nemotron_super,8.827468112520654,6819,flask/6,flask,6,1,2,False,12761,5153,0.003146,79.69
1.0,1,1.0,1.0,temporal_cochange,nemotron_super,8.827468112520654,6819,flask/6,flask,6,2,4,False,33557,8806,0.006375,179.67
1.0,1,1.0,1.0,temporal_cochange,nemotron_super,8.827468112520654,6819,flask/6,flask,6,3,3,False,22990,14152,0.007615,214.67
0.0,0,0.0,0.0,temporal_cochange,nemotron_super,8.341410211461865,4194,gpt-engineer/11,gpt-engineer,11,1,6,False,25838,11956,0.006979,122.19
0.0,0,0.0,0.0,temporal_cochange,nemotron_super,8.341410211461865,4194,gpt-engineer/11,gpt-engineer,11,2,4,False,16162,15705,0.007656,359.2
0.0,0,0.0,0.0,temporal_cochange,nemotron_super,8.341410211461865,4194,gpt-engineer/11,gpt-engineer,11,3,8,False,61767,8702,0.008731,216.49
0.4,0,1.0,0.25,temporal_cochange,nemotron_super,8.029432840581244,3070,gpt-engineer/12,gpt-engineer,12,1,11,False,94669,25445,0.018225,453.4
0.4,0,1.0,0.25,temporal_cochange,nemotron_super,8.029432840581244,3070,gpt-engineer/12,gpt-engineer,12,2,8,False,47087,13384,0.009356,225.63
0.4,0,1.0,0.25,temporal_cochange,nemotron_super,8.029432840581244,3070,gpt-engineer/12,gpt-engineer,12,3,7,False,41474,9455,0.007307,240.99
0.0,0,0.0,0.0,temporal_cochange,nemotron_super,8.36380888451688,4289,gpt-engineer/9,gpt-engineer,9,1,11,False,117166,20727,0.01825,866.36
1.0,1,1.0,1.0,temporal_cochange,nemotron_super,8.36380888451688,4289,gpt-engineer/9,gpt-engineer,9,2,9,False,81453,18119,0.014171,231.84
0.6667,1,0.5,1.0,temporal_cochange,nemotron_super,8.36380888451688,4289,gpt-engineer/9,gpt-engineer,9,3,5,False,35720,14509,0.00884,242.59
0.0,0,0.0,0.0,temporal_cochange,nemotron_super,10.196231790580173,26802,keras/12,keras,12,1,6,False,35101,8253,0.006285,104.58
0.0,0,0.0,0.0,temporal_cochange,nemotron_super,10.196231790580173,26802,keras/12,keras,12,2,3,False,14315,9441,0.004993,127.01
0.0,0,0.0,0.0,temporal_cochange,nemotron_super,10.196231790580173,26802,keras/12,keras,12,3,6,False,27743,15532,0.008571,178.38
0.0,0,0.0,0.0,temporal_cochange,nemotron_super,10.349134450277123,31230,keras/5,keras,5,1,11,False,267052,47203,0.041581,537.94
1.0,1,1.0,1.0,temporal_cochange,nemotron_super,10.349134450277123,31230,keras/5,keras,5,2,5,False,48958,12713,0.009247,116.9
1.0,1,1.0,1.0,temporal_cochange,nemotron_super,10.349134450277123,31230,keras/5,keras,5,3,10,False,162612,32842,0.026959,281.85
1.0,1,1.0,1.0,temporal_cochange,nemotron_super,10.444153492313001,34343,keras/9,keras,9,1,4,False,32197,12044,0.007554,143.82
1.0,1,1.0,1.0,temporal_cochange,nemotron_super,10.444153492313001,34343,keras/9,keras,9,2,2,False,15917,6265,0.003859,76.96
1.0,1,1.0,1.0,temporal_cochange,nemotron_super,10.444153492313001,34343,keras/9,keras,9,3,4,False,32175,15642,0.008992,143.29
0.0,0,0.0,0.0,temporal_cochange,nemotron_super,9.61953186182516,15056,localstack/19,localstack,19,1,8,False,50928,1718,0.005016,27.08
0.0,0,0.0,0.0,temporal_cochange,nemotron_super,9.61953186182516,15056,localstack/19,localstack,19,2,22,False,317842,14182,0.032689,288.13
0.0,0,0.0,0.0,temporal_cochange,nemotron_super,9.61953186182516,15056,localstack/19,localstack,19,3,14,False,184192,7729,0.018748,123.9
1.0,1,1.0,1.0,temporal_cochange,nemotron_super,10.563155506021905,38683,localstack/2,localstack,2,1,8,False,219642,8945,0.022248,187.12
1.0,1,1.0,1.0,temporal_cochange,nemotron_super,10.563155506021905,38683,localstack/2,localstack,2,2,8,False,198841,9012,0.020506,146.29
1.0,1,1.0,1.0,temporal_cochange,nemotron_super,10.563155506021905,38683,localstack/2,localstack,2,3,8,False,145088,4673,0.014202,92.02
1.0,1,1.0,1.0,temporal_cochange,nemotron_super,9.860214640302662,19153,localstack/9,localstack,9,1,10,False,210245,49348,0.03761,531.2
1.0,1,1.0,1.0,temporal_cochange,nemotron_super,9.860214640302662,19153,localstack/9,localstack,9,2,26,False,332850,28321,0.039621,545.13
1.0,1,1.0,1.0,temporal_cochange,nemotron_super,9.860214640302662,19153,localstack/9,localstack,9,3,9,False,148036,15741,0.018879,436.13
0.0,0,0.0,0.0,temporal_cochange,nemotron_super,11.189312196300184,72353,pandas/26,pandas,26,1,30,True,465348,14265,0.045261,208.66
1.0,1,1.0,1.0,temporal_cochange,nemotron_super,11.189312196300184,72353,pandas/26,pandas,26,2,27,False,413371,13257,0.040439,254.76
1.0,1,1.0,1.0,temporal_cochange,nemotron_super,11.189312196300184,72353,pandas/26,pandas,26,3,30,False,280260,67194,0.0507,590.39
0.0,0,0.0,0.0,temporal_cochange,nemotron_super,11.270446177349276,78468,pandas/35,pandas,35,1,22,False,402064,27763,0.045281,487.65
0.0,0,0.0,0.0,temporal_cochange,nemotron_super,11.270446177349276,78468,pandas/35,pandas,35,2,30,True,381987,21007,0.040872,269.78
0.0,0,0.0,0.0,temporal_cochange,nemotron_super,11.270446177349276,78468,pandas/35,pandas,35,3,30,True,432998,34150,0.050465,466.41
0.6667,0,1.0,0.5,temporal_cochange,nemotron_super,12.08721590866289,177587,pandas/38,pandas,38,1,3,False,53525,3371,0.005898,72.82
0.6667,0,1.0,0.5,temporal_cochange,nemotron_super,12.08721590866289,177587,pandas/38,pandas,38,2,4,False,112558,13509,0.014971,163.14
0.6667,0,1.0,0.5,temporal_cochange,nemotron_super,12.08721590866289,177587,pandas/38,pandas,38,3,4,False,83013,14554,0.012878,141.66
0.0,0,0.0,0.0,temporal_cochange,nemotron_super,10.883015959814806,53264,pandas/44,pandas,44,1,11,False,81798,14604,0.012794,128.77
0.0,0,0.0,0.0,temporal_cochange,nemotron_super,10.883015959814806,53264,pandas/44,pandas,44,2,12,False,87419,14635,0.013285,223.27
0.0,0,0.0,0.0,temporal_cochange,nemotron_super,10.883015959814806,53264,pandas/44,pandas,44,3,15,False,114903,18251,0.017067,266.1
0.8,0,1.0,0.6667,temporal_cochange,nemotron_super,9.346705246496699,11461,requests/12,requests,12,1,8,False,27577,6909,0.005108,107.9
0.8,0,1.0,0.6667,temporal_cochange,nemotron_super,9.346705246496699,11461,requests/12,requests,12,2,7,False,39131,8759,0.00683,98.07
0.8,0,1.0,0.6667,temporal_cochange,nemotron_super,9.346705246496699,11461,requests/12,requests,12,3,11,False,55141,18414,0.012053,145.16
1.0,1,1.0,1.0,temporal_cochange,nemotron_super,9.348274558065496,11479,requests/13,requests,13,1,7,False,35559,17561,0.010047,280.91
0.0,0,0.0,0.0,temporal_cochange,nemotron_super,9.348274558065496,11479,requests/13,requests,13,2,6,False,26220,14497,0.008027,208.77
1.0,1,1.0,1.0,temporal_cochange,nemotron_super,9.348274558065496,11479,requests/13,requests,13,3,3,False,9290,15546,0.007008,233.56
1.0,1,1.0,1.0,temporal_cochange,nemotron_super,7.958576903813898,2860,requests/7,requests,7,1,7,False,20050,7207,0.004587,87.3
1.0,1,1.0,1.0,temporal_cochange,nemotron_super,7.958576903813898,2860,requests/7,requests,7,2,6,False,69541,10074,0.009941,100.81
1.0,1,1.0,1.0,temporal_cochange,nemotron_super,7.958576903813898,2860,requests/7,requests,7,3,9,False,42865,20406,0.011806,307.3
1.0,1,1.0,1.0,temporal_cochange,nemotron_super,10.031000872835088,22720,rich/1,rich,1,1,8,False,45807,4734,0.005787,49.11
1.0,1,1.0,1.0,temporal_cochange,nemotron_super,10.031000872835088,22720,rich/1,rich,1,2,9,False,51446,9049,0.007993,191.47
1.0,1,1.0,1.0,temporal_cochange,nemotron_super,10.031000872835088,22720,rich/1,rich,1,3,8,False,44756,8395,0.007162,117.29
0.4,0,1.0,0.25,temporal_cochange,nemotron_super,10.051648903516648,23194,rich/12,rich,12,1,6,False,52790,11230,0.008979,153.63
0.4,0,1.0,0.25,temporal_cochange,nemotron_super,10.051648903516648,23194,rich/12,rich,12,2,3,False,53747,20882,0.012921,335.95
0.4,0,1.0,0.25,temporal_cochange,nemotron_super,10.051648903516648,23194,rich/12,rich,12,3,4,False,41171,9265,0.007206,285.82
1.0,1,1.0,1.0,temporal_cochange,nemotron_super,10.039939675671627,22924,rich/8,rich,8,1,7,False,60549,12288,0.010062,204.64
1.0,1,1.0,1.0,temporal_cochange,nemotron_super,10.039939675671627,22924,rich/8,rich,8,2,4,False,30083,2515,0.003563,30.92
1.0,1,1.0,1.0,temporal_cochange,nemotron_super,10.039939675671627,22924,rich/8,rich,8,3,4,False,30083,2508,0.00356,54.38
0.6667,0,1.0,0.5,temporal_cochange,nemotron_super,11.620954417182327,111408,scikit-learn/45,scikit-learn,45,1,8,False,110517,6115,0.01184,134.9
0.6667,0,1.0,0.5,temporal_cochange,nemotron_super,11.620954417182327,111408,scikit-learn/45,scikit-learn,45,2,8,False,120043,8671,0.013672,173.02
0.6667,0,1.0,0.5,temporal_cochange,nemotron_super,11.620954417182327,111408,scikit-learn/45,scikit-learn,45,3,4,False,53207,3891,0.006079,84.01
1.0,1,1.0,1.0,temporal_cochange,nemotron_super,11.55076060327325,103856,scikit-learn/49,scikit-learn,49,1,16,False,324174,9483,0.031348,105.49
1.0,1,1.0,1.0,temporal_cochange,nemotron_super,11.55076060327325,103856,scikit-learn/49,scikit-learn,49,2,8,False,155607,4746,0.015125,93.64
1.0,1,1.0,1.0,temporal_cochange,nemotron_super,11.55076060327325,103856,scikit-learn/49,scikit-learn,49,3,17,False,336334,12367,0.033535,191.17
1.0,1,1.0,1.0,temporal_cochange,nemotron_super,11.525654110946952,101281,scikit-learn/5,scikit-learn,5,1,5,False,91653,15490,0.013987,127.28
1.0,1,1.0,1.0,temporal_cochange,nemotron_super,11.525654110946952,101281,scikit-learn/5,scikit-learn,5,2,3,False,42968,5903,0.006013,55.18
1.0,1,1.0,1.0,temporal_cochange,nemotron_super,11.525654110946952,101281,scikit-learn/5,scikit-learn,5,3,2,False,30440,8165,0.005853,141.83
1.0,1,1.0,1.0,temporal_cochange,nemotron_super,9.796458979777604,17970,scrapy/20,scrapy,20,1,5,False,62591,2697,0.006399,44.91
1.0,1,1.0,1.0,temporal_cochange,nemotron_super,9.796458979777604,17970,scrapy/20,scrapy,20,2,4,False,49242,3255,0.005488,53.94
1.0,1,1.0,1.0,temporal_cochange,nemotron_super,9.796458979777604,17970,scrapy/20,scrapy,20,3,4,False,48079,7134,0.00694,138.84
1.0,1,1.0,1.0,temporal_cochange,nemotron_super,9.655026193237628,15600,scrapy/26,scrapy,26,1,3,False,35473,6141,0.005472,278.36
1.0,1,1.0,1.0,temporal_cochange,nemotron_super,9.655026193237628,15600,scrapy/26,scrapy,26,2,4,False,50245,13843,0.009808,180.89
1.0,1,1.0,1.0,temporal_cochange,nemotron_super,9.655026193237628,15600,scrapy/26,scrapy,26,3,3,False,35470,7058,0.005838,138.04
0.0,0,0.0,0.0,temporal_cochange,nemotron_super,9.73477299914839,16895,scrapy/48,scrapy,48,1,6,False,103550,20103,0.016843,273.86
0.0,0,0.0,0.0,temporal_cochange,nemotron_super,9.73477299914839,16895,scrapy/48,scrapy,48,2,4,False,53740,8495,0.007966,132.4
0.6667,0,1.0,0.5,temporal_cochange,nemotron_super,9.73477299914839,16895,scrapy/48,scrapy,48,3,6,False,82687,6046,0.009447,256.56
1.0,1,1.0,1.0,temporal_cochange,nemotron_super,9.961803629358965,21201,stable-diffusion-webui/0,stable-diffusion-webui,0,1,2,False,43553,1374,0.004252,19.21
1.0,1,1.0,1.0,temporal_cochange,nemotron_super,9.961803629358965,21201,stable-diffusion-webui/0,stable-diffusion-webui,0,2,2,False,43551,4449,0.005481,53.52
1.0,1,1.0,1.0,temporal_cochange,nemotron_super,9.961803629358965,21201,stable-diffusion-webui/0,stable-diffusion-webui,0,3,4,False,92082,3945,0.009405,62.47
0.0,0,0.0,0.0,temporal_cochange,nemotron_super,9.908425341565751,20099,stable-diffusion-webui/13,stable-diffusion-webui,13,1,11,False,220961,17251,0.025682,220.82
0.6667,1,0.5,1.0,temporal_cochange,nemotron_super,9.908425341565751,20099,stable-diffusion-webui/13,stable-diffusion-webui,13,2,13,False,382614,23222,0.041811,449.23
0.0,0,0.0,0.0,temporal_cochange,nemotron_super,9.908425341565751,20099,stable-diffusion-webui/13,stable-diffusion-webui,13,3,22,False,770490,25737,0.075786,405.36
0.6667,0,1.0,0.5,temporal_cochange,nemotron_super,10.028797743501574,22670,stable-diffusion-webui/5,stable-diffusion-webui,5,1,5,False,44325,6649,0.006427,117.0
0.0,0,0.0,0.0,temporal_cochange,nemotron_super,10.028797743501574,22670,stable-diffusion-webui/5,stable-diffusion-webui,5,2,20,False,264756,20800,0.030824,365.94
0.6667,0,1.0,0.5,temporal_cochange,nemotron_super,10.028797743501574,22670,stable-diffusion-webui/5,stable-diffusion-webui,5,3,26,False,334441,26338,0.038963,376.53
0.5,0,1.0,0.3333,temporal_cochange,nemotron_super,8.483636407887394,4835,thefuck/10,thefuck,10,1,5,False,62383,15172,0.011371,296.63
0.4,0,0.5,0.3333,temporal_cochange,nemotron_super,8.483636407887394,4835,thefuck/10,thefuck,10,2,4,False,48124,9422,0.007859,129.34
0.0,0,0.0,0.0,temporal_cochange,nemotron_super,8.483636407887394,4835,thefuck/10,thefuck,10,3,5,False,62530,16014,0.011721,251.28
0.0,0,0.0,0.0,temporal_cochange,nemotron_super,8.270781013162674,3908,thefuck/20,thefuck,20,1,30,True,408852,32422,0.047721,630.81
0.0,0,0.0,0.0,temporal_cochange,nemotron_super,8.270781013162674,3908,thefuck/20,thefuck,20,2,22,False,283685,34091,0.03775,434.16
0.0,0,0.0,0.0,temporal_cochange,nemotron_super,8.270781013162674,3908,thefuck/20,thefuck,20,3,30,True,387440,35506,0.047135,435.39
1.0,1,1.0,1.0,temporal_cochange,nemotron_super,7.822845290279774,2497,thefuck/5,thefuck,5,1,17,False,195129,30679,0.028858,355.63
1.0,1,1.0,1.0,temporal_cochange,nemotron_super,7.822845290279774,2497,thefuck/5,thefuck,5,2,18,False,191617,30335,0.028421,565.61
1.0,1,1.0,1.0,temporal_cochange,nemotron_super,7.822845290279774,2497,thefuck/5,thefuck,5,3,19,False,189751,20253,0.02423,521.49
1.0,1,1.0,1.0,temporal_cochange,nemotron_super,12.430331574579306,250279,transformers/25,transformers,25,1,6,False,261084,6767,0.024899,93.37
1.0,1,1.0,1.0,temporal_cochange,nemotron_super,12.430331574579306,250279,transformers/25,transformers,25,2,3,False,126885,4851,0.012726,90.88
1.0,1,1.0,1.0,temporal_cochange,nemotron_super,12.430331574579306,250279,transformers/25,transformers,25,3,10,False,444139,17520,0.04476,211.04
0.1538,0,1.0,0.0833,temporal_cochange,nemotron_super,12.407424472605875,244611,transformers/27,transformers,27,1,2,False,86716,1873,0.00812,23.5
0.1538,0,1.0,0.0833,temporal_cochange,nemotron_super,12.407424472605875,244611,transformers/27,transformers,27,2,2,False,86714,611,0.007615,13.46
0.1538,0,1.0,0.0833,temporal_cochange,nemotron_super,12.407424472605875,244611,transformers/27,transformers,27,3,2,False,86716,2442,0.008348,45.86
0.8889,0,1.0,0.8,temporal_cochange,nemotron_super,11.587420505060633,107734,transformers/5,transformers,5,1,10,False,241646,16363,0.027085,298.29
0.8889,0,1.0,0.8,temporal_cochange,nemotron_super,11.587420505060633,107734,transformers/5,transformers,5,2,16,False,682964,28716,0.069538,365.27
0.8889,0,1.0,0.8,temporal_cochange,nemotron_super,11.587420505060633,107734,transformers/5,transformers,5,3,12,False,441407,16433,0.044093,373.24
1.0,1,1.0,1.0,temporal_cochange,nemotron_super,12.095096391086711,178992,yt-dlp/23,yt-dlp,23,1,5,False,342290,9354,0.032836,199.29
1.0,1,1.0,1.0,temporal_cochange,nemotron_super,12.095096391086711,178992,yt-dlp/23,yt-dlp,23,2,4,False,272161,5193,0.025211,88.57
1.0,1,1.0,1.0,temporal_cochange,nemotron_super,12.095096391086711,178992,yt-dlp/23,yt-dlp,23,3,3,False,202108,4222,0.018868,58.95
0.0,0,0.0,0.0,temporal_cochange,nemotron_super,12.1489730534896,188900,yt-dlp/41,yt-dlp,41,1,30,True,2161716,7025,0.186556,883.86
0.0,0,0.0,0.0,temporal_cochange,nemotron_super,12.1489730534896,188900,yt-dlp/41,yt-dlp,41,2,18,False,1332415,14494,0.119053,317.38
0.0,0,0.0,0.0,temporal_cochange,nemotron_super,12.1489730534896,188900,yt-dlp/41,yt-dlp,41,3,30,False,2105130,11976,0.183726,255.73
0.0,0,0.0,0.0,temporal_cochange,nemotron_super,12.198660241414718,198523,yt-dlp/45,yt-dlp,45,1,9,False,844195,16863,0.078502,203.33
0.6667,0,1.0,0.5,temporal_cochange,nemotron_super,12.198660241414718,198523,yt-dlp/45,yt-dlp,45,2,14,False,1118068,27934,0.106209,336.53
0.6667,0,1.0,0.5,temporal_cochange,nemotron_super,12.198660241414718,198523,yt-dlp/45,yt-dlp,45,3,13,False,996576,21273,0.093218,266.83
1.0,1,1.0,1.0,temporal_frequency,ministral_3b,12.068688124847148,174327,core/16,core,16,1,5,False,222742,936,0.0153,25.37
1.0,1,1.0,1.0,temporal_frequency,ministral_3b,12.068688124847148,174327,core/16,core,16,2,5,False,205918,785,0.01347,22.74
1.0,1,1.0,1.0,temporal_frequency,ministral_3b,12.068688124847148,174327,core/16,core,16,3,8,False,337843,965,0.022551,35.46
1.0,1,1.0,1.0,temporal_frequency,ministral_3b,11.506545154005941,99364,core/20,core,20,1,5,False,139045,1080,0.009001,20.7
1.0,1,1.0,1.0,temporal_frequency,ministral_3b,11.506545154005941,99364,core/20,core,20,2,13,False,376463,1936,0.014616,48.98
1.0,1,1.0,1.0,temporal_frequency,ministral_3b,11.506545154005941,99364,core/20,core,20,3,10,False,278826,2003,0.017876,45.15
0.0,0,0.0,0.0,temporal_frequency,ministral_3b,8.579980179515003,5324,fastapi/17,fastapi,17,1,11,False,105998,2509,0.005436,41.88
0.0,0,0.0,0.0,temporal_frequency,ministral_3b,8.579980179515003,5324,fastapi/17,fastapi,17,2,8,False,46530,1001,0.00291,21.71
0.0,0,0.0,0.0,temporal_frequency,ministral_3b,8.579980179515003,5324,fastapi/17,fastapi,17,3,10,False,85032,2189,0.006516,41.55
0.0,0,0.0,0.0,temporal_frequency,ministral_3b,8.518991573357617,5009,fastapi/20,fastapi,20,1,18,False,89869,1744,0.003505,33.98
0.0,0,0.0,0.0,temporal_frequency,ministral_3b,8.518991573357617,5009,fastapi/20,fastapi,20,2,26,False,564382,1677,0.018008,102.43
0.0,0,0.0,0.0,temporal_frequency,ministral_3b,8.518991573357617,5009,fastapi/20,fastapi,20,3,22,False,114900,2277,0.003199,37.36
0.5,0,1.0,0.3333,temporal_frequency,ministral_3b,8.482187582217422,4828,fastapi/9,fastapi,9,1,8,False,31028,470,0.002165,17.8
0.5,0,1.0,0.3333,temporal_frequency,ministral_3b,8.482187582217422,4828,fastapi/9,fastapi,9,2,5,False,23294,306,0.001582,11.04
0.5,0,1.0,0.3333,temporal_frequency,ministral_3b,8.482187582217422,4828,fastapi/9,fastapi,9,3,14,False,90188,1072,0.006626,35.37
0.6667,0,1.0,0.5,temporal_frequency,ministral_3b,8.808369153122275,6690,flask/18,flask,18,1,9,False,99829,1489,0.006872,27.75
0.6667,0,1.0,0.5,temporal_frequency,ministral_3b,8.808369153122275,6690,flask/18,flask,18,2,5,False,42425,1140,0.002882,16.46
0.6667,0,1.0,0.5,temporal_frequency,ministral_3b,8.808369153122275,6690,flask/18,flask,18,3,15,False,179552,1747,0.007647,33.37
1.0,1,1.0,1.0,temporal_frequency,ministral_3b,8.899457906353966,7328,flask/3,flask,3,1,13,False,40827,1312,0.002371,27.34
1.0,1,1.0,1.0,temporal_frequency,ministral_3b,8.899457906353966,7328,flask/3,flask,3,2,17,False,64335,2238,0.004048,33.61
1.0,1,1.0,1.0,temporal_frequency,ministral_3b,8.899457906353966,7328,flask/3,flask,3,3,15,False,54232,1098,0.002866,30.2
1.0,1,1.0,1.0,temporal_frequency,ministral_3b,8.827468112520654,6819,flask/6,flask,6,1,2,False,11643,380,0.000989,6.46
1.0,1,1.0,1.0,temporal_frequency,ministral_3b,8.827468112520654,6819,flask/6,flask,6,2,2,False,11901,956,0.001251,10.51
1.0,1,1.0,1.0,temporal_frequency,ministral_3b,8.827468112520654,6819,flask/6,flask,6,3,15,False,70366,1148,0.002722,26.93
0.0,0,0.0,0.0,temporal_frequency,ministral_3b,8.341410211461865,4194,gpt-engineer/11,gpt-engineer,11,1,7,False,52871,1076,0.004433,22.6
0.0,0,0.0,0.0,temporal_frequency,ministral_3b,8.341410211461865,4194,gpt-engineer/11,gpt-engineer,11,2,5,False,29666,1230,0.002738,15.96
0.6667,1,0.5,1.0,temporal_frequency,ministral_3b,8.341410211461865,4194,gpt-engineer/11,gpt-engineer,11,3,5,False,22535,1239,0.002291,17.98
0.4,0,1.0,0.25,temporal_frequency,ministral_3b,8.029432840581244,3070,gpt-engineer/12,gpt-engineer,12,1,11,False,60856,1561,0.003874,36.45
0.4,0,1.0,0.25,temporal_frequency,ministral_3b,8.029432840581244,3070,gpt-engineer/12,gpt-engineer,12,2,6,False,28212,785,0.002278,13.3
0.4,0,1.0,0.25,temporal_frequency,ministral_3b,8.029432840581244,3070,gpt-engineer/12,gpt-engineer,12,3,4,False,13528,701,0.000818,11.28
1.0,1,1.0,1.0,temporal_frequency,ministral_3b,8.36380888451688,4289,gpt-engineer/9,gpt-engineer,9,1,13,False,69759,1469,0.004485,30.56
1.0,1,1.0,1.0,temporal_frequency,ministral_3b,8.36380888451688,4289,gpt-engineer/9,gpt-engineer,9,2,6,False,41355,1025,0.003103,21.29
1.0,1,1.0,1.0,temporal_frequency,ministral_3b,8.36380888451688,4289,gpt-engineer/9,gpt-engineer,9,3,14,False,73766,2938,0.003673,47.62
0.0,0,0.0,0.0,temporal_frequency,ministral_3b,10.196231790580173,26802,keras/12,keras,12,1,10,False,53833,1467,0.002892,26.92
0.0,0,0.0,0.0,temporal_frequency,ministral_3b,10.196231790580173,26802,keras/12,keras,12,2,6,False,29666,1964,0.002668,19.4
0.0,0,0.0,0.0,temporal_frequency,ministral_3b,10.196231790580173,26802,keras/12,keras,12,3,5,False,22030,1333,0.001691,21.4
1.0,1,1.0,1.0,temporal_frequency,ministral_3b,10.349134450277123,31230,keras/5,keras,5,1,9,False,105727,1983,0.006572,27.76
1.0,1,1.0,1.0,temporal_frequency,ministral_3b,10.349134450277123,31230,keras/5,keras,5,2,10,False,170940,2052,0.009915,38.93
1.0,1,1.0,1.0,temporal_frequency,ministral_3b,10.349134450277123,31230,keras/5,keras,5,3,22,False,347024,2440,0.02141,70.15
1.0,1,1.0,1.0,temporal_frequency,ministral_3b,10.444153492313001,34343,keras/9,keras,9,1,4,False,25257,1525,0.002212,15.16
1.0,1,1.0,1.0,temporal_frequency,ministral_3b,10.444153492313001,34343,keras/9,keras,9,2,6,False,57176,1050,0.004187,21.33
1.0,1,1.0,1.0,temporal_frequency,ministral_3b,10.444153492313001,34343,keras/9,keras,9,3,5,False,34796,1575,0.002865,48.95
0.25,0,1.0,0.1429,temporal_frequency,ministral_3b,9.61953186182516,15056,localstack/19,localstack,19,1,4,False,23699,1305,0.001579,17.75
0.25,0,1.0,0.1429,temporal_frequency,ministral_3b,9.61953186182516,15056,localstack/19,localstack,19,2,10,False,238839,1958,0.019714,41.97
0.2222,0,0.5,0.1429,temporal_frequency,ministral_3b,9.61953186182516,15056,localstack/19,localstack,19,3,11,False,202883,3089,0.009123,39.53
1.0,1,1.0,1.0,temporal_frequency,ministral_3b,10.563155506021905,38683,localstack/2,localstack,2,1,13,False,424042,1692,0.020334,50.36
1.0,1,1.0,1.0,temporal_frequency,ministral_3b,10.563155506021905,38683,localstack/2,localstack,2,2,10,False,287820,1239,0.01541,38.12
1.0,1,1.0,1.0,temporal_frequency,ministral_3b,10.563155506021905,38683,localstack/2,localstack,2,3,17,False,271098,1224,0.013028,47.0
1.0,1,1.0,1.0,temporal_frequency,ministral_3b,9.860214640302662,19153,localstack/9,localstack,9,1,21,False,204087,2069,0.006584,49.23
1.0,1,1.0,1.0,temporal_frequency,ministral_3b,9.860214640302662,19153,localstack/9,localstack,9,2,15,False,143342,1448,0.006087,103.49
1.0,1,1.0,1.0,temporal_frequency,ministral_3b,9.860214640302662,19153,localstack/9,localstack,9,3,22,False,382632,2278,0.013228,60.83
1.0,1,1.0,1.0,temporal_frequency,ministral_3b,11.189312196300184,72353,pandas/26,pandas,26,1,5,False,41207,1151,0.003337,16.35
0.6667,0,1.0,0.5,temporal_frequency,ministral_3b,11.189312196300184,72353,pandas/26,pandas,26,2,13,False,130181,2037,0.006557,35.63
0.6667,0,1.0,0.5,temporal_frequency,ministral_3b,11.189312196300184,72353,pandas/26,pandas,26,3,7,False,38400,1038,0.002936,20.42
0.0,0,0.0,0.0,temporal_frequency,ministral_3b,11.270446177349276,78468,pandas/35,pandas,35,1,23,False,642447,3057,0.019968,91.76
0.0,0,0.0,0.0,temporal_frequency,ministral_3b,11.270446177349276,78468,pandas/35,pandas,35,2,26,False,753788,2324,0.031628,87.51
0.0,0,0.0,0.0,temporal_frequency,ministral_3b,11.270446177349276,78468,pandas/35,pandas,35,3,15,False,416206,1596,0.011932,52.11
0.6667,0,1.0,0.5,temporal_frequency,ministral_3b,12.08721590866289,177587,pandas/38,pandas,38,1,7,False,177581,387,0.011979,49.53
0.6667,0,1.0,0.5,temporal_frequency,ministral_3b,12.08721590866289,177587,pandas/38,pandas,38,2,12,False,187267,1374,0.007747,31.84
0.6667,0,1.0,0.5,temporal_frequency,ministral_3b,12.08721590866289,177587,pandas/38,pandas,38,3,6,False,106658,10243,0.005884,246.88
0.0,0,0.0,0.0,temporal_frequency,ministral_3b,10.883015959814806,53264,pandas/44,pandas,44,1,2,False,10211,1112,0.001098,11.55
0.0,0,0.0,0.0,temporal_frequency,ministral_3b,10.883015959814806,53264,pandas/44,pandas,44,2,12,False,188540,2546,0.008718,41.93
0.0,0,0.0,0.0,temporal_frequency,ministral_3b,10.883015959814806,53264,pandas/44,pandas,44,3,13,False,311904,2967,0.012318,52.65
0.8,0,1.0,0.6667,temporal_frequency,ministral_3b,9.346705246496699,11461,requests/12,requests,12,1,8,False,29644,613,0.002006,16.4
0.8,0,1.0,0.6667,temporal_frequency,ministral_3b,9.346705246496699,11461,requests/12,requests,12,2,5,False,14996,492,0.001025,10.33
0.8,0,1.0,0.6667,temporal_frequency,ministral_3b,9.346705246496699,11461,requests/12,requests,12,3,8,False,28481,579,0.001817,23.22
1.0,1,1.0,1.0,temporal_frequency,ministral_3b,9.348274558065496,11479,requests/13,requests,13,1,5,False,34403,1007,0.001767,15.25
1.0,1,1.0,1.0,temporal_frequency,ministral_3b,9.348274558065496,11479,requests/13,requests,13,2,10,False,62392,835,0.003857,19.7
1.0,1,1.0,1.0,temporal_frequency,ministral_3b,9.348274558065496,11479,requests/13,requests,13,3,9,False,78879,1570,0.005292,30.75
1.0,1,1.0,1.0,temporal_frequency,ministral_3b,7.958576903813898,2860,requests/7,requests,7,1,5,False,12387,855,0.000961,11.03
1.0,1,1.0,1.0,temporal_frequency,ministral_3b,7.958576903813898,2860,requests/7,requests,7,2,3,False,9676,517,0.000944,8.17
1.0,1,1.0,1.0,temporal_frequency,ministral_3b,7.958576903813898,2860,requests/7,requests,7,3,5,False,17533,626,0.0009,12.39
1.0,1,1.0,1.0,temporal_frequency,ministral_3b,10.031000872835088,22720,rich/1,rich,1,1,3,False,17631,420,0.001413,8.76
1.0,1,1.0,1.0,temporal_frequency,ministral_3b,10.031000872835088,22720,rich/1,rich,1,2,3,False,17698,425,0.00138,8.33
1.0,1,1.0,1.0,temporal_frequency,ministral_3b,10.031000872835088,22720,rich/1,rich,1,3,4,False,17698,371,0.001001,8.5
0.0,0,0.0,0.0,temporal_frequency,ministral_3b,10.051648903516648,23194,rich/12,rich,12,1,15,False,145410,1565,0.008022,37.16
0.3333,0,0.5,0.25,temporal_frequency,ministral_3b,10.051648903516648,23194,rich/12,rich,12,2,7,False,106019,1284,0.007603,41.06
0.4,0,1.0,0.25,temporal_frequency,ministral_3b,10.051648903516648,23194,rich/12,rich,12,3,6,False,69974,973,0.006023,22.02
0.0,0,0.0,0.0,temporal_frequency,ministral_3b,10.039939675671627,22924,rich/8,rich,8,1,5,False,35151,1435,0.002368,22.26
0.0,0,0.0,0.0,temporal_frequency,ministral_3b,10.039939675671627,22924,rich/8,rich,8,2,5,False,35764,940,0.002714,16.94
1.0,1,1.0,1.0,temporal_frequency,ministral_3b,10.039939675671627,22924,rich/8,rich,8,3,4,False,26536,695,0.001773,18.52
0.0,0,0.0,0.0,temporal_frequency,ministral_3b,11.620954417182327,111408,scikit-learn/45,scikit-learn,45,1,8,False,97291,1866,0.005999,29.56
0.0,0,0.0,0.0,temporal_frequency,ministral_3b,11.620954417182327,111408,scikit-learn/45,scikit-learn,45,2,8,False,85717,1346,0.004732,24.34
0.0,0,0.0,0.0,temporal_frequency,ministral_3b,11.620954417182327,111408,scikit-learn/45,scikit-learn,45,3,5,False,49615,2058,0.003243,17.79
1.0,1,1.0,1.0,temporal_frequency,ministral_3b,11.55076060327325,103856,scikit-learn/49,scikit-learn,49,1,6,False,78003,806,0.00609,19.45
1.0,1,1.0,1.0,temporal_frequency,ministral_3b,11.55076060327325,103856,scikit-learn/49,scikit-learn,49,2,6,False,127500,744,0.010636,21.94
1.0,1,1.0,1.0,temporal_frequency,ministral_3b,11.55076060327325,103856,scikit-learn/49,scikit-learn,49,3,4,False,43718,816,0.003641,18.43
1.0,1,1.0,1.0,temporal_frequency,ministral_3b,11.525654110946952,101281,scikit-learn/5,scikit-learn,5,1,8,False,106557,1482,0.006726,33.84
1.0,1,1.0,1.0,temporal_frequency,ministral_3b,11.525654110946952,101281,scikit-learn/5,scikit-learn,5,2,9,False,164517,1018,0.010396,28.77
1.0,1,1.0,1.0,temporal_frequency,ministral_3b,11.525654110946952,101281,scikit-learn/5,scikit-learn,5,3,15,False,256931,814,0.019197,40.27
1.0,1,1.0,1.0,temporal_frequency,ministral_3b,9.796458979777604,17970,scrapy/20,scrapy,20,1,3,False,23676,351,0.002316,7.66
1.0,1,1.0,1.0,temporal_frequency,ministral_3b,9.796458979777604,17970,scrapy/20,scrapy,20,2,5,False,36474,300,0.002422,10.35
1.0,1,1.0,1.0,temporal_frequency,ministral_3b,9.796458979777604,17970,scrapy/20,scrapy,20,3,4,False,29752,199,0.002932,9.47
1.0,1,1.0,1.0,temporal_frequency,ministral_3b,9.655026193237628,15600,scrapy/26,scrapy,26,1,11,False,131132,907,0.006257,25.63
0.6667,1,0.5,1.0,temporal_frequency,ministral_3b,9.655026193237628,15600,scrapy/26,scrapy,26,2,10,False,134043,1829,0.008801,31.43
1.0,1,1.0,1.0,temporal_frequency,ministral_3b,9.655026193237628,15600,scrapy/26,scrapy,26,3,5,False,46071,998,0.004574,17.26
0.0,0,0.0,0.0,temporal_frequency,ministral_3b,9.73477299914839,16895,scrapy/48,scrapy,48,1,5,False,51244,738,0.003459,13.34
0.0,0,0.0,0.0,temporal_frequency,ministral_3b,9.73477299914839,16895,scrapy/48,scrapy,48,2,6,False,97012,734,0.004147,17.11
0.0,0,0.0,0.0,temporal_frequency,ministral_3b,9.73477299914839,16895,scrapy/48,scrapy,48,3,16,False,290972,1266,0.011713,33.88
1.0,1,1.0,1.0,temporal_frequency,ministral_3b,9.961803629358965,21201,stable-diffusion-webui/0,stable-diffusion-webui,0,1,3,False,59194,505,0.004196,10.77
1.0,1,1.0,1.0,temporal_frequency,ministral_3b,9.961803629358965,21201,stable-diffusion-webui/0,stable-diffusion-webui,0,2,4,False,80713,631,0.006372,17.95
1.0,1,1.0,1.0,temporal_frequency,ministral_3b,9.961803629358965,21201,stable-diffusion-webui/0,stable-diffusion-webui,0,3,4,False,84147,822,0.008497,15.23
1.0,1,1.0,1.0,temporal_frequency,ministral_3b,9.908425341565751,20099,stable-diffusion-webui/13,stable-diffusion-webui,13,1,3,False,49070,1294,0.003481,15.34
0.0,0,0.0,0.0,temporal_frequency,ministral_3b,9.908425341565751,20099,stable-diffusion-webui/13,stable-diffusion-webui,13,2,7,False,127810,1805,0.008371,27.22
0.0,0,0.0,0.0,temporal_frequency,ministral_3b,9.908425341565751,20099,stable-diffusion-webui/13,stable-diffusion-webui,13,3,9,False,153253,1620,0.0063,29.87
0.5,0,0.5,0.5,temporal_frequency,ministral_3b,10.028797743501574,22670,stable-diffusion-webui/5,stable-diffusion-webui,5,1,2,False,21282,420,0.001364,1.01
0.0,0,0.0,0.0,temporal_frequency,ministral_3b,10.028797743501574,22670,stable-diffusion-webui/5,stable-diffusion-webui,5,2,9,False,98942,436,0.004132,60.76
0.5,0,0.5,0.5,temporal_frequency,ministral_3b,10.028797743501574,22670,stable-diffusion-webui/5,stable-diffusion-webui,5,3,3,False,50803,1203,0.004786,9.35
0.0,0,0.0,0.0,temporal_frequency,ministral_3b,8.483636407887394,4835,thefuck/10,thefuck,10,1,6,False,47825,719,0.002147,5.68
0.5,0,1.0,0.3333,temporal_frequency,ministral_3b,8.483636407887394,4835,thefuck/10,thefuck,10,2,10,False,99872,968,0.002504,8.2
0.0,0,0.0,0.0,temporal_frequency,ministral_3b,8.483636407887394,4835,thefuck/10,thefuck,10,3,9,False,76944,1006,0.001367,8.1
0.0,0,0.0,0.0,temporal_frequency,ministral_3b,8.270781013162674,3908,thefuck/20,thefuck,20,1,10,False,77431,1485,0.003462,37.69
0.0,0,0.0,0.0,temporal_frequency,ministral_3b,8.270781013162674,3908,thefuck/20,thefuck,20,2,4,False,26423,718,0.002622,10.56
0.0,0,0.0,0.0,temporal_frequency,ministral_3b,8.270781013162674,3908,thefuck/20,thefuck,20,3,10,False,78166,1556,0.005346,37.99
1.0,1,1.0,1.0,temporal_frequency,ministral_3b,7.822845290279774,2497,thefuck/5,thefuck,5,1,3,False,12099,187,0.000854,5.26
1.0,1,1.0,1.0,temporal_frequency,ministral_3b,7.822845290279774,2497,thefuck/5,thefuck,5,2,5,False,22808,359,0.001516,10.26
1.0,1,1.0,1.0,temporal_frequency,ministral_3b,7.822845290279774,2497,thefuck/5,thefuck,5,3,4,False,26870,591,0.001122,9.31
1.0,1,1.0,1.0,temporal_frequency,ministral_3b,12.430331574579306,250279,transformers/25,transformers,25,1,3,False,71859,433,0.005282,13.26
1.0,1,1.0,1.0,temporal_frequency,ministral_3b,12.430331574579306,250279,transformers/25,transformers,25,2,3,False,71868,350,0.005275,13.25
1.0,1,1.0,1.0,temporal_frequency,ministral_3b,12.430331574579306,250279,transformers/25,transformers,25,3,3,False,71890,551,0.003437,10.77
0.1538,0,1.0,0.0833,temporal_frequency,ministral_3b,12.407424472605875,244611,transformers/27,transformers,27,1,4,False,89611,348,0.008892,13.25
0.1538,0,1.0,0.0833,temporal_frequency,ministral_3b,12.407424472605875,244611,transformers/27,transformers,27,2,3,False,67028,444,0.004789,10.97
0.1538,0,1.0,0.0833,temporal_frequency,ministral_3b,12.407424472605875,244611,transformers/27,transformers,27,3,3,False,67028,419,0.006693,9.2
0.3333,0,1.0,0.2,temporal_frequency,ministral_3b,11.587420505060633,107734,transformers/5,transformers,5,1,5,False,70200,2412,0.006167,35.28
0.0,0,0.0,0.0,temporal_frequency,ministral_3b,11.587420505060633,107734,transformers/5,transformers,5,2,9,False,202776,2241,0.011718,34.57
0.5714,0,1.0,0.4,temporal_frequency,ministral_3b,11.587420505060633,107734,transformers/5,transformers,5,3,7,False,108811,2392,0.007768,26.56
1.0,1,1.0,1.0,temporal_frequency,ministral_3b,12.095096391086711,178992,yt-dlp/23,yt-dlp,23,1,4,False,154162,715,0.005972,14.77
1.0,1,1.0,1.0,temporal_frequency,ministral_3b,12.095096391086711,178992,yt-dlp/23,yt-dlp,23,2,9,False,389371,1447,0.024561,39.49
1.0,1,1.0,1.0,temporal_frequency,ministral_3b,12.095096391086711,178992,yt-dlp/23,yt-dlp,23,3,6,False,211483,437,0.008543,19.91
0.0,0,0.0,0.0,temporal_frequency,ministral_3b,12.1489730534896,188900,yt-dlp/41,yt-dlp,41,1,26,False,1154787,2347,0.029734,90.26
0.0,0,0.0,0.0,temporal_frequency,ministral_3b,12.1489730534896,188900,yt-dlp/41,yt-dlp,41,2,20,False,1208892,2944,0.055957,97.95
0.0,0,0.0,0.0,temporal_frequency,ministral_3b,12.1489730534896,188900,yt-dlp/41,yt-dlp,41,3,3,False,125690,795,0.009106,25.72
0.0,0,0.0,0.0,temporal_frequency,ministral_3b,12.198660241414718,198523,yt-dlp/45,yt-dlp,45,1,7,False,320658,1585,0.015618,35.48
0.0,0,0.0,0.0,temporal_frequency,ministral_3b,12.198660241414718,198523,yt-dlp/45,yt-dlp,45,2,8,False,318571,1831,0.018683,39.24
0.0,0,0.0,0.0,temporal_frequency,ministral_3b,12.198660241414718,198523,yt-dlp/45,yt-dlp,45,3,16,False,656177,3679,0.023172,121.64
1.0,1,1.0,1.0,temporal_frequency,gpt_oss_120b,12.068688124847148,174327,core/16,core,16,1,9,False,370848,8610,0.028273,155.19
0.6667,1,0.5,1.0,temporal_frequency,gpt_oss_120b,12.068688124847148,174327,core/16,core,16,2,8,False,301531,6332,0.018009,103.94
1.0,1,1.0,1.0,temporal_frequency,gpt_oss_120b,12.068688124847148,174327,core/16,core,16,3,7,False,280736,2556,0.016052,61.78
1.0,1,1.0,1.0,temporal_frequency,gpt_oss_120b,11.506545154005941,99364,core/20,core,20,1,10,False,237744,3453,0.015369,62.61
1.0,1,1.0,1.0,temporal_frequency,gpt_oss_120b,11.506545154005941,99364,core/20,core,20,2,4,False,108802,1686,0.006312,25.47
1.0,1,1.0,1.0,temporal_frequency,gpt_oss_120b,11.506545154005941,99364,core/20,core,20,3,6,False,159350,2310,0.01092,34.79
0.0,0,0.0,0.0,temporal_frequency,gpt_oss_120b,8.579980179515003,5324,fastapi/17,fastapi,17,1,16,False,130556,5333,0.009382,66.55
0.0,0,0.0,0.0,temporal_frequency,gpt_oss_120b,8.579980179515003,5324,fastapi/17,fastapi,17,2,20,False,133072,12020,0.011353,129.16
0.0,0,0.0,0.0,temporal_frequency,gpt_oss_120b,8.579980179515003,5324,fastapi/17,fastapi,17,3,30,False,266842,10445,0.015935,134.18
0.0,0,0.0,0.0,temporal_frequency,gpt_oss_120b,8.518991573357617,5009,fastapi/20,fastapi,20,1,9,False,29605,3924,0.00413,42.05
0.0,0,0.0,0.0,temporal_frequency,gpt_oss_120b,8.518991573357617,5009,fastapi/20,fastapi,20,2,8,False,31203,3775,0.004872,33.37
0.0,0,0.0,0.0,temporal_frequency,gpt_oss_120b,8.518991573357617,5009,fastapi/20,fastapi,20,3,16,False,52973,4624,0.004765,48.66
0.5,0,1.0,0.3333,temporal_frequency,gpt_oss_120b,8.482187582217422,4828,fastapi/9,fastapi,9,1,10,False,74605,4151,0.00782,49.27
0.5,0,1.0,0.3333,temporal_frequency,gpt_oss_120b,8.482187582217422,4828,fastapi/9,fastapi,9,2,12,False,63932,4308,0.006457,47.07
0.5,0,1.0,0.3333,temporal_frequency,gpt_oss_120b,8.482187582217422,4828,fastapi/9,fastapi,9,3,9,False,70546,4567,0.007262,61.53
0.6667,0,1.0,0.5,temporal_frequency,gpt_oss_120b,8.808369153122275,6690,flask/18,flask,18,1,9,False,29021,1746,0.003514,77.87
1.0,1,1.0,1.0,temporal_frequency,gpt_oss_120b,8.808369153122275,6690,flask/18,flask,18,2,18,False,88637,5173,0.00772,86.34
0.6667,0,1.0,0.5,temporal_frequency,gpt_oss_120b,8.808369153122275,6690,flask/18,flask,18,3,22,False,78507,5597,0.006668,61.53
1.0,1,1.0,1.0,temporal_frequency,gpt_oss_120b,8.899457906353966,7328,flask/3,flask,3,1,4,False,13290,955,0.001776,12.51
1.0,1,1.0,1.0,temporal_frequency,gpt_oss_120b,8.899457906353966,7328,flask/3,flask,3,2,3,False,8602,668,0.001276,18.77
1.0,1,1.0,1.0,temporal_frequency,gpt_oss_120b,8.899457906353966,7328,flask/3,flask,3,3,3,False,9172,1074,0.001573,12.09
1.0,1,1.0,1.0,temporal_frequency,gpt_oss_120b,8.827468112520654,6819,flask/6,flask,6,1,12,False,50183,6081,0.006805,63.12
1.0,1,1.0,1.0,temporal_frequency,gpt_oss_120b,8.827468112520654,6819,flask/6,flask,6,2,11,False,48595,4683,0.004347,44.03
1.0,1,1.0,1.0,temporal_frequency,gpt_oss_120b,8.827468112520654,6819,flask/6,flask,6,3,11,False,52817,4285,0.005332,54.3
0.0,0,0.0,0.0,temporal_frequency,gpt_oss_120b,8.341410211461865,4194,gpt-engineer/11,gpt-engineer,11,1,6,False,39996,1867,0.005169,27.71
0.0,0,0.0,0.0,temporal_frequency,gpt_oss_120b,8.341410211461865,4194,gpt-engineer/11,gpt-engineer,11,2,9,False,69415,3117,0.006484,45.18
0.0,0,0.0,0.0,temporal_frequency,gpt_oss_120b,8.341410211461865,4194,gpt-engineer/11,gpt-engineer,11,3,6,False,39388,1973,0.004962,30.28
0.4,0,1.0,0.25,temporal_frequency,gpt_oss_120b,8.029432840581244,3070,gpt-engineer/12,gpt-engineer,12,1,9,False,43508,4187,0.00523,47.29
0.4,0,1.0,0.25,temporal_frequency,gpt_oss_120b,8.029432840581244,3070,gpt-engineer/12,gpt-engineer,12,2,22,False,101434,4216,0.005898,56.18
0.4,0,1.0,0.25,temporal_frequency,gpt_oss_120b,8.029432840581244,3070,gpt-engineer/12,gpt-engineer,12,3,15,False,99754,6205,0.008553,81.23
0.0,0,0.0,0.0,temporal_frequency,gpt_oss_120b,8.36380888451688,4289,gpt-engineer/9,gpt-engineer,9,1,12,False,58731,9294,0.009372,85.99
0.0,0,0.0,0.0,temporal_frequency,gpt_oss_120b,8.36380888451688,4289,gpt-engineer/9,gpt-engineer,9,2,9,False,55087,6647,0.007602,66.81
0.6667,1,0.5,1.0,temporal_frequency,gpt_oss_120b,8.36380888451688,4289,gpt-engineer/9,gpt-engineer,9,3,8,False,50146,7501,0.007821,66.35
0.0,0,0.0,0.0,temporal_frequency,gpt_oss_120b,10.196231790580173,26802,keras/12,keras,12,1,3,False,12507,1077,0.002123,12.69
0.0,0,0.0,0.0,temporal_frequency,gpt_oss_120b,10.196231790580173,26802,keras/12,keras,12,2,3,False,12517,951,0.001446,12.43
0.0,0,0.0,0.0,temporal_frequency,gpt_oss_120b,10.196231790580173,26802,keras/12,keras,12,3,5,False,16926,1950,0.0024,24.55
0.0,0,0.0,0.0,temporal_frequency,gpt_oss_120b,10.349134450277123,31230,keras/5,keras,5,1,16,False,112074,8812,0.010886,88.18
0.0,0,0.0,0.0,temporal_frequency,gpt_oss_120b,10.349134450277123,31230,keras/5,keras,5,2,23,False,186457,8885,0.013722,96.05
1.0,1,1.0,1.0,temporal_frequency,gpt_oss_120b,10.349134450277123,31230,keras/5,keras,5,3,14,False,96907,6164,0.009185,85.78
1.0,1,1.0,1.0,temporal_frequency,gpt_oss_120b,10.444153492313001,34343,keras/9,keras,9,1,15,False,86848,5409,0.008192,66.0
1.0,1,1.0,1.0,temporal_frequency,gpt_oss_120b,10.444153492313001,34343,keras/9,keras,9,2,15,False,77021,3680,0.006849,46.81
1.0,1,1.0,1.0,temporal_frequency,gpt_oss_120b,10.444153492313001,34343,keras/9,keras,9,3,7,False,33939,2234,0.003245,32.34
0.0,0,0.0,0.0,temporal_frequency,gpt_oss_120b,9.61953186182516,15056,localstack/19,localstack,19,1,11,False,45565,2323,0.003648,36.07
0.0,0,0.0,0.0,temporal_frequency,gpt_oss_120b,9.61953186182516,15056,localstack/19,localstack,19,2,17,False,70926,2987,0.005137,41.3
0.0,0,0.0,0.0,temporal_frequency,gpt_oss_120b,9.61953186182516,15056,localstack/19,localstack,19,3,20,False,107450,4058,0.007247,64.5
1.0,1,1.0,1.0,temporal_frequency,gpt_oss_120b,10.563155506021905,38683,localstack/2,localstack,2,1,20,False,300859,6195,0.01613,88.9
1.0,1,1.0,1.0,temporal_frequency,gpt_oss_120b,10.563155506021905,38683,localstack/2,localstack,2,2,21,False,297844,6381,0.011735,96.81
1.0,1,1.0,1.0,temporal_frequency,gpt_oss_120b,10.563155506021905,38683,localstack/2,localstack,2,3,22,False,338695,6859,0.014085,98.15
1.0,1,1.0,1.0,temporal_frequency,gpt_oss_120b,9.860214640302662,19153,localstack/9,localstack,9,1,11,False,89342,8888,0.011148,93.37
1.0,1,1.0,1.0,temporal_frequency,gpt_oss_120b,9.860214640302662,19153,localstack/9,localstack,9,2,8,False,46434,4524,0.00644,50.41
1.0,1,1.0,1.0,temporal_frequency,gpt_oss_120b,9.860214640302662,19153,localstack/9,localstack,9,3,14,False,116833,7151,0.008657,77.67
1.0,1,1.0,1.0,temporal_frequency,gpt_oss_120b,11.189312196300184,72353,pandas/26,pandas,26,1,30,True,376555,5133,0.014069,125.13
1.0,1,1.0,1.0,temporal_frequency,gpt_oss_120b,11.189312196300184,72353,pandas/26,pandas,26,2,17,False,156382,9532,0.014211,92.26
1.0,1,1.0,1.0,temporal_frequency,gpt_oss_120b,11.189312196300184,72353,pandas/26,pandas,26,3,16,False,116475,4207,0.006926,55.97
0.0,0,0.0,0.0,temporal_frequency,gpt_oss_120b,11.270446177349276,78468,pandas/35,pandas,35,1,13,False,224399,12675,0.023875,163.8
0.0,0,0.0,0.0,temporal_frequency,gpt_oss_120b,11.270446177349276,78468,pandas/35,pandas,35,2,8,False,144455,6380,0.017271,72.17
0.0,0,0.0,0.0,temporal_frequency,gpt_oss_120b,11.270446177349276,78468,pandas/35,pandas,35,3,22,False,287471,4983,0.018017,107.59
0.6667,0,1.0,0.5,temporal_frequency,gpt_oss_120b,12.08721590866289,177587,pandas/38,pandas,38,1,14,False,194438,5106,0.012851,74.69
0.6667,0,1.0,0.5,temporal_frequency,gpt_oss_120b,12.08721590866289,177587,pandas/38,pandas,38,2,7,False,112048,5647,0.012106,69.15
0.6667,0,1.0,0.5,temporal_frequency,gpt_oss_120b,12.08721590866289,177587,pandas/38,pandas,38,3,7,False,87951,2257,0.008857,39.48
0.0,0,0.0,0.0,temporal_frequency,gpt_oss_120b,10.883015959814806,53264,pandas/44,pandas,44,1,1,False,7587,676,0.001443,11.72
0.0,0,0.0,0.0,temporal_frequency,gpt_oss_120b,10.883015959814806,53264,pandas/44,pandas,44,2,4,False,25820,2431,0.003786,29.41
0.0,0,0.0,0.0,temporal_frequency,gpt_oss_120b,10.883015959814806,53264,pandas/44,pandas,44,3,8,False,108282,2995,0.010777,38.64
0.5,0,1.0,0.3333,temporal_frequency,gpt_oss_120b,9.346705246496699,11461,requests/12,requests,12,1,14,False,65895,3612,0.006714,59.03
0.5,0,1.0,0.3333,temporal_frequency,gpt_oss_120b,9.346705246496699,11461,requests/12,requests,12,2,12,False,65809,2138,0.00511,33.58
0.8,0,1.0,0.6667,temporal_frequency,gpt_oss_120b,9.346705246496699,11461,requests/12,requests,12,3,16,False,74951,6416,0.007381,66.0
1.0,1,1.0,1.0,temporal_frequency,gpt_oss_120b,9.348274558065496,11479,requests/13,requests,13,1,9,False,36957,2907,0.004341,34.22
1.0,1,1.0,1.0,temporal_frequency,gpt_oss_120b,9.348274558065496,11479,requests/13,requests,13,2,6,False,22586,1123,0.002693,17.7
1.0,1,1.0,1.0,temporal_frequency,gpt_oss_120b,9.348274558065496,11479,requests/13,requests,13,3,6,False,31507,1722,0.003908,25.07
1.0,1,1.0,1.0,temporal_frequency,gpt_oss_120b,7.958576903813898,2860,requests/7,requests,7,1,4,False,8437,1422,0.0016,10.97
1.0,1,1.0,1.0,temporal_frequency,gpt_oss_120b,7.958576903813898,2860,requests/7,requests,7,2,9,False,25831,6068,0.00495,54.95
1.0,1,1.0,1.0,temporal_frequency,gpt_oss_120b,7.958576903813898,2860,requests/7,requests,7,3,5,False,16882,2209,0.002905,24.89
1.0,1,1.0,1.0,temporal_frequency,gpt_oss_120b,10.031000872835088,22720,rich/1,rich,1,1,8,False,33182,1461,0.002975,27.02
1.0,1,1.0,1.0,temporal_frequency,gpt_oss_120b,10.031000872835088,22720,rich/1,rich,1,2,10,False,51400,2953,0.005128,36.89
1.0,1,1.0,1.0,temporal_frequency,gpt_oss_120b,10.031000872835088,22720,rich/1,rich,1,3,10,False,49587,1924,0.00364,26.75
0.4,0,1.0,0.25,temporal_frequency,gpt_oss_120b,10.051648903516648,23194,rich/12,rich,12,1,13,False,94169,6030,0.009326,67.31
0.4,0,1.0,0.25,temporal_frequency,gpt_oss_120b,10.051648903516648,23194,rich/12,rich,12,2,10,False,68118,3038,0.004985,42.13
0.3333,0,0.5,0.25,temporal_frequency,gpt_oss_120b,10.051648903516648,23194,rich/12,rich,12,3,10,False,70295,4425,0.00664,45.54
1.0,1,1.0,1.0,temporal_frequency,gpt_oss_120b,10.039939675671627,22924,rich/8,rich,8,1,7,False,33234,1278,0.003176,19.35
1.0,1,1.0,1.0,temporal_frequency,gpt_oss_120b,10.039939675671627,22924,rich/8,rich,8,2,4,False,25793,501,0.003236,11.41
1.0,1,1.0,1.0,temporal_frequency,gpt_oss_120b,10.039939675671627,22924,rich/8,rich,8,3,4,False,29410,921,0.002862,16.89
0.6667,0,1.0,0.5,temporal_frequency,gpt_oss_120b,11.620954417182327,111408,scikit-learn/45,scikit-learn,45,1,20,False,216072,4327,0.012291,60.21
0.6667,0,1.0,0.5,temporal_frequency,gpt_oss_120b,11.620954417182327,111408,scikit-learn/45,scikit-learn,45,2,11,False,132995,1799,0.007385,40.09
0.6667,0,1.0,0.5,temporal_frequency,gpt_oss_120b,11.620954417182327,111408,scikit-learn/45,scikit-learn,45,3,25,False,238067,5109,0.011071,76.13
1.0,1,1.0,1.0,temporal_frequency,gpt_oss_120b,11.55076060327325,103856,scikit-learn/49,scikit-learn,49,1,14,False,301218,6547,0.020173,103.16
1.0,1,1.0,1.0,temporal_frequency,gpt_oss_120b,11.55076060327325,103856,scikit-learn/49,scikit-learn,49,2,8,False,110093,6547,0.010941,63.16
1.0,1,1.0,1.0,temporal_frequency,gpt_oss_120b,11.55076060327325,103856,scikit-learn/49,scikit-learn,49,3,9,False,97626,3888,0.007987,52.01
1.0,1,1.0,1.0,temporal_frequency,gpt_oss_120b,11.525654110946952,101281,scikit-learn/5,scikit-learn,5,1,8,False,79635,3993,0.007981,47.88
1.0,1,1.0,1.0,temporal_frequency,gpt_oss_120b,11.525654110946952,101281,scikit-learn/5,scikit-learn,5,2,12,False,164851,20011,0.022267,190.72
1.0,1,1.0,1.0,temporal_frequency,gpt_oss_120b,11.525654110946952,101281,scikit-learn/5,scikit-learn,5,3,12,False,134172,14073,0.014093,122.89
1.0,1,1.0,1.0,temporal_frequency,gpt_oss_120b,9.796458979777604,17970,scrapy/20,scrapy,20,1,10,False,96116,1940,0.007534,29.79
1.0,1,1.0,1.0,temporal_frequency,gpt_oss_120b,9.796458979777604,17970,scrapy/20,scrapy,20,2,17,False,209377,4752,0.008404,69.66
1.0,1,1.0,1.0,temporal_frequency,gpt_oss_120b,9.796458979777604,17970,scrapy/20,scrapy,20,3,7,False,66859,1247,0.005023,33.34
1.0,1,1.0,1.0,temporal_frequency,gpt_oss_120b,9.655026193237628,15600,scrapy/26,scrapy,26,1,14,False,186022,3147,0.01269,46.51
1.0,1,1.0,1.0,temporal_frequency,gpt_oss_120b,9.655026193237628,15600,scrapy/26,scrapy,26,2,15,False,153784,2584,0.010832,54.99
1.0,1,1.0,1.0,temporal_frequency,gpt_oss_120b,9.655026193237628,15600,scrapy/26,scrapy,26,3,15,False,157332,2806,0.008372,59.65
0.0,0,0.0,0.0,temporal_frequency,gpt_oss_120b,9.73477299914839,16895,scrapy/48,scrapy,48,1,23,False,194426,5437,0.009936,87.75
0.0,0,0.0,0.0,temporal_frequency,gpt_oss_120b,9.73477299914839,16895,scrapy/48,scrapy,48,2,7,False,60066,2120,0.004815,28.06
0.0,0,0.0,0.0,temporal_frequency,gpt_oss_120b,9.73477299914839,16895,scrapy/48,scrapy,48,3,10,False,74480,1387,0.005138,26.64
1.0,1,1.0,1.0,temporal_frequency,gpt_oss_120b,9.961803629358965,21201,stable-diffusion-webui/0,stable-diffusion-webui,0,1,2,False,30915,622,0.00491,12.14
1.0,1,1.0,1.0,temporal_frequency,gpt_oss_120b,9.961803629358965,21201,stable-diffusion-webui/0,stable-diffusion-webui,0,2,6,False,93368,1014,0.008505,31.66
1.0,1,1.0,1.0,temporal_frequency,gpt_oss_120b,9.961803629358965,21201,stable-diffusion-webui/0,stable-diffusion-webui,0,3,6,False,115653,1533,0.009244,29.3
1.0,1,1.0,1.0,temporal_frequency,gpt_oss_120b,9.908425341565751,20099,stable-diffusion-webui/13,stable-diffusion-webui,13,1,16,False,243899,4333,0.0143,63.65
1.0,1,1.0,1.0,temporal_frequency,gpt_oss_120b,9.908425341565751,20099,stable-diffusion-webui/13,stable-diffusion-webui,13,2,30,True,475022,9645,0.02401,145.06
1.0,1,1.0,1.0,temporal_frequency,gpt_oss_120b,9.908425341565751,20099,stable-diffusion-webui/13,stable-diffusion-webui,13,3,17,False,297509,5595,0.015487,79.29
0.6667,0,1.0,0.5,temporal_frequency,gpt_oss_120b,10.028797743501574,22670,stable-diffusion-webui/5,stable-diffusion-webui,5,1,22,False,356251,7413,0.016689,73.92
0.6667,0,1.0,0.5,temporal_frequency,gpt_oss_120b,10.028797743501574,22670,stable-diffusion-webui/5,stable-diffusion-webui,5,2,29,False,405327,5773,0.015936,79.48
0.0,0,0.0,0.0,temporal_frequency,gpt_oss_120b,10.028797743501574,22670,stable-diffusion-webui/5,stable-diffusion-webui,5,3,22,False,270565,8634,0.013599,83.97
0.0,0,0.0,0.0,temporal_frequency,gpt_oss_120b,8.483636407887394,4835,thefuck/10,thefuck,10,1,6,False,41064,1392,0.003527,16.02
0.0,0,0.0,0.0,temporal_frequency,gpt_oss_120b,8.483636407887394,4835,thefuck/10,thefuck,10,2,11,False,98928,5216,0.006487,55.71
0.0,0,0.0,0.0,temporal_frequency,gpt_oss_120b,8.483636407887394,4835,thefuck/10,thefuck,10,3,12,False,103637,7344,0.008896,66.88
0.0,0,0.0,0.0,temporal_frequency,gpt_oss_120b,8.270781013162674,3908,thefuck/20,thefuck,20,1,13,False,88058,4055,0.007065,53.7
0.0,0,0.0,0.0,temporal_frequency,gpt_oss_120b,8.270781013162674,3908,thefuck/20,thefuck,20,2,21,False,168699,6031,0.007631,68.32
0.0,0,0.0,0.0,temporal_frequency,gpt_oss_120b,8.270781013162674,3908,thefuck/20,thefuck,20,3,10,False,71633,5416,0.007624,51.05
1.0,1,1.0,1.0,temporal_frequency,gpt_oss_120b,7.822845290279774,2497,thefuck/5,thefuck,5,1,8,False,66516,3728,0.007092,39.31
1.0,1,1.0,1.0,temporal_frequency,gpt_oss_120b,7.822845290279774,2497,thefuck/5,thefuck,5,2,3,False,11857,826,0.001662,12.02
1.0,1,1.0,1.0,temporal_frequency,gpt_oss_120b,7.822845290279774,2497,thefuck/5,thefuck,5,3,9,False,51844,2617,0.004433,40.63
1.0,1,1.0,1.0,temporal_frequency,gpt_oss_120b,12.430331574579306,250279,transformers/25,transformers,25,1,5,False,92204,3451,0.008504,44.22
1.0,1,1.0,1.0,temporal_frequency,gpt_oss_120b,12.430331574579306,250279,transformers/25,transformers,25,2,4,False,91852,1558,0.009909,27.15
1.0,1,1.0,1.0,temporal_frequency,gpt_oss_120b,12.430331574579306,250279,transformers/25,transformers,25,3,3,False,74865,790,0.006951,18.29
0.1538,0,1.0,0.0833,temporal_frequency,gpt_oss_120b,12.407424472605875,244611,transformers/27,transformers,27,1,6,False,158355,1540,0.01352,34.51
0.1538,0,1.0,0.0833,temporal_frequency,gpt_oss_120b,12.407424472605875,244611,transformers/27,transformers,27,2,6,False,184279,1285,0.020024,36.19
0.1538,0,1.0,0.0833,temporal_frequency,gpt_oss_120b,12.407424472605875,244611,transformers/27,transformers,27,3,7,False,151898,1640,0.009426,46.2
0.5714,0,1.0,0.4,temporal_frequency,gpt_oss_120b,11.587420505060633,107734,transformers/5,transformers,5,1,17,False,358420,4534,0.020839,89.03
0.0,0,0.0,0.0,temporal_frequency,gpt_oss_120b,11.587420505060633,107734,transformers/5,transformers,5,2,8,False,106341,1419,0.008274,32.71
0.5,0,0.6667,0.4,temporal_frequency,gpt_oss_120b,11.587420505060633,107734,transformers/5,transformers,5,3,15,False,249368,5876,0.013916,86.58
1.0,1,1.0,1.0,temporal_frequency,gpt_oss_120b,12.095096391086711,178992,yt-dlp/23,yt-dlp,23,1,11,False,407978,5779,0.020279,109.74
1.0,1,1.0,1.0,temporal_frequency,gpt_oss_120b,12.095096391086711,178992,yt-dlp/23,yt-dlp,23,2,7,False,232036,3800,0.010148,64.14
1.0,1,1.0,1.0,temporal_frequency,gpt_oss_120b,12.095096391086711,178992,yt-dlp/23,yt-dlp,23,3,13,False,403744,6105,0.01893,115.78
0.0,0,0.0,0.0,temporal_frequency,gpt_oss_120b,12.1489730534896,188900,yt-dlp/41,yt-dlp,41,1,17,False,608879,6150,0.028342,118.23
0.0,0,0.0,0.0,temporal_frequency,gpt_oss_120b,12.1489730534896,188900,yt-dlp/41,yt-dlp,41,2,6,False,226779,2106,0.022838,64.13
1.0,1,1.0,1.0,temporal_frequency,gpt_oss_120b,12.1489730534896,188900,yt-dlp/41,yt-dlp,41,3,14,False,510363,7103,0.023053,147.66
0.6667,0,1.0,0.5,temporal_frequency,gpt_oss_120b,12.198660241414718,198523,yt-dlp/45,yt-dlp,45,1,13,False,498244,4242,0.031594,117.64
0.6667,0,1.0,0.5,temporal_frequency,gpt_oss_120b,12.198660241414718,198523,yt-dlp/45,yt-dlp,45,2,13,False,519576,5981,0.034153,128.29
0.6667,0,1.0,0.5,temporal_frequency,gpt_oss_120b,12.198660241414718,198523,yt-dlp/45,yt-dlp,45,3,17,False,669774,4443,0.030691,108.82
1.0,1,1.0,1.0,temporal_frequency,deepseek_flash,12.068688124847148,174327,core/16,core,16,1,12,False,572928,7119,0.006021,91.94
1.0,1,1.0,1.0,temporal_frequency,deepseek_flash,12.068688124847148,174327,core/16,core,16,2,20,False,1150102,20096,0.012187,205.9
1.0,1,1.0,1.0,temporal_frequency,deepseek_flash,12.068688124847148,174327,core/16,core,16,3,17,False,919995,10099,0.008257,131.76
1.0,1,1.0,1.0,temporal_frequency,deepseek_flash,11.506545154005941,99364,core/20,core,20,1,12,False,356817,5310,0.005588,73.62
1.0,1,1.0,1.0,temporal_frequency,deepseek_flash,11.506545154005941,99364,core/20,core,20,2,17,False,633127,7418,0.00656,112.06
1.0,1,1.0,1.0,temporal_frequency,deepseek_flash,11.506545154005941,99364,core/20,core,20,3,13,False,392754,4882,0.004282,70.54
0.0,0,0.0,0.0,temporal_frequency,deepseek_flash,8.579980179515003,5324,fastapi/17,fastapi,17,1,30,True,1001304,28971,0.02006,320.38
0.0,0,0.0,0.0,temporal_frequency,deepseek_flash,8.579980179515003,5324,fastapi/17,fastapi,17,2,30,True,502620,17017,0.011014,215.22
0.0,0,0.0,0.0,temporal_frequency,deepseek_flash,8.579980179515003,5324,fastapi/17,fastapi,17,3,30,True,557007,21134,0.013476,234.62
0.0,0,0.0,0.0,temporal_frequency,deepseek_flash,8.518991573357617,5009,fastapi/20,fastapi,20,1,27,False,629615,8360,0.011477,151.5
0.0,0,0.0,0.0,temporal_frequency,deepseek_flash,8.518991573357617,5009,fastapi/20,fastapi,20,2,30,True,637611,6672,0.009894,138.36
0.5,1,0.3333,1.0,temporal_frequency,deepseek_flash,8.518991573357617,5009,fastapi/20,fastapi,20,3,30,True,321900,8574,0.006917,136.99
0.5,0,1.0,0.3333,temporal_frequency,deepseek_flash,8.482187582217422,4828,fastapi/9,fastapi,9,1,12,False,74311,2737,0.00195,41.2
0.5,0,1.0,0.3333,temporal_frequency,deepseek_flash,8.482187582217422,4828,fastapi/9,fastapi,9,2,13,False,174025,3183,0.003127,46.81
0.5,0,1.0,0.3333,temporal_frequency,deepseek_flash,8.482187582217422,4828,fastapi/9,fastapi,9,3,9,False,112150,2355,0.002592,40.31
0.6667,0,1.0,0.5,temporal_frequency,deepseek_flash,8.808369153122275,6690,flask/18,flask,18,1,5,False,16341,1238,0.000896,18.25
0.6667,0,1.0,0.5,temporal_frequency,deepseek_flash,8.808369153122275,6690,flask/18,flask,18,2,16,False,76152,3177,0.001699,49.45
0.6667,0,1.0,0.5,temporal_frequency,deepseek_flash,8.808369153122275,6690,flask/18,flask,18,3,6,False,68090,1551,0.002222,25.58
1.0,1,1.0,1.0,temporal_frequency,deepseek_flash,8.899457906353966,7328,flask/3,flask,3,1,30,True,265076,6806,0.005667,111.8
1.0,1,1.0,1.0,temporal_frequency,deepseek_flash,8.899457906353966,7328,flask/3,flask,3,2,25,False,426158,7984,0.005982,124.22
1.0,1,1.0,1.0,temporal_frequency,deepseek_flash,8.899457906353966,7328,flask/3,flask,3,3,30,True,300321,9291,0.00645,132.07
1.0,1,1.0,1.0,temporal_frequency,deepseek_flash,8.827468112520654,6819,flask/6,flask,6,1,6,False,23846,1819,0.001161,22.86
1.0,1,1.0,1.0,temporal_frequency,deepseek_flash,8.827468112520654,6819,flask/6,flask,6,2,9,False,73808,9718,0.00343,92.43
1.0,1,1.0,1.0,temporal_frequency,deepseek_flash,8.827468112520654,6819,flask/6,flask,6,3,8,False,38501,4434,0.001855,51.56
0.5,1,0.3333,1.0,temporal_frequency,deepseek_flash,8.341410211461865,4194,gpt-engineer/11,gpt-engineer,11,1,5,False,48983,2766,0.002697,34.34
0.6667,1,0.5,1.0,temporal_frequency,deepseek_flash,8.341410211461865,4194,gpt-engineer/11,gpt-engineer,11,2,11,False,111573,4445,0.003167,57.44
0.5,1,0.3333,1.0,temporal_frequency,deepseek_flash,8.341410211461865,4194,gpt-engineer/11,gpt-engineer,11,3,6,False,81986,3895,0.003401,46.71
0.6667,0,1.0,0.5,temporal_frequency,deepseek_flash,8.029432840581244,3070,gpt-engineer/12,gpt-engineer,12,1,15,False,145742,9515,0.004892,96.42
0.6667,0,1.0,0.5,temporal_frequency,deepseek_flash,8.029432840581244,3070,gpt-engineer/12,gpt-engineer,12,2,8,False,88387,5193,0.003432,57.61
0.6667,0,1.0,0.5,temporal_frequency,deepseek_flash,8.029432840581244,3070,gpt-engineer/12,gpt-engineer,12,3,13,False,168627,7428,0.004438,93.82
0.6667,1,0.5,1.0,temporal_frequency,deepseek_flash,8.36380888451688,4289,gpt-engineer/9,gpt-engineer,9,1,30,True,760949,29726,0.01832,302.93
0.6667,1,0.5,1.0,temporal_frequency,deepseek_flash,8.36380888451688,4289,gpt-engineer/9,gpt-engineer,9,2,28,False,678134,28225,0.01477,325.63
0.6667,1,0.5,1.0,temporal_frequency,deepseek_flash,8.36380888451688,4289,gpt-engineer/9,gpt-engineer,9,3,30,True,869016,25567,0.021836,296.6
0.2857,0,0.5,0.2,temporal_frequency,deepseek_flash,10.196231790580173,26802,keras/12,keras,12,1,12,False,191931,6591,0.005131,80.44
0.0,0,0.0,0.0,temporal_frequency,deepseek_flash,10.196231790580173,26802,keras/12,keras,12,2,9,False,46243,3510,0.001749,51.42
0.2857,0,0.5,0.2,temporal_frequency,deepseek_flash,10.196231790580173,26802,keras/12,keras,12,3,16,False,145563,4434,0.00304,66.92
0.0,0,0.0,0.0,temporal_frequency,deepseek_flash,10.349134450277123,31230,keras/5,keras,5,1,30,True,608586,18275,0.012802,219.94
0.0,0,0.0,0.0,temporal_frequency,deepseek_flash,10.349134450277123,31230,keras/5,keras,5,2,30,True,975361,26043,0.019893,317.87
0.0,0,0.0,0.0,temporal_frequency,deepseek_flash,10.349134450277123,31230,keras/5,keras,5,3,30,True,1034783,50236,0.026451,502.59
1.0,1,1.0,1.0,temporal_frequency,deepseek_flash,10.444153492313001,34343,keras/9,keras,9,1,8,False,71350,8017,0.003558,91.95
1.0,1,1.0,1.0,temporal_frequency,deepseek_flash,10.444153492313001,34343,keras/9,keras,9,2,6,False,68769,4854,0.002891,56.9
1.0,1,1.0,1.0,temporal_frequency,deepseek_flash,10.444153492313001,34343,keras/9,keras,9,3,14,False,229845,12506,0.005878,136.34
0.25,0,1.0,0.1429,temporal_frequency,deepseek_flash,9.61953186182516,15056,localstack/19,localstack,19,1,12,False,97052,2833,0.001912,43.2
0.25,0,1.0,0.1429,temporal_frequency,deepseek_flash,9.61953186182516,15056,localstack/19,localstack,19,2,10,False,70294,2723,0.00163,42.65
0.25,0,1.0,0.1429,temporal_frequency,deepseek_flash,9.61953186182516,15056,localstack/19,localstack,19,3,10,False,65197,2821,0.001541,41.76
0.6667,1,0.5,1.0,temporal_frequency,deepseek_flash,10.563155506021905,38683,localstack/2,localstack,2,1,30,True,544528,7647,0.008076,132.16
0.0,0,0.0,0.0,temporal_frequency,deepseek_flash,10.563155506021905,38683,localstack/2,localstack,2,2,30,True,651102,7111,0.008586,141.75
0.0,0,0.0,0.0,temporal_frequency,deepseek_flash,10.563155506021905,38683,localstack/2,localstack,2,3,30,True,550142,7326,0.007244,132.99
1.0,1,1.0,1.0,temporal_frequency,deepseek_flash,9.860214640302662,19153,localstack/9,localstack,9,1,30,True,488615,28140,0.014346,291.74
1.0,1,1.0,1.0,temporal_frequency,deepseek_flash,9.860214640302662,19153,localstack/9,localstack,9,2,23,False,281736,10314,0.005153,129.69
1.0,1,1.0,1.0,temporal_frequency,deepseek_flash,9.860214640302662,19153,localstack/9,localstack,9,3,30,False,490818,18879,0.009901,199.93
0.0,0,0.0,0.0,temporal_frequency,deepseek_flash,11.189312196300184,72353,pandas/26,pandas,26,1,30,True,469408,4245,0.00753,91.37
0.0,0,0.0,0.0,temporal_frequency,deepseek_flash,11.189312196300184,72353,pandas/26,pandas,26,2,30,True,481339,5278,0.007277,105.83
0.0,0,0.0,0.0,temporal_frequency,deepseek_flash,11.189312196300184,72353,pandas/26,pandas,26,3,30,True,722359,4047,0.011119,102.73
0.0,0,0.0,0.0,temporal_frequency,deepseek_flash,11.270446177349276,78468,pandas/35,pandas,35,1,30,True,347199,8768,0.007405,121.03
0.0,0,0.0,0.0,temporal_frequency,deepseek_flash,11.270446177349276,78468,pandas/35,pandas,35,2,30,True,363326,7425,0.006687,121.16
0.0,0,0.0,0.0,temporal_frequency,deepseek_flash,11.270446177349276,78468,pandas/35,pandas,35,3,30,True,313869,5658,0.00545,101.88
0.5,0,0.5,0.5,temporal_frequency,deepseek_flash,12.08721590866289,177587,pandas/38,pandas,38,1,30,True,640396,10052,0.009685,151.18
0.5,0,0.5,0.5,temporal_frequency,deepseek_flash,12.08721590866289,177587,pandas/38,pandas,38,2,19,False,271762,5014,0.003625,82.78
0.5,0,0.5,0.5,temporal_frequency,deepseek_flash,12.08721590866289,177587,pandas/38,pandas,38,3,30,True,676238,8718,0.009535,141.7
0.0,0,0.0,0.0,temporal_frequency,deepseek_flash,10.883015959814806,53264,pandas/44,pandas,44,1,27,False,269927,8490,0.005694,128.52
0.5,0,0.5,0.5,temporal_frequency,deepseek_flash,10.883015959814806,53264,pandas/44,pandas,44,2,30,True,324253,9099,0.006322,129.57
0.5,0,0.5,0.5,temporal_frequency,deepseek_flash,10.883015959814806,53264,pandas/44,pandas,44,3,30,True,291488,8008,0.005785,127.36
0.8,0,1.0,0.6667,temporal_frequency,deepseek_flash,9.346705246496699,11461,requests/12,requests,12,1,7,False,71420,3363,0.003038,37.29
0.8,0,1.0,0.6667,temporal_frequency,deepseek_flash,9.346705246496699,11461,requests/12,requests,12,2,6,False,40407,2999,0.001966,30.71
0.8,0,1.0,0.6667,temporal_frequency,deepseek_flash,9.346705246496699,11461,requests/12,requests,12,3,6,False,57731,3093,0.002714,32.17
1.0,1,1.0,1.0,temporal_frequency,deepseek_flash,9.348274558065496,11479,requests/13,requests,13,1,7,False,92114,6814,0.004443,80.13
1.0,1,1.0,1.0,temporal_frequency,deepseek_flash,9.348274558065496,11479,requests/13,requests,13,2,15,False,194494,15381,0.006827,179.36
0.6667,1,0.5,1.0,temporal_frequency,deepseek_flash,9.348274558065496,11479,requests/13,requests,13,3,13,False,257627,9882,0.005959,117.92
1.0,1,1.0,1.0,temporal_frequency,deepseek_flash,7.958576903813898,2860,requests/7,requests,7,1,8,False,40725,3743,0.00178,48.45
1.0,1,1.0,1.0,temporal_frequency,deepseek_flash,7.958576903813898,2860,requests/7,requests,7,2,9,False,47928,4027,0.001796,51.06
1.0,1,1.0,1.0,temporal_frequency,deepseek_flash,7.958576903813898,2860,requests/7,requests,7,3,5,False,34887,8232,0.00329,78.21
1.0,1,1.0,1.0,temporal_frequency,deepseek_flash,10.031000872835088,22720,rich/1,rich,1,1,4,False,17527,1227,0.000988,18.12
1.0,1,1.0,1.0,temporal_frequency,deepseek_flash,10.031000872835088,22720,rich/1,rich,1,2,7,False,36462,1949,0.001084,29.05
1.0,1,1.0,1.0,temporal_frequency,deepseek_flash,10.031000872835088,22720,rich/1,rich,1,3,4,False,17487,796,0.000581,13.78
0.4,0,1.0,0.25,temporal_frequency,deepseek_flash,10.051648903516648,23194,rich/12,rich,12,1,19,False,370276,12347,0.007247,161.18
0.4,0,1.0,0.25,temporal_frequency,deepseek_flash,10.051648903516648,23194,rich/12,rich,12,2,15,False,395434,9726,0.007103,112.75
0.4,0,1.0,0.25,temporal_frequency,deepseek_flash,10.051648903516648,23194,rich/12,rich,12,3,20,False,516723,10922,0.007699,131.64
1.0,1,1.0,1.0,temporal_frequency,deepseek_flash,10.039939675671627,22924,rich/8,rich,8,1,7,False,58941,1663,0.001939,30.27
1.0,1,1.0,1.0,temporal_frequency,deepseek_flash,10.039939675671627,22924,rich/8,rich,8,2,7,False,60848,1564,0.001598,26.29
1.0,1,1.0,1.0,temporal_frequency,deepseek_flash,10.039939675671627,22924,rich/8,rich,8,3,7,False,60787,2457,0.001822,35.8
0.6667,0,1.0,0.5,temporal_frequency,deepseek_flash,11.620954417182327,111408,scikit-learn/45,scikit-learn,45,1,22,False,277580,3439,0.003454,83.1
0.6667,0,1.0,0.5,temporal_frequency,deepseek_flash,11.620954417182327,111408,scikit-learn/45,scikit-learn,45,2,8,False,67637,1667,0.000962,28.53
0.6667,0,1.0,0.5,temporal_frequency,deepseek_flash,11.620954417182327,111408,scikit-learn/45,scikit-learn,45,3,23,False,242035,2868,0.002656,62.33
1.0,1,1.0,1.0,temporal_frequency,deepseek_flash,11.55076060327325,103856,scikit-learn/49,scikit-learn,49,1,22,False,460685,4958,0.006315,83.43
1.0,1,1.0,1.0,temporal_frequency,deepseek_flash,11.55076060327325,103856,scikit-learn/49,scikit-learn,49,2,13,False,300807,4977,0.005363,66.64
1.0,1,1.0,1.0,temporal_frequency,deepseek_flash,11.55076060327325,103856,scikit-learn/49,scikit-learn,49,3,26,False,478031,5744,0.007647,102.72
1.0,1,1.0,1.0,temporal_frequency,deepseek_flash,11.525654110946952,101281,scikit-learn/5,scikit-learn,5,1,23,False,409801,20595,0.009067,226.06
1.0,1,1.0,1.0,temporal_frequency,deepseek_flash,11.525654110946952,101281,scikit-learn/5,scikit-learn,5,2,17,False,441938,23757,0.009657,271.2
1.0,1,1.0,1.0,temporal_frequency,deepseek_flash,11.525654110946952,101281,scikit-learn/5,scikit-learn,5,3,16,False,423403,34974,0.012573,352.18
1.0,1,1.0,1.0,temporal_frequency,deepseek_flash,9.796458979777604,17970,scrapy/20,scrapy,20,1,7,False,76608,1324,0.00293,25.75
1.0,1,1.0,1.0,temporal_frequency,deepseek_flash,9.796458979777604,17970,scrapy/20,scrapy,20,2,2,False,15338,1013,0.000973,14.28
1.0,1,1.0,1.0,temporal_frequency,deepseek_flash,9.796458979777604,17970,scrapy/20,scrapy,20,3,4,False,38293,1245,0.001302,17.81
0.6667,1,0.5,1.0,temporal_frequency,deepseek_flash,9.655026193237628,15600,scrapy/26,scrapy,26,1,10,False,117270,2447,0.00272,42.49
0.6667,1,0.5,1.0,temporal_frequency,deepseek_flash,9.655026193237628,15600,scrapy/26,scrapy,26,2,9,False,108528,3720,0.002502,44.01
0.6667,1,0.5,1.0,temporal_frequency,deepseek_flash,9.655026193237628,15600,scrapy/26,scrapy,26,3,15,False,209079,4377,0.003259,69.58
0.0,0,0.0,0.0,temporal_frequency,deepseek_flash,9.73477299914839,16895,scrapy/48,scrapy,48,1,30,True,433841,7644,0.007313,143.91
0.0,0,0.0,0.0,temporal_frequency,deepseek_flash,9.73477299914839,16895,scrapy/48,scrapy,48,2,26,False,365652,6444,0.005632,101.27
0.0,0,0.0,0.0,temporal_frequency,deepseek_flash,9.73477299914839,16895,scrapy/48,scrapy,48,3,30,True,431808,7526,0.006574,119.23
1.0,1,1.0,1.0,temporal_frequency,deepseek_flash,9.961803629358965,21201,stable-diffusion-webui/0,stable-diffusion-webui,0,1,4,False,83329,2125,0.003761,26.65
1.0,1,1.0,1.0,temporal_frequency,deepseek_flash,9.961803629358965,21201,stable-diffusion-webui/0,stable-diffusion-webui,0,2,10,False,238811,2368,0.004417,42.74
1.0,1,1.0,1.0,temporal_frequency,deepseek_flash,9.961803629358965,21201,stable-diffusion-webui/0,stable-diffusion-webui,0,3,4,False,77400,1487,0.00277,22.85
0.6667,1,0.5,1.0,temporal_frequency,deepseek_flash,9.908425341565751,20099,stable-diffusion-webui/13,stable-diffusion-webui,13,1,15,False,724324,10997,0.012936,131.65
1.0,1,1.0,1.0,temporal_frequency,deepseek_flash,9.908425341565751,20099,stable-diffusion-webui/13,stable-diffusion-webui,13,2,30,True,899740,26175,0.015928,274.51
1.0,1,1.0,1.0,temporal_frequency,deepseek_flash,9.908425341565751,20099,stable-diffusion-webui/13,stable-diffusion-webui,13,3,14,False,383935,13015,0.008065,134.78
0.6667,0,1.0,0.5,temporal_frequency,deepseek_flash,10.028797743501574,22670,stable-diffusion-webui/5,stable-diffusion-webui,5,1,14,False,302911,22507,0.009916,183.23
1.0,1,1.0,1.0,temporal_frequency,deepseek_flash,10.028797743501574,22670,stable-diffusion-webui/5,stable-diffusion-webui,5,2,18,False,575138,29431,0.014474,261.5
1.0,1,1.0,1.0,temporal_frequency,deepseek_flash,10.028797743501574,22670,stable-diffusion-webui/5,stable-diffusion-webui,5,3,9,False,127702,14718,0.006475,119.63
0.4,0,0.5,0.3333,temporal_frequency,deepseek_flash,8.483636407887394,4835,thefuck/10,thefuck,10,1,26,False,800783,26939,0.021501,251.72
0.4,0,0.5,0.3333,temporal_frequency,deepseek_flash,8.483636407887394,4835,thefuck/10,thefuck,10,2,30,False,954738,41689,0.023722,366.85
0.0,0,0.0,0.0,temporal_frequency,deepseek_flash,8.483636407887394,4835,thefuck/10,thefuck,10,3,26,False,765859,30008,0.024776,276.54
0.0,0,0.0,0.0,temporal_frequency,deepseek_flash,8.270781013162674,3908,thefuck/20,thefuck,20,1,6,False,58925,2930,0.002396,33.33
0.0,0,0.0,0.0,temporal_frequency,deepseek_flash,8.270781013162674,3908,thefuck/20,thefuck,20,2,11,False,92885,2602,0.001615,40.85
0.0,0,0.0,0.0,temporal_frequency,deepseek_flash,8.270781013162674,3908,thefuck/20,thefuck,20,3,5,False,41257,3019,0.001581,32.78
1.0,1,1.0,1.0,temporal_frequency,deepseek_flash,7.822845290279774,2497,thefuck/5,thefuck,5,1,6,False,38281,1455,0.001622,21.49
1.0,1,1.0,1.0,temporal_frequency,deepseek_flash,7.822845290279774,2497,thefuck/5,thefuck,5,2,7,False,50408,2329,0.001528,30.14
1.0,1,1.0,1.0,temporal_frequency,deepseek_flash,7.822845290279774,2497,thefuck/5,thefuck,5,3,6,False,45877,2831,0.001859,36.81
1.0,1,1.0,1.0,temporal_frequency,deepseek_flash,12.430331574579306,250279,transformers/25,transformers,25,1,7,False,150956,2804,0.00239,41.63
1.0,1,1.0,1.0,temporal_frequency,deepseek_flash,12.430331574579306,250279,transformers/25,transformers,25,2,9,False,201151,3106,0.00232,49.61
1.0,1,1.0,1.0,temporal_frequency,deepseek_flash,12.430331574579306,250279,transformers/25,transformers,25,3,7,False,154868,3796,0.00211,47.91
0.1538,0,1.0,0.0833,temporal_frequency,deepseek_flash,12.407424472605875,244611,transformers/27,transformers,27,1,3,False,66086,750,0.002086,14.5
0.1538,0,1.0,0.0833,temporal_frequency,deepseek_flash,12.407424472605875,244611,transformers/27,transformers,27,2,3,False,63607,676,0.000946,13.49
0.1538,0,1.0,0.0833,temporal_frequency,deepseek_flash,12.407424472605875,244611,transformers/27,transformers,27,3,7,False,166432,2173,0.002378,34.69
0.8889,0,1.0,0.8,temporal_frequency,deepseek_flash,11.587420505060633,107734,transformers/5,transformers,5,1,27,False,1020830,8856,0.017302,142.19
0.8889,0,1.0,0.8,temporal_frequency,deepseek_flash,11.587420505060633,107734,transformers/5,transformers,5,2,24,False,995403,8372,0.010533,129.21
0.75,0,1.0,0.6,temporal_frequency,deepseek_flash,11.587420505060633,107734,transformers/5,transformers,5,3,29,False,853745,6725,0.013614,126.04
1.0,1,1.0,1.0,temporal_frequency,deepseek_flash,12.095096391086711,178992,yt-dlp/23,yt-dlp,23,1,6,False,182648,2071,0.002372,34.03
1.0,1,1.0,1.0,temporal_frequency,deepseek_flash,12.095096391086711,178992,yt-dlp/23,yt-dlp,23,2,11,False,372511,3696,0.003329,65.76
1.0,1,1.0,1.0,temporal_frequency,deepseek_flash,12.095096391086711,178992,yt-dlp/23,yt-dlp,23,3,12,False,420647,5012,0.003869,81.1
0.0,0,0.0,0.0,temporal_frequency,deepseek_flash,12.1489730534896,188900,yt-dlp/41,yt-dlp,41,1,26,False,1052743,9902,0.010033,143.65
0.5,1,0.3333,1.0,temporal_frequency,deepseek_flash,12.1489730534896,188900,yt-dlp/41,yt-dlp,41,2,22,False,992082,12377,0.00859,152.36
0.5,1,0.3333,1.0,temporal_frequency,deepseek_flash,12.1489730534896,188900,yt-dlp/41,yt-dlp,41,3,27,False,1154035,11015,0.011143,157.19
0.5,0,0.5,0.5,temporal_frequency,deepseek_flash,12.198660241414718,198523,yt-dlp/45,yt-dlp,45,1,17,False,620756,4879,0.005346,84.32
0.6667,0,1.0,0.5,temporal_frequency,deepseek_flash,12.198660241414718,198523,yt-dlp/45,yt-dlp,45,2,23,False,835960,5313,0.005478,109.03
0.6667,0,1.0,0.5,temporal_frequency,deepseek_flash,12.198660241414718,198523,yt-dlp/45,yt-dlp,45,3,23,False,839286,5958,0.00572,103.23
1.0,1,1.0,1.0,temporal_frequency,nemotron_super,12.068688124847148,174327,core/16,core,16,1,9,False,412687,17942,0.042255,163.18
1.0,1,1.0,1.0,temporal_frequency,nemotron_super,12.068688124847148,174327,core/16,core,16,2,6,False,262295,5913,0.02466,126.67
1.0,1,1.0,1.0,temporal_frequency,nemotron_super,12.068688124847148,174327,core/16,core,16,3,8,False,358035,8886,0.033987,140.69
1.0,1,1.0,1.0,temporal_frequency,nemotron_super,11.506545154005941,99364,core/20,core,20,1,3,False,80080,5968,0.009194,64.81
1.0,1,1.0,1.0,temporal_frequency,nemotron_super,11.506545154005941,99364,core/20,core,20,2,6,False,170308,10542,0.018693,249.75
1.0,1,1.0,1.0,temporal_frequency,nemotron_super,11.506545154005941,99364,core/20,core,20,3,9,False,258221,13750,0.027449,129.2
0.0,0,0.0,0.0,temporal_frequency,nemotron_super,8.579980179515003,5324,fastapi/17,fastapi,17,1,3,False,28438,9225,0.006107,134.18
0.0,0,0.0,0.0,temporal_frequency,nemotron_super,8.579980179515003,5324,fastapi/17,fastapi,17,2,5,False,40271,12826,0.008553,274.85
0.0,0,0.0,0.0,temporal_frequency,nemotron_super,8.579980179515003,5324,fastapi/17,fastapi,17,3,3,False,18927,8181,0.004881,73.54
0.0,0,0.0,0.0,temporal_frequency,nemotron_super,8.518991573357617,5009,fastapi/20,fastapi,20,1,3,False,8328,18684,0.008181,364.83
0.0,0,0.0,0.0,temporal_frequency,nemotron_super,8.518991573357617,5009,fastapi/20,fastapi,20,2,4,False,26520,16604,0.008896,205.81
0.0,0,0.0,0.0,temporal_frequency,nemotron_super,8.518991573357617,5009,fastapi/20,fastapi,20,3,3,False,8849,6492,0.003349,164.67
0.5,0,1.0,0.3333,temporal_frequency,nemotron_super,8.482187582217422,4828,fastapi/9,fastapi,9,1,6,False,45650,16572,0.010509,219.1
0.5,0,1.0,0.3333,temporal_frequency,nemotron_super,8.482187582217422,4828,fastapi/9,fastapi,9,2,6,False,46600,22626,0.013011,204.79
0.5,0,1.0,0.3333,temporal_frequency,nemotron_super,8.482187582217422,4828,fastapi/9,fastapi,9,3,5,False,42327,13781,0.00911,151.92
0.0,0,0.0,0.0,temporal_frequency,nemotron_super,8.808369153122275,6690,flask/18,flask,18,1,4,False,50801,16232,0.010811,350.61
1.0,1,1.0,1.0,temporal_frequency,nemotron_super,8.808369153122275,6690,flask/18,flask,18,2,8,False,51451,11918,0.009141,153.01
0.0,0,0.0,0.0,temporal_frequency,nemotron_super,8.808369153122275,6690,flask/18,flask,18,3,4,False,50239,21202,0.012751,376.78
1.0,1,1.0,1.0,temporal_frequency,nemotron_super,8.899457906353966,7328,flask/3,flask,3,1,7,False,63055,16651,0.01202,339.21
1.0,1,1.0,1.0,temporal_frequency,nemotron_super,8.899457906353966,7328,flask/3,flask,3,2,9,False,29481,11357,0.007049,203.65
1.0,1,1.0,1.0,temporal_frequency,nemotron_super,8.899457906353966,7328,flask/3,flask,3,3,2,False,13343,11827,0.005865,100.97
1.0,1,1.0,1.0,temporal_frequency,nemotron_super,8.827468112520654,6819,flask/6,flask,6,1,13,False,131429,28610,0.022615,427.8
1.0,1,1.0,1.0,temporal_frequency,nemotron_super,8.827468112520654,6819,flask/6,flask,6,2,3,False,14631,6642,0.0039,99.77
1.0,1,1.0,1.0,temporal_frequency,nemotron_super,8.827468112520654,6819,flask/6,flask,6,3,8,False,66283,12485,0.010628,236.95
0.0,0,0.0,0.0,temporal_frequency,nemotron_super,8.341410211461865,4194,gpt-engineer/11,gpt-engineer,11,1,7,False,38431,6423,0.005836,101.65
0.0,0,0.0,0.0,temporal_frequency,nemotron_super,8.341410211461865,4194,gpt-engineer/11,gpt-engineer,11,2,5,False,15572,5926,0.003694,106.03
0.0,0,0.0,0.0,temporal_frequency,nemotron_super,8.341410211461865,4194,gpt-engineer/11,gpt-engineer,11,3,9,False,90022,19107,0.015295,196.35
0.4,0,1.0,0.25,temporal_frequency,nemotron_super,8.029432840581244,3070,gpt-engineer/12,gpt-engineer,12,1,8,False,42306,13908,0.009159,256.31
0.0,0,0.0,0.0,temporal_frequency,nemotron_super,8.029432840581244,3070,gpt-engineer/12,gpt-engineer,12,2,2,False,7533,5211,0.002725,79.94
0.4,0,1.0,0.25,temporal_frequency,nemotron_super,8.029432840581244,3070,gpt-engineer/12,gpt-engineer,12,3,2,False,7535,4822,0.002569,48.56
0.0,0,0.0,0.0,temporal_frequency,nemotron_super,8.36380888451688,4289,gpt-engineer/9,gpt-engineer,9,1,9,False,80296,39800,0.022745,853.71
0.6667,1,0.5,1.0,temporal_frequency,nemotron_super,8.36380888451688,4289,gpt-engineer/9,gpt-engineer,9,2,6,False,41552,13933,0.009105,132.59
1.0,1,1.0,1.0,temporal_frequency,nemotron_super,8.36380888451688,4289,gpt-engineer/9,gpt-engineer,9,3,9,False,83472,30628,0.019346,274.96
0.0,0,0.0,0.0,temporal_frequency,nemotron_super,10.196231790580173,26802,keras/12,keras,12,1,6,False,24414,10698,0.006354,203.84
0.0,0,0.0,0.0,temporal_frequency,nemotron_super,10.196231790580173,26802,keras/12,keras,12,2,4,False,23850,9502,0.005828,110.52
0.0,0,0.0,0.0,temporal_frequency,nemotron_super,10.196231790580173,26802,keras/12,keras,12,3,7,False,26439,7400,0.005207,77.16
0.6667,1,0.5,1.0,temporal_frequency,nemotron_super,10.349134450277123,31230,keras/5,keras,5,1,13,False,167370,38181,0.029499,462.43
1.0,1,1.0,1.0,temporal_frequency,nemotron_super,10.349134450277123,31230,keras/5,keras,5,2,11,False,158850,49413,0.033267,776.9
1.0,1,1.0,1.0,temporal_frequency,nemotron_super,10.349134450277123,31230,keras/5,keras,5,3,6,False,38293,3500,0.004655,57.57
1.0,1,1.0,1.0,temporal_frequency,nemotron_super,10.444153492313001,34343,keras/9,keras,9,1,3,False,17514,7046,0.004307,80.53
1.0,1,1.0,1.0,temporal_frequency,nemotron_super,10.444153492313001,34343,keras/9,keras,9,2,2,False,13613,8276,0.004468,76.69
1.0,1,1.0,1.0,temporal_frequency,nemotron_super,10.444153492313001,34343,keras/9,keras,9,3,3,False,17517,4744,0.003387,79.34
0.0,0,0.0,0.0,temporal_frequency,nemotron_super,9.61953186182516,15056,localstack/19,localstack,19,1,10,False,45159,2553,0.00486,48.02
0.0,0,0.0,0.0,temporal_frequency,nemotron_super,9.61953186182516,15056,localstack/19,localstack,19,2,17,False,105989,13081,0.014241,185.11
0.25,0,1.0,0.1429,temporal_frequency,nemotron_super,9.61953186182516,15056,localstack/19,localstack,19,3,6,False,34100,5676,0.005169,90.64
1.0,1,1.0,1.0,temporal_frequency,nemotron_super,10.563155506021905,38683,localstack/2,localstack,2,1,7,False,182240,10138,0.019546,128.25
0.0,0,0.0,0.0,temporal_frequency,nemotron_super,10.563155506021905,38683,localstack/2,localstack,2,2,9,False,129467,19245,0.018703,210.15
1.0,1,1.0,1.0,temporal_frequency,nemotron_super,10.563155506021905,38683,localstack/2,localstack,2,3,6,False,129843,14959,0.01702,330.91
1.0,1,1.0,1.0,temporal_frequency,nemotron_super,9.860214640302662,19153,localstack/9,localstack,9,1,5,False,60395,14731,0.011026,117.06
1.0,1,1.0,1.0,temporal_frequency,nemotron_super,9.860214640302662,19153,localstack/9,localstack,9,2,8,False,127867,26394,0.021426,300.01
1.0,1,1.0,1.0,temporal_frequency,nemotron_super,9.860214640302662,19153,localstack/9,localstack,9,3,5,False,76005,24501,0.016261,500.99
1.0,1,1.0,1.0,temporal_frequency,nemotron_super,11.189312196300184,72353,pandas/26,pandas,26,1,30,False,427903,13841,0.041908,289.91
0.6667,0,1.0,0.5,temporal_frequency,nemotron_super,11.189312196300184,72353,pandas/26,pandas,26,2,25,False,350679,15241,0.035904,359.28
0.0,0,0.0,0.0,temporal_frequency,nemotron_super,11.189312196300184,72353,pandas/26,pandas,26,3,24,False,429415,11307,0.041023,247.86
0.0,0,0.0,0.0,temporal_frequency,nemotron_super,11.270446177349276,78468,pandas/35,pandas,35,1,30,False,611966,38050,0.067237,473.67
0.0,0,0.0,0.0,temporal_frequency,nemotron_super,11.270446177349276,78468,pandas/35,pandas,35,2,27,False,440461,22622,0.046488,455.64
0.0,0,0.0,0.0,temporal_frequency,nemotron_super,11.270446177349276,78468,pandas/35,pandas,35,3,30,True,566297,11859,0.052879,243.02
0.6667,0,1.0,0.5,temporal_frequency,nemotron_super,12.08721590866289,177587,pandas/38,pandas,38,1,3,False,38234,7061,0.006074,146.71
0.6667,0,1.0,0.5,temporal_frequency,nemotron_super,12.08721590866289,177587,pandas/38,pandas,38,2,4,False,59741,10235,0.009172,206.61
0.6667,0,1.0,0.5,temporal_frequency,nemotron_super,12.08721590866289,177587,pandas/38,pandas,38,3,3,False,38240,4827,0.005181,56.88
0.0,0,0.0,0.0,temporal_frequency,nemotron_super,10.883015959814806,53264,pandas/44,pandas,44,1,8,False,53627,14214,0.010244,138.12
0.0,0,0.0,0.0,temporal_frequency,nemotron_super,10.883015959814806,53264,pandas/44,pandas,44,2,7,False,39976,4583,0.005231,86.02
0.0,0,0.0,0.0,temporal_frequency,nemotron_super,10.883015959814806,53264,pandas/44,pandas,44,3,5,False,53719,7244,0.007464,122.43
0.8,0,1.0,0.6667,temporal_frequency,nemotron_super,9.346705246496699,11461,requests/12,requests,12,1,12,False,67976,12708,0.010861,141.36
0.8,0,1.0,0.6667,temporal_frequency,nemotron_super,9.346705246496699,11461,requests/12,requests,12,2,7,False,35412,13999,0.00861,207.67
0.8,0,1.0,0.6667,temporal_frequency,nemotron_super,9.346705246496699,11461,requests/12,requests,12,3,8,False,40561,11680,0.00812,185.26
0.0,0,0.0,0.0,temporal_frequency,nemotron_super,9.348274558065496,11479,requests/13,requests,13,1,5,False,15690,10273,0.005443,141.07
1.0,1,1.0,1.0,temporal_frequency,nemotron_super,9.348274558065496,11479,requests/13,requests,13,2,5,False,20620,11605,0.006395,214.36
1.0,1,1.0,1.0,temporal_frequency,nemotron_super,9.348274558065496,11479,requests/13,requests,13,3,3,False,11648,5365,0.003136,67.19
1.0,1,1.0,1.0,temporal_frequency,nemotron_super,7.958576903813898,2860,requests/7,requests,7,1,7,False,84396,19610,0.015018,284.7
1.0,1,1.0,1.0,temporal_frequency,nemotron_super,7.958576903813898,2860,requests/7,requests,7,2,11,False,151823,27090,0.023741,428.48
1.0,1,1.0,1.0,temporal_frequency,nemotron_super,7.958576903813898,2860,requests/7,requests,7,3,9,False,24941,20600,0.01036,287.31
1.0,1,1.0,1.0,temporal_frequency,nemotron_super,10.031000872835088,22720,rich/1,rich,1,1,9,False,47497,8678,0.007508,182.38
1.0,1,1.0,1.0,temporal_frequency,nemotron_super,10.031000872835088,22720,rich/1,rich,1,2,10,False,54384,8740,0.008119,99.22
1.0,1,1.0,1.0,temporal_frequency,nemotron_super,10.031000872835088,22720,rich/1,rich,1,3,13,False,76026,13387,0.011817,219.95
0.4,0,1.0,0.25,temporal_frequency,nemotron_super,10.051648903516648,23194,rich/12,rich,12,1,5,False,63915,24649,0.015292,621.94
0.4,0,1.0,0.25,temporal_frequency,nemotron_super,10.051648903516648,23194,rich/12,rich,12,2,5,False,49816,15987,0.010629,136.86
0.6667,0,1.0,0.5,temporal_frequency,nemotron_super,10.051648903516648,23194,rich/12,rich,12,3,4,False,38839,9927,0.007272,135.34
1.0,1,1.0,1.0,temporal_frequency,nemotron_super,10.039939675671627,22924,rich/8,rich,8,1,6,False,42016,9687,0.007446,83.02
1.0,1,1.0,1.0,temporal_frequency,nemotron_super,10.039939675671627,22924,rich/8,rich,8,2,3,False,21745,3473,0.003238,39.4
1.0,1,1.0,1.0,temporal_frequency,nemotron_super,10.039939675671627,22924,rich/8,rich,8,3,4,False,31055,4856,0.004582,112.98
0.6667,0,1.0,0.5,temporal_frequency,nemotron_super,11.620954417182327,111408,scikit-learn/45,scikit-learn,45,1,11,False,108826,11673,0.013919,214.59
0.6667,0,1.0,0.5,temporal_frequency,nemotron_super,11.620954417182327,111408,scikit-learn/45,scikit-learn,45,2,9,False,86757,9689,0.01125,109.64
0.6667,0,1.0,0.5,temporal_frequency,nemotron_super,11.620954417182327,111408,scikit-learn/45,scikit-learn,45,3,12,False,113064,11094,0.014048,379.91
1.0,1,1.0,1.0,temporal_frequency,nemotron_super,11.55076060327325,103856,scikit-learn/49,scikit-learn,49,1,17,False,301672,13233,0.030935,183.3
1.0,1,1.0,1.0,temporal_frequency,nemotron_super,11.55076060327325,103856,scikit-learn/49,scikit-learn,49,2,9,False,159061,17677,0.020591,282.24
1.0,1,1.0,1.0,temporal_frequency,nemotron_super,11.55076060327325,103856,scikit-learn/49,scikit-learn,49,3,11,False,171486,15707,0.020859,161.96
1.0,1,1.0,1.0,temporal_frequency,nemotron_super,11.525654110946952,101281,scikit-learn/5,scikit-learn,5,1,3,False,29930,11812,0.007269,149.99
1.0,1,1.0,1.0,temporal_frequency,nemotron_super,11.525654110946952,101281,scikit-learn/5,scikit-learn,5,2,3,False,29930,3413,0.003909,49.58
1.0,1,1.0,1.0,temporal_frequency,nemotron_super,11.525654110946952,101281,scikit-learn/5,scikit-learn,5,3,5,False,65571,14598,0.011413,261.85
1.0,1,1.0,1.0,temporal_frequency,nemotron_super,9.796458979777604,17970,scrapy/20,scrapy,20,1,4,False,34852,2222,0.003851,45.79
1.0,1,1.0,1.0,temporal_frequency,nemotron_super,9.796458979777604,17970,scrapy/20,scrapy,20,2,3,False,24228,1915,0.002825,25.65
1.0,1,1.0,1.0,temporal_frequency,nemotron_super,9.796458979777604,17970,scrapy/20,scrapy,20,3,5,False,41865,3473,0.004948,52.89
1.0,1,1.0,1.0,temporal_frequency,nemotron_super,9.655026193237628,15600,scrapy/26,scrapy,26,1,3,False,25765,8211,0.005474,121.29
1.0,1,1.0,1.0,temporal_frequency,nemotron_super,9.655026193237628,15600,scrapy/26,scrapy,26,2,3,False,25762,8601,0.00563,76.01
1.0,1,1.0,1.0,temporal_frequency,nemotron_super,9.655026193237628,15600,scrapy/26,scrapy,26,3,1,False,7094,5238,0.002698,90.89
0.0,0,0.0,0.0,temporal_frequency,nemotron_super,9.73477299914839,16895,scrapy/48,scrapy,48,1,5,False,44488,7186,0.006656,78.86
0.6667,0,1.0,0.5,temporal_frequency,nemotron_super,9.73477299914839,16895,scrapy/48,scrapy,48,2,9,False,88323,11307,0.01203,111.26
0.0,0,0.0,0.0,temporal_frequency,nemotron_super,9.73477299914839,16895,scrapy/48,scrapy,48,3,6,False,53213,9064,0.008149,183.4
1.0,1,1.0,1.0,temporal_frequency,nemotron_super,9.961803629358965,21201,stable-diffusion-webui/0,stable-diffusion-webui,0,1,2,False,40457,1762,0.004144,24.94
1.0,1,1.0,1.0,temporal_frequency,nemotron_super,9.961803629358965,21201,stable-diffusion-webui/0,stable-diffusion-webui,0,2,4,False,82150,7062,0.009808,94.01
1.0,1,1.0,1.0,temporal_frequency,nemotron_super,9.961803629358965,21201,stable-diffusion-webui/0,stable-diffusion-webui,0,3,3,False,60075,3409,0.00647,60.51
0.0,0,0.0,0.0,temporal_frequency,nemotron_super,9.908425341565751,20099,stable-diffusion-webui/13,stable-diffusion-webui,13,1,15,False,398980,21493,0.04251,245.97
1.0,1,1.0,1.0,temporal_frequency,nemotron_super,9.908425341565751,20099,stable-diffusion-webui/13,stable-diffusion-webui,13,2,19,False,516782,25447,0.054105,499.23
1.0,1,1.0,1.0,temporal_frequency,nemotron_super,9.908425341565751,20099,stable-diffusion-webui/13,stable-diffusion-webui,13,3,27,False,849596,44951,0.090196,370.78
0.6667,0,1.0,0.5,temporal_frequency,nemotron_super,10.028797743501574,22670,stable-diffusion-webui/5,stable-diffusion-webui,5,1,29,False,349231,31328,0.042216,632.18
0.0,0,0.0,0.0,temporal_frequency,nemotron_super,10.028797743501574,22670,stable-diffusion-webui/5,stable-diffusion-webui,5,2,18,False,133670,12072,0.016191,227.43
0.6667,0,1.0,0.5,temporal_frequency,nemotron_super,10.028797743501574,22670,stable-diffusion-webui/5,stable-diffusion-webui,5,3,15,False,284322,57248,0.047067,761.91
0.0,0,0.0,0.0,temporal_frequency,nemotron_super,8.483636407887394,4835,thefuck/10,thefuck,10,1,5,False,43237,7977,0.006866,75.88
0.0,0,0.0,0.0,temporal_frequency,nemotron_super,8.483636407887394,4835,thefuck/10,thefuck,10,2,5,False,42999,9042,0.007272,173.7
0.0,0,0.0,0.0,temporal_frequency,nemotron_super,8.483636407887394,4835,thefuck/10,thefuck,10,3,4,False,35368,8838,0.006541,196.43
0.0,0,0.0,0.0,temporal_frequency,nemotron_super,8.270781013162674,3908,thefuck/20,thefuck,20,1,30,True,275520,32034,0.036233,706.38
0.0,0,0.0,0.0,temporal_frequency,nemotron_super,8.270781013162674,3908,thefuck/20,thefuck,20,2,30,True,296986,44325,0.042974,453.62
0.0,0,0.0,0.0,temporal_frequency,nemotron_super,8.270781013162674,3908,thefuck/20,thefuck,20,3,24,False,204461,19723,0.025268,339.29
1.0,1,1.0,1.0,temporal_frequency,nemotron_super,7.822845290279774,2497,thefuck/5,thefuck,5,1,16,False,113948,18964,0.017271,411.38
1.0,1,1.0,1.0,temporal_frequency,nemotron_super,7.822845290279774,2497,thefuck/5,thefuck,5,2,16,False,151269,30264,0.024963,338.46
1.0,1,1.0,1.0,temporal_frequency,nemotron_super,7.822845290279774,2497,thefuck/5,thefuck,5,3,13,False,59433,3224,0.006341,62.05
1.0,1,1.0,1.0,temporal_frequency,nemotron_super,12.430331574579306,250279,transformers/25,transformers,25,1,8,False,183068,15408,0.021724,174.72
1.0,1,1.0,1.0,temporal_frequency,nemotron_super,12.430331574579306,250279,transformers/25,transformers,25,2,5,False,143350,4449,0.013964,51.71
1.0,1,1.0,1.0,temporal_frequency,nemotron_super,12.430331574579306,250279,transformers/25,transformers,25,3,8,False,185215,12602,0.020784,321.24
0.1538,0,1.0,0.0833,temporal_frequency,nemotron_super,12.407424472605875,244611,transformers/27,transformers,27,1,3,False,65930,939,0.00598,24.91
0.1538,0,1.0,0.0833,temporal_frequency,nemotron_super,12.407424472605875,244611,transformers/27,transformers,27,2,2,False,70049,1420,0.006522,22.69
0.1538,0,1.0,0.0833,temporal_frequency,nemotron_super,12.407424472605875,244611,transformers/27,transformers,27,3,2,False,45880,1180,0.004372,46.8
0.3333,0,1.0,0.2,temporal_frequency,nemotron_super,11.587420505060633,107734,transformers/5,transformers,5,1,19,False,625902,29236,0.064896,472.53
0.8889,0,1.0,0.8,temporal_frequency,nemotron_super,11.587420505060633,107734,transformers/5,transformers,5,2,16,False,483172,15974,0.047459,324.67
0.5714,0,1.0,0.4,temporal_frequency,nemotron_super,11.587420505060633,107734,transformers/5,transformers,5,3,15,False,400248,16885,0.040775,463.86
1.0,1,1.0,1.0,temporal_frequency,nemotron_super,12.095096391086711,178992,yt-dlp/23,yt-dlp,23,1,3,False,113905,6779,0.012394,262.84
1.0,1,1.0,1.0,temporal_frequency,nemotron_super,12.095096391086711,178992,yt-dlp/23,yt-dlp,23,2,4,False,141374,7216,0.014903,110.81
1.0,1,1.0,1.0,temporal_frequency,nemotron_super,12.095096391086711,178992,yt-dlp/23,yt-dlp,23,3,4,False,154327,6400,0.015678,99.9
0.0,0,0.0,0.0,temporal_frequency,nemotron_super,12.1489730534896,188900,yt-dlp/41,yt-dlp,41,1,21,False,858237,12741,0.078047,316.51
0.0,0,0.0,0.0,temporal_frequency,nemotron_super,12.1489730534896,188900,yt-dlp/41,yt-dlp,41,2,27,False,1088238,16856,0.099243,269.04
0.0,0,0.0,0.0,temporal_frequency,nemotron_super,12.1489730534896,188900,yt-dlp/41,yt-dlp,41,3,17,False,715611,20796,0.069145,391.57
0.0,0,0.0,0.0,temporal_frequency,nemotron_super,12.198660241414718,198523,yt-dlp/45,yt-dlp,45,1,4,False,167399,7444,0.017207,75.72
0.6667,0,1.0,0.5,temporal_frequency,nemotron_super,12.198660241414718,198523,yt-dlp/45,yt-dlp,45,2,9,False,449722,9611,0.042071,122.2
0.6667,0,1.0,0.5,temporal_frequency,nemotron_super,12.198660241414718,198523,yt-dlp/45,yt-dlp,45,3,5,False,254942,9863,0.025615,174.67
