f1,success,precision,recall,map_condition,model_short,log_codebase_size,codebase_size,issue_id,repo,issue_idx,rep,turns_used,hit_turn_cap,total_input_tokens,total_output_tokens,total_cost,wall_time_seconds
1.0,1,1.0,1.0,baseline,ministral_3b,12.068688124847148,174327,core/16,core,16,1,14,0,151168,1611,0.010808,38.25
0.0,0,0.0,0.0,baseline,ministral_3b,12.068688124847148,174327,core/16,core,16,2,18,0,180485,1706,0.006901,44.37
1.0,1,1.0,1.0,baseline,ministral_3b,12.068688124847148,174327,core/16,core,16,3,5,0,15169,706,0.00123,9.69
1.0,1,1.0,1.0,baseline,ministral_3b,11.506545154005941,99364,core/20,core,20,1,5,0,27591,1661,0.002366,18.45
1.0,1,1.0,1.0,baseline,ministral_3b,11.506545154005941,99364,core/20,core,20,2,4,0,20201,1561,0.001802,16.1
1.0,1,1.0,1.0,baseline,ministral_3b,11.506545154005941,99364,core/20,core,20,3,10,0,52739,1572,0.003605,26.52
0.0,0,0.0,0.0,baseline,ministral_3b,8.579980179515003,5324,fastapi/17,fastapi,17,1,23,0,217559,2094,0.005768,51.0
0.0,0,0.0,0.0,baseline,ministral_3b,8.579980179515003,5324,fastapi/17,fastapi,17,2,13,0,114047,3359,0.006194,47.89
0.0,0,0.0,0.0,baseline,ministral_3b,8.579980179515003,5324,fastapi/17,fastapi,17,3,16,0,116498,8291,0.007076,96.13
0.0,0,0.0,0.0,baseline,ministral_3b,8.518991573357617,5009,fastapi/20,fastapi,20,1,26,0,57462,2548,0.00194,53.08
0.0,0,0.0,0.0,baseline,ministral_3b,8.518991573357617,5009,fastapi/20,fastapi,20,2,29,0,74189,1399,0.002997,44.38
0.0,0,0.0,0.0,baseline,ministral_3b,8.518991573357617,5009,fastapi/20,fastapi,20,3,16,0,42120,2778,0.00142,35.82
0.5,0,1.0,0.3333,baseline,ministral_3b,8.482187582217422,4828,fastapi/9,fastapi,9,1,15,0,101530,1245,0.004569,32.86
0.5,0,1.0,0.3333,baseline,ministral_3b,8.482187582217422,4828,fastapi/9,fastapi,9,2,8,0,37357,849,0.002335,14.66
0.5,0,1.0,0.3333,baseline,ministral_3b,8.482187582217422,4828,fastapi/9,fastapi,9,3,7,0,50244,946,0.00278,15.69
0.6667,0,1.0,0.5,baseline,ministral_3b,8.808369153122275,6690,flask/18,flask,18,1,24,0,102807,1806,0.003653,43.34
0.6667,0,1.0,0.5,baseline,ministral_3b,8.808369153122275,6690,flask/18,flask,18,2,24,0,133704,2491,0.005043,48.86
0.6667,0,1.0,0.5,baseline,ministral_3b,8.808369153122275,6690,flask/18,flask,18,3,13,0,116760,2731,0.005492,35.93
1.0,1,1.0,1.0,baseline,ministral_3b,8.899457906353966,7328,flask/3,flask,3,1,7,0,18193,836,0.000906,13.34
1.0,1,1.0,1.0,baseline,ministral_3b,8.899457906353966,7328,flask/3,flask,3,2,10,0,34504,1204,0.001785,18.4
1.0,1,1.0,1.0,baseline,ministral_3b,8.899457906353966,7328,flask/3,flask,3,3,12,0,34426,2152,0.002264,37.52
1.0,1,1.0,1.0,baseline,ministral_3b,8.827468112520654,6819,flask/6,flask,6,1,8,0,19485,501,0.001411,12.82
1.0,1,1.0,1.0,baseline,ministral_3b,8.827468112520654,6819,flask/6,flask,6,2,7,0,14606,382,0.000865,11.64
1.0,1,1.0,1.0,baseline,ministral_3b,8.827468112520654,6819,flask/6,flask,6,3,9,0,79211,587,0.00499,22.59
0.0,0,0.0,0.0,baseline,ministral_3b,8.341410211461865,4194,gpt-engineer/11,gpt-engineer,11,1,11,0,31652,1744,0.001882,25.92
0.0,0,0.0,0.0,baseline,ministral_3b,8.341410211461865,4194,gpt-engineer/11,gpt-engineer,11,2,9,0,43747,1601,0.002962,37.81
0.0,0,0.0,0.0,baseline,ministral_3b,8.341410211461865,4194,gpt-engineer/11,gpt-engineer,11,3,7,0,29353,1583,0.002063,25.66
0.4,0,1.0,0.25,baseline,ministral_3b,8.029432840581244,3070,gpt-engineer/12,gpt-engineer,12,1,6,0,27809,919,0.002458,16.09
0.4,0,1.0,0.25,baseline,ministral_3b,8.029432840581244,3070,gpt-engineer/12,gpt-engineer,12,2,5,0,18468,1320,0.001242,14.56
0.4,0,1.0,0.25,baseline,ministral_3b,8.029432840581244,3070,gpt-engineer/12,gpt-engineer,12,3,4,0,11232,878,0.000837,26.99
1.0,1,1.0,1.0,baseline,ministral_3b,8.36380888451688,4289,gpt-engineer/9,gpt-engineer,9,1,22,0,88993,1129,0.003506,34.12
1.0,1,1.0,1.0,baseline,ministral_3b,8.36380888451688,4289,gpt-engineer/9,gpt-engineer,9,2,13,0,66173,1647,0.003994,29.81
1.0,1,1.0,1.0,baseline,ministral_3b,8.36380888451688,4289,gpt-engineer/9,gpt-engineer,9,3,10,0,29518,1237,0.002379,21.28
0.0,0,0.0,0.0,baseline,ministral_3b,10.196231790580173,26802,keras/12,keras,12,1,14,0,56986,1725,0.002813,29.85
0.0,0,0.0,0.0,baseline,ministral_3b,10.196231790580173,26802,keras/12,keras,12,2,20,0,47746,3093,0.002083,42.54
0.0,0,0.0,0.0,baseline,ministral_3b,10.196231790580173,26802,keras/12,keras,12,3,7,0,14226,1305,0.000885,14.24
1.0,1,1.0,1.0,baseline,ministral_3b,10.349134450277123,31230,keras/5,keras,5,1,8,0,59597,1421,0.003504,22.9
0.0,0,0.0,0.0,baseline,ministral_3b,10.349134450277123,31230,keras/5,keras,5,2,24,0,41996,1260,0.001094,34.21
0.0,0,0.0,0.0,baseline,ministral_3b,10.349134450277123,31230,keras/5,keras,5,3,14,0,20236,1022,0.000686,42.75
1.0,1,1.0,1.0,baseline,ministral_3b,10.444153492313001,34343,keras/9,keras,9,1,11,0,82528,2283,0.004363,38.29
1.0,1,1.0,1.0,baseline,ministral_3b,10.444153492313001,34343,keras/9,keras,9,2,7,0,31016,1049,0.002625,15.92
1.0,1,1.0,1.0,baseline,ministral_3b,10.444153492313001,34343,keras/9,keras,9,3,12,0,84698,1617,0.007151,34.59
0.25,0,1.0,0.1429,baseline,ministral_3b,9.61953186182516,15056,localstack/19,localstack,19,1,14,0,125976,1627,0.006931,42.02
0.0,0,0.0,0.0,baseline,ministral_3b,9.61953186182516,15056,localstack/19,localstack,19,2,12,0,38339,1079,0.002698,20.8
0.0,0,0.0,0.0,baseline,ministral_3b,9.61953186182516,15056,localstack/19,localstack,19,3,13,0,64595,1113,0.004791,31.32
1.0,1,1.0,1.0,baseline,ministral_3b,10.563155506021905,38683,localstack/2,localstack,2,1,11,0,126521,2568,0.005358,36.42
1.0,1,1.0,1.0,baseline,ministral_3b,10.563155506021905,38683,localstack/2,localstack,2,2,14,0,178386,2089,0.007708,40.19
1.0,1,1.0,1.0,baseline,ministral_3b,10.563155506021905,38683,localstack/2,localstack,2,3,14,0,158718,1271,0.004761,33.17
0.0,0,0.0,0.0,baseline,ministral_3b,9.860214640302662,19153,localstack/9,localstack,9,1,28,0,81897,1508,0.002079,44.67
1.0,1,1.0,1.0,baseline,ministral_3b,9.860214640302662,19153,localstack/9,localstack,9,2,19,0,83089,1696,0.002966,36.38
0.0,0,0.0,0.0,baseline,ministral_3b,9.860214640302662,19153,localstack/9,localstack,9,3,1,0,4518,10,0.000389,6.46
0.6667,0,1.0,0.5,baseline,ministral_3b,11.189312196300184,72353,pandas/26,pandas,26,1,26,0,157158,1302,0.003543,44.71
0.6667,0,1.0,0.5,baseline,ministral_3b,11.189312196300184,72353,pandas/26,pandas,26,2,13,0,82011,997,0.004298,24.61
1.0,1,1.0,1.0,baseline,ministral_3b,11.189312196300184,72353,pandas/26,pandas,26,3,18,0,379027,1588,0.020419,46.22
0.0,0,0.0,0.0,baseline,ministral_3b,11.270446177349276,78468,pandas/35,pandas,35,1,19,0,346555,3373,0.016451,68.49
0.0,0,0.0,0.0,baseline,ministral_3b,11.270446177349276,78468,pandas/35,pandas,35,2,26,0,357576,1974,0.01193,61.68
0.0,0,0.0,0.0,baseline,ministral_3b,11.270446177349276,78468,pandas/35,pandas,35,3,22,0,534976,2208,0.016566,122.35
0.6667,0,1.0,0.5,baseline,ministral_3b,12.08721590866289,177587,pandas/38,pandas,38,1,9,0,57558,1359,0.002937,23.54
0.6667,0,1.0,0.5,baseline,ministral_3b,12.08721590866289,177587,pandas/38,pandas,38,2,15,0,91706,2723,0.004731,94.95
0.6667,0,1.0,0.5,baseline,ministral_3b,12.08721590866289,177587,pandas/38,pandas,38,3,15,0,81345,2339,0.003167,34.41
0.0,0,0.0,0.0,baseline,ministral_3b,10.883015959814806,53264,pandas/44,pandas,44,1,16,0,40595,1287,0.002034,30.03
0.5,0,0.5,0.5,baseline,ministral_3b,10.883015959814806,53264,pandas/44,pandas,44,2,16,0,33881,810,0.001753,20.61
0.0,0,0.0,0.0,baseline,ministral_3b,10.883015959814806,53264,pandas/44,pandas,44,3,27,0,65845,1196,0.002327,37.8
0.5,0,1.0,0.3333,baseline,ministral_3b,9.346705246496699,11461,requests/12,requests,12,1,6,0,12772,648,0.000634,12.14
0.5,0,1.0,0.3333,baseline,ministral_3b,9.346705246496699,11461,requests/12,requests,12,2,10,0,17626,725,0.001184,15.4
0.5,0,1.0,0.3333,baseline,ministral_3b,9.346705246496699,11461,requests/12,requests,12,3,11,0,32884,792,0.002118,18.4
1.0,1,1.0,1.0,baseline,ministral_3b,9.348274558065496,11479,requests/13,requests,13,1,8,0,41514,790,0.003948,21.28
1.0,1,1.0,1.0,baseline,ministral_3b,9.348274558065496,11479,requests/13,requests,13,2,9,0,61919,1321,0.003732,22.47
1.0,1,1.0,1.0,baseline,ministral_3b,9.348274558065496,11479,requests/13,requests,13,3,12,0,63726,1269,0.004783,31.26
1.0,1,1.0,1.0,baseline,ministral_3b,7.958576903813898,2860,requests/7,requests,7,1,5,0,14597,491,0.001244,9.83
1.0,1,1.0,1.0,baseline,ministral_3b,7.958576903813898,2860,requests/7,requests,7,2,11,0,24998,941,0.001597,19.19
1.0,1,1.0,1.0,baseline,ministral_3b,7.958576903813898,2860,requests/7,requests,7,3,5,0,8688,1007,0.000382,10.24
1.0,1,1.0,1.0,baseline,ministral_3b,10.031000872835088,22720,rich/1,rich,1,1,7,0,20404,1016,0.001376,24.46
1.0,1,1.0,1.0,baseline,ministral_3b,10.031000872835088,22720,rich/1,rich,1,2,4,0,10185,596,0.000525,12.94
1.0,1,1.0,1.0,baseline,ministral_3b,10.031000872835088,22720,rich/1,rich,1,3,4,0,19928,531,0.001418,8.9
0.4,0,1.0,0.25,baseline,ministral_3b,10.051648903516648,23194,rich/12,rich,12,1,23,0,229003,2922,0.010348,69.86
0.4,0,1.0,0.25,baseline,ministral_3b,10.051648903516648,23194,rich/12,rich,12,2,19,0,388120,1715,0.014855,57.7
0.4,0,1.0,0.25,baseline,ministral_3b,10.051648903516648,23194,rich/12,rich,12,3,11,0,58935,1886,0.005264,33.7
1.0,1,1.0,1.0,baseline,ministral_3b,10.039939675671627,22924,rich/8,rich,8,1,5,0,22579,956,0.001449,15.95
1.0,1,1.0,1.0,baseline,ministral_3b,10.039939675671627,22924,rich/8,rich,8,2,5,0,22508,508,0.001248,12.03
0.0,0,0.0,0.0,baseline,ministral_3b,10.039939675671627,22924,rich/8,rich,8,3,15,0,65112,998,0.004105,33.2
0.6667,0,1.0,0.5,baseline,ministral_3b,11.620954417182327,111408,scikit-learn/45,scikit-learn,45,1,6,0,9834,930,0.000523,12.22
0.6667,0,1.0,0.5,baseline,ministral_3b,11.620954417182327,111408,scikit-learn/45,scikit-learn,45,2,5,0,7646,686,0.000493,9.46
0.6667,0,1.0,0.5,baseline,ministral_3b,11.620954417182327,111408,scikit-learn/45,scikit-learn,45,3,5,0,7622,292,0.000475,6.86
1.0,1,1.0,1.0,baseline,ministral_3b,11.55076060327325,103856,scikit-learn/49,scikit-learn,49,1,5,0,32222,578,0.00305,11.88
1.0,1,1.0,1.0,baseline,ministral_3b,11.55076060327325,103856,scikit-learn/49,scikit-learn,49,2,6,0,55633,595,0.005519,14.02
1.0,1,1.0,1.0,baseline,ministral_3b,11.55076060327325,103856,scikit-learn/49,scikit-learn,49,3,11,0,81265,710,0.005559,21.39
1.0,1,1.0,1.0,baseline,ministral_3b,11.525654110946952,101281,scikit-learn/5,scikit-learn,5,1,22,0,268934,1429,0.012711,54.53
1.0,1,1.0,1.0,baseline,ministral_3b,11.525654110946952,101281,scikit-learn/5,scikit-learn,5,2,12,0,117560,1387,0.006538,29.3
1.0,1,1.0,1.0,baseline,ministral_3b,11.525654110946952,101281,scikit-learn/5,scikit-learn,5,3,11,0,74039,992,0.003149,19.47
1.0,1,1.0,1.0,baseline,ministral_3b,9.796458979777604,17970,scrapy/20,scrapy,20,1,9,0,43780,648,0.003262,16.7
1.0,1,1.0,1.0,baseline,ministral_3b,9.796458979777604,17970,scrapy/20,scrapy,20,2,5,0,12866,360,0.000729,9.79
1.0,1,1.0,1.0,baseline,ministral_3b,9.796458979777604,17970,scrapy/20,scrapy,20,3,6,0,18963,484,0.001841,15.39
1.0,1,1.0,1.0,baseline,ministral_3b,9.655026193237628,15600,scrapy/26,scrapy,26,1,16,0,136303,1245,0.006042,33.0
1.0,1,1.0,1.0,baseline,ministral_3b,9.655026193237628,15600,scrapy/26,scrapy,26,2,10,0,74079,1524,0.004911,26.21
1.0,1,1.0,1.0,baseline,ministral_3b,9.655026193237628,15600,scrapy/26,scrapy,26,3,19,0,148111,1400,0.006714,37.49
0.0,0,0.0,0.0,baseline,ministral_3b,9.73477299914839,16895,scrapy/48,scrapy,48,1,16,0,63711,1178,0.00218,29.68
0.0,0,0.0,0.0,baseline,ministral_3b,9.73477299914839,16895,scrapy/48,scrapy,48,2,9,0,53623,1104,0.002817,21.16
0.0,0,0.0,0.0,baseline,ministral_3b,9.73477299914839,16895,scrapy/48,scrapy,48,3,13,0,42793,1318,0.002637,32.48
1.0,1,1.0,1.0,baseline,ministral_3b,9.961803629358965,21201,stable-diffusion-webui/0,stable-diffusion-webui,0,1,6,0,104983,1262,0.007318,23.01
1.0,1,1.0,1.0,baseline,ministral_3b,9.961803629358965,21201,stable-diffusion-webui/0,stable-diffusion-webui,0,2,5,0,85217,881,0.005401,15.93
1.0,1,1.0,1.0,baseline,ministral_3b,9.961803629358965,21201,stable-diffusion-webui/0,stable-diffusion-webui,0,3,4,0,65036,525,0.006303,11.15
0.0,0,0.0,0.0,baseline,ministral_3b,9.908425341565751,20099,stable-diffusion-webui/13,stable-diffusion-webui,13,1,6,0,79867,424,0.004458,15.97
1.0,1,1.0,1.0,baseline,ministral_3b,9.908425341565751,20099,stable-diffusion-webui/13,stable-diffusion-webui,13,2,19,0,269127,2568,0.009515,53.23
0.0,0,0.0,0.0,baseline,ministral_3b,9.908425341565751,20099,stable-diffusion-webui/13,stable-diffusion-webui,13,3,12,0,198841,1921,0.012421,47.85
0.0,0,0.0,0.0,baseline,ministral_3b,10.028797743501574,22670,stable-diffusion-webui/5,stable-diffusion-webui,5,1,24,0,434570,1802,0.009238,19.91
0.0,0,0.0,0.0,baseline,ministral_3b,10.028797743501574,22670,stable-diffusion-webui/5,stable-diffusion-webui,5,2,6,0,14149,901,0.000871,5.28
0.0,0,0.0,0.0,baseline,ministral_3b,10.028797743501574,22670,stable-diffusion-webui/5,stable-diffusion-webui,5,3,7,0,65538,1164,0.003329,9.41
0.5,0,1.0,0.3333,baseline,ministral_3b,8.483636407887394,4835,thefuck/10,thefuck,10,1,9,0,27746,1427,0.001512,15.74
0.0,0,0.0,0.0,baseline,ministral_3b,8.483636407887394,4835,thefuck/10,thefuck,10,2,18,0,54701,1316,0.001754,15.34
0.0,0,0.0,0.0,baseline,ministral_3b,8.483636407887394,4835,thefuck/10,thefuck,10,3,26,0,112474,2007,0.003292,30.36
0.0,0,0.0,0.0,baseline,ministral_3b,8.270781013162674,3908,thefuck/20,thefuck,20,1,11,0,28168,1794,0.001625,28.47
0.0,0,0.0,0.0,baseline,ministral_3b,8.270781013162674,3908,thefuck/20,thefuck,20,2,13,0,45977,2199,0.001966,32.59
0.0,0,0.0,0.0,baseline,ministral_3b,8.270781013162674,3908,thefuck/20,thefuck,20,3,11,0,82130,2247,0.002879,30.07
1.0,1,1.0,1.0,baseline,ministral_3b,7.822845290279774,2497,thefuck/5,thefuck,5,1,6,0,17228,873,0.00143,16.64
0.0,0,0.0,0.0,baseline,ministral_3b,7.822845290279774,2497,thefuck/5,thefuck,5,2,3,0,7047,812,0.000642,9.16
1.0,1,1.0,1.0,baseline,ministral_3b,7.822845290279774,2497,thefuck/5,thefuck,5,3,4,0,7216,757,0.000527,12.89
1.0,1,1.0,1.0,baseline,ministral_3b,12.430331574579306,250279,transformers/25,transformers,25,1,16,0,176093,1341,0.010106,41.1
1.0,1,1.0,1.0,baseline,ministral_3b,12.430331574579306,250279,transformers/25,transformers,25,2,19,0,220004,1730,0.013142,48.9
1.0,1,1.0,1.0,baseline,ministral_3b,12.430331574579306,250279,transformers/25,transformers,25,3,7,0,30023,924,0.002818,18.27
0.1538,0,1.0,0.0833,baseline,ministral_3b,12.407424472605875,244611,transformers/27,transformers,27,1,4,0,11945,499,0.000997,8.45
0.1538,0,1.0,0.0833,baseline,ministral_3b,12.407424472605875,244611,transformers/27,transformers,27,2,7,0,27944,916,0.00174,15.08
0.1538,0,1.0,0.0833,baseline,ministral_3b,12.407424472605875,244611,transformers/27,transformers,27,3,5,0,14698,438,0.001231,10.12
0.0,0,0.0,0.0,baseline,ministral_3b,11.587420505060633,107734,transformers/5,transformers,5,1,2,0,3744,929,0.000341,8.32
0.0,0,0.0,0.0,baseline,ministral_3b,11.587420505060633,107734,transformers/5,transformers,5,2,24,0,190001,3867,0.00986,69.61
0.0,0,0.0,0.0,baseline,ministral_3b,11.587420505060633,107734,transformers/5,transformers,5,3,10,0,52169,3292,0.004152,29.73
1.0,1,1.0,1.0,baseline,ministral_3b,12.095096391086711,178992,yt-dlp/23,yt-dlp,23,1,10,0,126141,1912,0.007558,35.4
1.0,1,1.0,1.0,baseline,ministral_3b,12.095096391086711,178992,yt-dlp/23,yt-dlp,23,2,5,0,37571,1406,0.002872,22.02
1.0,1,1.0,1.0,baseline,ministral_3b,12.095096391086711,178992,yt-dlp/23,yt-dlp,23,3,7,0,101777,1910,0.009361,32.23
0.0,0,0.0,0.0,baseline,ministral_3b,12.1489730534896,188900,yt-dlp/41,yt-dlp,41,1,9,0,141320,945,0.007579,32.19
0.0,0,0.0,0.0,baseline,ministral_3b,12.1489730534896,188900,yt-dlp/41,yt-dlp,41,2,24,0,763073,2214,0.042107,83.09
0.0,0,0.0,0.0,baseline,ministral_3b,12.1489730534896,188900,yt-dlp/41,yt-dlp,41,3,19,0,122280,1480,0.00244,34.96
0.0,0,0.0,0.0,baseline,ministral_3b,12.198660241414718,198523,yt-dlp/45,yt-dlp,45,1,19,0,464964,2672,0.016305,67.18
0.6667,0,1.0,0.5,baseline,ministral_3b,12.198660241414718,198523,yt-dlp/45,yt-dlp,45,2,8,0,183265,1702,0.011153,33.32
0.0,0,0.0,0.0,baseline,ministral_3b,12.198660241414718,198523,yt-dlp/45,yt-dlp,45,3,4,0,37593,1348,0.002829,23.88
1.0,1,1.0,1.0,baseline,gpt_oss_120b,12.068688124847148,174327,core/16,core,16,1,5,0,37379,1479,0.005784,26.86
1.0,1,1.0,1.0,baseline,gpt_oss_120b,12.068688124847148,174327,core/16,core,16,2,5,0,16551,2672,0.003338,27.63
1.0,1,1.0,1.0,baseline,gpt_oss_120b,12.068688124847148,174327,core/16,core,16,3,6,0,17945,1329,0.00259,16.14
1.0,1,1.0,1.0,baseline,gpt_oss_120b,11.506545154005941,99364,core/20,core,20,1,6,0,27362,2014,0.00289,22.27
1.0,1,1.0,1.0,baseline,gpt_oss_120b,11.506545154005941,99364,core/20,core,20,2,9,0,38529,3044,0.004301,33.72
1.0,1,1.0,1.0,baseline,gpt_oss_120b,11.506545154005941,99364,core/20,core,20,3,9,0,32052,2258,0.003144,27.21
0.0,0,0.0,0.0,baseline,gpt_oss_120b,8.579980179515003,5324,fastapi/17,fastapi,17,1,20,0,144222,9386,0.012865,109.26
0.0,0,0.0,0.0,baseline,gpt_oss_120b,8.579980179515003,5324,fastapi/17,fastapi,17,2,23,0,244458,12022,0.019283,171.48
0.0,0,0.0,0.0,baseline,gpt_oss_120b,8.579980179515003,5324,fastapi/17,fastapi,17,3,12,0,60842,3474,0.004877,38.82
0.0,0,0.0,0.0,baseline,gpt_oss_120b,8.518991573357617,5009,fastapi/20,fastapi,20,1,15,0,49239,6976,0.006876,67.41
0.0,0,0.0,0.0,baseline,gpt_oss_120b,8.518991573357617,5009,fastapi/20,fastapi,20,2,14,0,26629,4677,0.004392,50.12
0.0,0,0.0,0.0,baseline,gpt_oss_120b,8.518991573357617,5009,fastapi/20,fastapi,20,3,5,0,6935,1156,0.001051,13.36
0.5,0,1.0,0.3333,baseline,gpt_oss_120b,8.482187582217422,4828,fastapi/9,fastapi,9,1,5,0,14283,1068,0.002105,16.92
0.5,0,1.0,0.3333,baseline,gpt_oss_120b,8.482187582217422,4828,fastapi/9,fastapi,9,2,7,0,37026,1714,0.004259,21.26
0.5,0,1.0,0.3333,baseline,gpt_oss_120b,8.482187582217422,4828,fastapi/9,fastapi,9,3,5,0,17397,606,0.001529,11.24
0.6667,0,1.0,0.5,baseline,gpt_oss_120b,8.808369153122275,6690,flask/18,flask,18,1,9,0,22137,1765,0.002684,22.01
0.6667,0,1.0,0.5,baseline,gpt_oss_120b,8.808369153122275,6690,flask/18,flask,18,2,4,0,5254,2284,0.001602,21.26
1.0,1,1.0,1.0,baseline,gpt_oss_120b,8.808369153122275,6690,flask/18,flask,18,3,15,0,38327,3043,0.003698,52.36
1.0,1,1.0,1.0,baseline,gpt_oss_120b,8.899457906353966,7328,flask/3,flask,3,1,7,0,12458,1438,0.001815,17.97
1.0,1,1.0,1.0,baseline,gpt_oss_120b,8.899457906353966,7328,flask/3,flask,3,2,13,0,55511,7169,0.006758,65.8
1.0,1,1.0,1.0,baseline,gpt_oss_120b,8.899457906353966,7328,flask/3,flask,3,3,9,0,43494,1687,0.004659,26.39
1.0,1,1.0,1.0,baseline,gpt_oss_120b,8.827468112520654,6819,flask/6,flask,6,1,12,0,39325,5154,0.005446,47.19
1.0,1,1.0,1.0,baseline,gpt_oss_120b,8.827468112520654,6819,flask/6,flask,6,2,5,0,10829,1280,0.001699,13.97
1.0,1,1.0,1.0,baseline,gpt_oss_120b,8.827468112520654,6819,flask/6,flask,6,3,12,0,128232,4584,0.008402,58.5
0.0,0,0.0,0.0,baseline,gpt_oss_120b,8.341410211461865,4194,gpt-engineer/11,gpt-engineer,11,1,11,0,112114,5909,0.010751,80.76
0.0,0,0.0,0.0,baseline,gpt_oss_120b,8.341410211461865,4194,gpt-engineer/11,gpt-engineer,11,2,9,0,69186,2666,0.007693,40.05
0.0,0,0.0,0.0,baseline,gpt_oss_120b,8.341410211461865,4194,gpt-engineer/11,gpt-engineer,11,3,5,0,30841,1873,0.004496,19.38
0.4,0,1.0,0.25,baseline,gpt_oss_120b,8.029432840581244,3070,gpt-engineer/12,gpt-engineer,12,1,9,0,39137,2902,0.004214,34.77
0.4,0,1.0,0.25,baseline,gpt_oss_120b,8.029432840581244,3070,gpt-engineer/12,gpt-engineer,12,2,8,0,27480,2324,0.003299,23.15
0.4,0,1.0,0.25,baseline,gpt_oss_120b,8.029432840581244,3070,gpt-engineer/12,gpt-engineer,12,3,3,0,6082,572,0.000824,7.66
0.6667,1,0.5,1.0,baseline,gpt_oss_120b,8.36380888451688,4289,gpt-engineer/9,gpt-engineer,9,1,7,0,34390,6257,0.006492,60.48
1.0,1,1.0,1.0,baseline,gpt_oss_120b,8.36380888451688,4289,gpt-engineer/9,gpt-engineer,9,2,9,0,53297,6003,0.008888,58.4
0.0,0,0.0,0.0,baseline,gpt_oss_120b,8.36380888451688,4289,gpt-engineer/9,gpt-engineer,9,3,5,0,12851,2459,0.002696,24.67
0.0,0,0.0,0.0,baseline,gpt_oss_120b,10.196231790580173,26802,keras/12,keras,12,1,7,0,20407,2189,0.003338,25.56
0.0,0,0.0,0.0,baseline,gpt_oss_120b,10.196231790580173,26802,keras/12,keras,12,2,7,0,20700,2237,0.003008,21.53
0.2857,0,0.5,0.2,baseline,gpt_oss_120b,10.196231790580173,26802,keras/12,keras,12,3,12,0,43314,5036,0.005911,51.41
0.0,0,0.0,0.0,baseline,gpt_oss_120b,10.349134450277123,31230,keras/5,keras,5,1,10,0,37755,6354,0.006504,60.27
0.0,0,0.0,0.0,baseline,gpt_oss_120b,10.349134450277123,31230,keras/5,keras,5,2,10,0,44362,4311,0.004175,41.38
0.0,0,0.0,0.0,baseline,gpt_oss_120b,10.349134450277123,31230,keras/5,keras,5,3,11,0,41632,4860,0.005267,52.3
1.0,1,1.0,1.0,baseline,gpt_oss_120b,10.444153492313001,34343,keras/9,keras,9,1,10,0,32957,1817,0.003293,62.39
1.0,1,1.0,1.0,baseline,gpt_oss_120b,10.444153492313001,34343,keras/9,keras,9,2,10,0,41810,3180,0.005941,45.43
1.0,1,1.0,1.0,baseline,gpt_oss_120b,10.444153492313001,34343,keras/9,keras,9,3,6,0,18354,2622,0.003186,30.17
0.0,0,0.0,0.0,baseline,gpt_oss_120b,9.61953186182516,15056,localstack/19,localstack,19,1,18,0,28031,2770,0.003112,35.67
0.0,0,0.0,0.0,baseline,gpt_oss_120b,9.61953186182516,15056,localstack/19,localstack,19,2,15,0,44224,3160,0.00517,31.97
0.0,0,0.0,0.0,baseline,gpt_oss_120b,9.61953186182516,15056,localstack/19,localstack,19,3,18,0,70222,3201,0.004984,44.01
1.0,1,1.0,1.0,baseline,gpt_oss_120b,10.563155506021905,38683,localstack/2,localstack,2,1,19,0,173993,7528,0.012075,82.36
1.0,1,1.0,1.0,baseline,gpt_oss_120b,10.563155506021905,38683,localstack/2,localstack,2,2,25,0,221795,6234,0.009791,84.36
1.0,1,1.0,1.0,baseline,gpt_oss_120b,10.563155506021905,38683,localstack/2,localstack,2,3,13,0,114103,3852,0.008931,66.55
1.0,1,1.0,1.0,baseline,gpt_oss_120b,9.860214640302662,19153,localstack/9,localstack,9,1,13,0,84503,6199,0.00697,103.97
1.0,1,1.0,1.0,baseline,gpt_oss_120b,9.860214640302662,19153,localstack/9,localstack,9,2,15,0,93485,13202,0.01453,118.58
1.0,1,1.0,1.0,baseline,gpt_oss_120b,9.860214640302662,19153,localstack/9,localstack,9,3,14,0,77636,8917,0.0094,80.47
0.6667,0,1.0,0.5,baseline,gpt_oss_120b,11.189312196300184,72353,pandas/26,pandas,26,1,25,0,161527,4621,0.010409,78.53
1.0,1,1.0,1.0,baseline,gpt_oss_120b,11.189312196300184,72353,pandas/26,pandas,26,2,16,0,96043,3223,0.005302,50.3
0.8,1,0.6667,1.0,baseline,gpt_oss_120b,11.189312196300184,72353,pandas/26,pandas,26,3,26,0,224678,9320,0.014336,110.05
0.0,0,0.0,0.0,baseline,gpt_oss_120b,11.270446177349276,78468,pandas/35,pandas,35,1,20,0,229622,6405,0.015972,98.87
0.0,0,0.0,0.0,baseline,gpt_oss_120b,11.270446177349276,78468,pandas/35,pandas,35,2,18,0,183079,4756,0.013793,75.37
0.0,0,0.0,0.0,baseline,gpt_oss_120b,11.270446177349276,78468,pandas/35,pandas,35,3,9,0,76346,2715,0.005611,38.37
0.6667,0,1.0,0.5,baseline,gpt_oss_120b,12.08721590866289,177587,pandas/38,pandas,38,1,4,0,20733,935,0.002956,16.75
0.6667,0,1.0,0.5,baseline,gpt_oss_120b,12.08721590866289,177587,pandas/38,pandas,38,2,11,0,105764,2388,0.007498,36.81
0.6667,0,1.0,0.5,baseline,gpt_oss_120b,12.08721590866289,177587,pandas/38,pandas,38,3,3,0,22813,682,0.002655,10.87
0.0,0,0.0,0.0,baseline,gpt_oss_120b,10.883015959814806,53264,pandas/44,pandas,44,1,3,0,19226,1311,0.002696,18.09
0.0,0,0.0,0.0,baseline,gpt_oss_120b,10.883015959814806,53264,pandas/44,pandas,44,2,4,0,24125,1563,0.002924,16.01
0.0,0,0.0,0.0,baseline,gpt_oss_120b,10.883015959814806,53264,pandas/44,pandas,44,3,9,0,30904,2360,0.003218,32.09
0.8,0,1.0,0.6667,baseline,gpt_oss_120b,9.346705246496699,11461,requests/12,requests,12,1,16,0,50869,4113,0.005656,52.17
0.5,0,1.0,0.3333,baseline,gpt_oss_120b,9.346705246496699,11461,requests/12,requests,12,2,16,0,61578,4797,0.00616,61.88
0.8,0,1.0,0.6667,baseline,gpt_oss_120b,9.346705246496699,11461,requests/12,requests,12,3,14,0,52658,2760,0.004423,40.07
1.0,1,1.0,1.0,baseline,gpt_oss_120b,9.348274558065496,11479,requests/13,requests,13,1,6,0,41663,1874,0.005672,33.31
1.0,1,1.0,1.0,baseline,gpt_oss_120b,9.348274558065496,11479,requests/13,requests,13,2,10,0,44506,3726,0.005763,39.47
1.0,1,1.0,1.0,baseline,gpt_oss_120b,9.348274558065496,11479,requests/13,requests,13,3,9,0,45809,3358,0.006027,59.67
1.0,1,1.0,1.0,baseline,gpt_oss_120b,7.958576903813898,2860,requests/7,requests,7,1,10,0,31819,4367,0.004653,42.28
1.0,1,1.0,1.0,baseline,gpt_oss_120b,7.958576903813898,2860,requests/7,requests,7,2,5,0,9449,2567,0.001955,21.34
1.0,1,1.0,1.0,baseline,gpt_oss_120b,7.958576903813898,2860,requests/7,requests,7,3,6,0,13131,2916,0.002381,26.8
1.0,1,1.0,1.0,baseline,gpt_oss_120b,10.031000872835088,22720,rich/1,rich,1,1,14,0,52930,3371,0.005244,36.59
1.0,1,1.0,1.0,baseline,gpt_oss_120b,10.031000872835088,22720,rich/1,rich,1,2,7,0,18731,1187,0.002156,20.78
1.0,1,1.0,1.0,baseline,gpt_oss_120b,10.031000872835088,22720,rich/1,rich,1,3,8,0,22494,1359,0.001867,19.24
0.0,0,0.0,0.0,baseline,gpt_oss_120b,10.051648903516648,23194,rich/12,rich,12,1,11,0,46492,2812,0.004142,33.91
0.0,0,0.0,0.0,baseline,gpt_oss_120b,10.051648903516648,23194,rich/12,rich,12,2,11,0,57072,3132,0.006337,35.61
0.0,0,0.0,0.0,baseline,gpt_oss_120b,10.051648903516648,23194,rich/12,rich,12,3,9,0,30604,2053,0.002791,25.87
1.0,1,1.0,1.0,baseline,gpt_oss_120b,10.039939675671627,22924,rich/8,rich,8,1,7,0,40863,2825,0.00535,41.65
1.0,1,1.0,1.0,baseline,gpt_oss_120b,10.039939675671627,22924,rich/8,rich,8,2,5,0,27232,1602,0.00358,18.92
1.0,1,1.0,1.0,baseline,gpt_oss_120b,10.039939675671627,22924,rich/8,rich,8,3,4,0,20838,889,0.002846,14.71
0.6667,0,1.0,0.5,baseline,gpt_oss_120b,11.620954417182327,111408,scikit-learn/45,scikit-learn,45,1,19,0,132681,3680,0.008865,62.73
0.6667,0,1.0,0.5,baseline,gpt_oss_120b,11.620954417182327,111408,scikit-learn/45,scikit-learn,45,2,7,0,26762,1035,0.002633,19.28
0.6667,0,1.0,0.5,baseline,gpt_oss_120b,11.620954417182327,111408,scikit-learn/45,scikit-learn,45,3,10,0,53759,1497,0.004406,25.95
1.0,1,1.0,1.0,baseline,gpt_oss_120b,11.55076060327325,103856,scikit-learn/49,scikit-learn,49,1,7,0,70861,1514,0.007987,22.27
1.0,1,1.0,1.0,baseline,gpt_oss_120b,11.55076060327325,103856,scikit-learn/49,scikit-learn,49,2,9,0,93747,2943,0.009748,46.76
1.0,1,1.0,1.0,baseline,gpt_oss_120b,11.55076060327325,103856,scikit-learn/49,scikit-learn,49,3,7,0,82854,3826,0.010323,45.5
1.0,1,1.0,1.0,baseline,gpt_oss_120b,11.525654110946952,101281,scikit-learn/5,scikit-learn,5,1,6,0,13458,1467,0.001737,21.26
1.0,1,1.0,1.0,baseline,gpt_oss_120b,11.525654110946952,101281,scikit-learn/5,scikit-learn,5,2,8,0,29630,7213,0.006952,64.03
1.0,1,1.0,1.0,baseline,gpt_oss_120b,11.525654110946952,101281,scikit-learn/5,scikit-learn,5,3,6,0,10637,1136,0.001656,15.11
1.0,1,1.0,1.0,baseline,gpt_oss_120b,9.796458979777604,17970,scrapy/20,scrapy,20,1,10,0,43761,1561,0.00387,26.42
1.0,1,1.0,1.0,baseline,gpt_oss_120b,9.796458979777604,17970,scrapy/20,scrapy,20,2,15,0,109037,3827,0.005349,55.94
1.0,1,1.0,1.0,baseline,gpt_oss_120b,9.796458979777604,17970,scrapy/20,scrapy,20,3,5,0,19212,481,0.001956,15.02
1.0,1,1.0,1.0,baseline,gpt_oss_120b,9.655026193237628,15600,scrapy/26,scrapy,26,1,4,0,18607,2116,0.002942,24.8
1.0,1,1.0,1.0,baseline,gpt_oss_120b,9.655026193237628,15600,scrapy/26,scrapy,26,2,12,0,98367,2945,0.0072,44.23
0.6667,1,0.5,1.0,baseline,gpt_oss_120b,9.655026193237628,15600,scrapy/26,scrapy,26,3,21,0,192935,4431,0.011703,86.79
0.0,0,0.0,0.0,baseline,gpt_oss_120b,9.73477299914839,16895,scrapy/48,scrapy,48,1,12,0,51750,3649,0.005415,56.56
0.0,0,0.0,0.0,baseline,gpt_oss_120b,9.73477299914839,16895,scrapy/48,scrapy,48,2,9,0,21407,1650,0.00297,26.66
0.0,0,0.0,0.0,baseline,gpt_oss_120b,9.73477299914839,16895,scrapy/48,scrapy,48,3,9,0,30346,1612,0.002945,21.45
1.0,1,1.0,1.0,baseline,gpt_oss_120b,9.961803629358965,21201,stable-diffusion-webui/0,stable-diffusion-webui,0,1,4,0,64824,605,0.008195,13.51
1.0,1,1.0,1.0,baseline,gpt_oss_120b,9.961803629358965,21201,stable-diffusion-webui/0,stable-diffusion-webui,0,2,5,0,78253,810,0.005344,19.57
1.0,1,1.0,1.0,baseline,gpt_oss_120b,9.961803629358965,21201,stable-diffusion-webui/0,stable-diffusion-webui,0,3,2,0,35887,199,0.005294,8.95
1.0,1,1.0,1.0,baseline,gpt_oss_120b,9.908425341565751,20099,stable-diffusion-webui/13,stable-diffusion-webui,13,1,24,0,307159,8509,0.017233,113.12
1.0,1,1.0,1.0,baseline,gpt_oss_120b,9.908425341565751,20099,stable-diffusion-webui/13,stable-diffusion-webui,13,2,9,0,109466,1780,0.007156,36.01
1.0,1,1.0,1.0,baseline,gpt_oss_120b,9.908425341565751,20099,stable-diffusion-webui/13,stable-diffusion-webui,13,3,26,0,344751,5373,0.014895,129.9
0.6667,0,1.0,0.5,baseline,gpt_oss_120b,10.028797743501574,22670,stable-diffusion-webui/5,stable-diffusion-webui,5,1,9,0,67515,4418,0.007171,67.1
0.6667,0,1.0,0.5,baseline,gpt_oss_120b,10.028797743501574,22670,stable-diffusion-webui/5,stable-diffusion-webui,5,2,21,0,120034,3477,0.005735,85.92
0.6667,0,1.0,0.5,baseline,gpt_oss_120b,10.028797743501574,22670,stable-diffusion-webui/5,stable-diffusion-webui,5,3,12,0,60284,1969,0.004644,25.44
0.0,0,0.0,0.0,baseline,gpt_oss_120b,8.483636407887394,4835,thefuck/10,thefuck,10,1,10,0,26873,3621,0.003588,65.42
0.0,0,0.0,0.0,baseline,gpt_oss_120b,8.483636407887394,4835,thefuck/10,thefuck,10,2,18,0,64908,7602,0.007242,137.84
0.0,0,0.0,0.0,baseline,gpt_oss_120b,8.483636407887394,4835,thefuck/10,thefuck,10,3,7,0,20538,4385,0.004077,74.85
0.0,0,0.0,0.0,baseline,gpt_oss_120b,8.270781013162674,3908,thefuck/20,thefuck,20,1,15,0,47629,5246,0.006516,51.85
0.0,0,0.0,0.0,baseline,gpt_oss_120b,8.270781013162674,3908,thefuck/20,thefuck,20,2,11,0,23732,2810,0.003467,33.06
0.0,0,0.0,0.0,baseline,gpt_oss_120b,8.270781013162674,3908,thefuck/20,thefuck,20,3,27,0,102903,7868,0.008712,104.9
1.0,1,1.0,1.0,baseline,gpt_oss_120b,7.822845290279774,2497,thefuck/5,thefuck,5,1,8,0,16232,1560,0.002253,17.61
1.0,1,1.0,1.0,baseline,gpt_oss_120b,7.822845290279774,2497,thefuck/5,thefuck,5,2,10,0,25164,5560,0.005478,51.24
1.0,1,1.0,1.0,baseline,gpt_oss_120b,7.822845290279774,2497,thefuck/5,thefuck,5,3,10,0,31407,1964,0.003049,28.86
1.0,1,1.0,1.0,baseline,gpt_oss_120b,12.430331574579306,250279,transformers/25,transformers,25,1,12,0,33655,4928,0.004836,40.27
1.0,1,1.0,1.0,baseline,gpt_oss_120b,12.430331574579306,250279,transformers/25,transformers,25,2,5,0,11676,1444,0.001554,19.47
1.0,1,1.0,1.0,baseline,gpt_oss_120b,12.430331574579306,250279,transformers/25,transformers,25,3,5,0,10434,1227,0.001528,15.04
0.1538,0,1.0,0.0833,baseline,gpt_oss_120b,12.407424472605875,244611,transformers/27,transformers,27,1,3,0,18813,677,0.002318,11.12
0.1538,0,1.0,0.0833,baseline,gpt_oss_120b,12.407424472605875,244611,transformers/27,transformers,27,2,3,0,11580,351,0.001308,6.36
0.1538,0,1.0,0.0833,baseline,gpt_oss_120b,12.407424472605875,244611,transformers/27,transformers,27,3,6,0,63613,1097,0.005521,22.12
0.0,0,0.0,0.0,baseline,gpt_oss_120b,11.587420505060633,107734,transformers/5,transformers,5,1,1,0,2118,456,0.00056,6.14
0.75,0,1.0,0.6,baseline,gpt_oss_120b,11.587420505060633,107734,transformers/5,transformers,5,2,20,0,234595,4385,0.012172,71.21
0.5714,0,1.0,0.4,baseline,gpt_oss_120b,11.587420505060633,107734,transformers/5,transformers,5,3,10,0,101543,2248,0.007796,36.1
1.0,1,1.0,1.0,baseline,gpt_oss_120b,12.095096391086711,178992,yt-dlp/23,yt-dlp,23,1,6,0,17640,2964,0.003336,66.73
1.0,1,1.0,1.0,baseline,gpt_oss_120b,12.095096391086711,178992,yt-dlp/23,yt-dlp,23,2,3,0,7526,655,0.001069,7.76
1.0,1,1.0,1.0,baseline,gpt_oss_120b,12.095096391086711,178992,yt-dlp/23,yt-dlp,23,3,4,0,11405,1318,0.001778,77.85
0.6667,1,0.5,1.0,baseline,gpt_oss_120b,12.1489730534896,188900,yt-dlp/41,yt-dlp,41,1,9,0,67340,5837,0.007938,60.43
0.0,0,0.0,0.0,baseline,gpt_oss_120b,12.1489730534896,188900,yt-dlp/41,yt-dlp,41,2,9,0,151925,5545,0.017584,74.15
0.0,0,0.0,0.0,baseline,gpt_oss_120b,12.1489730534896,188900,yt-dlp/41,yt-dlp,41,3,11,0,93887,7562,0.009414,66.55
0.6667,0,1.0,0.5,baseline,gpt_oss_120b,12.198660241414718,198523,yt-dlp/45,yt-dlp,45,1,13,0,145116,4766,0.011394,65.82
0.6667,0,1.0,0.5,baseline,gpt_oss_120b,12.198660241414718,198523,yt-dlp/45,yt-dlp,45,2,11,0,138853,2319,0.01075,42.36
0.6667,0,1.0,0.5,baseline,gpt_oss_120b,12.198660241414718,198523,yt-dlp/45,yt-dlp,45,3,6,0,69449,3845,0.008062,37.54
1.0,1,1.0,1.0,baseline,deepseek_flash,12.068688124847148,174327,core/16,core,16,1,24,0,586150,14554,0.009374,157.16
1.0,1,1.0,1.0,baseline,deepseek_flash,12.068688124847148,174327,core/16,core,16,2,25,0,375146,12113,0.007389,154.56
0.6667,1,0.5,1.0,baseline,deepseek_flash,12.068688124847148,174327,core/16,core,16,3,21,0,257259,7943,0.004961,95.4
1.0,1,1.0,1.0,baseline,deepseek_flash,11.506545154005941,99364,core/20,core,20,1,9,0,42413,2528,0.001377,36.02
1.0,1,1.0,1.0,baseline,deepseek_flash,11.506545154005941,99364,core/20,core,20,2,9,0,104059,3626,0.003238,47.09
1.0,1,1.0,1.0,baseline,deepseek_flash,11.506545154005941,99364,core/20,core,20,3,7,0,46683,2728,0.00175,34.42
0.0,0,0.0,0.0,baseline,deepseek_flash,8.579980179515003,5324,fastapi/17,fastapi,17,1,30,1,1064968,31826,0.021729,386.0
0.0,0,0.0,0.0,baseline,deepseek_flash,8.579980179515003,5324,fastapi/17,fastapi,17,2,30,1,913819,20738,0.01866,214.17
0.0,0,0.0,0.0,baseline,deepseek_flash,8.579980179515003,5324,fastapi/17,fastapi,17,3,30,1,1040792,23931,0.018276,246.66
0.0,0,0.0,0.0,baseline,deepseek_flash,8.518991573357617,5009,fastapi/20,fastapi,20,1,30,1,650177,7551,0.011302,149.46
0.5,1,0.3333,1.0,baseline,deepseek_flash,8.518991573357617,5009,fastapi/20,fastapi,20,2,30,1,545814,9356,0.010403,160.31
0.5,1,0.3333,1.0,baseline,deepseek_flash,8.518991573357617,5009,fastapi/20,fastapi,20,3,30,1,536869,10926,0.010644,174.25
0.5,0,1.0,0.3333,baseline,deepseek_flash,8.482187582217422,4828,fastapi/9,fastapi,9,1,14,0,146912,2759,0.003041,49.61
0.5,0,1.0,0.3333,baseline,deepseek_flash,8.482187582217422,4828,fastapi/9,fastapi,9,2,13,0,70481,3171,0.002027,53.36
0.5,0,1.0,0.3333,baseline,deepseek_flash,8.482187582217422,4828,fastapi/9,fastapi,9,3,16,0,192401,4906,0.003969,69.43
1.0,1,1.0,1.0,baseline,deepseek_flash,8.808369153122275,6690,flask/18,flask,18,1,21,0,105492,4495,0.002435,70.34
0.6667,0,1.0,0.5,baseline,deepseek_flash,8.808369153122275,6690,flask/18,flask,18,2,20,0,138632,4630,0.002933,70.08
0.6667,0,1.0,0.5,baseline,deepseek_flash,8.808369153122275,6690,flask/18,flask,18,3,20,0,101830,3433,0.002222,63.1
0.0,0,0.0,0.0,baseline,deepseek_flash,8.899457906353966,7328,flask/3,flask,3,1,30,1,328321,24352,0.010969,279.0
0.0,0,0.0,0.0,baseline,deepseek_flash,8.899457906353966,7328,flask/3,flask,3,2,30,1,201164,7240,0.004919,114.67
1.0,1,1.0,1.0,baseline,deepseek_flash,8.899457906353966,7328,flask/3,flask,3,3,30,1,171068,8523,0.004928,143.53
1.0,1,1.0,1.0,baseline,deepseek_flash,8.827468112520654,6819,flask/6,flask,6,1,11,0,62799,7098,0.002877,70.26
1.0,1,1.0,1.0,baseline,deepseek_flash,8.827468112520654,6819,flask/6,flask,6,2,5,0,42314,2793,0.00221,33.5
1.0,1,1.0,1.0,baseline,deepseek_flash,8.827468112520654,6819,flask/6,flask,6,3,6,0,68320,6439,0.003377,62.3
0.5,1,0.3333,1.0,baseline,deepseek_flash,8.341410211461865,4194,gpt-engineer/11,gpt-engineer,11,1,14,0,120218,2396,0.00282,45.71
0.5,1,0.3333,1.0,baseline,deepseek_flash,8.341410211461865,4194,gpt-engineer/11,gpt-engineer,11,2,8,0,49478,3029,0.002349,40.1
0.5,1,0.3333,1.0,baseline,deepseek_flash,8.341410211461865,4194,gpt-engineer/11,gpt-engineer,11,3,7,0,50752,3041,0.002899,39.72
0.6667,0,1.0,0.5,baseline,deepseek_flash,8.029432840581244,3070,gpt-engineer/12,gpt-engineer,12,1,25,0,387097,12427,0.00692,144.18
0.6667,0,1.0,0.5,baseline,deepseek_flash,8.029432840581244,3070,gpt-engineer/12,gpt-engineer,12,2,12,0,93581,7383,0.003543,78.57
0.6667,0,1.0,0.5,baseline,deepseek_flash,8.029432840581244,3070,gpt-engineer/12,gpt-engineer,12,3,12,0,92346,5230,0.002749,59.65
0.6667,1,0.5,1.0,baseline,deepseek_flash,8.36380888451688,4289,gpt-engineer/9,gpt-engineer,9,1,30,1,615425,30100,0.014981,318.8
0.6667,1,0.5,1.0,baseline,deepseek_flash,8.36380888451688,4289,gpt-engineer/9,gpt-engineer,9,2,24,0,520067,16469,0.009229,182.82
0.6667,1,0.5,1.0,baseline,deepseek_flash,8.36380888451688,4289,gpt-engineer/9,gpt-engineer,9,3,30,1,578483,27076,0.015478,328.31
0.0,0,0.0,0.0,baseline,deepseek_flash,10.196231790580173,26802,keras/12,keras,12,1,25,0,162705,5956,0.003776,87.75
0.0,0,0.0,0.0,baseline,deepseek_flash,10.196231790580173,26802,keras/12,keras,12,2,16,0,116755,4328,0.002876,65.61
0.2857,0,0.5,0.2,baseline,deepseek_flash,10.196231790580173,26802,keras/12,keras,12,3,13,0,63307,5426,0.002462,66.93
0.0,0,0.0,0.0,baseline,deepseek_flash,10.349134450277123,31230,keras/5,keras,5,1,30,1,594074,23517,0.017384,242.39
0.0,0,0.0,0.0,baseline,deepseek_flash,10.349134450277123,31230,keras/5,keras,5,2,30,1,690305,11527,0.012659,166.94
0.0,0,0.0,0.0,baseline,deepseek_flash,10.349134450277123,31230,keras/5,keras,5,3,30,1,681383,9936,0.012422,142.82
1.0,1,1.0,1.0,baseline,deepseek_flash,10.444153492313001,34343,keras/9,keras,9,1,8,0,87013,5357,0.00311,60.5
1.0,1,1.0,1.0,baseline,deepseek_flash,10.444153492313001,34343,keras/9,keras,9,2,7,0,68006,6837,0.003392,71.83
1.0,1,1.0,1.0,baseline,deepseek_flash,10.444153492313001,34343,keras/9,keras,9,3,11,0,83393,7162,0.003179,76.43
0.0,0,0.0,0.0,baseline,deepseek_flash,9.61953186182516,15056,localstack/19,localstack,19,1,11,0,47707,1326,0.001501,28.95
0.0,0,0.0,0.0,baseline,deepseek_flash,9.61953186182516,15056,localstack/19,localstack,19,2,15,0,88527,2550,0.002325,46.74
0.0,0,0.0,0.0,baseline,deepseek_flash,9.61953186182516,15056,localstack/19,localstack,19,3,12,0,42645,1669,0.001275,32.43
0.6667,1,0.5,1.0,baseline,deepseek_flash,10.563155506021905,38683,localstack/2,localstack,2,1,30,1,409956,6797,0.006612,109.92
0.6667,1,0.5,1.0,baseline,deepseek_flash,10.563155506021905,38683,localstack/2,localstack,2,2,28,0,802456,11304,0.015162,150.41
0.0,0,0.0,0.0,baseline,deepseek_flash,10.563155506021905,38683,localstack/2,localstack,2,3,30,1,391131,4847,0.007821,104.66
1.0,1,1.0,1.0,baseline,deepseek_flash,9.860214640302662,19153,localstack/9,localstack,9,1,24,0,279084,12618,0.006358,141.74
1.0,1,1.0,1.0,baseline,deepseek_flash,9.860214640302662,19153,localstack/9,localstack,9,2,25,0,285174,13443,0.005931,140.35
1.0,1,1.0,1.0,baseline,deepseek_flash,9.860214640302662,19153,localstack/9,localstack,9,3,30,1,451300,27552,0.013804,269.79
0.0,0,0.0,0.0,baseline,deepseek_flash,11.189312196300184,72353,pandas/26,pandas,26,1,30,1,256724,3972,0.00539,83.31
0.0,0,0.0,0.0,baseline,deepseek_flash,11.189312196300184,72353,pandas/26,pandas,26,2,30,1,268953,3628,0.004881,87.3
0.8,1,0.6667,1.0,baseline,deepseek_flash,11.189312196300184,72353,pandas/26,pandas,26,3,30,1,418054,5375,0.008243,113.87
0.0,0,0.0,0.0,baseline,deepseek_flash,11.270446177349276,78468,pandas/35,pandas,35,1,30,1,209618,5202,0.00511,85.54
0.0,0,0.0,0.0,baseline,deepseek_flash,11.270446177349276,78468,pandas/35,pandas,35,2,30,1,239187,6385,0.005648,109.0
0.0,0,0.0,0.0,baseline,deepseek_flash,11.270446177349276,78468,pandas/35,pandas,35,3,30,1,255529,6855,0.005977,112.23
0.5,0,0.5,0.5,baseline,deepseek_flash,12.08721590866289,177587,pandas/38,pandas,38,1,30,1,431656,6170,0.007332,111.97
0.5,0,0.5,0.5,baseline,deepseek_flash,12.08721590866289,177587,pandas/38,pandas,38,2,30,1,653100,14306,0.012426,214.48
0.5,0,0.5,0.5,baseline,deepseek_flash,12.08721590866289,177587,pandas/38,pandas,38,3,30,1,473734,9288,0.008705,151.14
0.0,0,0.0,0.0,baseline,deepseek_flash,10.883015959814806,53264,pandas/44,pandas,44,1,30,1,198569,6876,0.004506,97.53
0.0,0,0.0,0.0,baseline,deepseek_flash,10.883015959814806,53264,pandas/44,pandas,44,2,30,1,212676,8049,0.004983,111.73
0.5,0,0.5,0.5,baseline,deepseek_flash,10.883015959814806,53264,pandas/44,pandas,44,3,30,1,240047,9667,0.005528,125.55
0.8,0,1.0,0.6667,baseline,deepseek_flash,9.346705246496699,11461,requests/12,requests,12,1,9,0,69793,3331,0.002889,39.52
0.8,0,1.0,0.6667,baseline,deepseek_flash,9.346705246496699,11461,requests/12,requests,12,2,5,0,29968,3315,0.00263,33.84
0.8,0,1.0,0.6667,baseline,deepseek_flash,9.346705246496699,11461,requests/12,requests,12,3,12,0,133992,3699,0.003427,60.0
1.0,1,1.0,1.0,baseline,deepseek_flash,9.348274558065496,11479,requests/13,requests,13,1,8,0,79119,4667,0.00355,60.05
1.0,1,1.0,1.0,baseline,deepseek_flash,9.348274558065496,11479,requests/13,requests,13,2,9,0,106474,6223,0.004198,64.78
1.0,1,1.0,1.0,baseline,deepseek_flash,9.348274558065496,11479,requests/13,requests,13,3,12,0,176189,7726,0.004895,92.32
1.0,1,1.0,1.0,baseline,deepseek_flash,7.958576903813898,2860,requests/7,requests,7,1,6,0,34643,7755,0.002596,71.15
1.0,1,1.0,1.0,baseline,deepseek_flash,7.958576903813898,2860,requests/7,requests,7,2,7,0,30071,3746,0.001518,48.37
1.0,1,1.0,1.0,baseline,deepseek_flash,7.958576903813898,2860,requests/7,requests,7,3,7,0,31781,4482,0.0017,56.18
1.0,1,1.0,1.0,baseline,deepseek_flash,10.031000872835088,22720,rich/1,rich,1,1,7,0,24450,1434,0.000857,23.66
1.0,1,1.0,1.0,baseline,deepseek_flash,10.031000872835088,22720,rich/1,rich,1,2,6,0,18733,1481,0.000789,23.68
1.0,1,1.0,1.0,baseline,deepseek_flash,10.031000872835088,22720,rich/1,rich,1,3,3,0,7536,1395,0.000673,20.12
0.4,0,1.0,0.25,baseline,deepseek_flash,10.051648903516648,23194,rich/12,rich,12,1,28,0,789860,24760,0.017061,267.74
0.4,0,1.0,0.25,baseline,deepseek_flash,10.051648903516648,23194,rich/12,rich,12,2,21,0,549799,12657,0.009409,156.66
0.4,0,1.0,0.25,baseline,deepseek_flash,10.051648903516648,23194,rich/12,rich,12,3,30,1,937272,39089,0.022797,438.96
1.0,1,1.0,1.0,baseline,deepseek_flash,10.039939675671627,22924,rich/8,rich,8,1,10,0,68705,1748,0.001766,32.63
1.0,1,1.0,1.0,baseline,deepseek_flash,10.039939675671627,22924,rich/8,rich,8,2,8,0,51921,2663,0.001956,37.83
1.0,1,1.0,1.0,baseline,deepseek_flash,10.039939675671627,22924,rich/8,rich,8,3,8,0,53444,1787,0.001766,27.92
0.6667,0,1.0,0.5,baseline,deepseek_flash,11.620954417182327,111408,scikit-learn/45,scikit-learn,45,1,14,0,48186,2173,0.001103,35.74
0.6667,0,1.0,0.5,baseline,deepseek_flash,11.620954417182327,111408,scikit-learn/45,scikit-learn,45,2,18,0,109165,2829,0.001938,53.06
0.6667,0,1.0,0.5,baseline,deepseek_flash,11.620954417182327,111408,scikit-learn/45,scikit-learn,45,3,21,0,173639,3279,0.003118,64.93
1.0,1,1.0,1.0,baseline,deepseek_flash,11.55076060327325,103856,scikit-learn/49,scikit-learn,49,1,13,0,202800,3434,0.004346,49.17
1.0,1,1.0,1.0,baseline,deepseek_flash,11.55076060327325,103856,scikit-learn/49,scikit-learn,49,2,18,0,324286,6560,0.005756,92.18
1.0,1,1.0,1.0,baseline,deepseek_flash,11.55076060327325,103856,scikit-learn/49,scikit-learn,49,3,9,0,131847,3636,0.003952,44.09
1.0,1,1.0,1.0,baseline,deepseek_flash,11.525654110946952,101281,scikit-learn/5,scikit-learn,5,1,14,0,248019,22747,0.008585,253.1
1.0,1,1.0,1.0,baseline,deepseek_flash,11.525654110946952,101281,scikit-learn/5,scikit-learn,5,2,11,0,199732,15929,0.007081,149.24
1.0,1,1.0,1.0,baseline,deepseek_flash,11.525654110946952,101281,scikit-learn/5,scikit-learn,5,3,11,0,115373,18455,0.006866,157.0
1.0,1,1.0,1.0,baseline,deepseek_flash,9.796458979777604,17970,scrapy/20,scrapy,20,1,4,0,19881,1029,0.001631,14.18
1.0,1,1.0,1.0,baseline,deepseek_flash,9.796458979777604,17970,scrapy/20,scrapy,20,2,4,0,11856,754,0.000923,13.08
1.0,1,1.0,1.0,baseline,deepseek_flash,9.796458979777604,17970,scrapy/20,scrapy,20,3,4,0,15644,763,0.000929,13.56
0.6667,1,0.5,1.0,baseline,deepseek_flash,9.655026193237628,15600,scrapy/26,scrapy,26,1,17,0,161815,3248,0.003052,53.59
0.6667,1,0.5,1.0,baseline,deepseek_flash,9.655026193237628,15600,scrapy/26,scrapy,26,2,14,0,150313,2350,0.003297,45.41
0.6667,1,0.5,1.0,baseline,deepseek_flash,9.655026193237628,15600,scrapy/26,scrapy,26,3,20,0,318906,3360,0.00481,72.13
0.6667,0,1.0,0.5,baseline,deepseek_flash,9.73477299914839,16895,scrapy/48,scrapy,48,1,12,0,58811,3472,0.0019,50.8
0.0,0,0.0,0.0,baseline,deepseek_flash,9.73477299914839,16895,scrapy/48,scrapy,48,2,30,1,224450,4961,0.004889,93.64
0.0,0,0.0,0.0,baseline,deepseek_flash,9.73477299914839,16895,scrapy/48,scrapy,48,3,30,1,245160,6165,0.00521,109.6
1.0,1,1.0,1.0,baseline,deepseek_flash,9.961803629358965,21201,stable-diffusion-webui/0,stable-diffusion-webui,0,1,3,0,48597,1122,0.002762,14.98
1.0,1,1.0,1.0,baseline,deepseek_flash,9.961803629358965,21201,stable-diffusion-webui/0,stable-diffusion-webui,0,2,3,0,48158,1204,0.002706,17.64
1.0,1,1.0,1.0,baseline,deepseek_flash,9.961803629358965,21201,stable-diffusion-webui/0,stable-diffusion-webui,0,3,5,0,84179,1453,0.00299,22.69
1.0,1,1.0,1.0,baseline,deepseek_flash,9.908425341565751,20099,stable-diffusion-webui/13,stable-diffusion-webui,13,1,21,0,452202,10216,0.007513,136.82
1.0,1,1.0,1.0,baseline,deepseek_flash,9.908425341565751,20099,stable-diffusion-webui/13,stable-diffusion-webui,13,2,12,0,378615,7631,0.008025,97.81
1.0,1,1.0,1.0,baseline,deepseek_flash,9.908425341565751,20099,stable-diffusion-webui/13,stable-diffusion-webui,13,3,13,0,250785,6711,0.005308,81.11
0.6667,0,1.0,0.5,baseline,deepseek_flash,10.028797743501574,22670,stable-diffusion-webui/5,stable-diffusion-webui,5,1,14,0,251975,18015,0.009096,151.63
0.6667,0,1.0,0.5,baseline,deepseek_flash,10.028797743501574,22670,stable-diffusion-webui/5,stable-diffusion-webui,5,2,20,0,559311,17721,0.012914,177.22
1.0,1,1.0,1.0,baseline,deepseek_flash,10.028797743501574,22670,stable-diffusion-webui/5,stable-diffusion-webui,5,3,23,0,574690,31837,0.01412,268.06
0.0,0,0.0,0.0,baseline,deepseek_flash,8.483636407887394,4835,thefuck/10,thefuck,10,1,18,0,292112,20560,0.009141,181.61
0.5,0,1.0,0.3333,baseline,deepseek_flash,8.483636407887394,4835,thefuck/10,thefuck,10,2,26,0,526920,20590,0.014732,204.0
0.0,0,0.0,0.0,baseline,deepseek_flash,8.483636407887394,4835,thefuck/10,thefuck,10,3,26,0,394258,29602,0.013943,257.8
0.0,0,0.0,0.0,baseline,deepseek_flash,8.270781013162674,3908,thefuck/20,thefuck,20,1,10,0,45157,2787,0.001764,37.52
0.0,0,0.0,0.0,baseline,deepseek_flash,8.270781013162674,3908,thefuck/20,thefuck,20,2,13,0,72683,4596,0.002418,51.38
0.0,0,0.0,0.0,baseline,deepseek_flash,8.270781013162674,3908,thefuck/20,thefuck,20,3,14,0,70168,3524,0.001889,49.88
1.0,1,1.0,1.0,baseline,deepseek_flash,7.822845290279774,2497,thefuck/5,thefuck,5,1,14,0,92004,3420,0.00237,49.65
1.0,1,1.0,1.0,baseline,deepseek_flash,7.822845290279774,2497,thefuck/5,thefuck,5,2,9,0,35487,2777,0.001619,33.63
1.0,1,1.0,1.0,baseline,deepseek_flash,7.822845290279774,2497,thefuck/5,thefuck,5,3,9,0,41853,2528,0.001562,33.78
1.0,1,1.0,1.0,baseline,deepseek_flash,12.430331574579306,250279,transformers/25,transformers,25,1,14,0,80948,3852,0.002419,57.7
1.0,1,1.0,1.0,baseline,deepseek_flash,12.430331574579306,250279,transformers/25,transformers,25,2,11,0,39691,4065,0.001848,44.51
1.0,1,1.0,1.0,baseline,deepseek_flash,12.430331574579306,250279,transformers/25,transformers,25,3,11,0,62372,4222,0.002398,55.18
0.1538,0,1.0,0.0833,baseline,deepseek_flash,12.407424472605875,244611,transformers/27,transformers,27,1,2,0,7089,458,0.000664,7.91
0.1538,0,1.0,0.0833,baseline,deepseek_flash,12.407424472605875,244611,transformers/27,transformers,27,2,2,0,5143,498,0.000403,7.27
0.1538,0,1.0,0.0833,baseline,deepseek_flash,12.407424472605875,244611,transformers/27,transformers,27,3,3,0,13248,888,0.000962,14.66
0.8889,0,1.0,0.8,baseline,deepseek_flash,11.587420505060633,107734,transformers/5,transformers,5,1,30,1,395919,6648,0.008135,115.06
0.0,0,0.0,0.0,baseline,deepseek_flash,11.587420505060633,107734,transformers/5,transformers,5,2,30,1,484336,5907,0.009471,119.84
0.75,0,1.0,0.6,baseline,deepseek_flash,11.587420505060633,107734,transformers/5,transformers,5,3,26,0,297434,5679,0.007774,100.33
1.0,1,1.0,1.0,baseline,deepseek_flash,12.095096391086711,178992,yt-dlp/23,yt-dlp,23,1,11,0,141146,7592,0.004377,83.15
1.0,1,1.0,1.0,baseline,deepseek_flash,12.095096391086711,178992,yt-dlp/23,yt-dlp,23,2,18,0,199056,7662,0.004444,94.67
1.0,1,1.0,1.0,baseline,deepseek_flash,12.095096391086711,178992,yt-dlp/23,yt-dlp,23,3,20,0,246195,13581,0.006343,144.49
0.0,0,0.0,0.0,baseline,deepseek_flash,12.1489730534896,188900,yt-dlp/41,yt-dlp,41,1,28,0,469093,21637,0.011478,232.71
0.0,0,0.0,0.0,baseline,deepseek_flash,12.1489730534896,188900,yt-dlp/41,yt-dlp,41,2,30,1,450993,13673,0.009471,176.29
0.0,0,0.0,0.0,baseline,deepseek_flash,12.1489730534896,188900,yt-dlp/41,yt-dlp,41,3,30,1,445708,17176,0.010081,215.63
0.0,0,0.0,0.0,baseline,deepseek_flash,12.198660241414718,198523,yt-dlp/45,yt-dlp,45,1,30,1,333432,7230,0.006487,119.48
0.6667,0,1.0,0.5,baseline,deepseek_flash,12.198660241414718,198523,yt-dlp/45,yt-dlp,45,2,30,0,678929,7195,0.010749,144.71
0.6667,0,1.0,0.5,baseline,deepseek_flash,12.198660241414718,198523,yt-dlp/45,yt-dlp,45,3,26,0,318113,7777,0.007042,115.78
1.0,1,1.0,1.0,baseline,nemotron_super,12.068688124847148,174327,core/16,core,16,1,8,0,29161,18856,0.010021,373.34
1.0,1,1.0,1.0,baseline,nemotron_super,12.068688124847148,174327,core/16,core,16,2,14,0,110935,39195,0.025107,353.33
1.0,1,1.0,1.0,baseline,nemotron_super,12.068688124847148,174327,core/16,core,16,3,9,0,40411,7028,0.006246,93.37
1.0,1,1.0,1.0,baseline,nemotron_super,11.506545154005941,99364,core/20,core,20,1,6,0,30817,11812,0.007344,198.25
1.0,1,1.0,1.0,baseline,nemotron_super,11.506545154005941,99364,core/20,core,20,2,5,0,19249,7407,0.004599,123.19
1.0,1,1.0,1.0,baseline,nemotron_super,11.506545154005941,99364,core/20,core,20,3,7,0,36076,14602,0.008907,284.0
0.0,0,0.0,0.0,baseline,nemotron_super,8.579980179515003,5324,fastapi/17,fastapi,17,1,14,0,120192,37118,0.025064,326.96
0.0,0,0.0,0.0,baseline,nemotron_super,8.579980179515003,5324,fastapi/17,fastapi,17,2,10,0,98140,19733,0.016235,228.55
0.0,0,0.0,0.0,baseline,nemotron_super,8.579980179515003,5324,fastapi/17,fastapi,17,3,9,0,52524,12790,0.009581,151.29
0.0,0,0.0,0.0,baseline,nemotron_super,8.518991573357617,5009,fastapi/20,fastapi,20,1,11,0,21385,22829,0.010949,227.59
0.0,0,0.0,0.0,baseline,nemotron_super,8.518991573357617,5009,fastapi/20,fastapi,20,2,11,0,67279,16946,0.012497,162.36
0.0,0,0.0,0.0,baseline,nemotron_super,8.518991573357617,5009,fastapi/20,fastapi,20,3,16,0,48147,27794,0.01521,350.31
0.5,0,1.0,0.3333,baseline,nemotron_super,8.482187582217422,4828,fastapi/9,fastapi,9,1,5,0,19297,8298,0.004959,160.09
0.5,0,1.0,0.3333,baseline,nemotron_super,8.482187582217422,4828,fastapi/9,fastapi,9,2,5,0,19430,6777,0.004362,84.79
0.5,0,1.0,0.3333,baseline,nemotron_super,8.482187582217422,4828,fastapi/9,fastapi,9,3,4,0,17168,8518,0.004866,189.41
0.6667,0,1.0,0.5,baseline,nemotron_super,8.808369153122275,6690,flask/18,flask,18,1,7,0,15737,8528,0.004749,109.61
0.6667,0,1.0,0.5,baseline,nemotron_super,8.808369153122275,6690,flask/18,flask,18,2,7,0,41079,6810,0.006216,113.41
0.6667,0,1.0,0.5,baseline,nemotron_super,8.808369153122275,6690,flask/18,flask,18,3,9,0,21865,7081,0.004691,77.8
1.0,1,1.0,1.0,baseline,nemotron_super,8.899457906353966,7328,flask/3,flask,3,1,11,0,25716,9730,0.006078,188.5
1.0,1,1.0,1.0,baseline,nemotron_super,8.899457906353966,7328,flask/3,flask,3,2,7,0,39092,7480,0.006315,77.63
1.0,1,1.0,1.0,baseline,nemotron_super,8.899457906353966,7328,flask/3,flask,3,3,15,0,47790,21762,0.012767,253.55
1.0,1,1.0,1.0,baseline,nemotron_super,8.827468112520654,6819,flask/6,flask,6,1,5,0,15992,9211,0.005044,204.88
1.0,1,1.0,1.0,baseline,nemotron_super,8.827468112520654,6819,flask/6,flask,6,2,4,0,14212,2201,0.002088,46.63
1.0,1,1.0,1.0,baseline,nemotron_super,8.827468112520654,6819,flask/6,flask,6,3,5,0,40506,7597,0.006482,82.28
0.0,0,0.0,0.0,baseline,nemotron_super,8.341410211461865,4194,gpt-engineer/11,gpt-engineer,11,1,13,0,84352,32405,0.020132,345.82
0.0,0,0.0,0.0,baseline,nemotron_super,8.341410211461865,4194,gpt-engineer/11,gpt-engineer,11,2,9,0,25420,16653,0.008822,174.43
0.0,0,0.0,0.0,baseline,nemotron_super,8.341410211461865,4194,gpt-engineer/11,gpt-engineer,11,3,9,0,40199,14611,0.009261,116.97
0.4,0,1.0,0.25,baseline,nemotron_super,8.029432840581244,3070,gpt-engineer/12,gpt-engineer,12,1,4,0,10107,5683,0.003132,43.78
0.4,0,1.0,0.25,baseline,nemotron_super,8.029432840581244,3070,gpt-engineer/12,gpt-engineer,12,2,6,0,17890,6131,0.003973,55.88
0.4,0,1.0,0.25,baseline,nemotron_super,8.029432840581244,3070,gpt-engineer/12,gpt-engineer,12,3,19,0,113945,21136,0.01814,363.5
1.0,1,1.0,1.0,baseline,nemotron_super,8.36380888451688,4289,gpt-engineer/9,gpt-engineer,9,1,5,0,11842,6826,0.003737,152.25
0.6667,1,0.5,1.0,baseline,nemotron_super,8.36380888451688,4289,gpt-engineer/9,gpt-engineer,9,2,9,0,43815,14393,0.009481,121.96
0.0,0,0.0,0.0,baseline,nemotron_super,8.36380888451688,4289,gpt-engineer/9,gpt-engineer,9,3,6,0,29772,12535,0.007545,246.73
0.0,0,0.0,0.0,baseline,nemotron_super,10.196231790580173,26802,keras/12,keras,12,1,7,0,14131,8004,0.004403,103.48
0.0,0,0.0,0.0,baseline,nemotron_super,10.196231790580173,26802,keras/12,keras,12,2,11,0,29611,25221,0.012605,314.27
0.0,0,0.0,0.0,baseline,nemotron_super,10.196231790580173,26802,keras/12,keras,12,3,5,0,10644,9351,0.004645,238.44
0.0,0,0.0,0.0,baseline,nemotron_super,10.349134450277123,31230,keras/5,keras,5,1,13,0,200056,54191,0.038681,709.7
0.0,0,0.0,0.0,baseline,nemotron_super,10.349134450277123,31230,keras/5,keras,5,2,15,0,244363,36617,0.035418,430.53
0.6667,1,0.5,1.0,baseline,nemotron_super,10.349134450277123,31230,keras/5,keras,5,3,11,0,168188,41700,0.030976,522.67
1.0,1,1.0,1.0,baseline,nemotron_super,10.444153492313001,34343,keras/9,keras,9,1,7,0,31792,21466,0.011289,284.97
1.0,1,1.0,1.0,baseline,nemotron_super,10.444153492313001,34343,keras/9,keras,9,2,4,0,13252,7501,0.004127,152.07
1.0,1,1.0,1.0,baseline,nemotron_super,10.444153492313001,34343,keras/9,keras,9,3,6,0,23270,16934,0.008752,231.16
0.0,0,0.0,0.0,baseline,nemotron_super,9.61953186182516,15056,localstack/19,localstack,19,1,10,0,19742,3593,0.003115,94.29
0.0,0,0.0,0.0,baseline,nemotron_super,9.61953186182516,15056,localstack/19,localstack,19,2,15,0,99643,9063,0.012095,112.66
0.0,0,0.0,0.0,baseline,nemotron_super,9.61953186182516,15056,localstack/19,localstack,19,3,20,0,161762,7216,0.016636,186.27
1.0,1,1.0,1.0,baseline,nemotron_super,10.563155506021905,38683,localstack/2,localstack,2,1,14,0,217748,30644,0.030766,298.61
1.0,1,1.0,1.0,baseline,nemotron_super,10.563155506021905,38683,localstack/2,localstack,2,2,9,0,97675,13025,0.013512,195.39
1.0,1,1.0,1.0,baseline,nemotron_super,10.563155506021905,38683,localstack/2,localstack,2,3,11,0,142529,20205,0.020197,182.99
1.0,1,1.0,1.0,baseline,nemotron_super,9.860214640302662,19153,localstack/9,localstack,9,1,18,0,87239,28421,0.018784,398.94
0.0,0,0.0,0.0,baseline,nemotron_super,9.860214640302662,19153,localstack/9,localstack,9,2,7,0,81705,29082,0.018578,321.1
1.0,1,1.0,1.0,baseline,nemotron_super,9.860214640302662,19153,localstack/9,localstack,9,3,15,0,65802,12334,0.010527,388.88
0.0,0,0.0,0.0,baseline,nemotron_super,11.189312196300184,72353,pandas/26,pandas,26,1,30,1,287344,9136,0.028079,123.28
0.0,0,0.0,0.0,baseline,nemotron_super,11.189312196300184,72353,pandas/26,pandas,26,2,30,1,675128,18543,0.064803,433.44
0.0,0,0.0,0.0,baseline,nemotron_super,11.189312196300184,72353,pandas/26,pandas,26,3,30,1,169693,8386,0.017778,241.59
0.0,0,0.0,0.0,baseline,nemotron_super,11.270446177349276,78468,pandas/35,pandas,35,1,30,1,234108,12262,0.024804,171.52
0.0,0,0.0,0.0,baseline,nemotron_super,11.270446177349276,78468,pandas/35,pandas,35,2,30,1,351040,12683,0.034912,169.8
0.0,0,0.0,0.0,baseline,nemotron_super,11.270446177349276,78468,pandas/35,pandas,35,3,30,1,391124,27862,0.04439,299.33
0.6667,0,1.0,0.5,baseline,nemotron_super,12.08721590866289,177587,pandas/38,pandas,38,1,6,0,26512,10546,0.006472,86.71
0.6667,0,1.0,0.5,baseline,nemotron_super,12.08721590866289,177587,pandas/38,pandas,38,2,4,0,21795,9864,0.005798,189.98
0.6667,0,1.0,0.5,baseline,nemotron_super,12.08721590866289,177587,pandas/38,pandas,38,3,5,0,17464,8046,0.004703,169.55
0.0,0,0.0,0.0,baseline,nemotron_super,10.883015959814806,53264,pandas/44,pandas,44,1,18,0,71717,20701,0.014376,213.87
0.0,0,0.0,0.0,baseline,nemotron_super,10.883015959814806,53264,pandas/44,pandas,44,2,13,0,35819,12440,0.008021,170.02
0.0,0,0.0,0.0,baseline,nemotron_super,10.883015959814806,53264,pandas/44,pandas,44,3,10,0,34426,14482,0.008719,431.11
0.8,0,1.0,0.6667,baseline,nemotron_super,9.346705246496699,11461,requests/12,requests,12,1,8,0,29954,9756,0.006448,114.55
0.8,0,1.0,0.6667,baseline,nemotron_super,9.346705246496699,11461,requests/12,requests,12,2,9,0,44520,15169,0.009852,145.34
0.8,0,1.0,0.6667,baseline,nemotron_super,9.346705246496699,11461,requests/12,requests,12,3,9,0,35444,8997,0.006612,158.96
1.0,1,1.0,1.0,baseline,nemotron_super,9.348274558065496,11479,requests/13,requests,13,1,5,0,13394,6341,0.003675,110.52
0.0,0,0.0,0.0,baseline,nemotron_super,9.348274558065496,11479,requests/13,requests,13,2,1,0,2603,819,0.000549,12.28
1.0,1,1.0,1.0,baseline,nemotron_super,9.348274558065496,11479,requests/13,requests,13,3,6,0,21574,9924,0.005803,139.75
1.0,1,1.0,1.0,baseline,nemotron_super,7.958576903813898,2860,requests/7,requests,7,1,7,0,62354,8638,0.008755,141.81
1.0,1,1.0,1.0,baseline,nemotron_super,7.958576903813898,2860,requests/7,requests,7,2,5,0,11917,12897,0.006172,130.97
1.0,1,1.0,1.0,baseline,nemotron_super,7.958576903813898,2860,requests/7,requests,7,3,11,0,27345,23828,0.011856,424.34
1.0,1,1.0,1.0,baseline,nemotron_super,10.031000872835088,22720,rich/1,rich,1,1,10,0,75474,7354,0.009357,98.28
1.0,1,1.0,1.0,baseline,nemotron_super,10.031000872835088,22720,rich/1,rich,1,2,11,0,38856,8292,0.00662,81.95
1.0,1,1.0,1.0,baseline,nemotron_super,10.031000872835088,22720,rich/1,rich,1,3,7,0,21681,5469,0.00403,131.23
0.0,0,0.0,0.0,baseline,nemotron_super,10.051648903516648,23194,rich/12,rich,12,1,6,0,53904,13777,0.010093,168.36
0.4,0,1.0,0.25,baseline,nemotron_super,10.051648903516648,23194,rich/12,rich,12,2,7,0,73141,18724,0.013707,283.42
0.6667,0,1.0,0.5,baseline,nemotron_super,10.051648903516648,23194,rich/12,rich,12,3,7,0,56897,14070,0.010464,291.43
1.0,1,1.0,1.0,baseline,nemotron_super,10.039939675671627,22924,rich/8,rich,8,1,7,0,39080,13384,0.008675,172.5
1.0,1,1.0,1.0,baseline,nemotron_super,10.039939675671627,22924,rich/8,rich,8,2,5,0,23583,7449,0.004984,75.51
1.0,1,1.0,1.0,baseline,nemotron_super,10.039939675671627,22924,rich/8,rich,8,3,10,0,59259,11432,0.00961,273.66
0.6667,0,1.0,0.5,baseline,nemotron_super,11.620954417182327,111408,scikit-learn/45,scikit-learn,45,1,9,0,45777,6728,0.006582,81.21
0.6667,0,1.0,0.5,baseline,nemotron_super,11.620954417182327,111408,scikit-learn/45,scikit-learn,45,2,9,0,24078,10150,0.006107,96.65
0.6667,0,1.0,0.5,baseline,nemotron_super,11.620954417182327,111408,scikit-learn/45,scikit-learn,45,3,14,0,42540,20631,0.011868,513.44
1.0,1,1.0,1.0,baseline,nemotron_super,11.55076060327325,103856,scikit-learn/49,scikit-learn,49,1,12,0,110978,8470,0.012821,128.37
1.0,1,1.0,1.0,baseline,nemotron_super,11.55076060327325,103856,scikit-learn/49,scikit-learn,49,2,10,0,51736,5332,0.00653,58.71
1.0,1,1.0,1.0,baseline,nemotron_super,11.55076060327325,103856,scikit-learn/49,scikit-learn,49,3,30,0,341774,25831,0.039383,483.76
1.0,1,1.0,1.0,baseline,nemotron_super,11.525654110946952,101281,scikit-learn/5,scikit-learn,5,1,5,0,13754,4351,0.002909,46.29
1.0,1,1.0,1.0,baseline,nemotron_super,11.525654110946952,101281,scikit-learn/5,scikit-learn,5,2,6,0,15743,3941,0.002915,65.29
1.0,1,1.0,1.0,baseline,nemotron_super,11.525654110946952,101281,scikit-learn/5,scikit-learn,5,3,5,0,13523,7086,0.003984,273.81
1.0,1,1.0,1.0,baseline,nemotron_super,9.796458979777604,17970,scrapy/20,scrapy,20,1,7,0,29793,6860,0.005276,377.42
1.0,1,1.0,1.0,baseline,nemotron_super,9.796458979777604,17970,scrapy/20,scrapy,20,2,4,0,15075,1771,0.00199,33.4
1.0,1,1.0,1.0,baseline,nemotron_super,9.796458979777604,17970,scrapy/20,scrapy,20,3,6,0,26870,3659,0.003748,63.83
1.0,1,1.0,1.0,baseline,nemotron_super,9.655026193237628,15600,scrapy/26,scrapy,26,1,7,0,28264,8495,0.0058,101.89
1.0,1,1.0,1.0,baseline,nemotron_super,9.655026193237628,15600,scrapy/26,scrapy,26,2,4,0,13640,9699,0.005039,129.38
1.0,1,1.0,1.0,baseline,nemotron_super,9.655026193237628,15600,scrapy/26,scrapy,26,3,6,0,27230,10424,0.006484,184.66
0.5,0,0.5,0.5,baseline,nemotron_super,9.73477299914839,16895,scrapy/48,scrapy,48,1,8,0,13796,7501,0.004173,136.83
0.0,0,0.0,0.0,baseline,nemotron_super,9.73477299914839,16895,scrapy/48,scrapy,48,2,13,0,48264,16879,0.010854,280.38
0.5,0,0.5,0.5,baseline,nemotron_super,9.73477299914839,16895,scrapy/48,scrapy,48,3,6,0,11030,8170,0.004206,89.74
1.0,1,1.0,1.0,baseline,nemotron_super,9.961803629358965,21201,stable-diffusion-webui/0,stable-diffusion-webui,0,1,3,0,49993,2007,0.005052,36.29
1.0,1,1.0,1.0,baseline,nemotron_super,9.961803629358965,21201,stable-diffusion-webui/0,stable-diffusion-webui,0,2,3,0,50002,2068,0.005077,27.78
1.0,1,1.0,1.0,baseline,nemotron_super,9.961803629358965,21201,stable-diffusion-webui/0,stable-diffusion-webui,0,3,2,0,33081,2657,0.003875,48.51
0.0,0,0.0,0.0,baseline,nemotron_super,9.908425341565751,20099,stable-diffusion-webui/13,stable-diffusion-webui,13,1,30,0,775089,43594,0.08332,870.81
0.0,0,0.0,0.0,baseline,nemotron_super,9.908425341565751,20099,stable-diffusion-webui/13,stable-diffusion-webui,13,2,23,0,433243,33180,0.050098,341.67
1.0,1,1.0,1.0,baseline,nemotron_super,9.908425341565751,20099,stable-diffusion-webui/13,stable-diffusion-webui,13,3,30,0,680723,37253,0.072763,636.31
0.6667,0,1.0,0.5,baseline,nemotron_super,10.028797743501574,22670,stable-diffusion-webui/5,stable-diffusion-webui,5,1,11,0,77343,13925,0.012144,230.45
0.0,0,0.0,0.0,baseline,nemotron_super,10.028797743501574,22670,stable-diffusion-webui/5,stable-diffusion-webui,5,2,8,0,36242,5274,0.00519,98.59
0.0,0,0.0,0.0,baseline,nemotron_super,10.028797743501574,22670,stable-diffusion-webui/5,stable-diffusion-webui,5,3,11,0,94781,12777,0.013167,122.77
0.4,0,0.5,0.3333,baseline,nemotron_super,8.483636407887394,4835,thefuck/10,thefuck,10,1,6,0,14933,10978,0.005661,176.83
0.4,0,0.5,0.3333,baseline,nemotron_super,8.483636407887394,4835,thefuck/10,thefuck,10,2,8,0,23202,21321,0.010501,288.08
0.0,0,0.0,0.0,baseline,nemotron_super,8.483636407887394,4835,thefuck/10,thefuck,10,3,9,0,17929,6880,0.004276,119.78
0.0,0,0.0,0.0,baseline,nemotron_super,8.270781013162674,3908,thefuck/20,thefuck,20,1,30,1,164775,24310,0.02373,303.03
0.0,0,0.0,0.0,baseline,nemotron_super,8.270781013162674,3908,thefuck/20,thefuck,20,2,30,0,132722,28291,0.022598,378.03
0.0,0,0.0,0.0,baseline,nemotron_super,8.270781013162674,3908,thefuck/20,thefuck,20,3,23,0,95924,30981,0.020546,693.44
1.0,1,1.0,1.0,baseline,nemotron_super,7.822845290279774,2497,thefuck/5,thefuck,5,1,24,0,144525,50543,0.032502,497.77
1.0,1,1.0,1.0,baseline,nemotron_super,7.822845290279774,2497,thefuck/5,thefuck,5,2,17,0,40924,21853,0.01222,417.96
1.0,1,1.0,1.0,baseline,nemotron_super,7.822845290279774,2497,thefuck/5,thefuck,5,3,7,0,17377,7705,0.004559,81.44
1.0,1,1.0,1.0,baseline,nemotron_super,12.430331574579306,250279,transformers/25,transformers,25,1,13,0,56353,17113,0.011635,276.51
1.0,1,1.0,1.0,baseline,nemotron_super,12.430331574579306,250279,transformers/25,transformers,25,2,12,0,89266,4869,0.009535,79.1
1.0,1,1.0,1.0,baseline,nemotron_super,12.430331574579306,250279,transformers/25,transformers,25,3,9,0,75700,5461,0.008619,55.64
0.1538,0,1.0,0.0833,baseline,nemotron_super,12.407424472605875,244611,transformers/27,transformers,27,1,2,0,7220,1394,0.001171,27.78
0.1538,0,1.0,0.0833,baseline,nemotron_super,12.407424472605875,244611,transformers/27,transformers,27,2,5,0,15484,1390,0.001872,18.63
0.1538,0,1.0,0.0833,baseline,nemotron_super,12.407424472605875,244611,transformers/27,transformers,27,3,3,0,9911,844,0.00118,9.66
0.5714,0,1.0,0.4,baseline,nemotron_super,11.587420505060633,107734,transformers/5,transformers,5,1,27,0,640064,21361,0.06295,246.07
0.8889,0,1.0,0.8,baseline,nemotron_super,11.587420505060633,107734,transformers/5,transformers,5,2,15,0,262376,17685,0.029376,220.32
0.8889,0,1.0,0.8,baseline,nemotron_super,11.587420505060633,107734,transformers/5,transformers,5,3,10,0,139164,8866,0.015375,124.28
1.0,1,1.0,1.0,baseline,nemotron_super,12.095096391086711,178992,yt-dlp/23,yt-dlp,23,1,4,0,12436,5522,0.003266,52.24
1.0,1,1.0,1.0,baseline,nemotron_super,12.095096391086711,178992,yt-dlp/23,yt-dlp,23,2,3,0,9502,7250,0.003708,65.91
1.0,1,1.0,1.0,baseline,nemotron_super,12.095096391086711,178992,yt-dlp/23,yt-dlp,23,3,3,0,9478,5859,0.003149,45.52
0.0,0,0.0,0.0,baseline,nemotron_super,12.1489730534896,188900,yt-dlp/41,yt-dlp,41,1,30,1,225752,9126,0.022839,139.75
0.0,0,0.0,0.0,baseline,nemotron_super,12.1489730534896,188900,yt-dlp/41,yt-dlp,41,2,29,0,358417,27934,0.041639,645.52
0.0,0,0.0,0.0,baseline,nemotron_super,12.1489730534896,188900,yt-dlp/41,yt-dlp,41,3,23,0,422280,8422,0.039263,237.07
0.6667,0,1.0,0.5,baseline,nemotron_super,12.198660241414718,198523,yt-dlp/45,yt-dlp,45,1,20,0,288261,32414,0.037468,525.31
0.6667,0,1.0,0.5,baseline,nemotron_super,12.198660241414718,198523,yt-dlp/45,yt-dlp,45,2,17,0,183893,23470,0.025019,228.03
0.6667,0,1.0,0.5,baseline,nemotron_super,12.198660241414718,198523,yt-dlp/45,yt-dlp,45,3,24,0,229311,32580,0.032523,368.01
1.0,1,1.0,1.0,structural,ministral_3b,12.068688124847148,174327,core/16,core,16,1,9,0,41468,1202,0.002159,7.87
0.0,0,0.0,0.0,structural,ministral_3b,12.068688124847148,174327,core/16,core,16,2,30,1,96126,4283,0.002092,24.03
1.0,1,1.0,1.0,structural,ministral_3b,12.068688124847148,174327,core/16,core,16,3,9,0,43078,922,0.002269,8.33
1.0,1,1.0,1.0,structural,ministral_3b,11.506545154005941,99364,core/20,core,20,1,8,0,39733,2069,0.001634,9.31
1.0,1,1.0,1.0,structural,ministral_3b,11.506545154005941,99364,core/20,core,20,2,8,0,36504,1809,0.000882,8.38
1.0,1,1.0,1.0,structural,ministral_3b,11.506545154005941,99364,core/20,core,20,3,7,0,31204,1686,0.001377,12.29
0.0,0,0.0,0.0,structural,ministral_3b,8.579980179515003,5324,fastapi/17,fastapi,17,1,11,0,116983,2160,0.004507,12.21
0.0,0,0.0,0.0,structural,ministral_3b,8.579980179515003,5324,fastapi/17,fastapi,17,2,7,0,35617,1617,0.001569,7.84
0.0,0,0.0,0.0,structural,ministral_3b,8.579980179515003,5324,fastapi/17,fastapi,17,3,21,0,164209,3432,0.003712,19.58
0.0,0,0.0,0.0,structural,ministral_3b,8.518991573357617,5009,fastapi/20,fastapi,20,1,17,0,74892,1879,0.001883,12.11
0.0,0,0.0,0.0,structural,ministral_3b,8.518991573357617,5009,fastapi/20,fastapi,20,2,18,0,55392,1801,0.001538,13.09
0.0,0,0.0,0.0,structural,ministral_3b,8.518991573357617,5009,fastapi/20,fastapi,20,3,22,0,98615,4175,0.002434,25.23
0.5,0,1.0,0.3333,structural,ministral_3b,8.482187582217422,4828,fastapi/9,fastapi,9,1,8,0,44170,1054,0.001677,5.7
0.5,0,1.0,0.3333,structural,ministral_3b,8.482187582217422,4828,fastapi/9,fastapi,9,2,7,0,35437,1142,0.001458,6.68
0.5,0,1.0,0.3333,structural,ministral_3b,8.482187582217422,4828,fastapi/9,fastapi,9,3,8,0,42579,1028,0.001607,9.26
0.6667,0,1.0,0.5,structural,ministral_3b,8.808369153122275,6690,flask/18,flask,18,1,10,0,70831,908,0.002888,7.92
1.0,1,1.0,1.0,structural,ministral_3b,8.808369153122275,6690,flask/18,flask,18,2,14,0,131942,2132,0.004284,13.07
0.6667,0,1.0,0.5,structural,ministral_3b,8.808369153122275,6690,flask/18,flask,18,3,17,0,183842,2165,0.004869,14.56
1.0,1,1.0,1.0,structural,ministral_3b,8.899457906353966,7328,flask/3,flask,3,1,9,0,42156,786,0.002048,4.57
0.0,0,0.0,0.0,structural,ministral_3b,8.899457906353966,7328,flask/3,flask,3,2,30,1,122535,4830,0.002495,25.48
1.0,1,1.0,1.0,structural,ministral_3b,8.899457906353966,7328,flask/3,flask,3,3,19,0,194381,1944,0.005935,20.05
1.0,1,1.0,1.0,structural,ministral_3b,8.827468112520654,6819,flask/6,flask,6,1,5,0,19683,432,0.001078,2.72
1.0,1,1.0,1.0,structural,ministral_3b,8.827468112520654,6819,flask/6,flask,6,2,7,0,24955,877,0.00089,6.98
1.0,1,1.0,1.0,structural,ministral_3b,8.827468112520654,6819,flask/6,flask,6,3,6,0,18168,480,0.000747,6.35
0.0,0,0.0,0.0,structural,ministral_3b,8.341410211461865,4194,gpt-engineer/11,gpt-engineer,11,1,10,0,27330,1151,0.001039,6.02
1.0,1,1.0,1.0,structural,ministral_3b,8.341410211461865,4194,gpt-engineer/11,gpt-engineer,11,2,7,0,17291,886,0.00055,4.52
0.0,0,0.0,0.0,structural,ministral_3b,8.341410211461865,4194,gpt-engineer/11,gpt-engineer,11,3,13,0,61381,2140,0.001882,24.07
0.4,0,1.0,0.25,structural,ministral_3b,8.029432840581244,3070,gpt-engineer/12,gpt-engineer,12,1,7,0,23413,1136,0.000877,7.1
0.4,0,1.0,0.25,structural,ministral_3b,8.029432840581244,3070,gpt-engineer/12,gpt-engineer,12,2,11,0,44249,2518,0.001716,18.61
0.4,0,1.0,0.25,structural,ministral_3b,8.029432840581244,3070,gpt-engineer/12,gpt-engineer,12,3,9,0,31759,1297,0.001255,7.01
0.0,0,0.0,0.0,structural,ministral_3b,8.36380888451688,4289,gpt-engineer/9,gpt-engineer,9,1,16,0,88996,2804,0.002464,14.35
1.0,1,1.0,1.0,structural,ministral_3b,8.36380888451688,4289,gpt-engineer/9,gpt-engineer,9,2,14,0,55005,1536,0.001403,10.48
1.0,1,1.0,1.0,structural,ministral_3b,8.36380888451688,4289,gpt-engineer/9,gpt-engineer,9,3,13,0,46877,2131,0.001376,10.9
0.0,0,0.0,0.0,structural,ministral_3b,10.196231790580173,26802,keras/12,keras,12,1,14,0,47351,2249,0.001873,10.91
0.0,0,0.0,0.0,structural,ministral_3b,10.196231790580173,26802,keras/12,keras,12,2,13,0,50974,2179,0.001525,11.76
0.0,0,0.0,0.0,structural,ministral_3b,10.196231790580173,26802,keras/12,keras,12,3,12,0,48341,1971,0.001287,9.66
1.0,1,1.0,1.0,structural,ministral_3b,10.349134450277123,31230,keras/5,keras,5,1,19,0,294546,2110,0.007858,17.1
0.0,0,0.0,0.0,structural,ministral_3b,10.349134450277123,31230,keras/5,keras,5,2,9,0,56493,1856,0.002425,8.99
0.0,0,0.0,0.0,structural,ministral_3b,10.349134450277123,31230,keras/5,keras,5,3,30,1,62095,1169,0.001142,10.93
1.0,1,1.0,1.0,structural,ministral_3b,10.444153492313001,34343,keras/9,keras,9,1,11,0,66605,1481,0.002443,10.18
0.0,0,0.0,0.0,structural,ministral_3b,10.444153492313001,34343,keras/9,keras,9,2,9,0,74002,2073,0.002009,9.83
1.0,1,1.0,1.0,structural,ministral_3b,10.444153492313001,34343,keras/9,keras,9,3,11,0,86334,1206,0.002775,7.82
0.1667,0,0.2,0.1429,structural,ministral_3b,9.61953186182516,15056,localstack/19,localstack,19,1,18,0,341378,85619,0.016376,448.27
0.0,0,0.0,0.0,structural,ministral_3b,9.61953186182516,15056,localstack/19,localstack,19,2,10,0,17864,954,0.000511,7.67
0.0,0,0.0,0.0,structural,ministral_3b,9.61953186182516,15056,localstack/19,localstack,19,3,13,0,80458,1802,0.003007,10.28
1.0,1,1.0,1.0,structural,ministral_3b,10.563155506021905,38683,localstack/2,localstack,2,1,26,0,357303,2931,0.007246,19.58
1.0,1,1.0,1.0,structural,ministral_3b,10.563155506021905,38683,localstack/2,localstack,2,2,26,0,426160,2298,0.008113,21.87
1.0,1,1.0,1.0,structural,ministral_3b,10.563155506021905,38683,localstack/2,localstack,2,3,18,0,174547,1912,0.003972,21.13
1.0,1,1.0,1.0,structural,ministral_3b,9.860214640302662,19153,localstack/9,localstack,9,1,17,0,147467,2573,0.003864,14.21
1.0,1,1.0,1.0,structural,ministral_3b,9.860214640302662,19153,localstack/9,localstack,9,2,11,0,61932,1362,0.002228,8.3
1.0,1,1.0,1.0,structural,ministral_3b,9.860214640302662,19153,localstack/9,localstack,9,3,18,0,127462,1920,0.003112,12.58
0.6667,0,1.0,0.5,structural,ministral_3b,11.189312196300184,72353,pandas/26,pandas,26,1,16,0,151978,1453,0.004261,10.44
0.6667,0,1.0,0.5,structural,ministral_3b,11.189312196300184,72353,pandas/26,pandas,26,2,16,0,152570,1257,0.004289,11.85
0.6667,0,1.0,0.5,structural,ministral_3b,11.189312196300184,72353,pandas/26,pandas,26,3,20,0,142800,1453,0.004034,11.81
0.0,0,0.0,0.0,structural,ministral_3b,11.270446177349276,78468,pandas/35,pandas,35,1,26,0,571576,2650,0.011446,20.91
0.0,0,0.0,0.0,structural,ministral_3b,11.270446177349276,78468,pandas/35,pandas,35,2,18,0,279869,1956,0.007735,16.27
0.0,0,0.0,0.0,structural,ministral_3b,11.270446177349276,78468,pandas/35,pandas,35,3,26,0,209262,2529,0.004924,21.01
0.6667,0,1.0,0.5,structural,ministral_3b,12.08721590866289,177587,pandas/38,pandas,38,1,18,0,353220,1959,0.009437,17.01
0.0,0,0.0,0.0,structural,ministral_3b,12.08721590866289,177587,pandas/38,pandas,38,2,9,0,85746,1848,0.004912,11.74
0.6667,0,1.0,0.5,structural,ministral_3b,12.08721590866289,177587,pandas/38,pandas,38,3,12,0,169875,1765,0.00652,11.87
0.0,0,0.0,0.0,structural,ministral_3b,10.883015959814806,53264,pandas/44,pandas,44,1,26,0,405274,2698,0.007666,18.41
0.0,0,0.0,0.0,structural,ministral_3b,10.883015959814806,53264,pandas/44,pandas,44,2,19,0,64826,2599,0.001455,14.09
0.5,0,0.5,0.5,structural,ministral_3b,10.883015959814806,53264,pandas/44,pandas,44,3,25,0,305071,3360,0.006179,20.93
0.5,0,1.0,0.3333,structural,ministral_3b,9.346705246496699,11461,requests/12,requests,12,1,11,0,23142,844,0.000682,5.19
0.5,0,1.0,0.3333,structural,ministral_3b,9.346705246496699,11461,requests/12,requests,12,2,10,0,25172,766,0.000624,5.39
0.5,0,1.0,0.3333,structural,ministral_3b,9.346705246496699,11461,requests/12,requests,12,3,13,0,46626,975,0.001373,10.15
1.0,1,1.0,1.0,structural,ministral_3b,9.348274558065496,11479,requests/13,requests,13,1,7,0,23764,1018,0.000958,4.98
0.0,0,0.0,0.0,structural,ministral_3b,9.348274558065496,11479,requests/13,requests,13,2,15,0,25534,1175,0.000597,7.31
1.0,1,1.0,1.0,structural,ministral_3b,9.348274558065496,11479,requests/13,requests,13,3,26,0,133382,1891,0.003436,17.26
1.0,1,1.0,1.0,structural,ministral_3b,7.958576903813898,2860,requests/7,requests,7,1,7,0,24879,1215,0.001089,5.61
1.0,1,1.0,1.0,structural,ministral_3b,7.958576903813898,2860,requests/7,requests,7,2,12,0,60574,1527,0.00189,8.94
1.0,1,1.0,1.0,structural,ministral_3b,7.958576903813898,2860,requests/7,requests,7,3,20,0,51983,1281,0.001444,9.97
1.0,1,1.0,1.0,structural,ministral_3b,10.031000872835088,22720,rich/1,rich,1,1,6,0,19192,548,0.000741,3.32
1.0,1,1.0,1.0,structural,ministral_3b,10.031000872835088,22720,rich/1,rich,1,2,5,0,32264,452,0.001371,3.31
1.0,1,1.0,1.0,structural,ministral_3b,10.031000872835088,22720,rich/1,rich,1,3,6,0,53820,853,0.001643,6.57
0.4,0,1.0,0.25,structural,ministral_3b,10.051648903516648,23194,rich/12,rich,12,1,10,0,69006,1853,0.002386,9.15
0.4,0,1.0,0.25,structural,ministral_3b,10.051648903516648,23194,rich/12,rich,12,2,16,0,141952,2531,0.004057,17.69
0.4,0,1.0,0.25,structural,ministral_3b,10.051648903516648,23194,rich/12,rich,12,3,21,0,267706,3465,0.006358,24.8
1.0,1,1.0,1.0,structural,ministral_3b,10.039939675671627,22924,rich/8,rich,8,1,9,0,43539,1207,0.001479,8.17
1.0,1,1.0,1.0,structural,ministral_3b,10.039939675671627,22924,rich/8,rich,8,2,9,0,39066,934,0.001293,8.04
0.0,0,0.0,0.0,structural,ministral_3b,10.039939675671627,22924,rich/8,rich,8,3,12,0,70448,1078,0.002303,9.62
0.6667,0,1.0,0.5,structural,ministral_3b,11.620954417182327,111408,scikit-learn/45,scikit-learn,45,1,13,0,30082,708,0.000913,5.14
0.6667,0,1.0,0.5,structural,ministral_3b,11.620954417182327,111408,scikit-learn/45,scikit-learn,45,2,22,0,213669,2236,0.004656,17.9
0.6667,0,1.0,0.5,structural,ministral_3b,11.620954417182327,111408,scikit-learn/45,scikit-learn,45,3,11,0,34584,1300,0.001227,9.82
1.0,1,1.0,1.0,structural,ministral_3b,11.55076060327325,103856,scikit-learn/49,scikit-learn,49,1,5,0,28742,425,0.001442,2.74
1.0,1,1.0,1.0,structural,ministral_3b,11.55076060327325,103856,scikit-learn/49,scikit-learn,49,2,7,0,59135,445,0.002778,3.95
1.0,1,1.0,1.0,structural,ministral_3b,11.55076060327325,103856,scikit-learn/49,scikit-learn,49,3,9,0,117287,783,0.005471,6.82
1.0,1,1.0,1.0,structural,ministral_3b,11.525654110946952,101281,scikit-learn/5,scikit-learn,5,1,13,0,75874,896,0.003334,8.32
1.0,1,1.0,1.0,structural,ministral_3b,11.525654110946952,101281,scikit-learn/5,scikit-learn,5,2,7,0,23926,677,0.000813,4.78
1.0,1,1.0,1.0,structural,ministral_3b,11.525654110946952,101281,scikit-learn/5,scikit-learn,5,3,13,0,57815,1083,0.002031,7.97
1.0,1,1.0,1.0,structural,ministral_3b,9.796458979777604,17970,scrapy/20,scrapy,20,1,6,0,18969,479,0.00077,7.02
1.0,1,1.0,1.0,structural,ministral_3b,9.796458979777604,17970,scrapy/20,scrapy,20,2,8,0,42881,505,0.002081,4.49
1.0,1,1.0,1.0,structural,ministral_3b,9.796458979777604,17970,scrapy/20,scrapy,20,3,9,0,35138,614,0.001421,4.76
1.0,1,1.0,1.0,structural,ministral_3b,9.655026193237628,15600,scrapy/26,scrapy,26,1,13,0,84626,1497,0.002334,8.85
1.0,1,1.0,1.0,structural,ministral_3b,9.655026193237628,15600,scrapy/26,scrapy,26,2,13,0,66113,1383,0.001969,9.39
0.0,0,0.0,0.0,structural,ministral_3b,9.655026193237628,15600,scrapy/26,scrapy,26,3,13,0,82079,1064,0.002554,8.41
0.0,0,0.0,0.0,structural,ministral_3b,9.73477299914839,16895,scrapy/48,scrapy,48,1,26,0,126197,2009,0.002683,16.16
0.0,0,0.0,0.0,structural,ministral_3b,9.73477299914839,16895,scrapy/48,scrapy,48,2,28,0,55620,1458,0.001054,12.17
0.0,0,0.0,0.0,structural,ministral_3b,9.73477299914839,16895,scrapy/48,scrapy,48,3,24,0,155702,2601,0.003953,17.24
1.0,1,1.0,1.0,structural,ministral_3b,9.961803629358965,21201,stable-diffusion-webui/0,stable-diffusion-webui,0,1,7,0,130827,1489,0.004764,8.53
1.0,1,1.0,1.0,structural,ministral_3b,9.961803629358965,21201,stable-diffusion-webui/0,stable-diffusion-webui,0,2,9,0,156268,1489,0.004797,9.08
1.0,1,1.0,1.0,structural,ministral_3b,9.961803629358965,21201,stable-diffusion-webui/0,stable-diffusion-webui,0,3,6,0,101850,968,0.004199,7.34
0.0,0,0.0,0.0,structural,ministral_3b,9.908425341565751,20099,stable-diffusion-webui/13,stable-diffusion-webui,13,1,7,0,113773,4221,0.005129,19.13
0.0,0,0.0,0.0,structural,ministral_3b,9.908425341565751,20099,stable-diffusion-webui/13,stable-diffusion-webui,13,2,9,0,137486,1591,0.004577,12.3
0.0,0,0.0,0.0,structural,ministral_3b,9.908425341565751,20099,stable-diffusion-webui/13,stable-diffusion-webui,13,3,15,0,305403,3165,0.009049,18.41
0.0,0,0.0,0.0,structural,ministral_3b,10.028797743501574,22670,stable-diffusion-webui/5,stable-diffusion-webui,5,1,18,0,126968,2132,0.003429,15.52
0.5,0,0.5,0.5,structural,ministral_3b,10.028797743501574,22670,stable-diffusion-webui/5,stable-diffusion-webui,5,2,18,0,123902,1873,0.003258,16.04
0.0,0,0.0,0.0,structural,ministral_3b,10.028797743501574,22670,stable-diffusion-webui/5,stable-diffusion-webui,5,3,16,0,62230,1630,0.002193,15.86
0.0,0,0.0,0.0,structural,ministral_3b,8.483636407887394,4835,thefuck/10,thefuck,10,1,10,0,31419,1401,0.001347,9.54
0.5,0,1.0,0.3333,structural,ministral_3b,8.483636407887394,4835,thefuck/10,thefuck,10,2,9,0,33217,1274,0.001468,8.38
0.0,0,0.0,0.0,structural,ministral_3b,8.483636407887394,4835,thefuck/10,thefuck,10,3,26,0,50676,1057,0.000957,10.1
0.0,0,0.0,0.0,structural,ministral_3b,8.270781013162674,3908,thefuck/20,thefuck,20,1,12,0,39397,1487,0.001347,8.4
1.0,1,1.0,1.0,structural,ministral_3b,8.270781013162674,3908,thefuck/20,thefuck,20,2,12,0,51331,2498,0.00157,12.71
0.0,0,0.0,0.0,structural,ministral_3b,8.270781013162674,3908,thefuck/20,thefuck,20,3,6,0,13666,1266,0.000618,13.18
1.0,1,1.0,1.0,structural,ministral_3b,7.822845290279774,2497,thefuck/5,thefuck,5,1,12,0,37745,1238,0.001479,9.85
1.0,1,1.0,1.0,structural,ministral_3b,7.822845290279774,2497,thefuck/5,thefuck,5,2,9,0,41448,1818,0.001205,10.57
1.0,1,1.0,1.0,structural,ministral_3b,7.822845290279774,2497,thefuck/5,thefuck,5,3,7,0,17421,1177,0.000846,8.2
1.0,1,1.0,1.0,structural,ministral_3b,12.430331574579306,250279,transformers/25,transformers,25,1,21,0,176560,1072,0.004964,12.35
1.0,1,1.0,1.0,structural,ministral_3b,12.430331574579306,250279,transformers/25,transformers,25,2,12,0,211947,1249,0.01041,10.85
1.0,1,1.0,1.0,structural,ministral_3b,12.430331574579306,250279,transformers/25,transformers,25,3,10,0,114911,972,0.003755,10.49
0.1538,0,1.0,0.0833,structural,ministral_3b,12.407424472605875,244611,transformers/27,transformers,27,1,4,0,13256,458,0.000634,2.85
0.1538,0,1.0,0.0833,structural,ministral_3b,12.407424472605875,244611,transformers/27,transformers,27,2,7,0,23396,670,0.000863,4.31
0.1538,0,1.0,0.0833,structural,ministral_3b,12.407424472605875,244611,transformers/27,transformers,27,3,5,0,16188,531,0.000612,2.88
0.0,0,0.0,0.0,structural,ministral_3b,11.587420505060633,107734,transformers/5,transformers,5,1,1,0,1631,1147,0.000186,9.01
0.0,0,0.0,0.0,structural,ministral_3b,11.587420505060633,107734,transformers/5,transformers,5,2,26,0,77605,2225,0.001463,14.63
0.0,0,0.0,0.0,structural,ministral_3b,11.587420505060633,107734,transformers/5,transformers,5,3,16,0,46256,2169,0.001306,11.46
1.0,1,1.0,1.0,structural,ministral_3b,12.095096391086711,178992,yt-dlp/23,yt-dlp,23,1,6,0,40530,1073,0.001868,5.47
1.0,1,1.0,1.0,structural,ministral_3b,12.095096391086711,178992,yt-dlp/23,yt-dlp,23,2,11,0,117253,2589,0.004243,15.09
1.0,1,1.0,1.0,structural,ministral_3b,12.095096391086711,178992,yt-dlp/23,yt-dlp,23,3,8,0,31390,1474,0.001247,9.15
0.0,0,0.0,0.0,structural,ministral_3b,12.1489730534896,188900,yt-dlp/41,yt-dlp,41,1,13,0,178389,2104,0.005469,12.2
0.0,0,0.0,0.0,structural,ministral_3b,12.1489730534896,188900,yt-dlp/41,yt-dlp,41,2,11,0,174095,3028,0.006757,25.23
0.0,0,0.0,0.0,structural,ministral_3b,12.1489730534896,188900,yt-dlp/41,yt-dlp,41,3,26,0,387037,2660,0.008246,28.87
0.6667,0,1.0,0.5,structural,ministral_3b,12.198660241414718,198523,yt-dlp/45,yt-dlp,45,1,11,0,207670,3147,0.006993,16.78
0.0,0,0.0,0.0,structural,ministral_3b,12.198660241414718,198523,yt-dlp/45,yt-dlp,45,2,10,0,110517,2345,0.004317,11.71
0.0,0,0.0,0.0,structural,ministral_3b,12.198660241414718,198523,yt-dlp/45,yt-dlp,45,3,9,0,126827,2632,0.00502,14.63
1.0,1,1.0,1.0,structural,gpt_oss_120b,12.068688124847148,174327,core/16,core,16,1,13,0,79807,5121,0.007584,42.84
1.0,1,1.0,1.0,structural,gpt_oss_120b,12.068688124847148,174327,core/16,core,16,2,10,0,58013,3972,0.006139,37.61
1.0,1,1.0,1.0,structural,gpt_oss_120b,12.068688124847148,174327,core/16,core,16,3,10,0,47411,4088,0.005598,56.05
1.0,1,1.0,1.0,structural,gpt_oss_120b,11.506545154005941,99364,core/20,core,20,1,10,0,42583,2748,0.004659,20.41
1.0,1,1.0,1.0,structural,gpt_oss_120b,11.506545154005941,99364,core/20,core,20,2,13,0,47169,3118,0.004041,35.33
1.0,1,1.0,1.0,structural,gpt_oss_120b,11.506545154005941,99364,core/20,core,20,3,11,0,46488,2984,0.004012,39.14
0.0,0,0.0,0.0,structural,gpt_oss_120b,8.579980179515003,5324,fastapi/17,fastapi,17,1,26,0,253653,13466,0.019881,138.07
0.0,0,0.0,0.0,structural,gpt_oss_120b,8.579980179515003,5324,fastapi/17,fastapi,17,2,30,1,271878,9438,0.016076,102.67
0.0,0,0.0,0.0,structural,gpt_oss_120b,8.579980179515003,5324,fastapi/17,fastapi,17,3,27,0,202572,9627,0.01365,107.65
0.0,0,0.0,0.0,structural,gpt_oss_120b,8.518991573357617,5009,fastapi/20,fastapi,20,1,11,0,28782,3401,0.003324,25.23
0.0,0,0.0,0.0,structural,gpt_oss_120b,8.518991573357617,5009,fastapi/20,fastapi,20,2,14,0,59532,4524,0.006399,32.98
0.0,0,0.0,0.0,structural,gpt_oss_120b,8.518991573357617,5009,fastapi/20,fastapi,20,3,7,0,17173,1807,0.001882,25.8
0.5,0,1.0,0.3333,structural,gpt_oss_120b,8.482187582217422,4828,fastapi/9,fastapi,9,1,5,0,29611,1472,0.003584,13.89
0.5,0,1.0,0.3333,structural,gpt_oss_120b,8.482187582217422,4828,fastapi/9,fastapi,9,2,11,0,68600,2553,0.005267,40.0
0.5,0,1.0,0.3333,structural,gpt_oss_120b,8.482187582217422,4828,fastapi/9,fastapi,9,3,7,0,33819,1805,0.003734,13.73
0.6667,0,1.0,0.5,structural,gpt_oss_120b,8.808369153122275,6690,flask/18,flask,18,1,15,0,178565,4211,0.010509,48.88
0.6667,0,1.0,0.5,structural,gpt_oss_120b,8.808369153122275,6690,flask/18,flask,18,2,20,0,249045,8827,0.016873,101.22
0.6667,0,1.0,0.5,structural,gpt_oss_120b,8.808369153122275,6690,flask/18,flask,18,3,14,0,125555,2948,0.008787,38.22
1.0,1,1.0,1.0,structural,gpt_oss_120b,8.899457906353966,7328,flask/3,flask,3,1,7,0,24727,2518,0.00336,17.79
1.0,1,1.0,1.0,structural,gpt_oss_120b,8.899457906353966,7328,flask/3,flask,3,2,7,0,39247,1142,0.003729,14.0
1.0,1,1.0,1.0,structural,gpt_oss_120b,8.899457906353966,7328,flask/3,flask,3,3,17,0,197449,5362,0.011938,51.92
1.0,1,1.0,1.0,structural,gpt_oss_120b,8.827468112520654,6819,flask/6,flask,6,1,11,0,43643,2521,0.004699,23.8
1.0,1,1.0,1.0,structural,gpt_oss_120b,8.827468112520654,6819,flask/6,flask,6,2,12,0,45865,5364,0.005272,46.5
1.0,1,1.0,1.0,structural,gpt_oss_120b,8.827468112520654,6819,flask/6,flask,6,3,26,0,211651,14300,0.017628,123.02
0.0,0,0.0,0.0,structural,gpt_oss_120b,8.341410211461865,4194,gpt-engineer/11,gpt-engineer,11,1,11,0,90116,3414,0.007564,40.84
0.0,0,0.0,0.0,structural,gpt_oss_120b,8.341410211461865,4194,gpt-engineer/11,gpt-engineer,11,2,28,0,362623,14474,0.020631,154.79
0.0,0,0.0,0.0,structural,gpt_oss_120b,8.341410211461865,4194,gpt-engineer/11,gpt-engineer,11,3,14,0,80517,2243,0.006467,33.05
0.4,0,1.0,0.25,structural,gpt_oss_120b,8.029432840581244,3070,gpt-engineer/12,gpt-engineer,12,1,10,0,44299,3454,0.005191,29.53
0.4,0,1.0,0.25,structural,gpt_oss_120b,8.029432840581244,3070,gpt-engineer/12,gpt-engineer,12,2,22,0,145068,8647,0.01204,94.26
0.4,0,1.0,0.25,structural,gpt_oss_120b,8.029432840581244,3070,gpt-engineer/12,gpt-engineer,12,3,7,0,28363,2289,0.002615,15.06
1.0,1,1.0,1.0,structural,gpt_oss_120b,8.36380888451688,4289,gpt-engineer/9,gpt-engineer,9,1,11,0,69657,8468,0.009066,74.02
1.0,1,1.0,1.0,structural,gpt_oss_120b,8.36380888451688,4289,gpt-engineer/9,gpt-engineer,9,2,14,0,86781,8180,0.009681,70.08
0.6667,1,0.5,1.0,structural,gpt_oss_120b,8.36380888451688,4289,gpt-engineer/9,gpt-engineer,9,3,14,0,77896,6162,0.007812,53.23
0.2857,0,0.5,0.2,structural,gpt_oss_120b,10.196231790580173,26802,keras/12,keras,12,1,6,0,26570,2398,0.004024,21.48
0.0,0,0.0,0.0,structural,gpt_oss_120b,10.196231790580173,26802,keras/12,keras,12,2,4,0,8637,1173,0.001615,14.76
0.0,0,0.0,0.0,structural,gpt_oss_120b,10.196231790580173,26802,keras/12,keras,12,3,7,0,17516,1416,0.002199,17.58
1.0,1,1.0,1.0,structural,gpt_oss_120b,10.349134450277123,31230,keras/5,keras,5,1,7,0,30770,6589,0.005829,47.86
0.0,0,0.0,0.0,structural,gpt_oss_120b,10.349134450277123,31230,keras/5,keras,5,2,19,0,109750,8131,0.010262,67.88
1.0,1,1.0,1.0,structural,gpt_oss_120b,10.349134450277123,31230,keras/5,keras,5,3,8,0,25525,4966,0.004783,50.07
1.0,1,1.0,1.0,structural,gpt_oss_120b,10.444153492313001,34343,keras/9,keras,9,1,17,0,65267,3887,0.00525,33.97
1.0,1,1.0,1.0,structural,gpt_oss_120b,10.444153492313001,34343,keras/9,keras,9,2,10,0,32130,1968,0.002846,20.61
1.0,1,1.0,1.0,structural,gpt_oss_120b,10.444153492313001,34343,keras/9,keras,9,3,3,0,8931,1358,0.001663,25.66
0.0,0,0.0,0.0,structural,gpt_oss_120b,9.61953186182516,15056,localstack/19,localstack,19,1,18,0,34453,3312,0.00337,30.75
0.0,0,0.0,0.0,structural,gpt_oss_120b,9.61953186182516,15056,localstack/19,localstack,19,2,11,0,16385,1716,0.001652,13.71
0.0,0,0.0,0.0,structural,gpt_oss_120b,9.61953186182516,15056,localstack/19,localstack,19,3,20,0,39642,3453,0.003586,43.68
1.0,1,1.0,1.0,structural,gpt_oss_120b,10.563155506021905,38683,localstack/2,localstack,2,1,23,0,236848,5868,0.012808,54.73
1.0,1,1.0,1.0,structural,gpt_oss_120b,10.563155506021905,38683,localstack/2,localstack,2,2,30,1,308918,7656,0.015642,85.09
1.0,1,1.0,1.0,structural,gpt_oss_120b,10.563155506021905,38683,localstack/2,localstack,2,3,21,0,193916,5428,0.010872,64.82
1.0,1,1.0,1.0,structural,gpt_oss_120b,9.860214640302662,19153,localstack/9,localstack,9,1,12,0,63638,8117,0.008073,58.3
1.0,1,1.0,1.0,structural,gpt_oss_120b,9.860214640302662,19153,localstack/9,localstack,9,2,9,0,45570,4788,0.005517,35.68
1.0,1,1.0,1.0,structural,gpt_oss_120b,9.860214640302662,19153,localstack/9,localstack,9,3,11,0,50507,8037,0.00803,57.85
1.0,1,1.0,1.0,structural,gpt_oss_120b,11.189312196300184,72353,pandas/26,pandas,26,1,14,0,229932,3865,0.014794,46.92
1.0,1,1.0,1.0,structural,gpt_oss_120b,11.189312196300184,72353,pandas/26,pandas,26,2,8,0,114556,9718,0.014523,102.13
1.0,1,1.0,1.0,structural,gpt_oss_120b,11.189312196300184,72353,pandas/26,pandas,26,3,30,1,134063,4157,0.007386,50.46
0.0,0,0.0,0.0,structural,gpt_oss_120b,11.270446177349276,78468,pandas/35,pandas,35,1,15,0,211297,6632,0.013856,81.15
0.0,0,0.0,0.0,structural,gpt_oss_120b,11.270446177349276,78468,pandas/35,pandas,35,2,15,0,202130,6614,0.01557,78.35
0.0,0,0.0,0.0,structural,gpt_oss_120b,11.270446177349276,78468,pandas/35,pandas,35,3,5,0,56168,1164,0.00508,12.19
0.6667,0,1.0,0.5,structural,gpt_oss_120b,12.08721590866289,177587,pandas/38,pandas,38,1,11,0,111971,5073,0.009099,41.04
0.6667,0,1.0,0.5,structural,gpt_oss_120b,12.08721590866289,177587,pandas/38,pandas,38,2,6,0,66764,1040,0.007049,12.46
0.6667,0,1.0,0.5,structural,gpt_oss_120b,12.08721590866289,177587,pandas/38,pandas,38,3,8,0,85631,1768,0.007051,19.07
0.0,0,0.0,0.0,structural,gpt_oss_120b,10.883015959814806,53264,pandas/44,pandas,44,1,9,0,122711,2685,0.008645,27.0
0.0,0,0.0,0.0,structural,gpt_oss_120b,10.883015959814806,53264,pandas/44,pandas,44,2,11,0,139760,3857,0.010598,47.09
0.0,0,0.0,0.0,structural,gpt_oss_120b,10.883015959814806,53264,pandas/44,pandas,44,3,7,0,69947,2155,0.007429,25.61
0.5,0,1.0,0.3333,structural,gpt_oss_120b,9.346705246496699,11461,requests/12,requests,12,1,11,0,33271,4690,0.004842,39.63
0.8,0,1.0,0.6667,structural,gpt_oss_120b,9.346705246496699,11461,requests/12,requests,12,2,20,0,109677,4868,0.008217,44.27
0.8,0,1.0,0.6667,structural,gpt_oss_120b,9.346705246496699,11461,requests/12,requests,12,3,12,0,41180,1758,0.003799,17.09
1.0,1,1.0,1.0,structural,gpt_oss_120b,9.348274558065496,11479,requests/13,requests,13,1,13,0,69483,6629,0.007518,49.74
1.0,1,1.0,1.0,structural,gpt_oss_120b,9.348274558065496,11479,requests/13,requests,13,2,7,0,30927,4633,0.00557,41.91
1.0,1,1.0,1.0,structural,gpt_oss_120b,9.348274558065496,11479,requests/13,requests,13,3,8,0,41216,2756,0.004324,26.07
1.0,1,1.0,1.0,structural,gpt_oss_120b,7.958576903813898,2860,requests/7,requests,7,1,8,0,35992,2328,0.004398,21.47
1.0,1,1.0,1.0,structural,gpt_oss_120b,7.958576903813898,2860,requests/7,requests,7,2,6,0,24372,2496,0.003458,31.15
1.0,1,1.0,1.0,structural,gpt_oss_120b,7.958576903813898,2860,requests/7,requests,7,3,14,0,47862,7135,0.006524,89.33
1.0,1,1.0,1.0,structural,gpt_oss_120b,10.031000872835088,22720,rich/1,rich,1,1,7,0,22163,1693,0.002347,13.67
1.0,1,1.0,1.0,structural,gpt_oss_120b,10.031000872835088,22720,rich/1,rich,1,2,13,0,55176,2832,0.004211,35.88
1.0,1,1.0,1.0,structural,gpt_oss_120b,10.031000872835088,22720,rich/1,rich,1,3,5,0,15617,745,0.001455,9.15
0.0,0,0.0,0.0,structural,gpt_oss_120b,10.051648903516648,23194,rich/12,rich,12,1,7,0,39820,1299,0.004635,13.5
0.0,0,0.0,0.0,structural,gpt_oss_120b,10.051648903516648,23194,rich/12,rich,12,2,5,0,26796,1529,0.002952,13.73
0.0,0,0.0,0.0,structural,gpt_oss_120b,10.051648903516648,23194,rich/12,rich,12,3,6,0,33843,1172,0.003576,35.21
1.0,1,1.0,1.0,structural,gpt_oss_120b,10.039939675671627,22924,rich/8,rich,8,1,11,0,69691,2908,0.005323,25.91
1.0,1,1.0,1.0,structural,gpt_oss_120b,10.039939675671627,22924,rich/8,rich,8,2,11,0,54913,3518,0.005584,36.53
1.0,1,1.0,1.0,structural,gpt_oss_120b,10.039939675671627,22924,rich/8,rich,8,3,5,0,28635,1006,0.003803,11.52
0.6667,0,1.0,0.5,structural,gpt_oss_120b,11.620954417182327,111408,scikit-learn/45,scikit-learn,45,1,7,0,17013,1275,0.001989,9.86
0.6667,0,1.0,0.5,structural,gpt_oss_120b,11.620954417182327,111408,scikit-learn/45,scikit-learn,45,2,15,0,81811,3168,0.0062,34.88
0.6667,0,1.0,0.5,structural,gpt_oss_120b,11.620954417182327,111408,scikit-learn/45,scikit-learn,45,3,19,0,211305,3377,0.011012,40.02
1.0,1,1.0,1.0,structural,gpt_oss_120b,11.55076060327325,103856,scikit-learn/49,scikit-learn,49,1,20,0,350303,5749,0.01841,63.35
1.0,1,1.0,1.0,structural,gpt_oss_120b,11.55076060327325,103856,scikit-learn/49,scikit-learn,49,2,19,0,397445,4807,0.02175,66.36
1.0,1,1.0,1.0,structural,gpt_oss_120b,11.55076060327325,103856,scikit-learn/49,scikit-learn,49,3,11,0,227874,3567,0.016215,56.3
1.0,1,1.0,1.0,structural,gpt_oss_120b,11.525654110946952,101281,scikit-learn/5,scikit-learn,5,1,14,0,130203,9744,0.012136,89.8
1.0,1,1.0,1.0,structural,gpt_oss_120b,11.525654110946952,101281,scikit-learn/5,scikit-learn,5,2,12,0,79876,5935,0.009022,66.55
1.0,1,1.0,1.0,structural,gpt_oss_120b,11.525654110946952,101281,scikit-learn/5,scikit-learn,5,3,9,0,62524,6481,0.0079,68.21
1.0,1,1.0,1.0,structural,gpt_oss_120b,9.796458979777604,17970,scrapy/20,scrapy,20,1,13,0,77645,3655,0.006274,40.42
1.0,1,1.0,1.0,structural,gpt_oss_120b,9.796458979777604,17970,scrapy/20,scrapy,20,2,10,0,72320,2568,0.006381,32.76
1.0,1,1.0,1.0,structural,gpt_oss_120b,9.796458979777604,17970,scrapy/20,scrapy,20,3,12,0,85553,2420,0.005497,26.06
1.0,1,1.0,1.0,structural,gpt_oss_120b,9.655026193237628,15600,scrapy/26,scrapy,26,1,16,0,160326,3498,0.011019,37.43
0.6667,1,0.5,1.0,structural,gpt_oss_120b,9.655026193237628,15600,scrapy/26,scrapy,26,2,7,0,33239,1711,0.003363,20.16
1.0,1,1.0,1.0,structural,gpt_oss_120b,9.655026193237628,15600,scrapy/26,scrapy,26,3,17,0,105593,4544,0.008935,59.7
0.0,0,0.0,0.0,structural,gpt_oss_120b,9.73477299914839,16895,scrapy/48,scrapy,48,1,13,0,62019,2474,0.004403,24.55
0.0,0,0.0,0.0,structural,gpt_oss_120b,9.73477299914839,16895,scrapy/48,scrapy,48,2,7,0,12629,1045,0.001392,12.53
0.0,0,0.0,0.0,structural,gpt_oss_120b,9.73477299914839,16895,scrapy/48,scrapy,48,3,21,0,111998,5519,0.00884,82.11
1.0,1,1.0,1.0,structural,gpt_oss_120b,9.961803629358965,21201,stable-diffusion-webui/0,stable-diffusion-webui,0,1,4,0,63221,608,0.006275,8.77
1.0,1,1.0,1.0,structural,gpt_oss_120b,9.961803629358965,21201,stable-diffusion-webui/0,stable-diffusion-webui,0,2,7,0,111585,1460,0.008285,23.27
1.0,1,1.0,1.0,structural,gpt_oss_120b,9.961803629358965,21201,stable-diffusion-webui/0,stable-diffusion-webui,0,3,5,0,84728,1188,0.005886,24.91
1.0,1,1.0,1.0,structural,gpt_oss_120b,9.908425341565751,20099,stable-diffusion-webui/13,stable-diffusion-webui,13,1,21,0,260029,3621,0.012678,45.18
1.0,1,1.0,1.0,structural,gpt_oss_120b,9.908425341565751,20099,stable-diffusion-webui/13,stable-diffusion-webui,13,2,21,0,289824,4070,0.01352,64.47
1.0,1,1.0,1.0,structural,gpt_oss_120b,9.908425341565751,20099,stable-diffusion-webui/13,stable-diffusion-webui,13,3,21,0,289504,4247,0.014868,50.43
0.6667,0,1.0,0.5,structural,gpt_oss_120b,10.028797743501574,22670,stable-diffusion-webui/5,stable-diffusion-webui,5,1,23,0,155339,3928,0.007915,78.71
0.6667,0,1.0,0.5,structural,gpt_oss_120b,10.028797743501574,22670,stable-diffusion-webui/5,stable-diffusion-webui,5,2,12,0,70061,2224,0.005739,46.21
0.6667,0,1.0,0.5,structural,gpt_oss_120b,10.028797743501574,22670,stable-diffusion-webui/5,stable-diffusion-webui,5,3,30,1,253396,4848,0.011395,82.08
0.0,0,0.0,0.0,structural,gpt_oss_120b,8.483636407887394,4835,thefuck/10,thefuck,10,1,9,0,29766,2781,0.003513,31.08
0.0,0,0.0,0.0,structural,gpt_oss_120b,8.483636407887394,4835,thefuck/10,thefuck,10,2,7,0,14283,1404,0.001863,10.85
0.5,0,1.0,0.3333,structural,gpt_oss_120b,8.483636407887394,4835,thefuck/10,thefuck,10,3,12,0,40382,3851,0.005005,90.82
0.0,0,0.0,0.0,structural,gpt_oss_120b,8.270781013162674,3908,thefuck/20,thefuck,20,1,30,1,142310,9628,0.01121,91.86
0.0,0,0.0,0.0,structural,gpt_oss_120b,8.270781013162674,3908,thefuck/20,thefuck,20,2,19,0,104538,7935,0.009135,85.3
0.0,0,0.0,0.0,structural,gpt_oss_120b,8.270781013162674,3908,thefuck/20,thefuck,20,3,7,0,16536,1576,0.001957,26.21
1.0,1,1.0,1.0,structural,gpt_oss_120b,7.822845290279774,2497,thefuck/5,thefuck,5,1,10,0,25719,2703,0.003344,20.52
1.0,1,1.0,1.0,structural,gpt_oss_120b,7.822845290279774,2497,thefuck/5,thefuck,5,2,6,0,12458,1268,0.001398,9.48
1.0,1,1.0,1.0,structural,gpt_oss_120b,7.822845290279774,2497,thefuck/5,thefuck,5,3,10,0,33292,3487,0.004156,28.56
1.0,1,1.0,1.0,structural,gpt_oss_120b,12.430331574579306,250279,transformers/25,transformers,25,1,8,0,52618,1919,0.005617,19.04
1.0,1,1.0,1.0,structural,gpt_oss_120b,12.430331574579306,250279,transformers/25,transformers,25,2,7,0,59176,2141,0.007246,24.78
1.0,1,1.0,1.0,structural,gpt_oss_120b,12.430331574579306,250279,transformers/25,transformers,25,3,7,0,16514,1304,0.001991,12.82
0.1538,0,1.0,0.0833,structural,gpt_oss_120b,12.407424472605875,244611,transformers/27,transformers,27,1,4,0,15096,524,0.001696,4.98
0.1538,0,1.0,0.0833,structural,gpt_oss_120b,12.407424472605875,244611,transformers/27,transformers,27,2,4,0,21908,774,0.002874,9.67
0.1429,0,0.5,0.0833,structural,gpt_oss_120b,12.407424472605875,244611,transformers/27,transformers,27,3,7,0,51514,1556,0.006197,16.04
0.8889,0,1.0,0.8,structural,gpt_oss_120b,11.587420505060633,107734,transformers/5,transformers,5,1,15,0,178096,3427,0.012182,41.29
0.8889,0,1.0,0.8,structural,gpt_oss_120b,11.587420505060633,107734,transformers/5,transformers,5,2,17,0,199940,6101,0.014498,54.35
0.5714,0,1.0,0.4,structural,gpt_oss_120b,11.587420505060633,107734,transformers/5,transformers,5,3,22,0,260492,5822,0.014032,75.24
1.0,1,1.0,1.0,structural,gpt_oss_120b,12.095096391086711,178992,yt-dlp/23,yt-dlp,23,1,4,0,15173,1742,0.002011,15.69
1.0,1,1.0,1.0,structural,gpt_oss_120b,12.095096391086711,178992,yt-dlp/23,yt-dlp,23,2,10,0,46248,4297,0.005884,34.58
1.0,1,1.0,1.0,structural,gpt_oss_120b,12.095096391086711,178992,yt-dlp/23,yt-dlp,23,3,11,0,39459,3349,0.003546,26.82
0.0,0,0.0,0.0,structural,gpt_oss_120b,12.1489730534896,188900,yt-dlp/41,yt-dlp,41,1,10,0,155328,3662,0.013028,38.73
0.0,0,0.0,0.0,structural,gpt_oss_120b,12.1489730534896,188900,yt-dlp/41,yt-dlp,41,2,5,0,31664,1988,0.002651,13.77
0.0,0,0.0,0.0,structural,gpt_oss_120b,12.1489730534896,188900,yt-dlp/41,yt-dlp,41,3,11,0,170197,4015,0.012169,48.78
0.6667,0,1.0,0.5,structural,gpt_oss_120b,12.198660241414718,198523,yt-dlp/45,yt-dlp,45,1,15,0,217905,6614,0.015357,81.76
0.6667,0,1.0,0.5,structural,gpt_oss_120b,12.198660241414718,198523,yt-dlp/45,yt-dlp,45,2,13,0,157150,6435,0.011595,62.82
0.6667,0,1.0,0.5,structural,gpt_oss_120b,12.198660241414718,198523,yt-dlp/45,yt-dlp,45,3,15,0,183339,4138,0.012209,55.13
1.0,1,1.0,1.0,structural,deepseek_flash,12.068688124847148,174327,core/16,core,16,1,10,0,97571,6548,0.004219,57.69
1.0,1,1.0,1.0,structural,deepseek_flash,12.068688124847148,174327,core/16,core,16,2,12,0,82423,4129,0.002545,40.62
1.0,1,1.0,1.0,structural,deepseek_flash,12.068688124847148,174327,core/16,core,16,3,10,0,47782,4431,0.002047,41.33
1.0,1,1.0,1.0,structural,deepseek_flash,11.506545154005941,99364,core/20,core,20,1,7,0,49325,3624,0.001984,37.98
1.0,1,1.0,1.0,structural,deepseek_flash,11.506545154005941,99364,core/20,core,20,2,7,0,47145,2613,0.001677,29.83
1.0,1,1.0,1.0,structural,deepseek_flash,11.506545154005941,99364,core/20,core,20,3,11,0,86931,2682,0.002314,33.57
0.0,0,0.0,0.0,structural,deepseek_flash,8.579980179515003,5324,fastapi/17,fastapi,17,1,30,1,484676,20333,0.012205,178.29
0.0,0,0.0,0.0,structural,deepseek_flash,8.579980179515003,5324,fastapi/17,fastapi,17,2,30,1,680386,21646,0.014016,217.18
0.0,0,0.0,0.0,structural,deepseek_flash,8.579980179515003,5324,fastapi/17,fastapi,17,3,30,1,528407,16467,0.010326,167.48
0.0,0,0.0,0.0,structural,deepseek_flash,8.518991573357617,5009,fastapi/20,fastapi,20,1,30,1,319784,8031,0.006943,110.01
0.5,1,0.3333,1.0,structural,deepseek_flash,8.518991573357617,5009,fastapi/20,fastapi,20,2,30,1,287323,8498,0.006726,108.22
0.0,0,0.0,0.0,structural,deepseek_flash,8.518991573357617,5009,fastapi/20,fastapi,20,3,30,1,279503,6307,0.005281,86.89
0.5,0,1.0,0.3333,structural,deepseek_flash,8.482187582217422,4828,fastapi/9,fastapi,9,1,11,0,71288,3399,0.001993,35.36
0.5,0,1.0,0.3333,structural,deepseek_flash,8.482187582217422,4828,fastapi/9,fastapi,9,2,9,0,100303,1833,0.00235,23.37
0.5,0,1.0,0.3333,structural,deepseek_flash,8.482187582217422,4828,fastapi/9,fastapi,9,3,14,0,90598,3378,0.002004,44.51
1.0,1,1.0,1.0,structural,deepseek_flash,8.808369153122275,6690,flask/18,flask,18,1,19,0,106698,3807,0.002358,39.58
1.0,1,1.0,1.0,structural,deepseek_flash,8.808369153122275,6690,flask/18,flask,18,2,8,0,54077,2479,0.002522,24.24
0.6667,0,1.0,0.5,structural,deepseek_flash,8.808369153122275,6690,flask/18,flask,18,3,10,0,92633,2524,0.002805,29.47
0.0,0,0.0,0.0,structural,deepseek_flash,8.899457906353966,7328,flask/3,flask,3,1,30,1,260954,10807,0.006913,124.52
1.0,1,1.0,1.0,structural,deepseek_flash,8.899457906353966,7328,flask/3,flask,3,2,29,0,267444,10400,0.006425,123.45
1.0,1,1.0,1.0,structural,deepseek_flash,8.899457906353966,7328,flask/3,flask,3,3,30,1,362299,14071,0.009265,174.4
1.0,1,1.0,1.0,structural,deepseek_flash,8.827468112520654,6819,flask/6,flask,6,1,8,0,87474,2839,0.002469,26.98
1.0,1,1.0,1.0,structural,deepseek_flash,8.827468112520654,6819,flask/6,flask,6,2,7,0,63950,11542,0.004387,92.94
1.0,1,1.0,1.0,structural,deepseek_flash,8.827468112520654,6819,flask/6,flask,6,3,10,0,84207,10108,0.00403,83.68
0.6667,1,0.5,1.0,structural,deepseek_flash,8.341410211461865,4194,gpt-engineer/11,gpt-engineer,11,1,11,0,88070,3293,0.002926,35.19
1.0,1,1.0,1.0,structural,deepseek_flash,8.341410211461865,4194,gpt-engineer/11,gpt-engineer,11,2,17,0,170679,4203,0.003647,52.86
0.5,1,0.3333,1.0,structural,deepseek_flash,8.341410211461865,4194,gpt-engineer/11,gpt-engineer,11,3,8,0,68995,2489,0.002893,27.56
0.6667,0,1.0,0.5,structural,deepseek_flash,8.029432840581244,3070,gpt-engineer/12,gpt-engineer,12,1,22,0,253024,6673,0.004469,68.88
0.6667,0,1.0,0.5,structural,deepseek_flash,8.029432840581244,3070,gpt-engineer/12,gpt-engineer,12,2,11,0,82187,5242,0.002929,47.33
0.4,0,1.0,0.25,structural,deepseek_flash,8.029432840581244,3070,gpt-engineer/12,gpt-engineer,12,3,11,0,82261,5168,0.002743,45.83
0.6667,1,0.5,1.0,structural,deepseek_flash,8.36380888451688,4289,gpt-engineer/9,gpt-engineer,9,1,30,1,866752,14345,0.019114,150.65
0.6667,1,0.5,1.0,structural,deepseek_flash,8.36380888451688,4289,gpt-engineer/9,gpt-engineer,9,2,30,1,565011,30701,0.014378,325.88
0.6667,1,0.5,1.0,structural,deepseek_flash,8.36380888451688,4289,gpt-engineer/9,gpt-engineer,9,3,21,0,382134,20945,0.009892,212.64
0.2857,0,0.5,0.2,structural,deepseek_flash,10.196231790580173,26802,keras/12,keras,12,1,11,0,103757,5408,0.003431,50.73
0.0,0,0.0,0.0,structural,deepseek_flash,10.196231790580173,26802,keras/12,keras,12,2,13,0,104198,3566,0.002995,39.75
0.0,0,0.0,0.0,structural,deepseek_flash,10.196231790580173,26802,keras/12,keras,12,3,18,0,185768,4560,0.003892,55.07
0.0,0,0.0,0.0,structural,deepseek_flash,10.349134450277123,31230,keras/5,keras,5,1,30,1,524794,19299,0.012808,187.13
1.0,1,1.0,1.0,structural,deepseek_flash,10.349134450277123,31230,keras/5,keras,5,2,30,1,621868,26541,0.014535,259.82
0.0,0,0.0,0.0,structural,deepseek_flash,10.349134450277123,31230,keras/5,keras,5,3,30,1,741300,24313,0.01739,222.01
1.0,1,1.0,1.0,structural,deepseek_flash,10.444153492313001,34343,keras/9,keras,9,1,8,0,119902,13261,0.005835,109.25
1.0,1,1.0,1.0,structural,deepseek_flash,10.444153492313001,34343,keras/9,keras,9,2,14,0,129255,10716,0.004325,101.9
1.0,1,1.0,1.0,structural,deepseek_flash,10.444153492313001,34343,keras/9,keras,9,3,19,0,204017,11779,0.005606,108.15
0.0,0,0.0,0.0,structural,deepseek_flash,9.61953186182516,15056,localstack/19,localstack,19,1,11,0,44148,1545,0.001679,19.99
0.25,0,1.0,0.1429,structural,deepseek_flash,9.61953186182516,15056,localstack/19,localstack,19,2,20,0,223092,4652,0.005227,57.27
0.4444,0,1.0,0.2857,structural,deepseek_flash,9.61953186182516,15056,localstack/19,localstack,19,3,17,0,143096,4361,0.003359,53.37
1.0,1,1.0,1.0,structural,deepseek_flash,10.563155506021905,38683,localstack/2,localstack,2,1,30,1,558708,9189,0.010265,91.02
0.0,0,0.0,0.0,structural,deepseek_flash,10.563155506021905,38683,localstack/2,localstack,2,2,30,1,540064,8029,0.009806,104.6
1.0,1,1.0,1.0,structural,deepseek_flash,10.563155506021905,38683,localstack/2,localstack,2,3,30,1,526116,10328,0.009884,122.61
0.0,0,0.0,0.0,structural,deepseek_flash,9.860214640302662,19153,localstack/9,localstack,9,1,30,1,544929,31307,0.015582,279.3
1.0,1,1.0,1.0,structural,deepseek_flash,9.860214640302662,19153,localstack/9,localstack,9,2,30,1,500881,36030,0.016094,318.04
1.0,1,1.0,1.0,structural,deepseek_flash,9.860214640302662,19153,localstack/9,localstack,9,3,15,0,191155,12115,0.005673,97.74
0.0,0,0.0,0.0,structural,deepseek_flash,11.189312196300184,72353,pandas/26,pandas,26,1,30,1,370303,3948,0.007007,55.66
0.0,0,0.0,0.0,structural,deepseek_flash,11.189312196300184,72353,pandas/26,pandas,26,2,30,1,424093,4530,0.009959,62.35
1.0,1,1.0,1.0,structural,deepseek_flash,11.189312196300184,72353,pandas/26,pandas,26,3,28,0,373674,4288,0.007679,58.0
0.0,0,0.0,0.0,structural,deepseek_flash,11.270446177349276,78468,pandas/35,pandas,35,1,30,1,291866,11145,0.007542,106.17
0.0,0,0.0,0.0,structural,deepseek_flash,11.270446177349276,78468,pandas/35,pandas,35,2,30,1,329772,6184,0.006454,68.62
0.0,0,0.0,0.0,structural,deepseek_flash,11.270446177349276,78468,pandas/35,pandas,35,3,30,1,316409,7407,0.007209,77.35
0.0,0,0.0,0.0,structural,deepseek_flash,12.08721590866289,177587,pandas/38,pandas,38,1,30,1,505106,6083,0.008547,78.02
0.6667,0,1.0,0.5,structural,deepseek_flash,12.08721590866289,177587,pandas/38,pandas,38,2,30,1,572044,9379,0.009972,112.04
0.5,0,0.5,0.5,structural,deepseek_flash,12.08721590866289,177587,pandas/38,pandas,38,3,25,0,347153,7506,0.005903,86.95
0.5,0,0.5,0.5,structural,deepseek_flash,10.883015959814806,53264,pandas/44,pandas,44,1,30,1,255189,9757,0.00604,107.66
0.5,0,0.5,0.5,structural,deepseek_flash,10.883015959814806,53264,pandas/44,pandas,44,2,30,1,554212,12087,0.010956,137.0
0.5,0,0.5,0.5,structural,deepseek_flash,10.883015959814806,53264,pandas/44,pandas,44,3,30,1,620155,14443,0.011961,151.65
1.0,1,1.0,1.0,structural,deepseek_flash,9.346705246496699,11461,requests/12,requests,12,1,14,0,132295,4187,0.003116,41.88
1.0,1,1.0,1.0,structural,deepseek_flash,9.346705246496699,11461,requests/12,requests,12,2,10,0,57679,3726,0.002708,36.64
0.8,0,1.0,0.6667,structural,deepseek_flash,9.346705246496699,11461,requests/12,requests,12,3,7,0,46403,2192,0.002544,23.16
1.0,1,1.0,1.0,structural,deepseek_flash,9.348274558065496,11479,requests/13,requests,13,1,19,0,192089,8309,0.004264,90.59
1.0,1,1.0,1.0,structural,deepseek_flash,9.348274558065496,11479,requests/13,requests,13,2,15,0,181318,10103,0.004944,88.45
1.0,1,1.0,1.0,structural,deepseek_flash,9.348274558065496,11479,requests/13,requests,13,3,14,0,179852,11541,0.005458,113.14
1.0,1,1.0,1.0,structural,deepseek_flash,7.958576903813898,2860,requests/7,requests,7,1,8,0,42690,4858,0.002139,47.23
1.0,1,1.0,1.0,structural,deepseek_flash,7.958576903813898,2860,requests/7,requests,7,2,12,0,88567,6378,0.002911,63.49
1.0,1,1.0,1.0,structural,deepseek_flash,7.958576903813898,2860,requests/7,requests,7,3,7,0,36316,3036,0.001684,30.71
1.0,1,1.0,1.0,structural,deepseek_flash,10.031000872835088,22720,rich/1,rich,1,1,5,0,17271,2230,0.000988,25.7
1.0,1,1.0,1.0,structural,deepseek_flash,10.031000872835088,22720,rich/1,rich,1,2,4,0,12010,720,0.000513,9.75
1.0,1,1.0,1.0,structural,deepseek_flash,10.031000872835088,22720,rich/1,rich,1,3,4,0,12545,1147,0.000637,11.91
0.4,0,1.0,0.25,structural,deepseek_flash,10.051648903516648,23194,rich/12,rich,12,1,27,0,697808,27066,0.01778,283.5
0.4,0,1.0,0.25,structural,deepseek_flash,10.051648903516648,23194,rich/12,rich,12,2,9,0,133682,15081,0.006904,143.77
0.4,0,1.0,0.25,structural,deepseek_flash,10.051648903516648,23194,rich/12,rich,12,3,30,1,460649,27136,0.014311,278.08
1.0,1,1.0,1.0,structural,deepseek_flash,10.039939675671627,22924,rich/8,rich,8,1,8,0,56064,1855,0.001677,19.88
1.0,1,1.0,1.0,structural,deepseek_flash,10.039939675671627,22924,rich/8,rich,8,2,8,0,60317,2135,0.001807,23.14
1.0,1,1.0,1.0,structural,deepseek_flash,10.039939675671627,22924,rich/8,rich,8,3,8,0,56765,1972,0.001984,22.01
0.6667,0,1.0,0.5,structural,deepseek_flash,11.620954417182327,111408,scikit-learn/45,scikit-learn,45,1,18,0,139364,3464,0.002498,39.67
0.6667,0,1.0,0.5,structural,deepseek_flash,11.620954417182327,111408,scikit-learn/45,scikit-learn,45,2,19,0,127688,3135,0.002158,40.57
0.6667,0,1.0,0.5,structural,deepseek_flash,11.620954417182327,111408,scikit-learn/45,scikit-learn,45,3,8,0,38231,1308,0.001486,15.95
1.0,1,1.0,1.0,structural,deepseek_flash,11.55076060327325,103856,scikit-learn/49,scikit-learn,49,1,14,0,304248,4143,0.006015,38.02
1.0,1,1.0,1.0,structural,deepseek_flash,11.55076060327325,103856,scikit-learn/49,scikit-learn,49,2,9,0,152325,2710,0.004154,29.8
1.0,1,1.0,1.0,structural,deepseek_flash,11.55076060327325,103856,scikit-learn/49,scikit-learn,49,3,8,0,123534,3265,0.004441,33.64
1.0,1,1.0,1.0,structural,deepseek_flash,11.525654110946952,101281,scikit-learn/5,scikit-learn,5,1,13,0,140892,17647,0.006859,154.63
1.0,1,1.0,1.0,structural,deepseek_flash,11.525654110946952,101281,scikit-learn/5,scikit-learn,5,2,13,0,249992,34665,0.012111,300.48
1.0,1,1.0,1.0,structural,deepseek_flash,11.525654110946952,101281,scikit-learn/5,scikit-learn,5,3,17,0,289738,36139,0.012451,345.5
1.0,1,1.0,1.0,structural,deepseek_flash,9.796458979777604,17970,scrapy/20,scrapy,20,1,8,0,55097,1492,0.002266,16.24
1.0,1,1.0,1.0,structural,deepseek_flash,9.796458979777604,17970,scrapy/20,scrapy,20,2,3,0,10251,809,0.000924,7.47
1.0,1,1.0,1.0,structural,deepseek_flash,9.796458979777604,17970,scrapy/20,scrapy,20,3,5,0,26949,1341,0.001409,15.25
0.6667,1,0.5,1.0,structural,deepseek_flash,9.655026193237628,15600,scrapy/26,scrapy,26,1,19,0,170956,2784,0.00299,39.22
0.6667,1,0.5,1.0,structural,deepseek_flash,9.655026193237628,15600,scrapy/26,scrapy,26,2,17,0,187461,5061,0.003901,49.2
0.6667,1,0.5,1.0,structural,deepseek_flash,9.655026193237628,15600,scrapy/26,scrapy,26,3,23,0,259090,3639,0.004083,52.63
0.0,0,0.0,0.0,structural,deepseek_flash,9.73477299914839,16895,scrapy/48,scrapy,48,1,30,1,230389,7530,0.005597,84.58
0.6667,0,1.0,0.5,structural,deepseek_flash,9.73477299914839,16895,scrapy/48,scrapy,48,2,30,1,243471,7438,0.005295,86.31
0.0,0,0.0,0.0,structural,deepseek_flash,9.73477299914839,16895,scrapy/48,scrapy,48,3,30,1,272855,8976,0.006134,106.77
1.0,1,1.0,1.0,structural,deepseek_flash,9.961803629358965,21201,stable-diffusion-webui/0,stable-diffusion-webui,0,1,4,0,70783,1584,0.002977,12.81
1.0,1,1.0,1.0,structural,deepseek_flash,9.961803629358965,21201,stable-diffusion-webui/0,stable-diffusion-webui,0,2,7,0,131678,2169,0.003535,25.54
1.0,1,1.0,1.0,structural,deepseek_flash,9.961803629358965,21201,stable-diffusion-webui/0,stable-diffusion-webui,0,3,2,0,30899,1142,0.002521,11.1
0.6667,1,0.5,1.0,structural,deepseek_flash,9.908425341565751,20099,stable-diffusion-webui/13,stable-diffusion-webui,13,1,20,0,511678,14860,0.009167,141.04
1.0,1,1.0,1.0,structural,deepseek_flash,9.908425341565751,20099,stable-diffusion-webui/13,stable-diffusion-webui,13,2,19,0,518357,11801,0.00907,104.17
1.0,1,1.0,1.0,structural,deepseek_flash,9.908425341565751,20099,stable-diffusion-webui/13,stable-diffusion-webui,13,3,30,1,1378679,31939,0.023989,279.05
0.6667,0,1.0,0.5,structural,deepseek_flash,10.028797743501574,22670,stable-diffusion-webui/5,stable-diffusion-webui,5,1,24,0,550350,22131,0.011366,224.94
0.6667,0,1.0,0.5,structural,deepseek_flash,10.028797743501574,22670,stable-diffusion-webui/5,stable-diffusion-webui,5,2,11,0,139679,5580,0.004258,60.09
0.6667,0,1.0,0.5,structural,deepseek_flash,10.028797743501574,22670,stable-diffusion-webui/5,stable-diffusion-webui,5,3,18,0,360506,15269,0.008436,135.33
0.0,0,0.0,0.0,structural,deepseek_flash,8.483636407887394,4835,thefuck/10,thefuck,10,1,26,0,528119,28525,0.019914,258.31
0.0,0,0.0,0.0,structural,deepseek_flash,8.483636407887394,4835,thefuck/10,thefuck,10,2,17,0,342661,20571,0.011304,143.66
0.0,0,0.0,0.0,structural,deepseek_flash,8.483636407887394,4835,thefuck/10,thefuck,10,3,23,0,575111,22356,0.013719,199.25
0.0,0,0.0,0.0,structural,deepseek_flash,8.270781013162674,3908,thefuck/20,thefuck,20,1,8,0,41945,3807,0.001951,31.63
0.0,0,0.0,0.0,structural,deepseek_flash,8.270781013162674,3908,thefuck/20,thefuck,20,2,9,0,37784,2669,0.001366,29.78
0.0,0,0.0,0.0,structural,deepseek_flash,8.270781013162674,3908,thefuck/20,thefuck,20,3,9,0,46152,3962,0.002004,41.24
1.0,1,1.0,1.0,structural,deepseek_flash,7.822845290279774,2497,thefuck/5,thefuck,5,1,12,0,72041,3948,0.002287,39.47
1.0,1,1.0,1.0,structural,deepseek_flash,7.822845290279774,2497,thefuck/5,thefuck,5,2,11,0,73672,2890,0.002097,30.43
1.0,1,1.0,1.0,structural,deepseek_flash,7.822845290279774,2497,thefuck/5,thefuck,5,3,10,0,50520,1963,0.001739,23.78
1.0,1,1.0,1.0,structural,deepseek_flash,12.430331574579306,250279,transformers/25,transformers,25,1,12,0,124258,4359,0.00397,48.36
1.0,1,1.0,1.0,structural,deepseek_flash,12.430331574579306,250279,transformers/25,transformers,25,2,9,0,33848,3317,0.001541,34.88
1.0,1,1.0,1.0,structural,deepseek_flash,12.430331574579306,250279,transformers/25,transformers,25,3,11,0,53922,3615,0.001747,40.24
0.1538,0,1.0,0.0833,structural,deepseek_flash,12.407424472605875,244611,transformers/27,transformers,27,1,2,0,7701,423,0.00067,5.95
0.1538,0,1.0,0.0833,structural,deepseek_flash,12.407424472605875,244611,transformers/27,transformers,27,2,2,0,7704,640,0.000731,6.64
0.1538,0,1.0,0.0833,structural,deepseek_flash,12.407424472605875,244611,transformers/27,transformers,27,3,2,0,7725,506,0.000679,5.29
0.75,0,1.0,0.6,structural,deepseek_flash,11.587420505060633,107734,transformers/5,transformers,5,1,13,0,415299,3058,0.009351,40.38
0.8889,0,1.0,0.8,structural,deepseek_flash,11.587420505060633,107734,transformers/5,transformers,5,2,22,0,597035,5512,0.008525,59.59
0.75,0,1.0,0.6,structural,deepseek_flash,11.587420505060633,107734,transformers/5,transformers,5,3,25,0,656506,6034,0.009814,71.06
1.0,1,1.0,1.0,structural,deepseek_flash,12.095096391086711,178992,yt-dlp/23,yt-dlp,23,1,22,0,282863,8502,0.004733,87.89
1.0,1,1.0,1.0,structural,deepseek_flash,12.095096391086711,178992,yt-dlp/23,yt-dlp,23,2,24,0,278259,11516,0.005249,120.06
1.0,1,1.0,1.0,structural,deepseek_flash,12.095096391086711,178992,yt-dlp/23,yt-dlp,23,3,17,0,211973,8818,0.004907,84.23
0.0,0,0.0,0.0,structural,deepseek_flash,12.1489730534896,188900,yt-dlp/41,yt-dlp,41,1,30,1,641558,14988,0.013319,141.2
0.4,1,0.25,1.0,structural,deepseek_flash,12.1489730534896,188900,yt-dlp/41,yt-dlp,41,2,30,1,493418,14939,0.010725,158.48
0.0,0,0.0,0.0,structural,deepseek_flash,12.1489730534896,188900,yt-dlp/41,yt-dlp,41,3,24,0,398304,12612,0.007013,122.8
0.6667,0,1.0,0.5,structural,deepseek_flash,12.198660241414718,198523,yt-dlp/45,yt-dlp,45,1,23,0,253891,6412,0.004096,64.63
0.6667,0,1.0,0.5,structural,deepseek_flash,12.198660241414718,198523,yt-dlp/45,yt-dlp,45,2,30,0,487897,8775,0.009508,95.0
0.0,0,0.0,0.0,structural,deepseek_flash,12.198660241414718,198523,yt-dlp/45,yt-dlp,45,3,30,1,410434,7540,0.007572,90.56
0.6667,1,0.5,1.0,structural,nemotron_super,12.068688124847148,174327,core/16,core,16,1,7,0,38518,16604,0.009916,228.3
1.0,1,1.0,1.0,structural,nemotron_super,12.068688124847148,174327,core/16,core,16,2,9,0,58295,11732,0.009648,174.52
1.0,1,1.0,1.0,structural,nemotron_super,12.068688124847148,174327,core/16,core,16,3,8,0,35897,14169,0.008719,128.19
1.0,1,1.0,1.0,structural,nemotron_super,11.506545154005941,99364,core/20,core,20,1,5,0,20983,12004,0.006585,130.14
1.0,1,1.0,1.0,structural,nemotron_super,11.506545154005941,99364,core/20,core,20,2,3,0,13597,6485,0.00375,99.17
1.0,1,1.0,1.0,structural,nemotron_super,11.506545154005941,99364,core/20,core,20,3,3,0,13588,7643,0.004212,91.13
0.0,0,0.0,0.0,structural,nemotron_super,8.579980179515003,5324,fastapi/17,fastapi,17,1,5,0,22757,9510,0.005738,173.23
0.0,0,0.0,0.0,structural,nemotron_super,8.579980179515003,5324,fastapi/17,fastapi,17,2,15,0,201033,63242,0.042385,582.02
0.0,0,0.0,0.0,structural,nemotron_super,8.579980179515003,5324,fastapi/17,fastapi,17,3,9,0,65245,24173,0.015215,306.08
1.0,1,1.0,1.0,structural,nemotron_super,8.518991573357617,5009,fastapi/20,fastapi,20,1,9,0,20767,14172,0.007434,135.22
0.0,0,0.0,0.0,structural,nemotron_super,8.518991573357617,5009,fastapi/20,fastapi,20,2,2,0,8082,4285,0.002401,44.72
0.0,0,0.0,0.0,structural,nemotron_super,8.518991573357617,5009,fastapi/20,fastapi,20,3,5,0,18997,11333,0.006148,92.54
0.5,0,1.0,0.3333,structural,nemotron_super,8.482187582217422,4828,fastapi/9,fastapi,9,1,6,0,40959,19242,0.011178,228.11
0.5,0,1.0,0.3333,structural,nemotron_super,8.482187582217422,4828,fastapi/9,fastapi,9,2,13,0,77314,32223,0.019461,539.04
0.5,0,1.0,0.3333,structural,nemotron_super,8.482187582217422,4828,fastapi/9,fastapi,9,3,6,0,32352,14729,0.008642,189.7
1.0,1,1.0,1.0,structural,nemotron_super,8.808369153122275,6690,flask/18,flask,18,1,16,0,167941,31324,0.026805,541.29
1.0,1,1.0,1.0,structural,nemotron_super,8.808369153122275,6690,flask/18,flask,18,2,6,0,30833,7120,0.005469,118.95
1.0,1,1.0,1.0,structural,nemotron_super,8.808369153122275,6690,flask/18,flask,18,3,15,0,171838,25410,0.02477,335.1
1.0,1,1.0,1.0,structural,nemotron_super,8.899457906353966,7328,flask/3,flask,3,1,12,0,87876,23222,0.016758,324.09
1.0,1,1.0,1.0,structural,nemotron_super,8.899457906353966,7328,flask/3,flask,3,2,12,0,31007,15895,0.008994,291.23
1.0,1,1.0,1.0,structural,nemotron_super,8.899457906353966,7328,flask/3,flask,3,3,12,0,91731,16959,0.014581,253.4
1.0,1,1.0,1.0,structural,nemotron_super,8.827468112520654,6819,flask/6,flask,6,1,4,0,21867,7865,0.005005,127.3
1.0,1,1.0,1.0,structural,nemotron_super,8.827468112520654,6819,flask/6,flask,6,2,8,0,48779,7947,0.007325,118.19
1.0,1,1.0,1.0,structural,nemotron_super,8.827468112520654,6819,flask/6,flask,6,3,3,0,19583,7711,0.004749,89.06
0.0,0,0.0,0.0,structural,nemotron_super,8.341410211461865,4194,gpt-engineer/11,gpt-engineer,11,1,8,0,49878,18610,0.011684,235.18
0.0,0,0.0,0.0,structural,nemotron_super,8.341410211461865,4194,gpt-engineer/11,gpt-engineer,11,2,7,0,19575,18333,0.008997,224.65
0.0,0,0.0,0.0,structural,nemotron_super,8.341410211461865,4194,gpt-engineer/11,gpt-engineer,11,3,9,0,27803,16735,0.009057,151.78
0.4,0,1.0,0.25,structural,nemotron_super,8.029432840581244,3070,gpt-engineer/12,gpt-engineer,12,1,5,0,14834,5262,0.003366,49.44
0.4,0,1.0,0.25,structural,nemotron_super,8.029432840581244,3070,gpt-engineer/12,gpt-engineer,12,2,4,0,12766,5412,0.00325,69.7
0.4,0,1.0,0.25,structural,nemotron_super,8.029432840581244,3070,gpt-engineer/12,gpt-engineer,12,3,5,0,16990,6710,0.004128,113.61
0.0,0,0.0,0.0,structural,nemotron_super,8.36380888451688,4289,gpt-engineer/9,gpt-engineer,9,1,12,0,101787,15281,0.014764,529.86
0.6667,1,0.5,1.0,structural,nemotron_super,8.36380888451688,4289,gpt-engineer/9,gpt-engineer,9,2,11,0,73456,17727,0.013335,199.82
0.0,0,0.0,0.0,structural,nemotron_super,8.36380888451688,4289,gpt-engineer/9,gpt-engineer,9,3,16,0,149712,36641,0.027382,438.19
0.0,0,0.0,0.0,structural,nemotron_super,10.196231790580173,26802,keras/12,keras,12,1,5,0,12953,8224,0.004391,97.39
0.0,0,0.0,0.0,structural,nemotron_super,10.196231790580173,26802,keras/12,keras,12,2,4,0,8390,6379,0.003265,101.49
0.0,0,0.0,0.0,structural,nemotron_super,10.196231790580173,26802,keras/12,keras,12,3,7,0,14510,10166,0.0053,105.88
0.0,0,0.0,0.0,structural,nemotron_super,10.349134450277123,31230,keras/5,keras,5,1,19,0,206983,30806,0.029916,409.78
0.0,0,0.0,0.0,structural,nemotron_super,10.349134450277123,31230,keras/5,keras,5,2,13,0,211680,52993,0.03919,617.93
0.0,0,0.0,0.0,structural,nemotron_super,10.349134450277123,31230,keras/5,keras,5,3,10,0,120318,37290,0.025143,526.66
1.0,1,1.0,1.0,structural,nemotron_super,10.444153492313001,34343,keras/9,keras,9,1,5,0,16902,6400,0.003997,92.54
1.0,1,1.0,1.0,structural,nemotron_super,10.444153492313001,34343,keras/9,keras,9,2,4,0,14556,9295,0.004955,103.39
1.0,1,1.0,1.0,structural,nemotron_super,10.444153492313001,34343,keras/9,keras,9,3,7,0,33727,13236,0.008161,198.86
0.0,0,0.0,0.0,structural,nemotron_super,9.61953186182516,15056,localstack/19,localstack,19,1,17,0,68601,12187,0.010706,198.56
0.0,0,0.0,0.0,structural,nemotron_super,9.61953186182516,15056,localstack/19,localstack,19,2,18,0,182318,17189,0.022373,210.61
0.0,0,0.0,0.0,structural,nemotron_super,9.61953186182516,15056,localstack/19,localstack,19,3,14,0,42598,6144,0.006078,77.98
1.0,1,1.0,1.0,structural,nemotron_super,10.563155506021905,38683,localstack/2,localstack,2,1,22,0,223586,37739,0.0341,357.79
1.0,1,1.0,1.0,structural,nemotron_super,10.563155506021905,38683,localstack/2,localstack,2,2,9,0,100545,9892,0.012503,101.34
1.0,1,1.0,1.0,structural,nemotron_super,10.563155506021905,38683,localstack/2,localstack,2,3,17,0,162456,25875,0.024159,229.4
1.0,1,1.0,1.0,structural,nemotron_super,9.860214640302662,19153,localstack/9,localstack,9,1,16,0,91229,20360,0.015898,185.14
1.0,1,1.0,1.0,structural,nemotron_super,9.860214640302662,19153,localstack/9,localstack,9,2,18,0,108127,37095,0.024029,481.24
1.0,1,1.0,1.0,structural,nemotron_super,9.860214640302662,19153,localstack/9,localstack,9,3,8,0,67585,18937,0.01332,242.75
0.0,0,0.0,0.0,structural,nemotron_super,11.189312196300184,72353,pandas/26,pandas,26,1,30,1,236372,24731,0.029984,403.82
1.0,1,1.0,1.0,structural,nemotron_super,11.189312196300184,72353,pandas/26,pandas,26,2,30,1,386521,10256,0.036957,143.65
0.0,0,0.0,0.0,structural,nemotron_super,11.189312196300184,72353,pandas/26,pandas,26,3,30,1,323037,10590,0.031694,156.8
0.0,0,0.0,0.0,structural,nemotron_super,11.270446177349276,78468,pandas/35,pandas,35,1,30,1,145600,8038,0.015591,75.65
0.0,0,0.0,0.0,structural,nemotron_super,11.270446177349276,78468,pandas/35,pandas,35,2,29,0,212513,13897,0.023622,196.03
0.0,0,0.0,0.0,structural,nemotron_super,11.270446177349276,78468,pandas/35,pandas,35,3,30,1,510763,25710,0.053699,271.59
0.0,0,0.0,0.0,structural,nemotron_super,12.08721590866289,177587,pandas/38,pandas,38,1,7,0,41058,16485,0.010084,134.33
0.6667,0,1.0,0.5,structural,nemotron_super,12.08721590866289,177587,pandas/38,pandas,38,2,4,0,23115,7062,0.00479,107.16
0.5,0,0.5,0.5,structural,nemotron_super,12.08721590866289,177587,pandas/38,pandas,38,3,7,0,46265,13621,0.009381,184.62
0.0,0,0.0,0.0,structural,nemotron_super,10.883015959814806,53264,pandas/44,pandas,44,1,12,0,43436,18580,0.011124,237.87
0.0,0,0.0,0.0,structural,nemotron_super,10.883015959814806,53264,pandas/44,pandas,44,2,10,0,73844,11210,0.010761,122.61
0.0,0,0.0,0.0,structural,nemotron_super,10.883015959814806,53264,pandas/44,pandas,44,3,6,0,50386,8204,0.007564,75.91
0.8,0,1.0,0.6667,structural,nemotron_super,9.346705246496699,11461,requests/12,requests,12,1,7,0,22321,5375,0.004047,76.21
0.8,0,1.0,0.6667,structural,nemotron_super,9.346705246496699,11461,requests/12,requests,12,2,8,0,26170,5523,0.004434,63.48
0.8,0,1.0,0.6667,structural,nemotron_super,9.346705246496699,11461,requests/12,requests,12,3,10,0,44809,11509,0.008412,124.19
1.0,1,1.0,1.0,structural,nemotron_super,9.348274558065496,11479,requests/13,requests,13,1,9,0,31094,36325,0.017173,468.93
1.0,1,1.0,1.0,structural,nemotron_super,9.348274558065496,11479,requests/13,requests,13,2,10,0,36876,15923,0.009504,222.03
1.0,1,1.0,1.0,structural,nemotron_super,9.348274558065496,11479,requests/13,requests,13,3,12,0,51491,21384,0.01293,204.09
1.0,1,1.0,1.0,structural,nemotron_super,7.958576903813898,2860,requests/7,requests,7,1,5,0,45822,10107,0.007938,104.17
1.0,1,1.0,1.0,structural,nemotron_super,7.958576903813898,2860,requests/7,requests,7,2,5,0,14563,4347,0.002977,36.91
1.0,1,1.0,1.0,structural,nemotron_super,7.958576903813898,2860,requests/7,requests,7,3,5,0,14810,13117,0.006506,152.75
1.0,1,1.0,1.0,structural,nemotron_super,10.031000872835088,22720,rich/1,rich,1,1,5,0,24308,3644,0.003524,60.54
1.0,1,1.0,1.0,structural,nemotron_super,10.031000872835088,22720,rich/1,rich,1,2,7,0,31736,8378,0.006049,77.22
1.0,1,1.0,1.0,structural,nemotron_super,10.031000872835088,22720,rich/1,rich,1,3,4,0,20817,4256,0.003472,72.5
0.4,0,1.0,0.25,structural,nemotron_super,10.051648903516648,23194,rich/12,rich,12,1,8,0,39297,7774,0.00645,89.27
0.6667,0,1.0,0.5,structural,nemotron_super,10.051648903516648,23194,rich/12,rich,12,2,7,0,104718,33916,0.022467,510.9
0.4,0,1.0,0.25,structural,nemotron_super,10.051648903516648,23194,rich/12,rich,12,3,7,0,50479,14810,0.010215,143.66
1.0,1,1.0,1.0,structural,nemotron_super,10.039939675671627,22924,rich/8,rich,8,1,6,0,28816,4602,0.00429,70.45
1.0,1,1.0,1.0,structural,nemotron_super,10.039939675671627,22924,rich/8,rich,8,2,16,0,89545,23125,0.016861,256.54
1.0,1,1.0,1.0,structural,nemotron_super,10.039939675671627,22924,rich/8,rich,8,3,8,0,50035,16285,0.010767,171.61
0.6667,0,1.0,0.5,structural,nemotron_super,11.620954417182327,111408,scikit-learn/45,scikit-learn,45,1,14,0,37874,14075,0.008849,153.46
0.6667,0,1.0,0.5,structural,nemotron_super,11.620954417182327,111408,scikit-learn/45,scikit-learn,45,2,9,0,22885,9561,0.00577,75.81
0.6667,0,1.0,0.5,structural,nemotron_super,11.620954417182327,111408,scikit-learn/45,scikit-learn,45,3,8,0,30207,7348,0.005507,82.99
1.0,1,1.0,1.0,structural,nemotron_super,11.55076060327325,103856,scikit-learn/49,scikit-learn,49,1,12,0,151534,11640,0.017536,164.89
1.0,1,1.0,1.0,structural,nemotron_super,11.55076060327325,103856,scikit-learn/49,scikit-learn,49,2,8,0,67378,10248,0.009826,116.9
0.0,0,0.0,0.0,structural,nemotron_super,11.55076060327325,103856,scikit-learn/49,scikit-learn,49,3,8,0,90745,14445,0.013491,159.03
1.0,1,1.0,1.0,structural,nemotron_super,11.525654110946952,101281,scikit-learn/5,scikit-learn,5,1,6,0,35142,16029,0.009399,205.07
1.0,1,1.0,1.0,structural,nemotron_super,11.525654110946952,101281,scikit-learn/5,scikit-learn,5,2,13,0,67711,13900,0.011315,247.89
0.0,0,0.0,0.0,structural,nemotron_super,11.525654110946952,101281,scikit-learn/5,scikit-learn,5,3,15,0,94091,17807,0.015121,159.94
1.0,1,1.0,1.0,structural,nemotron_super,9.796458979777604,17970,scrapy/20,scrapy,20,1,4,0,16383,2947,0.002571,42.39
1.0,1,1.0,1.0,structural,nemotron_super,9.796458979777604,17970,scrapy/20,scrapy,20,2,5,0,20485,3207,0.003024,40.95
1.0,1,1.0,1.0,structural,nemotron_super,9.796458979777604,17970,scrapy/20,scrapy,20,3,4,0,13059,1645,0.001768,24.65
1.0,1,1.0,1.0,structural,nemotron_super,9.655026193237628,15600,scrapy/26,scrapy,26,1,14,0,109625,18691,0.016795,262.78
1.0,1,1.0,1.0,structural,nemotron_super,9.655026193237628,15600,scrapy/26,scrapy,26,2,6,0,32939,9826,0.00673,128.35
1.0,1,1.0,1.0,structural,nemotron_super,9.655026193237628,15600,scrapy/26,scrapy,26,3,6,0,29256,13641,0.007943,156.32
0.0,0,0.0,0.0,structural,nemotron_super,9.73477299914839,16895,scrapy/48,scrapy,48,1,10,0,25041,5092,0.004165,67.59
0.0,0,0.0,0.0,structural,nemotron_super,9.73477299914839,16895,scrapy/48,scrapy,48,2,15,0,78515,17888,0.013829,256.91
0.6667,0,1.0,0.5,structural,nemotron_super,9.73477299914839,16895,scrapy/48,scrapy,48,3,13,0,39120,12941,0.008502,116.66
1.0,1,1.0,1.0,structural,nemotron_super,9.961803629358965,21201,stable-diffusion-webui/0,stable-diffusion-webui,0,1,3,0,50444,1394,0.004845,24.26
1.0,1,1.0,1.0,structural,nemotron_super,9.961803629358965,21201,stable-diffusion-webui/0,stable-diffusion-webui,0,2,3,0,50977,3210,0.005617,40.89
1.0,1,1.0,1.0,structural,nemotron_super,9.961803629358965,21201,stable-diffusion-webui/0,stable-diffusion-webui,0,3,2,0,33733,1585,0.003501,20.59
1.0,1,1.0,1.0,structural,nemotron_super,9.908425341565751,20099,stable-diffusion-webui/13,stable-diffusion-webui,13,1,19,0,563293,34729,0.061772,482.43
1.0,1,1.0,1.0,structural,nemotron_super,9.908425341565751,20099,stable-diffusion-webui/13,stable-diffusion-webui,13,2,27,0,826812,41036,0.086693,638.02
0.0,0,0.0,0.0,structural,nemotron_super,9.908425341565751,20099,stable-diffusion-webui/13,stable-diffusion-webui,13,3,22,0,469212,40174,0.055953,518.52
0.0,0,0.0,0.0,structural,nemotron_super,10.028797743501574,22670,stable-diffusion-webui/5,stable-diffusion-webui,5,1,19,0,127439,9836,0.014767,103.33
0.0,0,0.0,0.0,structural,nemotron_super,10.028797743501574,22670,stable-diffusion-webui/5,stable-diffusion-webui,5,2,11,0,114738,6359,0.012296,100.22
0.0,0,0.0,0.0,structural,nemotron_super,10.028797743501574,22670,stable-diffusion-webui/5,stable-diffusion-webui,5,3,20,0,131989,9669,0.015087,126.69
0.0,0,0.0,0.0,structural,nemotron_super,8.483636407887394,4835,thefuck/10,thefuck,10,1,6,0,16889,10486,0.00563,180.29
0.0,0,0.0,0.0,structural,nemotron_super,8.483636407887394,4835,thefuck/10,thefuck,10,2,12,0,47934,24023,0.013684,365.1
0.5,0,1.0,0.3333,structural,nemotron_super,8.483636407887394,4835,thefuck/10,thefuck,10,3,8,0,25081,10055,0.006154,142.54
0.0,0,0.0,0.0,structural,nemotron_super,8.270781013162674,3908,thefuck/20,thefuck,20,1,21,0,93062,24921,0.017879,304.17
0.0,0,0.0,0.0,structural,nemotron_super,8.270781013162674,3908,thefuck/20,thefuck,20,2,21,0,104635,39231,0.024586,779.08
0.0,0,0.0,0.0,structural,nemotron_super,8.270781013162674,3908,thefuck/20,thefuck,20,3,30,1,142854,39895,0.028101,306.62
1.0,1,1.0,1.0,structural,nemotron_super,7.822845290279774,2497,thefuck/5,thefuck,5,1,10,0,28154,8100,0.005633,92.29
1.0,1,1.0,1.0,structural,nemotron_super,7.822845290279774,2497,thefuck/5,thefuck,5,2,21,0,76957,16231,0.013034,205.45
1.0,1,1.0,1.0,structural,nemotron_super,7.822845290279774,2497,thefuck/5,thefuck,5,3,12,0,67534,24561,0.015565,229.75
1.0,1,1.0,1.0,structural,nemotron_super,12.430331574579306,250279,transformers/25,transformers,25,1,12,0,65255,18202,0.012827,220.03
1.0,1,1.0,1.0,structural,nemotron_super,12.430331574579306,250279,transformers/25,transformers,25,2,10,0,33616,12148,0.007717,163.91
1.0,1,1.0,1.0,structural,nemotron_super,12.430331574579306,250279,transformers/25,transformers,25,3,13,0,51576,9767,0.008291,90.06
0.1538,0,1.0,0.0833,structural,nemotron_super,12.407424472605875,244611,transformers/27,transformers,27,1,3,0,10889,716,0.001212,12.02
0.1538,0,1.0,0.0833,structural,nemotron_super,12.407424472605875,244611,transformers/27,transformers,27,2,3,0,10889,515,0.001132,10.31
0.1538,0,1.0,0.0833,structural,nemotron_super,12.407424472605875,244611,transformers/27,transformers,27,3,6,0,20358,1629,0.002382,20.19
0.75,0,1.0,0.6,structural,nemotron_super,11.587420505060633,107734,transformers/5,transformers,5,1,19,0,419735,18656,0.04314,292.75
0.3333,0,1.0,0.2,structural,nemotron_super,11.587420505060633,107734,transformers/5,transformers,5,2,24,0,480563,21726,0.049538,330.97
0.0,0,0.0,0.0,structural,nemotron_super,11.587420505060633,107734,transformers/5,transformers,5,3,22,0,383871,17062,0.039454,266.26
1.0,1,1.0,1.0,structural,nemotron_super,12.095096391086711,178992,yt-dlp/23,yt-dlp,23,1,4,0,28209,6666,0.005064,79.9
1.0,1,1.0,1.0,structural,nemotron_super,12.095096391086711,178992,yt-dlp/23,yt-dlp,23,2,4,0,29412,7205,0.005382,158.51
1.0,1,1.0,1.0,structural,nemotron_super,12.095096391086711,178992,yt-dlp/23,yt-dlp,23,3,5,0,40658,10230,0.007548,92.3
0.0,0,0.0,0.0,structural,nemotron_super,12.1489730534896,188900,yt-dlp/41,yt-dlp,41,1,30,1,314107,11708,0.031382,209.51
0.0,0,0.0,0.0,structural,nemotron_super,12.1489730534896,188900,yt-dlp/41,yt-dlp,41,2,17,0,124161,7002,0.013354,133.74
0.0,0,0.0,0.0,structural,nemotron_super,12.1489730534896,188900,yt-dlp/41,yt-dlp,41,3,30,1,254752,10656,0.025916,119.35
0.0,0,0.0,0.0,structural,nemotron_super,12.198660241414718,198523,yt-dlp/45,yt-dlp,45,1,9,0,104941,8552,0.012341,92.34
0.6667,0,1.0,0.5,structural,nemotron_super,12.198660241414718,198523,yt-dlp/45,yt-dlp,45,2,14,0,232808,22566,0.028815,257.43
0.6667,0,1.0,0.5,structural,nemotron_super,12.198660241414718,198523,yt-dlp/45,yt-dlp,45,3,14,0,85746,20938,0.015664,211.55
1.0,1,1.0,1.0,temporal_frequency,ministral_3b,12.068688124847148,174327,core/16,core,16,1,9,0,64815,731,0.002776,5.04
1.0,1,1.0,1.0,temporal_frequency,ministral_3b,12.068688124847148,174327,core/16,core,16,2,10,0,53493,884,0.002385,7.84
1.0,1,1.0,1.0,temporal_frequency,ministral_3b,12.068688124847148,174327,core/16,core,16,3,15,0,81479,2102,0.003163,20.53
0.0,0,0.0,0.0,temporal_frequency,ministral_3b,11.506545154005941,99364,core/20,core,20,1,7,0,54699,1108,0.002021,5.67
1.0,1,1.0,1.0,temporal_frequency,ministral_3b,11.506545154005941,99364,core/20,core,20,2,8,0,46889,1309,0.001444,6.89
1.0,1,1.0,1.0,temporal_frequency,ministral_3b,11.506545154005941,99364,core/20,core,20,3,8,0,47786,2007,0.001869,10.62
0.0,0,0.0,0.0,temporal_frequency,ministral_3b,8.579980179515003,5324,fastapi/17,fastapi,17,1,11,0,89568,2801,0.003223,12.38
0.0,0,0.0,0.0,temporal_frequency,ministral_3b,8.579980179515003,5324,fastapi/17,fastapi,17,2,9,0,30606,1673,0.000935,8.16
0.0,0,0.0,0.0,temporal_frequency,ministral_3b,8.579980179515003,5324,fastapi/17,fastapi,17,3,10,0,85830,2455,0.004025,15.8
0.0,0,0.0,0.0,temporal_frequency,ministral_3b,8.518991573357617,5009,fastapi/20,fastapi,20,1,14,0,74593,3393,0.003075,16.57
0.0,0,0.0,0.0,temporal_frequency,ministral_3b,8.518991573357617,5009,fastapi/20,fastapi,20,2,22,0,107689,1288,0.002557,11.0
0.0,0,0.0,0.0,temporal_frequency,ministral_3b,8.518991573357617,5009,fastapi/20,fastapi,20,3,26,0,92632,1709,0.002395,15.26
0.5,0,1.0,0.3333,temporal_frequency,ministral_3b,8.482187582217422,4828,fastapi/9,fastapi,9,1,7,0,53671,1328,0.002781,8.29
0.5,0,1.0,0.3333,temporal_frequency,ministral_3b,8.482187582217422,4828,fastapi/9,fastapi,9,2,7,0,59034,848,0.002544,5.13
0.5,0,1.0,0.3333,temporal_frequency,ministral_3b,8.482187582217422,4828,fastapi/9,fastapi,9,3,8,0,93274,1323,0.003723,8.38
0.6667,0,1.0,0.5,temporal_frequency,ministral_3b,8.808369153122275,6690,flask/18,flask,18,1,11,0,54436,1413,0.002509,9.0
0.6667,0,1.0,0.5,temporal_frequency,ministral_3b,8.808369153122275,6690,flask/18,flask,18,2,8,0,44985,749,0.001705,4.72
0.6667,0,1.0,0.5,temporal_frequency,ministral_3b,8.808369153122275,6690,flask/18,flask,18,3,19,0,140192,1475,0.003637,13.14
1.0,1,1.0,1.0,temporal_frequency,ministral_3b,8.899457906353966,7328,flask/3,flask,3,1,7,0,17947,1096,0.000695,4.94
1.0,1,1.0,1.0,temporal_frequency,ministral_3b,8.899457906353966,7328,flask/3,flask,3,2,15,0,52445,1533,0.001873,10.06
1.0,1,1.0,1.0,temporal_frequency,ministral_3b,8.899457906353966,7328,flask/3,flask,3,3,19,0,145585,1688,0.00414,13.95
1.0,1,1.0,1.0,temporal_frequency,ministral_3b,8.827468112520654,6819,flask/6,flask,6,1,5,0,15847,274,0.001025,2.26
0.0,0,0.0,0.0,temporal_frequency,ministral_3b,8.827468112520654,6819,flask/6,flask,6,2,17,0,44251,1612,0.001027,10.0
1.0,1,1.0,1.0,temporal_frequency,ministral_3b,8.827468112520654,6819,flask/6,flask,6,3,7,0,35698,477,0.002028,4.07
1.0,1,1.0,1.0,temporal_frequency,ministral_3b,8.341410211461865,4194,gpt-engineer/11,gpt-engineer,11,1,12,0,36193,1422,0.001515,9.89
0.0,0,0.0,0.0,temporal_frequency,ministral_3b,8.341410211461865,4194,gpt-engineer/11,gpt-engineer,11,2,8,0,19158,1488,0.000763,11.42
0.0,0,0.0,0.0,temporal_frequency,ministral_3b,8.341410211461865,4194,gpt-engineer/11,gpt-engineer,11,3,16,0,99773,1846,0.00272,11.73
0.4,0,1.0,0.25,temporal_frequency,ministral_3b,8.029432840581244,3070,gpt-engineer/12,gpt-engineer,12,1,13,0,53590,2379,0.001438,11.76
0.4,0,1.0,0.25,temporal_frequency,ministral_3b,8.029432840581244,3070,gpt-engineer/12,gpt-engineer,12,2,16,0,68893,2052,0.001599,12.3
0.4,0,1.0,0.25,temporal_frequency,ministral_3b,8.029432840581244,3070,gpt-engineer/12,gpt-engineer,12,3,4,0,11831,597,0.000436,5.12
1.0,1,1.0,1.0,temporal_frequency,ministral_3b,8.36380888451688,4289,gpt-engineer/9,gpt-engineer,9,1,18,0,115989,2004,0.002963,12.84
1.0,1,1.0,1.0,temporal_frequency,ministral_3b,8.36380888451688,4289,gpt-engineer/9,gpt-engineer,9,2,13,0,71004,1360,0.002513,8.49
1.0,1,1.0,1.0,temporal_frequency,ministral_3b,8.36380888451688,4289,gpt-engineer/9,gpt-engineer,9,3,11,0,27891,1172,0.001144,7.25
0.0,0,0.0,0.0,temporal_frequency,ministral_3b,10.196231790580173,26802,keras/12,keras,12,1,13,0,40448,1723,0.001326,9.04
0.0,0,0.0,0.0,temporal_frequency,ministral_3b,10.196231790580173,26802,keras/12,keras,12,2,7,0,13969,867,0.000539,5.01
0.0,0,0.0,0.0,temporal_frequency,ministral_3b,10.196231790580173,26802,keras/12,keras,12,3,30,1,93436,4909,0.002231,26.59
1.0,1,1.0,1.0,temporal_frequency,ministral_3b,10.349134450277123,31230,keras/5,keras,5,1,9,0,82046,1361,0.003318,7.22
1.0,1,1.0,1.0,temporal_frequency,ministral_3b,10.349134450277123,31230,keras/5,keras,5,2,13,0,180653,2204,0.005314,13.63
1.0,1,1.0,1.0,temporal_frequency,ministral_3b,10.349134450277123,31230,keras/5,keras,5,3,7,0,89792,932,0.004384,6.24
1.0,1,1.0,1.0,temporal_frequency,ministral_3b,10.444153492313001,34343,keras/9,keras,9,1,7,0,61492,1560,0.003275,8.52
1.0,1,1.0,1.0,temporal_frequency,ministral_3b,10.444153492313001,34343,keras/9,keras,9,2,21,0,105046,1373,0.002831,11.74
1.0,1,1.0,1.0,temporal_frequency,ministral_3b,10.444153492313001,34343,keras/9,keras,9,3,9,0,78688,2459,0.003461,21.41
0.0,0,0.0,0.0,temporal_frequency,ministral_3b,9.61953186182516,15056,localstack/19,localstack,19,1,14,0,91196,1269,0.003821,9.21
0.0,0,0.0,0.0,temporal_frequency,ministral_3b,9.61953186182516,15056,localstack/19,localstack,19,2,7,0,59431,1388,0.003375,7.28
0.25,0,1.0,0.1429,temporal_frequency,ministral_3b,9.61953186182516,15056,localstack/19,localstack,19,3,9,0,37874,1292,0.001175,7.06
1.0,1,1.0,1.0,temporal_frequency,ministral_3b,10.563155506021905,38683,localstack/2,localstack,2,1,13,0,237991,1660,0.008759,11.96
1.0,1,1.0,1.0,temporal_frequency,ministral_3b,10.563155506021905,38683,localstack/2,localstack,2,2,24,0,300893,1909,0.006376,15.47
1.0,1,1.0,1.0,temporal_frequency,ministral_3b,10.563155506021905,38683,localstack/2,localstack,2,3,14,0,228848,2180,0.005696,23.36
1.0,1,1.0,1.0,temporal_frequency,ministral_3b,9.860214640302662,19153,localstack/9,localstack,9,1,14,0,181798,1858,0.005233,11.96
1.0,1,1.0,1.0,temporal_frequency,ministral_3b,9.860214640302662,19153,localstack/9,localstack,9,2,25,0,167210,6714,0.004398,32.64
1.0,1,1.0,1.0,temporal_frequency,ministral_3b,9.860214640302662,19153,localstack/9,localstack,9,3,11,0,47517,1183,0.001633,7.49
0.6667,0,1.0,0.5,temporal_frequency,ministral_3b,11.189312196300184,72353,pandas/26,pandas,26,1,12,0,28695,1219,0.000849,6.73
0.6667,0,1.0,0.5,temporal_frequency,ministral_3b,11.189312196300184,72353,pandas/26,pandas,26,2,19,0,95988,2024,0.002532,12.35
0.6667,0,1.0,0.5,temporal_frequency,ministral_3b,11.189312196300184,72353,pandas/26,pandas,26,3,10,0,74046,1117,0.002021,7.24
0.0,0,0.0,0.0,temporal_frequency,ministral_3b,11.270446177349276,78468,pandas/35,pandas,35,1,26,0,302581,2771,0.008497,22.44
0.0,0,0.0,0.0,temporal_frequency,ministral_3b,11.270446177349276,78468,pandas/35,pandas,35,2,26,0,606294,2789,0.012121,27.37
0.0,0,0.0,0.0,temporal_frequency,ministral_3b,11.270446177349276,78468,pandas/35,pandas,35,3,13,0,283512,1724,0.011486,18.03
0.6667,0,1.0,0.5,temporal_frequency,ministral_3b,12.08721590866289,177587,pandas/38,pandas,38,1,10,0,59205,930,0.001982,9.13
0.6667,0,1.0,0.5,temporal_frequency,ministral_3b,12.08721590866289,177587,pandas/38,pandas,38,2,15,0,78145,1697,0.002397,10.06
0.6667,0,1.0,0.5,temporal_frequency,ministral_3b,12.08721590866289,177587,pandas/38,pandas,38,3,10,0,134146,1171,0.00685,9.17
0.6667,0,1.0,0.5,temporal_frequency,ministral_3b,10.883015959814806,53264,pandas/44,pandas,44,1,26,0,78135,1734,0.001582,12.11
0.0,0,0.0,0.0,temporal_frequency,ministral_3b,10.883015959814806,53264,pandas/44,pandas,44,2,13,0,102769,1632,0.002894,9.15
0.0,0,0.0,0.0,temporal_frequency,ministral_3b,10.883015959814806,53264,pandas/44,pandas,44,3,21,0,155630,2313,0.003814,21.91
0.5,0,1.0,0.3333,temporal_frequency,ministral_3b,9.346705246496699,11461,requests/12,requests,12,1,11,0,61215,1025,0.001996,6.63
0.5,0,1.0,0.3333,temporal_frequency,ministral_3b,9.346705246496699,11461,requests/12,requests,12,2,9,0,20416,651,0.000724,4.26
0.5,0,1.0,0.3333,temporal_frequency,ministral_3b,9.346705246496699,11461,requests/12,requests,12,3,7,0,14177,713,0.000452,4.83
1.0,1,1.0,1.0,temporal_frequency,ministral_3b,9.348274558065496,11479,requests/13,requests,13,1,9,0,46114,806,0.001824,5.32
1.0,1,1.0,1.0,temporal_frequency,ministral_3b,9.348274558065496,11479,requests/13,requests,13,2,21,0,294085,2259,0.006422,16.54
1.0,1,1.0,1.0,temporal_frequency,ministral_3b,9.348274558065496,11479,requests/13,requests,13,3,6,0,34484,1256,0.001834,6.58
1.0,1,1.0,1.0,temporal_frequency,ministral_3b,7.958576903813898,2860,requests/7,requests,7,1,10,0,23577,640,0.00074,4.31
1.0,1,1.0,1.0,temporal_frequency,ministral_3b,7.958576903813898,2860,requests/7,requests,7,2,14,0,41745,1009,0.001246,6.86
1.0,1,1.0,1.0,temporal_frequency,ministral_3b,7.958576903813898,2860,requests/7,requests,7,3,4,0,6898,510,0.000326,2.44
1.0,1,1.0,1.0,temporal_frequency,ministral_3b,10.031000872835088,22720,rich/1,rich,1,1,7,0,33995,712,0.001409,6.74
1.0,1,1.0,1.0,temporal_frequency,ministral_3b,10.031000872835088,22720,rich/1,rich,1,2,5,0,23999,558,0.001592,4.89
1.0,1,1.0,1.0,temporal_frequency,ministral_3b,10.031000872835088,22720,rich/1,rich,1,3,5,0,32664,568,0.002459,3.69
0.8571,0,1.0,0.75,temporal_frequency,ministral_3b,10.051648903516648,23194,rich/12,rich,12,1,10,0,134713,1022,0.005993,9.28
0.0,0,0.0,0.0,temporal_frequency,ministral_3b,10.051648903516648,23194,rich/12,rich,12,2,29,0,424459,3200,0.010648,23.99
0.4,0,1.0,0.25,temporal_frequency,ministral_3b,10.051648903516648,23194,rich/12,rich,12,3,26,0,228844,2865,0.004716,20.64
0.0,0,0.0,0.0,temporal_frequency,ministral_3b,10.039939675671627,22924,rich/8,rich,8,1,8,0,47461,1565,0.00185,8.55
1.0,1,1.0,1.0,temporal_frequency,ministral_3b,10.039939675671627,22924,rich/8,rich,8,2,6,0,31338,654,0.001483,4.46
1.0,1,1.0,1.0,temporal_frequency,ministral_3b,10.039939675671627,22924,rich/8,rich,8,3,5,0,23667,465,0.001376,3.03
0.6667,0,1.0,0.5,temporal_frequency,ministral_3b,11.620954417182327,111408,scikit-learn/45,scikit-learn,45,1,3,0,4921,372,0.00023,4.76
0.6667,0,1.0,0.5,temporal_frequency,ministral_3b,11.620954417182327,111408,scikit-learn/45,scikit-learn,45,2,4,0,7771,702,0.00034,3.32
0.6667,0,1.0,0.5,temporal_frequency,ministral_3b,11.620954417182327,111408,scikit-learn/45,scikit-learn,45,3,4,0,7183,686,0.000234,4.79
1.0,1,1.0,1.0,temporal_frequency,ministral_3b,11.55076060327325,103856,scikit-learn/49,scikit-learn,49,1,8,0,64519,714,0.003862,5.2
1.0,1,1.0,1.0,temporal_frequency,ministral_3b,11.55076060327325,103856,scikit-learn/49,scikit-learn,49,2,9,0,58971,818,0.002385,7.25
1.0,1,1.0,1.0,temporal_frequency,ministral_3b,11.55076060327325,103856,scikit-learn/49,scikit-learn,49,3,8,0,65471,1024,0.003021,6.51
1.0,1,1.0,1.0,temporal_frequency,ministral_3b,11.525654110946952,101281,scikit-learn/5,scikit-learn,5,1,22,0,679794,2328,0.021717,26.22
1.0,1,1.0,1.0,temporal_frequency,ministral_3b,11.525654110946952,101281,scikit-learn/5,scikit-learn,5,2,27,0,124996,1947,0.003282,21.07
1.0,1,1.0,1.0,temporal_frequency,ministral_3b,11.525654110946952,101281,scikit-learn/5,scikit-learn,5,3,19,0,222454,2556,0.009322,22.66
1.0,1,1.0,1.0,temporal_frequency,ministral_3b,9.796458979777604,17970,scrapy/20,scrapy,20,1,6,0,20185,392,0.000802,2.98
1.0,1,1.0,1.0,temporal_frequency,ministral_3b,9.796458979777604,17970,scrapy/20,scrapy,20,2,5,0,14105,312,0.00075,2.61
1.0,1,1.0,1.0,temporal_frequency,ministral_3b,9.796458979777604,17970,scrapy/20,scrapy,20,3,6,0,19937,334,0.001163,2.9
0.0,0,0.0,0.0,temporal_frequency,ministral_3b,9.655026193237628,15600,scrapy/26,scrapy,26,1,14,0,37050,938,0.00085,6.77
1.0,1,1.0,1.0,temporal_frequency,ministral_3b,9.655026193237628,15600,scrapy/26,scrapy,26,2,10,0,71317,1000,0.00275,6.87
0.0,0,0.0,0.0,temporal_frequency,ministral_3b,9.655026193237628,15600,scrapy/26,scrapy,26,3,23,0,83045,3094,0.001829,17.2
0.6667,0,1.0,0.5,temporal_frequency,ministral_3b,9.73477299914839,16895,scrapy/48,scrapy,48,1,8,0,24785,1153,0.001154,5.82
0.0,0,0.0,0.0,temporal_frequency,ministral_3b,9.73477299914839,16895,scrapy/48,scrapy,48,2,27,0,124426,2700,0.00269,17.46
0.0,0,0.0,0.0,temporal_frequency,ministral_3b,9.73477299914839,16895,scrapy/48,scrapy,48,3,30,1,85907,3345,0.001783,28.95
1.0,1,1.0,1.0,temporal_frequency,ministral_3b,9.961803629358965,21201,stable-diffusion-webui/0,stable-diffusion-webui,0,1,6,0,99825,966,0.004054,5.69
1.0,1,1.0,1.0,temporal_frequency,ministral_3b,9.961803629358965,21201,stable-diffusion-webui/0,stable-diffusion-webui,0,2,6,0,107279,1067,0.002966,6.11
1.0,1,1.0,1.0,temporal_frequency,ministral_3b,9.961803629358965,21201,stable-diffusion-webui/0,stable-diffusion-webui,0,3,7,0,127791,1421,0.004984,8.34
1.0,1,1.0,1.0,temporal_frequency,ministral_3b,9.908425341565751,20099,stable-diffusion-webui/13,stable-diffusion-webui,13,1,12,0,183837,609,0.005703,8.51
0.0,0,0.0,0.0,temporal_frequency,ministral_3b,9.908425341565751,20099,stable-diffusion-webui/13,stable-diffusion-webui,13,2,15,0,231932,1965,0.005879,12.77
0.0,0,0.0,0.0,temporal_frequency,ministral_3b,9.908425341565751,20099,stable-diffusion-webui/13,stable-diffusion-webui,13,3,4,0,53372,121,0.002953,1.95
0.0,0,0.0,0.0,temporal_frequency,ministral_3b,10.028797743501574,22670,stable-diffusion-webui/5,stable-diffusion-webui,5,1,26,0,589506,2112,0.012805,21.82
0.0,0,0.0,0.0,temporal_frequency,ministral_3b,10.028797743501574,22670,stable-diffusion-webui/5,stable-diffusion-webui,5,2,9,0,68148,1238,0.003241,8.73
0.0,0,0.0,0.0,temporal_frequency,ministral_3b,10.028797743501574,22670,stable-diffusion-webui/5,stable-diffusion-webui,5,3,8,0,67501,1068,0.004299,9.69
0.0,0,0.0,0.0,temporal_frequency,ministral_3b,8.483636407887394,4835,thefuck/10,thefuck,10,1,6,0,15006,867,0.000942,5.17
0.0,0,0.0,0.0,temporal_frequency,ministral_3b,8.483636407887394,4835,thefuck/10,thefuck,10,2,9,0,42258,1627,0.002177,10.98
0.5,0,1.0,0.3333,temporal_frequency,ministral_3b,8.483636407887394,4835,thefuck/10,thefuck,10,3,9,0,28047,1307,0.001184,9.77
0.0,0,0.0,0.0,temporal_frequency,ministral_3b,8.270781013162674,3908,thefuck/20,thefuck,20,1,7,0,20603,1207,0.001017,5.22
1.0,1,1.0,1.0,temporal_frequency,ministral_3b,8.270781013162674,3908,thefuck/20,thefuck,20,2,12,0,30469,832,0.001172,7.0
0.0,0,0.0,0.0,temporal_frequency,ministral_3b,8.270781013162674,3908,thefuck/20,thefuck,20,3,11,0,32877,1799,0.001336,20.29
1.0,1,1.0,1.0,temporal_frequency,ministral_3b,7.822845290279774,2497,thefuck/5,thefuck,5,1,10,0,55597,1139,0.00246,6.94
1.0,1,1.0,1.0,temporal_frequency,ministral_3b,7.822845290279774,2497,thefuck/5,thefuck,5,2,4,0,19226,717,0.00113,4.04
1.0,1,1.0,1.0,temporal_frequency,ministral_3b,7.822845290279774,2497,thefuck/5,thefuck,5,3,6,0,37913,1092,0.002115,6.27
1.0,1,1.0,1.0,temporal_frequency,ministral_3b,12.430331574579306,250279,transformers/25,transformers,25,1,23,0,356987,1517,0.007626,17.06
1.0,1,1.0,1.0,temporal_frequency,ministral_3b,12.430331574579306,250279,transformers/25,transformers,25,2,8,0,17116,528,0.000417,3.95
1.0,1,1.0,1.0,temporal_frequency,ministral_3b,12.430331574579306,250279,transformers/25,transformers,25,3,21,0,287081,1547,0.00671,16.98
0.1538,0,1.0,0.0833,temporal_frequency,ministral_3b,12.407424472605875,244611,transformers/27,transformers,27,1,3,0,9995,444,0.000502,2.7
0.1538,0,1.0,0.0833,temporal_frequency,ministral_3b,12.407424472605875,244611,transformers/27,transformers,27,2,16,0,161970,1875,0.004127,12.09
0.1538,0,1.0,0.0833,temporal_frequency,ministral_3b,12.407424472605875,244611,transformers/27,transformers,27,3,4,0,12731,498,0.000689,2.71
0.3333,0,1.0,0.2,temporal_frequency,ministral_3b,11.587420505060633,107734,transformers/5,transformers,5,1,26,0,308262,3465,0.007015,19.7
0.0,0,0.0,0.0,temporal_frequency,ministral_3b,11.587420505060633,107734,transformers/5,transformers,5,2,9,0,81071,1899,0.002353,9.48
0.3333,0,1.0,0.2,temporal_frequency,ministral_3b,11.587420505060633,107734,transformers/5,transformers,5,3,24,0,274932,2538,0.00526,18.42
1.0,1,1.0,1.0,temporal_frequency,ministral_3b,12.095096391086711,178992,yt-dlp/23,yt-dlp,23,1,14,0,130533,1934,0.003293,11.16
1.0,1,1.0,1.0,temporal_frequency,ministral_3b,12.095096391086711,178992,yt-dlp/23,yt-dlp,23,2,9,0,72075,1724,0.003763,13.5
1.0,1,1.0,1.0,temporal_frequency,ministral_3b,12.095096391086711,178992,yt-dlp/23,yt-dlp,23,3,11,0,101413,1727,0.002411,13.72
0.6667,1,0.5,1.0,temporal_frequency,ministral_3b,12.1489730534896,188900,yt-dlp/41,yt-dlp,41,1,22,0,367282,4215,0.009122,23.04
0.0,0,0.0,0.0,temporal_frequency,ministral_3b,12.1489730534896,188900,yt-dlp/41,yt-dlp,41,2,8,0,106572,767,0.006287,6.97
0.0,0,0.0,0.0,temporal_frequency,ministral_3b,12.1489730534896,188900,yt-dlp/41,yt-dlp,41,3,13,0,319002,768,0.012278,10.64
0.5,0,0.5,0.5,temporal_frequency,ministral_3b,12.198660241414718,198523,yt-dlp/45,yt-dlp,45,1,13,0,341828,2410,0.008826,14.74
0.0,0,0.0,0.0,temporal_frequency,ministral_3b,12.198660241414718,198523,yt-dlp/45,yt-dlp,45,2,13,0,167657,1726,0.005038,15.25
0.0,0,0.0,0.0,temporal_frequency,ministral_3b,12.198660241414718,198523,yt-dlp/45,yt-dlp,45,3,11,0,220957,1552,0.007828,12.24
1.0,1,1.0,1.0,temporal_frequency,gpt_oss_120b,12.068688124847148,174327,core/16,core,16,1,6,0,19837,1090,0.002595,12.11
1.0,1,1.0,1.0,temporal_frequency,gpt_oss_120b,12.068688124847148,174327,core/16,core,16,2,5,0,17753,1390,0.002399,10.21
1.0,1,1.0,1.0,temporal_frequency,gpt_oss_120b,12.068688124847148,174327,core/16,core,16,3,5,0,9997,929,0.001476,10.51
1.0,1,1.0,1.0,temporal_frequency,gpt_oss_120b,11.506545154005941,99364,core/20,core,20,1,12,0,43680,2834,0.004078,23.95
1.0,1,1.0,1.0,temporal_frequency,gpt_oss_120b,11.506545154005941,99364,core/20,core,20,2,6,0,24335,1843,0.00291,21.64
1.0,1,1.0,1.0,temporal_frequency,gpt_oss_120b,11.506545154005941,99364,core/20,core,20,3,10,0,44486,3009,0.004391,27.71
0.0,0,0.0,0.0,temporal_frequency,gpt_oss_120b,8.579980179515003,5324,fastapi/17,fastapi,17,1,16,0,106222,6085,0.00887,54.46
0.0,0,0.0,0.0,temporal_frequency,gpt_oss_120b,8.579980179515003,5324,fastapi/17,fastapi,17,2,25,0,200759,15702,0.015678,215.07
0.0,0,0.0,0.0,temporal_frequency,gpt_oss_120b,8.579980179515003,5324,fastapi/17,fastapi,17,3,8,0,57637,4770,0.006175,56.39
0.0,0,0.0,0.0,temporal_frequency,gpt_oss_120b,8.518991573357617,5009,fastapi/20,fastapi,20,1,13,0,48071,4356,0.00523,37.88
0.0,0,0.0,0.0,temporal_frequency,gpt_oss_120b,8.518991573357617,5009,fastapi/20,fastapi,20,2,18,0,54043,6311,0.006561,71.29
0.0,0,0.0,0.0,temporal_frequency,gpt_oss_120b,8.518991573357617,5009,fastapi/20,fastapi,20,3,14,0,34669,4525,0.004455,31.34
0.5,0,1.0,0.3333,temporal_frequency,gpt_oss_120b,8.482187582217422,4828,fastapi/9,fastapi,9,1,13,0,59755,4142,0.005948,32.79
0.5,0,1.0,0.3333,temporal_frequency,gpt_oss_120b,8.482187582217422,4828,fastapi/9,fastapi,9,2,4,0,11669,1060,0.001526,10.6
0.5,0,1.0,0.3333,temporal_frequency,gpt_oss_120b,8.482187582217422,4828,fastapi/9,fastapi,9,3,10,0,34215,2300,0.003439,20.54
0.6667,0,1.0,0.5,temporal_frequency,gpt_oss_120b,8.808369153122275,6690,flask/18,flask,18,1,14,0,55047,2744,0.004158,26.78
0.6667,0,1.0,0.5,temporal_frequency,gpt_oss_120b,8.808369153122275,6690,flask/18,flask,18,2,15,0,60761,3572,0.005428,29.65
0.6667,0,1.0,0.5,temporal_frequency,gpt_oss_120b,8.808369153122275,6690,flask/18,flask,18,3,15,0,57446,3037,0.005295,24.35
1.0,1,1.0,1.0,temporal_frequency,gpt_oss_120b,8.899457906353966,7328,flask/3,flask,3,1,4,0,6989,850,0.000956,6.79
1.0,1,1.0,1.0,temporal_frequency,gpt_oss_120b,8.899457906353966,7328,flask/3,flask,3,2,10,0,34423,3305,0.003772,38.57
1.0,1,1.0,1.0,temporal_frequency,gpt_oss_120b,8.899457906353966,7328,flask/3,flask,3,3,9,0,25577,1662,0.002576,28.94
1.0,1,1.0,1.0,temporal_frequency,gpt_oss_120b,8.827468112520654,6819,flask/6,flask,6,1,5,0,13009,652,0.001599,7.99
1.0,1,1.0,1.0,temporal_frequency,gpt_oss_120b,8.827468112520654,6819,flask/6,flask,6,2,7,0,17771,1387,0.001967,10.63
1.0,1,1.0,1.0,temporal_frequency,gpt_oss_120b,8.827468112520654,6819,flask/6,flask,6,3,12,0,43675,3567,0.004218,55.67
0.0,0,0.0,0.0,temporal_frequency,gpt_oss_120b,8.341410211461865,4194,gpt-engineer/11,gpt-engineer,11,1,9,0,50459,1520,0.004552,15.82
0.0,0,0.0,0.0,temporal_frequency,gpt_oss_120b,8.341410211461865,4194,gpt-engineer/11,gpt-engineer,11,2,7,0,43554,2023,0.005408,17.11
0.0,0,0.0,0.0,temporal_frequency,gpt_oss_120b,8.341410211461865,4194,gpt-engineer/11,gpt-engineer,11,3,9,0,45168,2270,0.004363,33.74
0.4,0,1.0,0.25,temporal_frequency,gpt_oss_120b,8.029432840581244,3070,gpt-engineer/12,gpt-engineer,12,1,14,0,82410,4502,0.006931,46.71
0.4,0,1.0,0.25,temporal_frequency,gpt_oss_120b,8.029432840581244,3070,gpt-engineer/12,gpt-engineer,12,2,5,0,14398,927,0.001578,9.78
0.4,0,1.0,0.25,temporal_frequency,gpt_oss_120b,8.029432840581244,3070,gpt-engineer/12,gpt-engineer,12,3,11,0,51293,2983,0.004126,28.78
0.6667,1,0.5,1.0,temporal_frequency,gpt_oss_120b,8.36380888451688,4289,gpt-engineer/9,gpt-engineer,9,1,8,0,34156,4555,0.004924,32.56
0.6667,1,0.5,1.0,temporal_frequency,gpt_oss_120b,8.36380888451688,4289,gpt-engineer/9,gpt-engineer,9,2,6,0,33943,7593,0.0077,85.51
0.6667,1,0.5,1.0,temporal_frequency,gpt_oss_120b,8.36380888451688,4289,gpt-engineer/9,gpt-engineer,9,3,10,0,46894,3432,0.006131,34.63
0.3333,0,1.0,0.2,temporal_frequency,gpt_oss_120b,10.196231790580173,26802,keras/12,keras,12,1,9,0,26329,2375,0.002917,19.49
0.0,0,0.0,0.0,temporal_frequency,gpt_oss_120b,10.196231790580173,26802,keras/12,keras,12,2,10,0,35269,3326,0.004548,30.39
0.0,0,0.0,0.0,temporal_frequency,gpt_oss_120b,10.196231790580173,26802,keras/12,keras,12,3,11,0,31453,2986,0.00323,39.5
0.0,0,0.0,0.0,temporal_frequency,gpt_oss_120b,10.349134450277123,31230,keras/5,keras,5,1,12,0,55554,5960,0.007061,50.41
0.0,0,0.0,0.0,temporal_frequency,gpt_oss_120b,10.349134450277123,31230,keras/5,keras,5,2,10,0,43078,4783,0.005751,31.55
0.0,0,0.0,0.0,temporal_frequency,gpt_oss_120b,10.349134450277123,31230,keras/5,keras,5,3,11,0,62376,3530,0.006069,40.07
1.0,1,1.0,1.0,temporal_frequency,gpt_oss_120b,10.444153492313001,34343,keras/9,keras,9,1,11,0,42922,2824,0.004625,28.63
1.0,1,1.0,1.0,temporal_frequency,gpt_oss_120b,10.444153492313001,34343,keras/9,keras,9,2,13,0,58501,4817,0.006403,52.58
1.0,1,1.0,1.0,temporal_frequency,gpt_oss_120b,10.444153492313001,34343,keras/9,keras,9,3,6,0,16814,1293,0.002243,17.51
0.0,0,0.0,0.0,temporal_frequency,gpt_oss_120b,9.61953186182516,15056,localstack/19,localstack,19,1,11,0,17001,1596,0.001819,11.76
0.0,0,0.0,0.0,temporal_frequency,gpt_oss_120b,9.61953186182516,15056,localstack/19,localstack,19,2,17,0,41269,3180,0.003975,22.35
0.0,0,0.0,0.0,temporal_frequency,gpt_oss_120b,9.61953186182516,15056,localstack/19,localstack,19,3,11,0,21225,2139,0.0024,18.87
1.0,1,1.0,1.0,temporal_frequency,gpt_oss_120b,10.563155506021905,38683,localstack/2,localstack,2,1,12,0,89341,2249,0.005855,19.11
1.0,1,1.0,1.0,temporal_frequency,gpt_oss_120b,10.563155506021905,38683,localstack/2,localstack,2,2,10,0,88306,1825,0.006103,20.2
1.0,1,1.0,1.0,temporal_frequency,gpt_oss_120b,10.563155506021905,38683,localstack/2,localstack,2,3,20,0,172665,4708,0.009864,46.74
1.0,1,1.0,1.0,temporal_frequency,gpt_oss_120b,9.860214640302662,19153,localstack/9,localstack,9,1,9,0,41340,4528,0.005274,31.72
1.0,1,1.0,1.0,temporal_frequency,gpt_oss_120b,9.860214640302662,19153,localstack/9,localstack,9,2,8,0,27801,4985,0.004558,37.84
1.0,1,1.0,1.0,temporal_frequency,gpt_oss_120b,9.860214640302662,19153,localstack/9,localstack,9,3,11,0,48546,4857,0.005569,43.47
0.5,0,0.5,0.5,temporal_frequency,gpt_oss_120b,11.189312196300184,72353,pandas/26,pandas,26,1,11,0,60387,3575,0.004562,33.47
1.0,1,1.0,1.0,temporal_frequency,gpt_oss_120b,11.189312196300184,72353,pandas/26,pandas,26,2,25,0,170264,5403,0.009659,58.1
1.0,1,1.0,1.0,temporal_frequency,gpt_oss_120b,11.189312196300184,72353,pandas/26,pandas,26,3,30,0,209373,5082,0.010305,84.28
0.0,0,0.0,0.0,temporal_frequency,gpt_oss_120b,11.270446177349276,78468,pandas/35,pandas,35,1,20,0,205207,5227,0.014281,55.16
0.0,0,0.0,0.0,temporal_frequency,gpt_oss_120b,11.270446177349276,78468,pandas/35,pandas,35,2,12,0,138654,4555,0.010622,51.7
0.0,0,0.0,0.0,temporal_frequency,gpt_oss_120b,11.270446177349276,78468,pandas/35,pandas,35,3,16,0,223241,7194,0.015208,82.77
0.6667,0,1.0,0.5,temporal_frequency,gpt_oss_120b,12.08721590866289,177587,pandas/38,pandas,38,1,7,0,75281,1711,0.007722,15.62
0.6667,0,1.0,0.5,temporal_frequency,gpt_oss_120b,12.08721590866289,177587,pandas/38,pandas,38,2,13,0,121967,5156,0.008865,49.5
0.6667,0,1.0,0.5,temporal_frequency,gpt_oss_120b,12.08721590866289,177587,pandas/38,pandas,38,3,5,0,24735,1620,0.003368,14.78
0.0,0,0.0,0.0,temporal_frequency,gpt_oss_120b,10.883015959814806,53264,pandas/44,pandas,44,1,6,0,35685,2353,0.004649,25.63
0.0,0,0.0,0.0,temporal_frequency,gpt_oss_120b,10.883015959814806,53264,pandas/44,pandas,44,2,5,0,18308,1436,0.002525,14.49
0.0,0,0.0,0.0,temporal_frequency,gpt_oss_120b,10.883015959814806,53264,pandas/44,pandas,44,3,6,0,30595,1965,0.004084,22.15
0.8,0,1.0,0.6667,temporal_frequency,gpt_oss_120b,9.346705246496699,11461,requests/12,requests,12,1,15,0,47451,2359,0.003831,19.64
0.8,0,1.0,0.6667,temporal_frequency,gpt_oss_120b,9.346705246496699,11461,requests/12,requests,12,2,12,0,43976,4026,0.005723,39.18
0.8,0,1.0,0.6667,temporal_frequency,gpt_oss_120b,9.346705246496699,11461,requests/12,requests,12,3,19,0,83213,5542,0.008062,70.51
1.0,1,1.0,1.0,temporal_frequency,gpt_oss_120b,9.348274558065496,11479,requests/13,requests,13,1,3,0,24984,701,0.003745,7.77
1.0,1,1.0,1.0,temporal_frequency,gpt_oss_120b,9.348274558065496,11479,requests/13,requests,13,2,8,0,34461,2905,0.003929,29.06
1.0,1,1.0,1.0,temporal_frequency,gpt_oss_120b,9.348274558065496,11479,requests/13,requests,13,3,6,0,29254,2212,0.003994,17.82
1.0,1,1.0,1.0,temporal_frequency,gpt_oss_120b,7.958576903813898,2860,requests/7,requests,7,1,5,0,11079,1773,0.001848,15.0
1.0,1,1.0,1.0,temporal_frequency,gpt_oss_120b,7.958576903813898,2860,requests/7,requests,7,2,5,0,10360,2135,0.002042,15.4
1.0,1,1.0,1.0,temporal_frequency,gpt_oss_120b,7.958576903813898,2860,requests/7,requests,7,3,5,0,17792,2951,0.003495,34.01
1.0,1,1.0,1.0,temporal_frequency,gpt_oss_120b,10.031000872835088,22720,rich/1,rich,1,1,5,0,17005,936,0.001879,7.06
1.0,1,1.0,1.0,temporal_frequency,gpt_oss_120b,10.031000872835088,22720,rich/1,rich,1,2,6,0,18087,1015,0.002269,13.19
1.0,1,1.0,1.0,temporal_frequency,gpt_oss_120b,10.031000872835088,22720,rich/1,rich,1,3,3,0,8967,367,0.000858,9.58
0.0,0,0.0,0.0,temporal_frequency,gpt_oss_120b,10.051648903516648,23194,rich/12,rich,12,1,6,0,23150,1391,0.002494,28.85
0.0,0,0.0,0.0,temporal_frequency,gpt_oss_120b,10.051648903516648,23194,rich/12,rich,12,2,6,0,27571,1450,0.003213,12.78
0.0,0,0.0,0.0,temporal_frequency,gpt_oss_120b,10.051648903516648,23194,rich/12,rich,12,3,9,0,37602,2179,0.003537,33.68
1.0,1,1.0,1.0,temporal_frequency,gpt_oss_120b,10.039939675671627,22924,rich/8,rich,8,1,6,0,33757,1205,0.003917,14.91
1.0,1,1.0,1.0,temporal_frequency,gpt_oss_120b,10.039939675671627,22924,rich/8,rich,8,2,6,0,22554,854,0.002437,10.45
1.0,1,1.0,1.0,temporal_frequency,gpt_oss_120b,10.039939675671627,22924,rich/8,rich,8,3,7,0,32834,1625,0.003402,25.85
0.6667,0,1.0,0.5,temporal_frequency,gpt_oss_120b,11.620954417182327,111408,scikit-learn/45,scikit-learn,45,1,6,0,30216,979,0.003393,9.35
0.6667,0,1.0,0.5,temporal_frequency,gpt_oss_120b,11.620954417182327,111408,scikit-learn/45,scikit-learn,45,2,15,0,85194,3045,0.006996,27.05
0.6667,0,1.0,0.5,temporal_frequency,gpt_oss_120b,11.620954417182327,111408,scikit-learn/45,scikit-learn,45,3,5,0,9962,791,0.000983,5.74
1.0,1,1.0,1.0,temporal_frequency,gpt_oss_120b,11.55076060327325,103856,scikit-learn/49,scikit-learn,49,1,9,0,76449,3383,0.008286,30.58
1.0,1,1.0,1.0,temporal_frequency,gpt_oss_120b,11.55076060327325,103856,scikit-learn/49,scikit-learn,49,2,16,0,178084,4381,0.012173,60.03
1.0,1,1.0,1.0,temporal_frequency,gpt_oss_120b,11.55076060327325,103856,scikit-learn/49,scikit-learn,49,3,17,0,105932,3351,0.007892,34.3
1.0,1,1.0,1.0,temporal_frequency,gpt_oss_120b,11.525654110946952,101281,scikit-learn/5,scikit-learn,5,1,6,0,14322,2302,0.002528,22.2
1.0,1,1.0,1.0,temporal_frequency,gpt_oss_120b,11.525654110946952,101281,scikit-learn/5,scikit-learn,5,2,10,0,70766,8874,0.007834,75.59
1.0,1,1.0,1.0,temporal_frequency,gpt_oss_120b,11.525654110946952,101281,scikit-learn/5,scikit-learn,5,3,9,0,66596,4449,0.007101,41.77
1.0,1,1.0,1.0,temporal_frequency,gpt_oss_120b,9.796458979777604,17970,scrapy/20,scrapy,20,1,11,0,79536,2724,0.007264,29.23
1.0,1,1.0,1.0,temporal_frequency,gpt_oss_120b,9.796458979777604,17970,scrapy/20,scrapy,20,2,15,0,117129,4041,0.008637,42.61
1.0,1,1.0,1.0,temporal_frequency,gpt_oss_120b,9.796458979777604,17970,scrapy/20,scrapy,20,3,4,0,12953,393,0.001766,5.8
1.0,1,1.0,1.0,temporal_frequency,gpt_oss_120b,9.655026193237628,15600,scrapy/26,scrapy,26,1,17,0,137908,5211,0.011184,54.49
1.0,1,1.0,1.0,temporal_frequency,gpt_oss_120b,9.655026193237628,15600,scrapy/26,scrapy,26,2,13,0,73652,3588,0.005289,35.02
1.0,1,1.0,1.0,temporal_frequency,gpt_oss_120b,9.655026193237628,15600,scrapy/26,scrapy,26,3,9,0,45022,1321,0.004096,17.79
0.0,0,0.0,0.0,temporal_frequency,gpt_oss_120b,9.73477299914839,16895,scrapy/48,scrapy,48,1,10,0,35106,1650,0.003126,16.21
0.0,0,0.0,0.0,temporal_frequency,gpt_oss_120b,9.73477299914839,16895,scrapy/48,scrapy,48,2,9,0,41178,2355,0.00393,24.4
0.0,0,0.0,0.0,temporal_frequency,gpt_oss_120b,9.73477299914839,16895,scrapy/48,scrapy,48,3,18,0,114191,4305,0.007797,59.22
1.0,1,1.0,1.0,temporal_frequency,gpt_oss_120b,9.961803629358965,21201,stable-diffusion-webui/0,stable-diffusion-webui,0,1,6,0,97278,1240,0.008061,12.87
1.0,1,1.0,1.0,temporal_frequency,gpt_oss_120b,9.961803629358965,21201,stable-diffusion-webui/0,stable-diffusion-webui,0,2,6,0,88230,932,0.005302,11.49
1.0,1,1.0,1.0,temporal_frequency,gpt_oss_120b,9.961803629358965,21201,stable-diffusion-webui/0,stable-diffusion-webui,0,3,5,0,79695,1016,0.007429,16.45
1.0,1,1.0,1.0,temporal_frequency,gpt_oss_120b,9.908425341565751,20099,stable-diffusion-webui/13,stable-diffusion-webui,13,1,26,0,354089,4507,0.016489,54.01
1.0,1,1.0,1.0,temporal_frequency,gpt_oss_120b,9.908425341565751,20099,stable-diffusion-webui/13,stable-diffusion-webui,13,2,27,0,354161,4883,0.016383,63.09
1.0,1,1.0,1.0,temporal_frequency,gpt_oss_120b,9.908425341565751,20099,stable-diffusion-webui/13,stable-diffusion-webui,13,3,25,0,325606,3877,0.014617,45.47
0.6667,0,1.0,0.5,temporal_frequency,gpt_oss_120b,10.028797743501574,22670,stable-diffusion-webui/5,stable-diffusion-webui,5,1,13,0,73614,4586,0.007575,81.3
0.6667,0,1.0,0.5,temporal_frequency,gpt_oss_120b,10.028797743501574,22670,stable-diffusion-webui/5,stable-diffusion-webui,5,2,18,0,118167,4284,0.006444,80.57
0.6667,0,1.0,0.5,temporal_frequency,gpt_oss_120b,10.028797743501574,22670,stable-diffusion-webui/5,stable-diffusion-webui,5,3,20,0,126337,4079,0.007705,47.37
0.0,0,0.0,0.0,temporal_frequency,gpt_oss_120b,8.483636407887394,4835,thefuck/10,thefuck,10,1,9,0,27210,2066,0.002914,45.62
0.0,0,0.0,0.0,temporal_frequency,gpt_oss_120b,8.483636407887394,4835,thefuck/10,thefuck,10,2,10,0,26023,2334,0.003355,24.25
0.0,0,0.0,0.0,temporal_frequency,gpt_oss_120b,8.483636407887394,4835,thefuck/10,thefuck,10,3,4,0,7396,1067,0.001238,12.43
0.0,0,0.0,0.0,temporal_frequency,gpt_oss_120b,8.270781013162674,3908,thefuck/20,thefuck,20,1,19,0,77090,6173,0.006711,76.82
0.0,0,0.0,0.0,temporal_frequency,gpt_oss_120b,8.270781013162674,3908,thefuck/20,thefuck,20,2,12,0,33944,5828,0.00552,51.91
0.0,0,0.0,0.0,temporal_frequency,gpt_oss_120b,8.270781013162674,3908,thefuck/20,thefuck,20,3,25,0,89147,7771,0.007596,76.58
0.0,0,0.0,0.0,temporal_frequency,gpt_oss_120b,7.822845290279774,2497,thefuck/5,thefuck,5,1,9,0,36103,2735,0.003838,20.17
1.0,1,1.0,1.0,temporal_frequency,gpt_oss_120b,7.822845290279774,2497,thefuck/5,thefuck,5,2,9,0,28522,3553,0.00359,28.97
1.0,1,1.0,1.0,temporal_frequency,gpt_oss_120b,7.822845290279774,2497,thefuck/5,thefuck,5,3,14,0,71242,5705,0.006984,48.99
1.0,1,1.0,1.0,temporal_frequency,gpt_oss_120b,12.430331574579306,250279,transformers/25,transformers,25,1,6,0,15483,1458,0.00199,14.24
1.0,1,1.0,1.0,temporal_frequency,gpt_oss_120b,12.430331574579306,250279,transformers/25,transformers,25,2,4,0,8711,705,0.001176,5.55
1.0,1,1.0,1.0,temporal_frequency,gpt_oss_120b,12.430331574579306,250279,transformers/25,transformers,25,3,9,0,33140,2591,0.004097,29.45
0.1538,0,1.0,0.0833,temporal_frequency,gpt_oss_120b,12.407424472605875,244611,transformers/27,transformers,27,1,5,0,32059,995,0.0041,8.99
0.1538,0,1.0,0.0833,temporal_frequency,gpt_oss_120b,12.407424472605875,244611,transformers/27,transformers,27,2,6,0,49149,1262,0.004942,14.15
0.1538,0,1.0,0.0833,temporal_frequency,gpt_oss_120b,12.407424472605875,244611,transformers/27,transformers,27,3,3,0,8287,341,0.000786,2.6
0.8889,0,1.0,0.8,temporal_frequency,gpt_oss_120b,11.587420505060633,107734,transformers/5,transformers,5,1,15,0,212324,3632,0.015028,44.5
0.8889,0,1.0,0.8,temporal_frequency,gpt_oss_120b,11.587420505060633,107734,transformers/5,transformers,5,2,20,0,241399,3946,0.013881,56.55
0.5714,0,1.0,0.4,temporal_frequency,gpt_oss_120b,11.587420505060633,107734,transformers/5,transformers,5,3,15,0,189762,3208,0.009751,68.51
1.0,1,1.0,1.0,temporal_frequency,gpt_oss_120b,12.095096391086711,178992,yt-dlp/23,yt-dlp,23,1,4,0,12705,1866,0.0017,12.87
1.0,1,1.0,1.0,temporal_frequency,gpt_oss_120b,12.095096391086711,178992,yt-dlp/23,yt-dlp,23,2,11,0,41861,4856,0.00531,47.3
1.0,1,1.0,1.0,temporal_frequency,gpt_oss_120b,12.095096391086711,178992,yt-dlp/23,yt-dlp,23,3,3,0,11214,1994,0.002288,15.78
0.0,0,0.0,0.0,temporal_frequency,gpt_oss_120b,12.1489730534896,188900,yt-dlp/41,yt-dlp,41,1,2,0,14538,616,0.001716,6.04
0.0,0,0.0,0.0,temporal_frequency,gpt_oss_120b,12.1489730534896,188900,yt-dlp/41,yt-dlp,41,2,10,0,79092,2730,0.008078,21.94
0.0,0,0.0,0.0,temporal_frequency,gpt_oss_120b,12.1489730534896,188900,yt-dlp/41,yt-dlp,41,3,11,0,69270,3213,0.005658,32.59
0.6667,0,1.0,0.5,temporal_frequency,gpt_oss_120b,12.198660241414718,198523,yt-dlp/45,yt-dlp,45,1,19,0,144236,6205,0.010363,65.33
0.0,0,0.0,0.0,temporal_frequency,gpt_oss_120b,12.198660241414718,198523,yt-dlp/45,yt-dlp,45,2,8,0,93987,3090,0.007953,37.72
0.6667,0,1.0,0.5,temporal_frequency,gpt_oss_120b,12.198660241414718,198523,yt-dlp/45,yt-dlp,45,3,12,0,90384,3732,0.00703,42.53
1.0,1,1.0,1.0,temporal_frequency,deepseek_flash,12.068688124847148,174327,core/16,core,16,1,10,0,205287,7110,0.005864,60.8
1.0,1,1.0,1.0,temporal_frequency,deepseek_flash,12.068688124847148,174327,core/16,core,16,2,18,0,323805,12571,0.007267,111.16
1.0,1,1.0,1.0,temporal_frequency,deepseek_flash,12.068688124847148,174327,core/16,core,16,3,14,0,152181,7050,0.004172,74.76
1.0,1,1.0,1.0,temporal_frequency,deepseek_flash,11.506545154005941,99364,core/20,core,20,1,14,0,147377,4829,0.003264,46.31
1.0,1,1.0,1.0,temporal_frequency,deepseek_flash,11.506545154005941,99364,core/20,core,20,2,19,0,268146,6370,0.004745,72.17
1.0,1,1.0,1.0,temporal_frequency,deepseek_flash,11.506545154005941,99364,core/20,core,20,3,11,0,83264,3872,0.002345,37.96
0.0,0,0.0,0.0,temporal_frequency,deepseek_flash,8.579980179515003,5324,fastapi/17,fastapi,17,1,30,1,998571,30039,0.019625,245.96
0.0,0,0.0,0.0,temporal_frequency,deepseek_flash,8.579980179515003,5324,fastapi/17,fastapi,17,2,30,1,423812,13229,0.008456,131.72
0.0,0,0.0,0.0,temporal_frequency,deepseek_flash,8.579980179515003,5324,fastapi/17,fastapi,17,3,30,1,899906,20970,0.016145,192.72
0.5,1,0.3333,1.0,temporal_frequency,deepseek_flash,8.518991573357617,5009,fastapi/20,fastapi,20,1,30,1,393202,7677,0.007727,93.46
0.0,0,0.0,0.0,temporal_frequency,deepseek_flash,8.518991573357617,5009,fastapi/20,fastapi,20,2,30,1,666231,9116,0.011459,114.39
0.0,0,0.0,0.0,temporal_frequency,deepseek_flash,8.518991573357617,5009,fastapi/20,fastapi,20,3,30,1,568832,7692,0.010437,105.32
0.5,0,1.0,0.3333,temporal_frequency,deepseek_flash,8.482187582217422,4828,fastapi/9,fastapi,9,1,12,0,148910,3291,0.003136,35.65
0.5,0,1.0,0.3333,temporal_frequency,deepseek_flash,8.482187582217422,4828,fastapi/9,fastapi,9,2,16,0,202880,2980,0.003598,36.69
0.5,0,1.0,0.3333,temporal_frequency,deepseek_flash,8.482187582217422,4828,fastapi/9,fastapi,9,3,14,0,184670,6869,0.004227,65.79
0.6667,0,1.0,0.5,temporal_frequency,deepseek_flash,8.808369153122275,6690,flask/18,flask,18,1,16,0,62185,2700,0.001489,31.93
1.0,1,1.0,1.0,temporal_frequency,deepseek_flash,8.808369153122275,6690,flask/18,flask,18,2,16,0,67634,3123,0.00158,38.77
1.0,1,1.0,1.0,temporal_frequency,deepseek_flash,8.808369153122275,6690,flask/18,flask,18,3,23,0,157298,4555,0.003136,53.85
1.0,1,1.0,1.0,temporal_frequency,deepseek_flash,8.899457906353966,7328,flask/3,flask,3,1,30,1,221510,7058,0.005117,82.95
1.0,1,1.0,1.0,temporal_frequency,deepseek_flash,8.899457906353966,7328,flask/3,flask,3,2,28,0,209830,8570,0.005609,98.65
1.0,1,1.0,1.0,temporal_frequency,deepseek_flash,8.899457906353966,7328,flask/3,flask,3,3,30,1,239194,7992,0.005818,93.44
1.0,1,1.0,1.0,temporal_frequency,deepseek_flash,8.827468112520654,6819,flask/6,flask,6,1,12,0,67640,4778,0.002185,42.44
1.0,1,1.0,1.0,temporal_frequency,deepseek_flash,8.827468112520654,6819,flask/6,flask,6,2,13,0,70048,5289,0.002349,51.45
1.0,1,1.0,1.0,temporal_frequency,deepseek_flash,8.827468112520654,6819,flask/6,flask,6,3,8,0,112519,8823,0.004209,78.96
0.5,1,0.3333,1.0,temporal_frequency,deepseek_flash,8.341410211461865,4194,gpt-engineer/11,gpt-engineer,11,1,10,0,105081,5786,0.00395,54.88
0.5,1,0.3333,1.0,temporal_frequency,deepseek_flash,8.341410211461865,4194,gpt-engineer/11,gpt-engineer,11,2,13,0,116098,4106,0.003126,40.45
0.5,1,0.3333,1.0,temporal_frequency,deepseek_flash,8.341410211461865,4194,gpt-engineer/11,gpt-engineer,11,3,14,0,173005,5133,0.004584,52.55
0.4,0,1.0,0.25,temporal_frequency,deepseek_flash,8.029432840581244,3070,gpt-engineer/12,gpt-engineer,12,1,15,0,102555,6445,0.003061,72.37
0.6667,0,1.0,0.5,temporal_frequency,deepseek_flash,8.029432840581244,3070,gpt-engineer/12,gpt-engineer,12,2,20,0,297890,12347,0.006561,114.83
0.6667,0,1.0,0.5,temporal_frequency,deepseek_flash,8.029432840581244,3070,gpt-engineer/12,gpt-engineer,12,3,22,0,166483,7938,0.00407,76.45
0.0,0,0.0,0.0,temporal_frequency,deepseek_flash,8.36380888451688,4289,gpt-engineer/9,gpt-engineer,9,1,15,0,271118,14086,0.006777,122.21
0.0,0,0.0,0.0,temporal_frequency,deepseek_flash,8.36380888451688,4289,gpt-engineer/9,gpt-engineer,9,2,27,0,617729,24210,0.014269,245.53
0.0,0,0.0,0.0,temporal_frequency,deepseek_flash,8.36380888451688,4289,gpt-engineer/9,gpt-engineer,9,3,30,1,564989,29223,0.013961,258.18
0.2857,0,0.5,0.2,temporal_frequency,deepseek_flash,10.196231790580173,26802,keras/12,keras,12,1,21,0,195889,6618,0.004094,67.73
0.2857,0,0.5,0.2,temporal_frequency,deepseek_flash,10.196231790580173,26802,keras/12,keras,12,2,21,0,192852,9450,0.004919,96.05
0.2857,0,0.5,0.2,temporal_frequency,deepseek_flash,10.196231790580173,26802,keras/12,keras,12,3,24,0,197767,6125,0.004043,69.89
0.0,0,0.0,0.0,temporal_frequency,deepseek_flash,10.349134450277123,31230,keras/5,keras,5,1,30,1,877037,10146,0.014514,107.21
0.0,0,0.0,0.0,temporal_frequency,deepseek_flash,10.349134450277123,31230,keras/5,keras,5,2,30,1,657283,15075,0.013438,150.88
0.0,0,0.0,0.0,temporal_frequency,deepseek_flash,10.349134450277123,31230,keras/5,keras,5,3,30,1,943356,21423,0.018316,189.56
1.0,1,1.0,1.0,temporal_frequency,deepseek_flash,10.444153492313001,34343,keras/9,keras,9,1,8,0,66316,6785,0.003281,61.0
1.0,1,1.0,1.0,temporal_frequency,deepseek_flash,10.444153492313001,34343,keras/9,keras,9,2,14,0,131524,11670,0.004752,104.7
1.0,1,1.0,1.0,temporal_frequency,deepseek_flash,10.444153492313001,34343,keras/9,keras,9,3,12,0,154295,11202,0.005139,111.21
0.25,0,1.0,0.1429,temporal_frequency,deepseek_flash,9.61953186182516,15056,localstack/19,localstack,19,1,19,0,93633,2891,0.001941,39.32
0.25,0,1.0,0.1429,temporal_frequency,deepseek_flash,9.61953186182516,15056,localstack/19,localstack,19,2,21,0,182373,3533,0.004271,48.76
0.4444,0,1.0,0.2857,temporal_frequency,deepseek_flash,9.61953186182516,15056,localstack/19,localstack,19,3,20,0,214400,4195,0.005287,49.44
0.0,0,0.0,0.0,temporal_frequency,deepseek_flash,10.563155506021905,38683,localstack/2,localstack,2,1,30,1,460796,7742,0.007813,97.44
1.0,1,1.0,1.0,temporal_frequency,deepseek_flash,10.563155506021905,38683,localstack/2,localstack,2,2,30,1,675216,11847,0.013675,139.63
0.0,0,0.0,0.0,temporal_frequency,deepseek_flash,10.563155506021905,38683,localstack/2,localstack,2,3,30,1,599176,7741,0.009782,92.6
0.0,0,0.0,0.0,temporal_frequency,deepseek_flash,9.860214640302662,19153,localstack/9,localstack,9,1,30,1,574824,12489,0.012637,133.6
1.0,1,1.0,1.0,temporal_frequency,deepseek_flash,9.860214640302662,19153,localstack/9,localstack,9,2,29,0,397229,24691,0.012229,217.41
0.0,0,0.0,0.0,temporal_frequency,deepseek_flash,9.860214640302662,19153,localstack/9,localstack,9,3,30,1,482756,28917,0.014674,250.3
1.0,1,1.0,1.0,temporal_frequency,deepseek_flash,11.189312196300184,72353,pandas/26,pandas,26,1,24,0,255060,3214,0.00419,47.45
1.0,1,1.0,1.0,temporal_frequency,deepseek_flash,11.189312196300184,72353,pandas/26,pandas,26,2,28,0,314506,3773,0.007664,51.16
0.0,0,0.0,0.0,temporal_frequency,deepseek_flash,11.189312196300184,72353,pandas/26,pandas,26,3,30,1,448348,3564,0.007534,58.73
0.0,0,0.0,0.0,temporal_frequency,deepseek_flash,11.270446177349276,78468,pandas/35,pandas,35,1,30,1,287605,8375,0.0071,74.65
0.0,0,0.0,0.0,temporal_frequency,deepseek_flash,11.270446177349276,78468,pandas/35,pandas,35,2,30,1,427562,6174,0.007585,78.85
0.0,0,0.0,0.0,temporal_frequency,deepseek_flash,11.270446177349276,78468,pandas/35,pandas,35,3,30,1,505260,8804,0.00998,98.04
0.5,0,0.5,0.5,temporal_frequency,deepseek_flash,12.08721590866289,177587,pandas/38,pandas,38,1,30,1,469491,7150,0.008408,84.94
0.6667,0,1.0,0.5,temporal_frequency,deepseek_flash,12.08721590866289,177587,pandas/38,pandas,38,2,30,1,472692,6250,0.008077,81.53
0.5,0,0.5,0.5,temporal_frequency,deepseek_flash,12.08721590866289,177587,pandas/38,pandas,38,3,30,1,713824,16943,0.015133,154.82
0.5,0,0.5,0.5,temporal_frequency,deepseek_flash,10.883015959814806,53264,pandas/44,pandas,44,1,30,1,252622,10737,0.006095,125.27
0.0,0,0.0,0.0,temporal_frequency,deepseek_flash,10.883015959814806,53264,pandas/44,pandas,44,2,30,1,210198,6847,0.004476,80.56
0.0,0,0.0,0.0,temporal_frequency,deepseek_flash,10.883015959814806,53264,pandas/44,pandas,44,3,30,1,246771,13947,0.007176,153.29
0.8,0,1.0,0.6667,temporal_frequency,deepseek_flash,9.346705246496699,11461,requests/12,requests,12,1,12,0,98349,4234,0.002925,39.5
1.0,1,1.0,1.0,temporal_frequency,deepseek_flash,9.346705246496699,11461,requests/12,requests,12,2,8,0,62251,2471,0.002576,23.31
0.8,0,1.0,0.6667,temporal_frequency,deepseek_flash,9.346705246496699,11461,requests/12,requests,12,3,12,0,133652,3867,0.003304,41.26
1.0,1,1.0,1.0,temporal_frequency,deepseek_flash,9.348274558065496,11479,requests/13,requests,13,1,11,0,170776,12340,0.006167,116.94
1.0,1,1.0,1.0,temporal_frequency,deepseek_flash,9.348274558065496,11479,requests/13,requests,13,2,27,0,257237,11921,0.007196,130.55
0.6667,1,0.5,1.0,temporal_frequency,deepseek_flash,9.348274558065496,11479,requests/13,requests,13,3,14,0,190195,6303,0.004579,66.97
1.0,1,1.0,1.0,temporal_frequency,deepseek_flash,7.958576903813898,2860,requests/7,requests,7,1,9,0,46145,4767,0.001912,54.07
1.0,1,1.0,1.0,temporal_frequency,deepseek_flash,7.958576903813898,2860,requests/7,requests,7,2,9,0,44678,4813,0.001895,45.13
1.0,1,1.0,1.0,temporal_frequency,deepseek_flash,7.958576903813898,2860,requests/7,requests,7,3,9,0,56626,5909,0.002364,60.66
1.0,1,1.0,1.0,temporal_frequency,deepseek_flash,10.031000872835088,22720,rich/1,rich,1,1,4,0,13066,1836,0.000886,18.02
1.0,1,1.0,1.0,temporal_frequency,deepseek_flash,10.031000872835088,22720,rich/1,rich,1,2,4,0,12974,2294,0.000984,19.89
1.0,1,1.0,1.0,temporal_frequency,deepseek_flash,10.031000872835088,22720,rich/1,rich,1,3,5,0,15854,1510,0.000834,16.56
0.4,0,1.0,0.25,temporal_frequency,deepseek_flash,10.051648903516648,23194,rich/12,rich,12,1,28,0,827788,25183,0.018116,219.74
0.4,0,1.0,0.25,temporal_frequency,deepseek_flash,10.051648903516648,23194,rich/12,rich,12,2,30,1,715239,35003,0.017244,335.21
0.4,0,1.0,0.25,temporal_frequency,deepseek_flash,10.051648903516648,23194,rich/12,rich,12,3,22,0,631458,11612,0.009046,121.43
1.0,1,1.0,1.0,temporal_frequency,deepseek_flash,10.039939675671627,22924,rich/8,rich,8,1,6,0,37553,2327,0.001782,23.85
1.0,1,1.0,1.0,temporal_frequency,deepseek_flash,10.039939675671627,22924,rich/8,rich,8,2,6,0,43274,1764,0.001776,18.28
1.0,1,1.0,1.0,temporal_frequency,deepseek_flash,10.039939675671627,22924,rich/8,rich,8,3,12,0,100575,3283,0.002355,41.22
0.6667,0,1.0,0.5,temporal_frequency,deepseek_flash,11.620954417182327,111408,scikit-learn/45,scikit-learn,45,1,17,0,92854,2484,0.001718,32.91
0.6667,0,1.0,0.5,temporal_frequency,deepseek_flash,11.620954417182327,111408,scikit-learn/45,scikit-learn,45,2,23,0,141146,3376,0.002336,47.57
0.6667,0,1.0,0.5,temporal_frequency,deepseek_flash,11.620954417182327,111408,scikit-learn/45,scikit-learn,45,3,8,0,23708,1687,0.000859,19.44
1.0,1,1.0,1.0,temporal_frequency,deepseek_flash,11.55076060327325,103856,scikit-learn/49,scikit-learn,49,1,23,0,298022,4283,0.004533,53.26
1.0,1,1.0,1.0,temporal_frequency,deepseek_flash,11.55076060327325,103856,scikit-learn/49,scikit-learn,49,2,10,0,177939,2131,0.004101,24.05
1.0,1,1.0,1.0,temporal_frequency,deepseek_flash,11.55076060327325,103856,scikit-learn/49,scikit-learn,49,3,20,0,387350,4639,0.005758,54.86
1.0,1,1.0,1.0,temporal_frequency,deepseek_flash,11.525654110946952,101281,scikit-learn/5,scikit-learn,5,1,23,0,419259,40151,0.014286,373.97
1.0,1,1.0,1.0,temporal_frequency,deepseek_flash,11.525654110946952,101281,scikit-learn/5,scikit-learn,5,2,18,0,179379,16061,0.006236,152.29
1.0,1,1.0,1.0,temporal_frequency,deepseek_flash,11.525654110946952,101281,scikit-learn/5,scikit-learn,5,3,17,0,286590,25312,0.009628,215.99
1.0,1,1.0,1.0,temporal_frequency,deepseek_flash,9.796458979777604,17970,scrapy/20,scrapy,20,1,5,0,39262,1392,0.002023,14.98
1.0,1,1.0,1.0,temporal_frequency,deepseek_flash,9.796458979777604,17970,scrapy/20,scrapy,20,2,6,0,34608,1255,0.001386,15.02
1.0,1,1.0,1.0,temporal_frequency,deepseek_flash,9.796458979777604,17970,scrapy/20,scrapy,20,3,7,0,40574,1632,0.001466,24.32
0.6667,1,0.5,1.0,temporal_frequency,deepseek_flash,9.655026193237628,15600,scrapy/26,scrapy,26,1,19,0,202189,4031,0.003303,47.2
0.6667,1,0.5,1.0,temporal_frequency,deepseek_flash,9.655026193237628,15600,scrapy/26,scrapy,26,2,23,0,303535,3752,0.004366,50.92
0.6667,1,0.5,1.0,temporal_frequency,deepseek_flash,9.655026193237628,15600,scrapy/26,scrapy,26,3,14,0,118356,2758,0.002503,33.0
0.6667,0,1.0,0.5,temporal_frequency,deepseek_flash,9.73477299914839,16895,scrapy/48,scrapy,48,1,16,0,114460,3560,0.002568,39.62
0.6667,0,1.0,0.5,temporal_frequency,deepseek_flash,9.73477299914839,16895,scrapy/48,scrapy,48,2,23,0,181928,5451,0.003639,62.62
0.0,0,0.0,0.0,temporal_frequency,deepseek_flash,9.73477299914839,16895,scrapy/48,scrapy,48,3,30,1,207912,4641,0.004188,67.59
1.0,1,1.0,1.0,temporal_frequency,deepseek_flash,9.961803629358965,21201,stable-diffusion-webui/0,stable-diffusion-webui,0,1,5,0,90374,1533,0.003142,15.87
1.0,1,1.0,1.0,temporal_frequency,deepseek_flash,9.961803629358965,21201,stable-diffusion-webui/0,stable-diffusion-webui,0,2,6,0,102963,1635,0.003054,19.63
1.0,1,1.0,1.0,temporal_frequency,deepseek_flash,9.961803629358965,21201,stable-diffusion-webui/0,stable-diffusion-webui,0,3,5,0,84277,1710,0.002952,17.18
1.0,1,1.0,1.0,temporal_frequency,deepseek_flash,9.908425341565751,20099,stable-diffusion-webui/13,stable-diffusion-webui,13,1,25,0,642852,11637,0.00905,116.66
0.6667,1,0.5,1.0,temporal_frequency,deepseek_flash,9.908425341565751,20099,stable-diffusion-webui/13,stable-diffusion-webui,13,2,22,0,803181,15161,0.012041,139.42
1.0,1,1.0,1.0,temporal_frequency,deepseek_flash,9.908425341565751,20099,stable-diffusion-webui/13,stable-diffusion-webui,13,3,30,1,1123926,23291,0.019708,223.78
0.6667,0,1.0,0.5,temporal_frequency,deepseek_flash,10.028797743501574,22670,stable-diffusion-webui/5,stable-diffusion-webui,5,1,14,0,214205,20145,0.008672,165.0
1.0,1,1.0,1.0,temporal_frequency,deepseek_flash,10.028797743501574,22670,stable-diffusion-webui/5,stable-diffusion-webui,5,2,22,0,550899,31266,0.014721,269.24
0.6667,0,1.0,0.5,temporal_frequency,deepseek_flash,10.028797743501574,22670,stable-diffusion-webui/5,stable-diffusion-webui,5,3,28,0,804407,29522,0.020027,278.34
0.0,0,0.0,0.0,temporal_frequency,deepseek_flash,8.483636407887394,4835,thefuck/10,thefuck,10,1,30,0,480818,39015,0.016685,367.1
0.0,0,0.0,0.0,temporal_frequency,deepseek_flash,8.483636407887394,4835,thefuck/10,thefuck,10,2,17,0,242950,19394,0.008219,145.35
0.4,0,0.5,0.3333,temporal_frequency,deepseek_flash,8.483636407887394,4835,thefuck/10,thefuck,10,3,27,0,709781,39353,0.024951,325.37
0.0,0,0.0,0.0,temporal_frequency,deepseek_flash,8.270781013162674,3908,thefuck/20,thefuck,20,1,11,0,51743,3584,0.001978,34.41
0.0,0,0.0,0.0,temporal_frequency,deepseek_flash,8.270781013162674,3908,thefuck/20,thefuck,20,2,17,0,136988,5774,0.003128,54.42
0.0,0,0.0,0.0,temporal_frequency,deepseek_flash,8.270781013162674,3908,thefuck/20,thefuck,20,3,27,0,275700,14143,0.007979,126.28
1.0,1,1.0,1.0,temporal_frequency,deepseek_flash,7.822845290279774,2497,thefuck/5,thefuck,5,1,11,0,66248,3011,0.00225,34.3
1.0,1,1.0,1.0,temporal_frequency,deepseek_flash,7.822845290279774,2497,thefuck/5,thefuck,5,2,8,0,36934,2461,0.00154,24.97
1.0,1,1.0,1.0,temporal_frequency,deepseek_flash,7.822845290279774,2497,thefuck/5,thefuck,5,3,10,0,78430,3281,0.002468,31.59
1.0,1,1.0,1.0,temporal_frequency,deepseek_flash,12.430331574579306,250279,transformers/25,transformers,25,1,14,0,85991,5186,0.002568,54.99
1.0,1,1.0,1.0,temporal_frequency,deepseek_flash,12.430331574579306,250279,transformers/25,transformers,25,2,11,0,52100,3260,0.001639,36.21
1.0,1,1.0,1.0,temporal_frequency,deepseek_flash,12.430331574579306,250279,transformers/25,transformers,25,3,8,0,37838,3314,0.001589,31.93
0.1538,0,1.0,0.0833,temporal_frequency,deepseek_flash,12.407424472605875,244611,transformers/27,transformers,27,1,7,0,49553,2170,0.001873,20.97
0.1538,0,1.0,0.0833,temporal_frequency,deepseek_flash,12.407424472605875,244611,transformers/27,transformers,27,2,11,0,99844,2379,0.002439,25.38
0.1538,0,1.0,0.0833,temporal_frequency,deepseek_flash,12.407424472605875,244611,transformers/27,transformers,27,3,6,0,33080,1179,0.001291,13.3
0.8889,0,1.0,0.8,temporal_frequency,deepseek_flash,11.587420505060633,107734,transformers/5,transformers,5,1,23,0,792845,6289,0.010041,69.47
0.5714,0,1.0,0.4,temporal_frequency,deepseek_flash,11.587420505060633,107734,transformers/5,transformers,5,2,13,0,499223,4054,0.009807,43.17
0.8889,0,1.0,0.8,temporal_frequency,deepseek_flash,11.587420505060633,107734,transformers/5,transformers,5,3,30,0,517507,6802,0.010308,79.02
1.0,1,1.0,1.0,temporal_frequency,deepseek_flash,12.095096391086711,178992,yt-dlp/23,yt-dlp,23,1,18,0,170462,9316,0.004468,84.54
1.0,1,1.0,1.0,temporal_frequency,deepseek_flash,12.095096391086711,178992,yt-dlp/23,yt-dlp,23,2,17,0,203540,12669,0.005121,120.04
1.0,1,1.0,1.0,temporal_frequency,deepseek_flash,12.095096391086711,178992,yt-dlp/23,yt-dlp,23,3,30,1,586952,15218,0.012131,162.32
0.4,1,0.25,1.0,temporal_frequency,deepseek_flash,12.1489730534896,188900,yt-dlp/41,yt-dlp,41,1,21,0,349514,9590,0.006062,93.91
0.0,0,0.0,0.0,temporal_frequency,deepseek_flash,12.1489730534896,188900,yt-dlp/41,yt-dlp,41,2,28,0,535895,13052,0.011366,138.73
0.4,1,0.25,1.0,temporal_frequency,deepseek_flash,12.1489730534896,188900,yt-dlp/41,yt-dlp,41,3,30,1,513009,13614,0.01055,148.83
0.6667,0,1.0,0.5,temporal_frequency,deepseek_flash,12.198660241414718,198523,yt-dlp/45,yt-dlp,45,1,30,1,423027,9084,0.008204,100.92
0.0,0,0.0,0.0,temporal_frequency,deepseek_flash,12.198660241414718,198523,yt-dlp/45,yt-dlp,45,2,30,1,426967,10193,0.008224,113.11
0.0,0,0.0,0.0,temporal_frequency,deepseek_flash,12.198660241414718,198523,yt-dlp/45,yt-dlp,45,3,30,1,389046,8099,0.008018,102.1
1.0,1,1.0,1.0,temporal_frequency,nemotron_super,12.068688124847148,174327,core/16,core,16,1,11,0,65575,16443,0.012151,181.95
1.0,1,1.0,1.0,temporal_frequency,nemotron_super,12.068688124847148,174327,core/16,core,16,2,7,0,37825,12128,0.008066,163.21
0.0,0,0.0,0.0,temporal_frequency,nemotron_super,12.068688124847148,174327,core/16,core,16,3,9,0,69815,20850,0.014274,251.12
1.0,1,1.0,1.0,temporal_frequency,nemotron_super,11.506545154005941,99364,core/20,core,20,1,5,0,26823,13206,0.007562,176.11
0.0,0,0.0,0.0,temporal_frequency,nemotron_super,11.506545154005941,99364,core/20,core,20,2,1,0,6572,1755,0.001261,24.64
1.0,1,1.0,1.0,temporal_frequency,nemotron_super,11.506545154005941,99364,core/20,core,20,3,5,0,20399,9551,0.005554,77.75
0.0,0,0.0,0.0,temporal_frequency,nemotron_super,8.579980179515003,5324,fastapi/17,fastapi,17,1,10,0,81878,33923,0.020529,462.89
0.0,0,0.0,0.0,temporal_frequency,nemotron_super,8.579980179515003,5324,fastapi/17,fastapi,17,2,11,0,83787,26551,0.017742,393.61
0.0,0,0.0,0.0,temporal_frequency,nemotron_super,8.579980179515003,5324,fastapi/17,fastapi,17,3,8,0,37451,11581,0.007816,241.4
0.0,0,0.0,0.0,temporal_frequency,nemotron_super,8.518991573357617,5009,fastapi/20,fastapi,20,1,11,0,27667,21666,0.011018,277.13
0.0,0,0.0,0.0,temporal_frequency,nemotron_super,8.518991573357617,5009,fastapi/20,fastapi,20,2,6,0,18729,16555,0.008214,159.67
0.0,0,0.0,0.0,temporal_frequency,nemotron_super,8.518991573357617,5009,fastapi/20,fastapi,20,3,10,0,44254,14086,0.009396,155.75
0.5,0,1.0,0.3333,temporal_frequency,nemotron_super,8.482187582217422,4828,fastapi/9,fastapi,9,1,8,0,27858,16168,0.008835,176.58
0.5,0,1.0,0.3333,temporal_frequency,nemotron_super,8.482187582217422,4828,fastapi/9,fastapi,9,2,4,0,18088,7553,0.004559,77.3
0.5,0,1.0,0.3333,temporal_frequency,nemotron_super,8.482187582217422,4828,fastapi/9,fastapi,9,3,14,0,52446,17927,0.011629,201.03
0.0,0,0.0,0.0,temporal_frequency,nemotron_super,8.808369153122275,6690,flask/18,flask,18,1,8,0,23409,15240,0.008086,185.36
0.6667,0,1.0,0.5,temporal_frequency,nemotron_super,8.808369153122275,6690,flask/18,flask,18,2,7,0,54604,13707,0.010124,126.05
1.0,1,1.0,1.0,temporal_frequency,nemotron_super,8.808369153122275,6690,flask/18,flask,18,3,9,0,69001,20226,0.013955,177.73
1.0,1,1.0,1.0,temporal_frequency,nemotron_super,8.899457906353966,7328,flask/3,flask,3,1,10,0,75807,18469,0.013831,270.99
1.0,1,1.0,1.0,temporal_frequency,nemotron_super,8.899457906353966,7328,flask/3,flask,3,2,14,0,38836,20010,0.011305,221.8
1.0,1,1.0,1.0,temporal_frequency,nemotron_super,8.899457906353966,7328,flask/3,flask,3,3,7,0,40702,11878,0.008211,94.66
1.0,1,1.0,1.0,temporal_frequency,nemotron_super,8.827468112520654,6819,flask/6,flask,6,1,5,0,32489,22855,0.011904,258.8
1.0,1,1.0,1.0,temporal_frequency,nemotron_super,8.827468112520654,6819,flask/6,flask,6,2,12,0,144391,26348,0.022812,358.17
1.0,1,1.0,1.0,temporal_frequency,nemotron_super,8.827468112520654,6819,flask/6,flask,6,3,6,0,27098,6125,0.004753,64.36
0.0,0,0.0,0.0,temporal_frequency,nemotron_super,8.341410211461865,4194,gpt-engineer/11,gpt-engineer,11,1,10,0,62496,18385,0.012666,194.57
0.0,0,0.0,0.0,temporal_frequency,nemotron_super,8.341410211461865,4194,gpt-engineer/11,gpt-engineer,11,2,5,0,11222,15374,0.007103,191.91
0.0,0,0.0,0.0,temporal_frequency,nemotron_super,8.341410211461865,4194,gpt-engineer/11,gpt-engineer,11,3,11,0,50478,14669,0.010158,183.42
0.4,0,1.0,0.25,temporal_frequency,nemotron_super,8.029432840581244,3070,gpt-engineer/12,gpt-engineer,12,1,16,0,97902,22142,0.017178,297.75
0.4,0,1.0,0.25,temporal_frequency,nemotron_super,8.029432840581244,3070,gpt-engineer/12,gpt-engineer,12,2,2,0,6017,3440,0.001887,41.83
0.0,0,0.0,0.0,temporal_frequency,nemotron_super,8.029432840581244,3070,gpt-engineer/12,gpt-engineer,12,3,8,0,33943,7766,0.005992,88.94
1.0,1,1.0,1.0,temporal_frequency,nemotron_super,8.36380888451688,4289,gpt-engineer/9,gpt-engineer,9,1,17,0,144054,47405,0.031207,540.51
0.0,0,0.0,0.0,temporal_frequency,nemotron_super,8.36380888451688,4289,gpt-engineer/9,gpt-engineer,9,2,14,0,115579,33711,0.023309,577.4
1.0,1,1.0,1.0,temporal_frequency,nemotron_super,8.36380888451688,4289,gpt-engineer/9,gpt-engineer,9,3,17,0,283902,41237,0.040626,630.46
0.0,0,0.0,0.0,temporal_frequency,nemotron_super,10.196231790580173,26802,keras/12,keras,12,1,5,0,11167,7275,0.003859,117.02
0.3333,0,1.0,0.2,temporal_frequency,nemotron_super,10.196231790580173,26802,keras/12,keras,12,2,13,0,106991,18901,0.016655,266.69
0.0,0,0.0,0.0,temporal_frequency,nemotron_super,10.196231790580173,26802,keras/12,keras,12,3,15,0,140158,18051,0.019134,217.67
1.0,1,1.0,1.0,temporal_frequency,nemotron_super,10.349134450277123,31230,keras/5,keras,5,1,7,0,27807,4323,0.004093,59.49
1.0,1,1.0,1.0,temporal_frequency,nemotron_super,10.349134450277123,31230,keras/5,keras,5,2,11,0,86870,9409,0.011148,169.54
0.0,0,0.0,0.0,temporal_frequency,nemotron_super,10.349134450277123,31230,keras/5,keras,5,3,9,0,74231,25521,0.016518,251.59
1.0,1,1.0,1.0,temporal_frequency,nemotron_super,10.444153492313001,34343,keras/9,keras,9,1,4,0,14156,6916,0.00397,73.77
1.0,1,1.0,1.0,temporal_frequency,nemotron_super,10.444153492313001,34343,keras/9,keras,9,2,4,0,14165,5698,0.003483,107.74
1.0,1,1.0,1.0,temporal_frequency,nemotron_super,10.444153492313001,34343,keras/9,keras,9,3,5,0,16417,7907,0.004558,71.62
0.0,0,0.0,0.0,temporal_frequency,nemotron_super,9.61953186182516,15056,localstack/19,localstack,19,1,14,0,80279,7632,0.009877,130.6
0.0,0,0.0,0.0,temporal_frequency,nemotron_super,9.61953186182516,15056,localstack/19,localstack,19,2,13,0,36882,7110,0.005979,88.87
0.0,0,0.0,0.0,temporal_frequency,nemotron_super,9.61953186182516,15056,localstack/19,localstack,19,3,15,0,42625,5067,0.00565,74.5
1.0,1,1.0,1.0,temporal_frequency,nemotron_super,10.563155506021905,38683,localstack/2,localstack,2,1,11,0,140333,17191,0.018805,374.64
1.0,1,1.0,1.0,temporal_frequency,nemotron_super,10.563155506021905,38683,localstack/2,localstack,2,2,17,0,153025,11359,0.017551,109.64
0.0,0,0.0,0.0,temporal_frequency,nemotron_super,10.563155506021905,38683,localstack/2,localstack,2,3,23,0,247950,56208,0.043559,555.87
0.0,0,0.0,0.0,temporal_frequency,nemotron_super,9.860214640302662,19153,localstack/9,localstack,9,1,8,0,68900,21203,0.014338,231.79
0.0,0,0.0,0.0,temporal_frequency,nemotron_super,9.860214640302662,19153,localstack/9,localstack,9,2,6,0,40309,13019,0.008634,157.04
1.0,1,1.0,1.0,temporal_frequency,nemotron_super,9.860214640302662,19153,localstack/9,localstack,9,3,8,0,64454,18975,0.013069,219.99
0.6667,0,1.0,0.5,temporal_frequency,nemotron_super,11.189312196300184,72353,pandas/26,pandas,26,1,27,0,324010,18039,0.034756,281.16
0.6667,0,1.0,0.5,temporal_frequency,nemotron_super,11.189312196300184,72353,pandas/26,pandas,26,2,29,0,531459,18735,0.052668,436.84
0.0,0,0.0,0.0,temporal_frequency,nemotron_super,11.189312196300184,72353,pandas/26,pandas,26,3,30,1,435092,12776,0.042093,194.84
0.0,0,0.0,0.0,temporal_frequency,nemotron_super,11.270446177349276,78468,pandas/35,pandas,35,1,30,1,384536,49054,0.052307,448.09
0.0,0,0.0,0.0,temporal_frequency,nemotron_super,11.270446177349276,78468,pandas/35,pandas,35,2,30,1,398901,13459,0.03929,333.59
0.0,0,0.0,0.0,temporal_frequency,nemotron_super,11.270446177349276,78468,pandas/35,pandas,35,3,26,0,310753,37992,0.041611,799.64
0.6667,0,1.0,0.5,temporal_frequency,nemotron_super,12.08721590866289,177587,pandas/38,pandas,38,1,4,0,31841,5917,0.005073,129.38
0.6667,0,1.0,0.5,temporal_frequency,nemotron_super,12.08721590866289,177587,pandas/38,pandas,38,2,11,0,85201,13314,0.012568,150.22
0.6667,0,1.0,0.5,temporal_frequency,nemotron_super,12.08721590866289,177587,pandas/38,pandas,38,3,3,0,13478,8118,0.004393,74.9
0.0,0,0.0,0.0,temporal_frequency,nemotron_super,10.883015959814806,53264,pandas/44,pandas,44,1,11,0,37395,22281,0.012091,254.58
0.0,0,0.0,0.0,temporal_frequency,nemotron_super,10.883015959814806,53264,pandas/44,pandas,44,2,8,0,58919,6343,0.007545,124.75
0.0,0,0.0,0.0,temporal_frequency,nemotron_super,10.883015959814806,53264,pandas/44,pandas,44,3,18,0,79599,22979,0.015958,287.37
0.8,0,1.0,0.6667,temporal_frequency,nemotron_super,9.346705246496699,11461,requests/12,requests,12,1,10,0,47363,8336,0.00736,97.94
1.0,1,1.0,1.0,temporal_frequency,nemotron_super,9.346705246496699,11461,requests/12,requests,12,2,8,0,26891,4230,0.003978,66.88
0.5,0,1.0,0.3333,temporal_frequency,nemotron_super,9.346705246496699,11461,requests/12,requests,12,3,8,0,25694,5833,0.004517,46.46
1.0,1,1.0,1.0,temporal_frequency,nemotron_super,9.348274558065496,11479,requests/13,requests,13,1,6,0,16294,8203,0.004666,173.16
1.0,1,1.0,1.0,temporal_frequency,nemotron_super,9.348274558065496,11479,requests/13,requests,13,2,5,0,14533,5308,0.003359,86.13
1.0,1,1.0,1.0,temporal_frequency,nemotron_super,9.348274558065496,11479,requests/13,requests,13,3,7,0,27684,6795,0.005071,69.12
1.0,1,1.0,1.0,temporal_frequency,nemotron_super,7.958576903813898,2860,requests/7,requests,7,1,9,0,22601,35413,0.016086,731.68
1.0,1,1.0,1.0,temporal_frequency,nemotron_super,7.958576903813898,2860,requests/7,requests,7,2,10,0,27803,30780,0.014675,536.93
1.0,1,1.0,1.0,temporal_frequency,nemotron_super,7.958576903813898,2860,requests/7,requests,7,3,11,0,31348,39182,0.018337,693.71
1.0,1,1.0,1.0,temporal_frequency,nemotron_super,10.031000872835088,22720,rich/1,rich,1,1,4,0,20945,3199,0.00306,44.03
1.0,1,1.0,1.0,temporal_frequency,nemotron_super,10.031000872835088,22720,rich/1,rich,1,2,5,0,32917,6410,0.005362,61.34
1.0,1,1.0,1.0,temporal_frequency,nemotron_super,10.031000872835088,22720,rich/1,rich,1,3,5,0,42367,10451,0.007782,128.77
0.0,0,0.0,0.0,temporal_frequency,nemotron_super,10.051648903516648,23194,rich/12,rich,12,1,8,0,52535,11536,0.00908,178.5
0.4,0,1.0,0.25,temporal_frequency,nemotron_super,10.051648903516648,23194,rich/12,rich,12,2,5,0,21516,4068,0.003456,54.68
0.4,0,1.0,0.25,temporal_frequency,nemotron_super,10.051648903516648,23194,rich/12,rich,12,3,7,0,49398,7818,0.007326,91.99
1.0,1,1.0,1.0,temporal_frequency,nemotron_super,10.039939675671627,22924,rich/8,rich,8,1,6,0,28213,5833,0.004731,70.89
0.0,0,0.0,0.0,temporal_frequency,nemotron_super,10.039939675671627,22924,rich/8,rich,8,2,7,0,37227,12068,0.007991,188.72
1.0,1,1.0,1.0,temporal_frequency,nemotron_super,10.039939675671627,22924,rich/8,rich,8,3,7,0,40294,11238,0.00792,118.11
0.6667,0,1.0,0.5,temporal_frequency,nemotron_super,11.620954417182327,111408,scikit-learn/45,scikit-learn,45,1,14,0,43311,13611,0.009126,126.86
0.6667,0,1.0,0.5,temporal_frequency,nemotron_super,11.620954417182327,111408,scikit-learn/45,scikit-learn,45,2,10,0,26620,8754,0.005764,98.43
0.6667,0,1.0,0.5,temporal_frequency,nemotron_super,11.620954417182327,111408,scikit-learn/45,scikit-learn,45,3,10,0,26701,8988,0.005865,70.6
1.0,1,1.0,1.0,temporal_frequency,nemotron_super,11.55076060327325,103856,scikit-learn/49,scikit-learn,49,1,17,0,209750,15161,0.023893,233.61
1.0,1,1.0,1.0,temporal_frequency,nemotron_super,11.55076060327325,103856,scikit-learn/49,scikit-learn,49,2,9,0,91950,9949,0.011795,112.83
1.0,1,1.0,1.0,temporal_frequency,nemotron_super,11.55076060327325,103856,scikit-learn/49,scikit-learn,49,3,9,0,89665,6417,0.010188,75.52
1.0,1,1.0,1.0,temporal_frequency,nemotron_super,11.525654110946952,101281,scikit-learn/5,scikit-learn,5,1,3,0,10865,3208,0.002207,41.68
1.0,1,1.0,1.0,temporal_frequency,nemotron_super,11.525654110946952,101281,scikit-learn/5,scikit-learn,5,2,6,0,23590,7816,0.005132,137.17
1.0,1,1.0,1.0,temporal_frequency,nemotron_super,11.525654110946952,101281,scikit-learn/5,scikit-learn,5,3,7,0,25468,10554,0.006386,76.69
1.0,1,1.0,1.0,temporal_frequency,nemotron_super,9.796458979777604,17970,scrapy/20,scrapy,20,1,9,0,42575,10714,0.007904,145.77
1.0,1,1.0,1.0,temporal_frequency,nemotron_super,9.796458979777604,17970,scrapy/20,scrapy,20,2,7,0,30689,7362,0.005553,119.56
1.0,1,1.0,1.0,temporal_frequency,nemotron_super,9.796458979777604,17970,scrapy/20,scrapy,20,3,5,0,22394,5246,0.004002,49.69
1.0,1,1.0,1.0,temporal_frequency,nemotron_super,9.655026193237628,15600,scrapy/26,scrapy,26,1,6,0,29091,13543,0.00789,169.63
1.0,1,1.0,1.0,temporal_frequency,nemotron_super,9.655026193237628,15600,scrapy/26,scrapy,26,2,4,0,14560,3791,0.002754,41.32
1.0,1,1.0,1.0,temporal_frequency,nemotron_super,9.655026193237628,15600,scrapy/26,scrapy,26,3,4,0,14558,7424,0.004207,94.36
0.0,0,0.0,0.0,temporal_frequency,nemotron_super,9.73477299914839,16895,scrapy/48,scrapy,48,1,19,0,92159,25430,0.018006,338.84
0.0,0,0.0,0.0,temporal_frequency,nemotron_super,9.73477299914839,16895,scrapy/48,scrapy,48,2,8,0,20258,8288,0.005037,104.53
0.6667,0,1.0,0.5,temporal_frequency,nemotron_super,9.73477299914839,16895,scrapy/48,scrapy,48,3,6,0,12321,4698,0.002926,42.4
1.0,1,1.0,1.0,temporal_frequency,nemotron_super,9.961803629358965,21201,stable-diffusion-webui/0,stable-diffusion-webui,0,1,2,0,33537,1769,0.003558,37.82
1.0,1,1.0,1.0,temporal_frequency,nemotron_super,9.961803629358965,21201,stable-diffusion-webui/0,stable-diffusion-webui,0,2,5,0,85258,5931,0.009619,162.79
1.0,1,1.0,1.0,temporal_frequency,nemotron_super,9.961803629358965,21201,stable-diffusion-webui/0,stable-diffusion-webui,0,3,2,0,33535,4040,0.004466,72.39
0.0,0,0.0,0.0,temporal_frequency,nemotron_super,9.908425341565751,20099,stable-diffusion-webui/13,stable-diffusion-webui,13,1,21,0,347862,21889,0.038324,590.23
1.0,1,1.0,1.0,temporal_frequency,nemotron_super,9.908425341565751,20099,stable-diffusion-webui/13,stable-diffusion-webui,13,2,9,0,128067,8910,0.01445,132.84
1.0,1,1.0,1.0,temporal_frequency,nemotron_super,9.908425341565751,20099,stable-diffusion-webui/13,stable-diffusion-webui,13,3,24,0,593461,25778,0.060755,346.53
0.6667,0,1.0,0.5,temporal_frequency,nemotron_super,10.028797743501574,22670,stable-diffusion-webui/5,stable-diffusion-webui,5,1,13,0,47642,9437,0.007824,140.62
0.0,0,0.0,0.0,temporal_frequency,nemotron_super,10.028797743501574,22670,stable-diffusion-webui/5,stable-diffusion-webui,5,2,15,0,101648,9819,0.012568,140.5
0.6667,0,1.0,0.5,temporal_frequency,nemotron_super,10.028797743501574,22670,stable-diffusion-webui/5,stable-diffusion-webui,5,3,11,0,34979,14112,0.008618,180.7
0.0,0,0.0,0.0,temporal_frequency,nemotron_super,8.483636407887394,4835,thefuck/10,thefuck,10,1,6,0,16318,6828,0.004118,97.75
0.0,0,0.0,0.0,temporal_frequency,nemotron_super,8.483636407887394,4835,thefuck/10,thefuck,10,2,7,0,18252,11835,0.006285,182.46
0.0,0,0.0,0.0,temporal_frequency,nemotron_super,8.483636407887394,4835,thefuck/10,thefuck,10,3,8,0,31587,17775,0.009795,296.6
0.0,0,0.0,0.0,temporal_frequency,nemotron_super,8.270781013162674,3908,thefuck/20,thefuck,20,1,28,0,122277,44068,0.028021,579.82
0.0,0,0.0,0.0,temporal_frequency,nemotron_super,8.270781013162674,3908,thefuck/20,thefuck,20,2,30,0,138103,38605,0.027181,412.6
0.0,0,0.0,0.0,temporal_frequency,nemotron_super,8.270781013162674,3908,thefuck/20,thefuck,20,3,23,0,128122,40668,0.027158,365.45
1.0,1,1.0,1.0,temporal_frequency,nemotron_super,7.822845290279774,2497,thefuck/5,thefuck,5,1,14,0,88401,31707,0.020197,359.7
1.0,1,1.0,1.0,temporal_frequency,nemotron_super,7.822845290279774,2497,thefuck/5,thefuck,5,2,10,0,48214,14792,0.010015,478.78
1.0,1,1.0,1.0,temporal_frequency,nemotron_super,7.822845290279774,2497,thefuck/5,thefuck,5,3,8,0,30778,14553,0.008437,162.05
1.0,1,1.0,1.0,temporal_frequency,nemotron_super,12.430331574579306,250279,transformers/25,transformers,25,1,8,0,24980,2329,0.003055,86.91
1.0,1,1.0,1.0,temporal_frequency,nemotron_super,12.430331574579306,250279,transformers/25,transformers,25,2,10,0,73705,6650,0.008925,73.97
1.0,1,1.0,1.0,temporal_frequency,nemotron_super,12.430331574579306,250279,transformers/25,transformers,25,3,10,0,94025,12003,0.012793,131.05
0.1538,0,1.0,0.0833,temporal_frequency,nemotron_super,12.407424472605875,244611,transformers/27,transformers,27,1,4,0,18703,883,0.001943,14.22
0.1538,0,1.0,0.0833,temporal_frequency,nemotron_super,12.407424472605875,244611,transformers/27,transformers,27,2,3,0,10595,1170,0.001369,27.07
0.1538,0,1.0,0.0833,temporal_frequency,nemotron_super,12.407424472605875,244611,transformers/27,transformers,27,3,5,0,16654,2167,0.002282,27.54
0.8889,0,1.0,0.8,temporal_frequency,nemotron_super,11.587420505060633,107734,transformers/5,transformers,5,1,30,0,600638,33080,0.064286,397.9
0.8889,0,1.0,0.8,temporal_frequency,nemotron_super,11.587420505060633,107734,transformers/5,transformers,5,2,30,0,802463,35815,0.082535,496.51
0.3333,0,1.0,0.2,temporal_frequency,nemotron_super,11.587420505060633,107734,transformers/5,transformers,5,3,18,0,333793,20482,0.036565,279.13
1.0,1,1.0,1.0,temporal_frequency,nemotron_super,12.095096391086711,178992,yt-dlp/23,yt-dlp,23,1,6,0,47656,13442,0.009428,169.0
1.0,1,1.0,1.0,temporal_frequency,nemotron_super,12.095096391086711,178992,yt-dlp/23,yt-dlp,23,2,5,0,38353,9347,0.006999,144.77
1.0,1,1.0,1.0,temporal_frequency,nemotron_super,12.095096391086711,178992,yt-dlp/23,yt-dlp,23,3,8,0,72083,21827,0.014858,196.01
0.0,0,0.0,0.0,temporal_frequency,nemotron_super,12.1489730534896,188900,yt-dlp/41,yt-dlp,41,1,22,0,174655,21885,0.0236,352.81
0.0,0,0.0,0.0,temporal_frequency,nemotron_super,12.1489730534896,188900,yt-dlp/41,yt-dlp,41,2,21,0,153183,15367,0.019167,275.68
1.0,1,1.0,1.0,temporal_frequency,nemotron_super,12.1489730534896,188900,yt-dlp/41,yt-dlp,41,3,28,0,229713,17865,0.026672,231.44
0.6667,0,1.0,0.5,temporal_frequency,nemotron_super,12.198660241414718,198523,yt-dlp/45,yt-dlp,45,1,20,0,260284,26835,0.032858,304.96
0.6667,0,1.0,0.5,temporal_frequency,nemotron_super,12.198660241414718,198523,yt-dlp/45,yt-dlp,45,2,17,0,295695,23700,0.034614,451.88
0.6667,0,1.0,0.5,temporal_frequency,nemotron_super,12.198660241414718,198523,yt-dlp/45,yt-dlp,45,3,12,0,89695,14978,0.013615,140.59
1.0,1,1.0,1.0,temporal_cochange,ministral_3b,12.068688124847148,174327,core/16,core,16,1,15,0,306565,2012,0.010179,18.06
1.0,1,1.0,1.0,temporal_cochange,ministral_3b,12.068688124847148,174327,core/16,core,16,2,11,0,84429,1593,0.002819,13.49
1.0,1,1.0,1.0,temporal_cochange,ministral_3b,12.068688124847148,174327,core/16,core,16,3,10,0,74846,1259,0.003129,10.24
1.0,1,1.0,1.0,temporal_cochange,ministral_3b,11.506545154005941,99364,core/20,core,20,1,8,0,56065,1742,0.00214,8.42
0.0,0,0.0,0.0,temporal_cochange,ministral_3b,11.506545154005941,99364,core/20,core,20,2,5,0,28703,1651,0.001169,7.67
1.0,1,1.0,1.0,temporal_cochange,ministral_3b,11.506545154005941,99364,core/20,core,20,3,6,0,38729,1537,0.001884,9.3
0.0,0,0.0,0.0,temporal_cochange,ministral_3b,8.579980179515003,5324,fastapi/17,fastapi,17,1,21,0,235145,3123,0.005902,18.77
0.0,0,0.0,0.0,temporal_cochange,ministral_3b,8.579980179515003,5324,fastapi/17,fastapi,17,2,26,0,235455,3548,0.005457,28.42
0.0,0,0.0,0.0,temporal_cochange,ministral_3b,8.579980179515003,5324,fastapi/17,fastapi,17,3,15,0,141725,3058,0.004329,28.62
1.0,1,1.0,1.0,temporal_cochange,ministral_3b,8.518991573357617,5009,fastapi/20,fastapi,20,1,22,0,66953,2043,0.001704,12.86
0.0,0,0.0,0.0,temporal_cochange,ministral_3b,8.518991573357617,5009,fastapi/20,fastapi,20,2,28,0,73040,2173,0.001416,23.36
0.0,0,0.0,0.0,temporal_cochange,ministral_3b,8.518991573357617,5009,fastapi/20,fastapi,20,3,24,0,176717,2526,0.004411,24.59
0.5,0,1.0,0.3333,temporal_cochange,ministral_3b,8.482187582217422,4828,fastapi/9,fastapi,9,1,14,0,99817,1391,0.003382,9.33
0.5,0,1.0,0.3333,temporal_cochange,ministral_3b,8.482187582217422,4828,fastapi/9,fastapi,9,2,18,0,151133,1542,0.003817,10.98
0.5,0,1.0,0.3333,temporal_cochange,ministral_3b,8.482187582217422,4828,fastapi/9,fastapi,9,3,16,0,79159,1260,0.001982,10.22
0.6667,0,1.0,0.5,temporal_cochange,ministral_3b,8.808369153122275,6690,flask/18,flask,18,1,19,0,78049,1405,0.002024,9.85
0.6667,0,1.0,0.5,temporal_cochange,ministral_3b,8.808369153122275,6690,flask/18,flask,18,2,11,0,76655,1928,0.003158,10.01
0.6667,0,1.0,0.5,temporal_cochange,ministral_3b,8.808369153122275,6690,flask/18,flask,18,3,17,0,75439,1781,0.0024,11.91
1.0,1,1.0,1.0,temporal_cochange,ministral_3b,8.899457906353966,7328,flask/3,flask,3,1,9,0,19458,693,0.000633,4.62
1.0,1,1.0,1.0,temporal_cochange,ministral_3b,8.899457906353966,7328,flask/3,flask,3,2,15,0,43238,1177,0.001147,9.01
0.0,0,0.0,0.0,temporal_cochange,ministral_3b,8.899457906353966,7328,flask/3,flask,3,3,30,1,95029,3361,0.001856,29.87
1.0,1,1.0,1.0,temporal_cochange,ministral_3b,8.827468112520654,6819,flask/6,flask,6,1,7,0,18263,339,0.000628,2.79
1.0,1,1.0,1.0,temporal_cochange,ministral_3b,8.827468112520654,6819,flask/6,flask,6,2,8,0,23754,444,0.000876,3.69
1.0,1,1.0,1.0,temporal_cochange,ministral_3b,8.827468112520654,6819,flask/6,flask,6,3,8,0,65686,499,0.002483,5.95
0.0,0,0.0,0.0,temporal_cochange,ministral_3b,8.341410211461865,4194,gpt-engineer/11,gpt-engineer,11,1,14,0,90497,2290,0.002689,13.46
0.0,0,0.0,0.0,temporal_cochange,ministral_3b,8.341410211461865,4194,gpt-engineer/11,gpt-engineer,11,2,10,0,48536,1880,0.001286,8.71
0.0,0,0.0,0.0,temporal_cochange,ministral_3b,8.341410211461865,4194,gpt-engineer/11,gpt-engineer,11,3,12,0,74353,1509,0.002702,12.94
0.4,0,1.0,0.25,temporal_cochange,ministral_3b,8.029432840581244,3070,gpt-engineer/12,gpt-engineer,12,1,13,0,56313,1807,0.001596,10.72
0.0,0,0.0,0.0,temporal_cochange,ministral_3b,8.029432840581244,3070,gpt-engineer/12,gpt-engineer,12,2,23,0,187368,3322,0.00445,20.63
0.4,0,1.0,0.25,temporal_cochange,ministral_3b,8.029432840581244,3070,gpt-engineer/12,gpt-engineer,12,3,26,0,139945,3012,0.003225,18.84
1.0,1,1.0,1.0,temporal_cochange,ministral_3b,8.36380888451688,4289,gpt-engineer/9,gpt-engineer,9,1,6,0,21668,855,0.001423,8.32
1.0,1,1.0,1.0,temporal_cochange,ministral_3b,8.36380888451688,4289,gpt-engineer/9,gpt-engineer,9,2,11,0,56919,1541,0.002056,8.17
1.0,1,1.0,1.0,temporal_cochange,ministral_3b,8.36380888451688,4289,gpt-engineer/9,gpt-engineer,9,3,14,0,49577,1457,0.001705,8.66
0.0,0,0.0,0.0,temporal_cochange,ministral_3b,10.196231790580173,26802,keras/12,keras,12,1,22,0,60329,2939,0.001408,14.63
0.0,0,0.0,0.0,temporal_cochange,ministral_3b,10.196231790580173,26802,keras/12,keras,12,2,17,0,86661,2029,0.003743,15.71
0.0,0,0.0,0.0,temporal_cochange,ministral_3b,10.196231790580173,26802,keras/12,keras,12,3,8,0,32933,1930,0.001493,9.12
1.0,1,1.0,1.0,temporal_cochange,ministral_3b,10.349134450277123,31230,keras/5,keras,5,1,12,0,153353,2426,0.005118,12.66
1.0,1,1.0,1.0,temporal_cochange,ministral_3b,10.349134450277123,31230,keras/5,keras,5,2,16,0,146228,1554,0.004134,10.53
1.0,1,1.0,1.0,temporal_cochange,ministral_3b,10.349134450277123,31230,keras/5,keras,5,3,14,0,124003,1430,0.004744,12.05
1.0,1,1.0,1.0,temporal_cochange,ministral_3b,10.444153492313001,34343,keras/9,keras,9,1,9,0,58997,880,0.002105,7.08
1.0,1,1.0,1.0,temporal_cochange,ministral_3b,10.444153492313001,34343,keras/9,keras,9,2,8,0,43065,1508,0.002038,16.51
1.0,1,1.0,1.0,temporal_cochange,ministral_3b,10.444153492313001,34343,keras/9,keras,9,3,10,0,59956,869,0.002177,6.77
0.0,0,0.0,0.0,temporal_cochange,ministral_3b,9.61953186182516,15056,localstack/19,localstack,19,1,17,0,249913,1848,0.005846,13.17
0.0,0,0.0,0.0,temporal_cochange,ministral_3b,9.61953186182516,15056,localstack/19,localstack,19,2,5,0,24300,751,0.001676,4.29
0.0,0,0.0,0.0,temporal_cochange,ministral_3b,9.61953186182516,15056,localstack/19,localstack,19,3,10,0,119746,1272,0.004372,11.35
0.0,0,0.0,0.0,temporal_cochange,ministral_3b,10.563155506021905,38683,localstack/2,localstack,2,1,28,0,316490,1775,0.006183,16.48
1.0,1,1.0,1.0,temporal_cochange,ministral_3b,10.563155506021905,38683,localstack/2,localstack,2,2,15,0,232991,1741,0.00693,13.34
1.0,1,1.0,1.0,temporal_cochange,ministral_3b,10.563155506021905,38683,localstack/2,localstack,2,3,16,0,245670,1808,0.007595,14.91
1.0,1,1.0,1.0,temporal_cochange,ministral_3b,9.860214640302662,19153,localstack/9,localstack,9,1,14,0,194987,2286,0.005454,13.73
1.0,1,1.0,1.0,temporal_cochange,ministral_3b,9.860214640302662,19153,localstack/9,localstack,9,2,12,0,147467,1305,0.004935,10.34
1.0,1,1.0,1.0,temporal_cochange,ministral_3b,9.860214640302662,19153,localstack/9,localstack,9,3,26,0,222515,2874,0.004775,19.54
0.6667,0,1.0,0.5,temporal_cochange,ministral_3b,11.189312196300184,72353,pandas/26,pandas,26,1,24,0,287656,1801,0.006309,14.1
0.6667,0,1.0,0.5,temporal_cochange,ministral_3b,11.189312196300184,72353,pandas/26,pandas,26,2,21,0,165118,1393,0.004117,11.96
0.6667,0,1.0,0.5,temporal_cochange,ministral_3b,11.189312196300184,72353,pandas/26,pandas,26,3,17,0,314117,1349,0.009209,12.67
0.0,0,0.0,0.0,temporal_cochange,ministral_3b,11.270446177349276,78468,pandas/35,pandas,35,1,26,0,1179797,2809,0.027425,30.65
0.0,0,0.0,0.0,temporal_cochange,ministral_3b,11.270446177349276,78468,pandas/35,pandas,35,2,26,0,358747,2141,0.008072,18.58
0.0,0,0.0,0.0,temporal_cochange,ministral_3b,11.270446177349276,78468,pandas/35,pandas,35,3,26,0,626396,2911,0.011955,30.39
0.6667,0,1.0,0.5,temporal_cochange,ministral_3b,12.08721590866289,177587,pandas/38,pandas,38,1,16,0,90304,2171,0.0026,11.02
0.6667,0,1.0,0.5,temporal_cochange,ministral_3b,12.08721590866289,177587,pandas/38,pandas,38,2,13,0,146790,1528,0.00686,14.24
0.6667,0,1.0,0.5,temporal_cochange,ministral_3b,12.08721590866289,177587,pandas/38,pandas,38,3,16,0,266979,1608,0.008553,15.39
0.0,0,0.0,0.0,temporal_cochange,ministral_3b,10.883015959814806,53264,pandas/44,pandas,44,1,11,0,32159,1270,0.000808,6.77
0.5,0,0.5,0.5,temporal_cochange,ministral_3b,10.883015959814806,53264,pandas/44,pandas,44,2,10,0,262675,1359,0.010126,14.86
0.0,0,0.0,0.0,temporal_cochange,ministral_3b,10.883015959814806,53264,pandas/44,pandas,44,3,10,0,90477,1456,0.002788,10.69
0.5,0,1.0,0.3333,temporal_cochange,ministral_3b,9.346705246496699,11461,requests/12,requests,12,1,5,0,10361,444,0.000366,2.83
0.5,0,1.0,0.3333,temporal_cochange,ministral_3b,9.346705246496699,11461,requests/12,requests,12,2,8,0,36027,664,0.001768,5.82
1.0,1,1.0,1.0,temporal_cochange,ministral_3b,9.346705246496699,11461,requests/12,requests,12,3,6,0,25259,674,0.001718,5.07
1.0,1,1.0,1.0,temporal_cochange,ministral_3b,9.348274558065496,11479,requests/13,requests,13,1,12,0,104840,1327,0.003474,8.3
1.0,1,1.0,1.0,temporal_cochange,ministral_3b,9.348274558065496,11479,requests/13,requests,13,2,11,0,57882,961,0.002037,6.22
1.0,1,1.0,1.0,temporal_cochange,ministral_3b,9.348274558065496,11479,requests/13,requests,13,3,5,0,26018,318,0.001459,4.05
1.0,1,1.0,1.0,temporal_cochange,ministral_3b,7.958576903813898,2860,requests/7,requests,7,1,7,0,16767,991,0.00052,4.98
1.0,1,1.0,1.0,temporal_cochange,ministral_3b,7.958576903813898,2860,requests/7,requests,7,2,14,0,47031,1229,0.001324,9.38
0.0,0,0.0,0.0,temporal_cochange,ministral_3b,7.958576903813898,2860,requests/7,requests,7,3,13,0,33499,1497,0.000965,8.72
1.0,1,1.0,1.0,temporal_cochange,ministral_3b,10.031000872835088,22720,rich/1,rich,1,1,8,0,31015,1052,0.001214,5.61
1.0,1,1.0,1.0,temporal_cochange,ministral_3b,10.031000872835088,22720,rich/1,rich,1,2,6,0,18027,438,0.000453,3.1
1.0,1,1.0,1.0,temporal_cochange,ministral_3b,10.031000872835088,22720,rich/1,rich,1,3,7,0,58472,701,0.002035,5.06
0.0,0,0.0,0.0,temporal_cochange,ministral_3b,10.051648903516648,23194,rich/12,rich,12,1,19,0,298053,2039,0.007948,18.42
0.0,0,0.0,0.0,temporal_cochange,ministral_3b,10.051648903516648,23194,rich/12,rich,12,2,16,0,156211,1567,0.004811,13.06
0.4,0,1.0,0.25,temporal_cochange,ministral_3b,10.051648903516648,23194,rich/12,rich,12,3,23,0,212148,2576,0.00622,25.81
1.0,1,1.0,1.0,temporal_cochange,ministral_3b,10.039939675671627,22924,rich/8,rich,8,1,10,0,47192,691,0.001401,5.3
1.0,1,1.0,1.0,temporal_cochange,ministral_3b,10.039939675671627,22924,rich/8,rich,8,2,7,0,40473,863,0.001115,5.08
1.0,1,1.0,1.0,temporal_cochange,ministral_3b,10.039939675671627,22924,rich/8,rich,8,3,7,0,35324,635,0.001534,4.64
0.6667,0,1.0,0.5,temporal_cochange,ministral_3b,11.620954417182327,111408,scikit-learn/45,scikit-learn,45,1,5,0,10591,621,0.000361,3.56
0.6667,0,1.0,0.5,temporal_cochange,ministral_3b,11.620954417182327,111408,scikit-learn/45,scikit-learn,45,2,4,0,8380,886,0.000454,4.65
0.6667,0,1.0,0.5,temporal_cochange,ministral_3b,11.620954417182327,111408,scikit-learn/45,scikit-learn,45,3,5,0,10565,795,0.000479,4.03
1.0,1,1.0,1.0,temporal_cochange,ministral_3b,11.55076060327325,103856,scikit-learn/49,scikit-learn,49,1,6,0,38384,751,0.002059,4.39
1.0,1,1.0,1.0,temporal_cochange,ministral_3b,11.55076060327325,103856,scikit-learn/49,scikit-learn,49,2,16,0,80424,1411,0.001801,9.96
1.0,1,1.0,1.0,temporal_cochange,ministral_3b,11.55076060327325,103856,scikit-learn/49,scikit-learn,49,3,11,0,153660,1077,0.006189,13.01
0.0,0,0.0,0.0,temporal_cochange,ministral_3b,11.525654110946952,101281,scikit-learn/5,scikit-learn,5,1,30,1,64752,1239,0.001208,11.77
1.0,1,1.0,1.0,temporal_cochange,ministral_3b,11.525654110946952,101281,scikit-learn/5,scikit-learn,5,2,18,0,217619,1662,0.00701,15.15
1.0,1,1.0,1.0,temporal_cochange,ministral_3b,11.525654110946952,101281,scikit-learn/5,scikit-learn,5,3,12,0,126454,1423,0.004263,9.58
1.0,1,1.0,1.0,temporal_cochange,ministral_3b,9.796458979777604,17970,scrapy/20,scrapy,20,1,6,0,20692,364,0.000804,2.39
1.0,1,1.0,1.0,temporal_cochange,ministral_3b,9.796458979777604,17970,scrapy/20,scrapy,20,2,5,0,14708,326,0.000743,2.51
1.0,1,1.0,1.0,temporal_cochange,ministral_3b,9.796458979777604,17970,scrapy/20,scrapy,20,3,8,0,34800,409,0.001044,3.47
0.5,1,0.3333,1.0,temporal_cochange,ministral_3b,9.655026193237628,15600,scrapy/26,scrapy,26,1,11,0,85432,2204,0.003004,11.77
1.0,1,1.0,1.0,temporal_cochange,ministral_3b,9.655026193237628,15600,scrapy/26,scrapy,26,2,9,0,50405,1281,0.002392,8.3
0.0,0,0.0,0.0,temporal_cochange,ministral_3b,9.655026193237628,15600,scrapy/26,scrapy,26,3,17,0,154930,1547,0.00437,14.69
0.0,0,0.0,0.0,temporal_cochange,ministral_3b,9.73477299914839,16895,scrapy/48,scrapy,48,1,20,0,40807,1962,0.000879,13.03
0.0,0,0.0,0.0,temporal_cochange,ministral_3b,9.73477299914839,16895,scrapy/48,scrapy,48,2,27,0,203680,2172,0.004572,16.37
0.6667,0,1.0,0.5,temporal_cochange,ministral_3b,9.73477299914839,16895,scrapy/48,scrapy,48,3,25,0,229710,3462,0.005404,26.13
1.0,1,1.0,1.0,temporal_cochange,ministral_3b,9.961803629358965,21201,stable-diffusion-webui/0,stable-diffusion-webui,0,1,14,0,252562,2477,0.006058,15.69
1.0,1,1.0,1.0,temporal_cochange,ministral_3b,9.961803629358965,21201,stable-diffusion-webui/0,stable-diffusion-webui,0,2,4,0,69486,666,0.003951,4.19
1.0,1,1.0,1.0,temporal_cochange,ministral_3b,9.961803629358965,21201,stable-diffusion-webui/0,stable-diffusion-webui,0,3,6,0,100886,1119,0.004118,7.03
0.0,0,0.0,0.0,temporal_cochange,ministral_3b,9.908425341565751,20099,stable-diffusion-webui/13,stable-diffusion-webui,13,1,24,0,565467,3859,0.010841,30.0
1.0,1,1.0,1.0,temporal_cochange,ministral_3b,9.908425341565751,20099,stable-diffusion-webui/13,stable-diffusion-webui,13,2,10,0,174838,2325,0.006116,13.44
0.0,0,0.0,0.0,temporal_cochange,ministral_3b,9.908425341565751,20099,stable-diffusion-webui/13,stable-diffusion-webui,13,3,7,0,100034,1290,0.003647,7.83
0.0,0,0.0,0.0,temporal_cochange,ministral_3b,10.028797743501574,22670,stable-diffusion-webui/5,stable-diffusion-webui,5,1,7,0,68004,779,0.001902,5.53
0.0,0,0.0,0.0,temporal_cochange,ministral_3b,10.028797743501574,22670,stable-diffusion-webui/5,stable-diffusion-webui,5,2,24,0,404638,3171,0.008686,26.42
0.0,0,0.0,0.0,temporal_cochange,ministral_3b,10.028797743501574,22670,stable-diffusion-webui/5,stable-diffusion-webui,5,3,26,0,143767,1820,0.003442,35.31
0.0,0,0.0,0.0,temporal_cochange,ministral_3b,8.483636407887394,4835,thefuck/10,thefuck,10,1,11,0,58214,1639,0.002138,12.49
0.5,0,1.0,0.3333,temporal_cochange,ministral_3b,8.483636407887394,4835,thefuck/10,thefuck,10,2,9,0,26458,1362,0.001123,10.28
0.5,0,1.0,0.3333,temporal_cochange,ministral_3b,8.483636407887394,4835,thefuck/10,thefuck,10,3,8,0,24062,957,0.001235,6.3
0.0,0,0.0,0.0,temporal_cochange,ministral_3b,8.270781013162674,3908,thefuck/20,thefuck,20,1,10,0,46543,2120,0.002044,10.01
0.0,0,0.0,0.0,temporal_cochange,ministral_3b,8.270781013162674,3908,thefuck/20,thefuck,20,2,12,0,47670,1699,0.001458,9.32
0.0,0,0.0,0.0,temporal_cochange,ministral_3b,8.270781013162674,3908,thefuck/20,thefuck,20,3,11,0,43257,2650,0.001538,12.48
0.0,0,0.0,0.0,temporal_cochange,ministral_3b,7.822845290279774,2497,thefuck/5,thefuck,5,1,2,0,4122,465,0.000148,2.14
1.0,1,1.0,1.0,temporal_cochange,ministral_3b,7.822845290279774,2497,thefuck/5,thefuck,5,2,5,0,18856,1048,0.001115,7.59
1.0,1,1.0,1.0,temporal_cochange,ministral_3b,7.822845290279774,2497,thefuck/5,thefuck,5,3,6,0,32159,730,0.001745,4.99
1.0,1,1.0,1.0,temporal_cochange,ministral_3b,12.430331574579306,250279,transformers/25,transformers,25,1,12,0,180862,1210,0.006918,9.37
1.0,1,1.0,1.0,temporal_cochange,ministral_3b,12.430331574579306,250279,transformers/25,transformers,25,2,10,0,103342,749,0.003082,5.91
1.0,1,1.0,1.0,temporal_cochange,ministral_3b,12.430331574579306,250279,transformers/25,transformers,25,3,19,0,230197,1995,0.006481,21.3
0.1538,0,1.0,0.0833,temporal_cochange,ministral_3b,12.407424472605875,244611,transformers/27,transformers,27,1,5,0,16434,686,0.00079,3.42
0.1538,0,1.0,0.0833,temporal_cochange,ministral_3b,12.407424472605875,244611,transformers/27,transformers,27,2,3,0,10297,531,0.000518,2.62
0.1538,0,1.0,0.0833,temporal_cochange,ministral_3b,12.407424472605875,244611,transformers/27,transformers,27,3,12,0,122518,1717,0.004279,14.08
0.75,0,1.0,0.6,temporal_cochange,ministral_3b,11.587420505060633,107734,transformers/5,transformers,5,1,12,0,42822,2189,0.001644,12.65
0.5714,0,1.0,0.4,temporal_cochange,ministral_3b,11.587420505060633,107734,transformers/5,transformers,5,2,17,0,133454,3027,0.004398,16.14
0.5,0,0.6667,0.4,temporal_cochange,ministral_3b,11.587420505060633,107734,transformers/5,transformers,5,3,27,0,146130,2258,0.003227,23.29
1.0,1,1.0,1.0,temporal_cochange,ministral_3b,12.095096391086711,178992,yt-dlp/23,yt-dlp,23,1,15,0,219248,2443,0.006295,14.89
1.0,1,1.0,1.0,temporal_cochange,ministral_3b,12.095096391086711,178992,yt-dlp/23,yt-dlp,23,2,15,0,85257,1221,0.002197,11.35
1.0,1,1.0,1.0,temporal_cochange,ministral_3b,12.095096391086711,178992,yt-dlp/23,yt-dlp,23,3,18,0,143103,2073,0.003919,16.24
0.0,0,0.0,0.0,temporal_cochange,ministral_3b,12.1489730534896,188900,yt-dlp/41,yt-dlp,41,1,21,0,323614,2462,0.007909,16.44
0.0,0,0.0,0.0,temporal_cochange,ministral_3b,12.1489730534896,188900,yt-dlp/41,yt-dlp,41,2,17,0,524697,5179,0.012886,30.05
0.0,0,0.0,0.0,temporal_cochange,ministral_3b,12.1489730534896,188900,yt-dlp/41,yt-dlp,41,3,14,0,291582,3417,0.009927,27.03
0.0,0,0.0,0.0,temporal_cochange,ministral_3b,12.198660241414718,198523,yt-dlp/45,yt-dlp,45,1,10,0,72974,1415,0.00328,8.71
0.0,0,0.0,0.0,temporal_cochange,ministral_3b,12.198660241414718,198523,yt-dlp/45,yt-dlp,45,2,12,0,165642,2204,0.005345,15.72
0.6667,0,1.0,0.5,temporal_cochange,ministral_3b,12.198660241414718,198523,yt-dlp/45,yt-dlp,45,3,5,0,49270,1540,0.001878,6.98
1.0,1,1.0,1.0,temporal_cochange,gpt_oss_120b,12.068688124847148,174327,core/16,core,16,1,12,0,55231,5306,0.006493,38.6
1.0,1,1.0,1.0,temporal_cochange,gpt_oss_120b,12.068688124847148,174327,core/16,core,16,2,5,0,14328,1055,0.001805,12.89
0.0,0,0.0,0.0,temporal_cochange,gpt_oss_120b,12.068688124847148,174327,core/16,core,16,3,9,0,69963,3317,0.006647,34.08
1.0,1,1.0,1.0,temporal_cochange,gpt_oss_120b,11.506545154005941,99364,core/20,core,20,1,9,0,33289,2005,0.003328,15.46
1.0,1,1.0,1.0,temporal_cochange,gpt_oss_120b,11.506545154005941,99364,core/20,core,20,2,11,0,40862,2948,0.003857,36.74
1.0,1,1.0,1.0,temporal_cochange,gpt_oss_120b,11.506545154005941,99364,core/20,core,20,3,7,0,27157,1979,0.0033,20.11
0.0,0,0.0,0.0,temporal_cochange,gpt_oss_120b,8.579980179515003,5324,fastapi/17,fastapi,17,1,23,0,206750,10521,0.016161,99.62
0.0,0,0.0,0.0,temporal_cochange,gpt_oss_120b,8.579980179515003,5324,fastapi/17,fastapi,17,2,6,0,21219,873,0.001889,11.61
0.0,0,0.0,0.0,temporal_cochange,gpt_oss_120b,8.579980179515003,5324,fastapi/17,fastapi,17,3,30,1,280594,9571,0.01633,167.75
0.0,0,0.0,0.0,temporal_cochange,gpt_oss_120b,8.518991573357617,5009,fastapi/20,fastapi,20,1,9,0,20640,3037,0.003232,18.82
0.0,0,0.0,0.0,temporal_cochange,gpt_oss_120b,8.518991573357617,5009,fastapi/20,fastapi,20,2,20,0,70728,7095,0.006734,61.68
0.0,0,0.0,0.0,temporal_cochange,gpt_oss_120b,8.518991573357617,5009,fastapi/20,fastapi,20,3,4,0,7425,1190,0.00133,7.79
0.5,0,1.0,0.3333,temporal_cochange,gpt_oss_120b,8.482187582217422,4828,fastapi/9,fastapi,9,1,4,0,11465,1046,0.001303,9.58
0.5,0,1.0,0.3333,temporal_cochange,gpt_oss_120b,8.482187582217422,4828,fastapi/9,fastapi,9,2,8,0,52428,1946,0.004555,20.53
0.5,0,1.0,0.3333,temporal_cochange,gpt_oss_120b,8.482187582217422,4828,fastapi/9,fastapi,9,3,7,0,22466,2795,0.003169,31.67
0.6667,0,1.0,0.5,temporal_cochange,gpt_oss_120b,8.808369153122275,6690,flask/18,flask,18,1,26,0,134584,7454,0.00969,68.53
0.6667,0,1.0,0.5,temporal_cochange,gpt_oss_120b,8.808369153122275,6690,flask/18,flask,18,2,12,0,75604,1898,0.005118,22.21
0.6667,0,1.0,0.5,temporal_cochange,gpt_oss_120b,8.808369153122275,6690,flask/18,flask,18,3,13,0,56525,2417,0.004818,26.6
1.0,1,1.0,1.0,temporal_cochange,gpt_oss_120b,8.899457906353966,7328,flask/3,flask,3,1,6,0,16981,2286,0.002563,19.25
1.0,1,1.0,1.0,temporal_cochange,gpt_oss_120b,8.899457906353966,7328,flask/3,flask,3,2,3,0,4759,641,0.000632,6.62
1.0,1,1.0,1.0,temporal_cochange,gpt_oss_120b,8.899457906353966,7328,flask/3,flask,3,3,3,0,6257,699,0.000829,16.81
1.0,1,1.0,1.0,temporal_cochange,gpt_oss_120b,8.827468112520654,6819,flask/6,flask,6,1,13,0,49110,4411,0.005405,33.67
1.0,1,1.0,1.0,temporal_cochange,gpt_oss_120b,8.827468112520654,6819,flask/6,flask,6,2,5,0,18774,1756,0.002295,19.67
1.0,1,1.0,1.0,temporal_cochange,gpt_oss_120b,8.827468112520654,6819,flask/6,flask,6,3,7,0,22085,1237,0.002353,11.94
0.0,0,0.0,0.0,temporal_cochange,gpt_oss_120b,8.341410211461865,4194,gpt-engineer/11,gpt-engineer,11,1,9,0,45424,2095,0.004263,19.7
0.0,0,0.0,0.0,temporal_cochange,gpt_oss_120b,8.341410211461865,4194,gpt-engineer/11,gpt-engineer,11,2,22,0,313779,14316,0.02172,161.86
0.0,0,0.0,0.0,temporal_cochange,gpt_oss_120b,8.341410211461865,4194,gpt-engineer/11,gpt-engineer,11,3,11,0,42787,2474,0.003943,23.14
0.4,0,1.0,0.25,temporal_cochange,gpt_oss_120b,8.029432840581244,3070,gpt-engineer/12,gpt-engineer,12,1,13,0,70031,3787,0.006253,33.24
0.4,0,1.0,0.25,temporal_cochange,gpt_oss_120b,8.029432840581244,3070,gpt-engineer/12,gpt-engineer,12,2,3,0,8280,724,0.000888,6.93
0.4,0,1.0,0.25,temporal_cochange,gpt_oss_120b,8.029432840581244,3070,gpt-engineer/12,gpt-engineer,12,3,3,0,6918,508,0.001076,5.16
0.0,0,0.0,0.0,temporal_cochange,gpt_oss_120b,8.36380888451688,4289,gpt-engineer/9,gpt-engineer,9,1,10,0,44089,4842,0.005082,42.27
0.0,0,0.0,0.0,temporal_cochange,gpt_oss_120b,8.36380888451688,4289,gpt-engineer/9,gpt-engineer,9,2,4,0,18208,2076,0.003293,18.09
0.0,0,0.0,0.0,temporal_cochange,gpt_oss_120b,8.36380888451688,4289,gpt-engineer/9,gpt-engineer,9,3,6,0,22059,1987,0.003172,22.0
0.0,0,0.0,0.0,temporal_cochange,gpt_oss_120b,10.196231790580173,26802,keras/12,keras,12,1,4,0,8694,762,0.001147,7.64
0.0,0,0.0,0.0,temporal_cochange,gpt_oss_120b,10.196231790580173,26802,keras/12,keras,12,2,8,0,28813,1959,0.002684,20.02
0.2857,0,0.5,0.2,temporal_cochange,gpt_oss_120b,10.196231790580173,26802,keras/12,keras,12,3,6,0,16285,1972,0.002082,19.29
0.0,0,0.0,0.0,temporal_cochange,gpt_oss_120b,10.349134450277123,31230,keras/5,keras,5,1,13,0,85743,4220,0.007953,41.01
0.0,0,0.0,0.0,temporal_cochange,gpt_oss_120b,10.349134450277123,31230,keras/5,keras,5,2,16,0,70735,6989,0.007819,65.69
0.0,0,0.0,0.0,temporal_cochange,gpt_oss_120b,10.349134450277123,31230,keras/5,keras,5,3,9,0,33354,2908,0.003664,27.78
1.0,1,1.0,1.0,temporal_cochange,gpt_oss_120b,10.444153492313001,34343,keras/9,keras,9,1,8,0,21380,980,0.0019,8.49
1.0,1,1.0,1.0,temporal_cochange,gpt_oss_120b,10.444153492313001,34343,keras/9,keras,9,2,5,0,17200,1980,0.002643,17.92
1.0,1,1.0,1.0,temporal_cochange,gpt_oss_120b,10.444153492313001,34343,keras/9,keras,9,3,10,0,32115,1662,0.003114,29.88
0.0,0,0.0,0.0,temporal_cochange,gpt_oss_120b,9.61953186182516,15056,localstack/19,localstack,19,1,14,0,24851,2711,0.00284,19.09
0.0,0,0.0,0.0,temporal_cochange,gpt_oss_120b,9.61953186182516,15056,localstack/19,localstack,19,2,10,0,17308,1604,0.002169,17.21
0.0,0,0.0,0.0,temporal_cochange,gpt_oss_120b,9.61953186182516,15056,localstack/19,localstack,19,3,18,0,46728,3070,0.004199,31.03
1.0,1,1.0,1.0,temporal_cochange,gpt_oss_120b,10.563155506021905,38683,localstack/2,localstack,2,1,11,0,95039,2659,0.007286,25.17
1.0,1,1.0,1.0,temporal_cochange,gpt_oss_120b,10.563155506021905,38683,localstack/2,localstack,2,2,19,0,184776,4861,0.011432,62.16
1.0,1,1.0,1.0,temporal_cochange,gpt_oss_120b,10.563155506021905,38683,localstack/2,localstack,2,3,9,0,71478,1507,0.004797,30.32
1.0,1,1.0,1.0,temporal_cochange,gpt_oss_120b,9.860214640302662,19153,localstack/9,localstack,9,1,7,0,29103,1853,0.002696,14.78
1.0,1,1.0,1.0,temporal_cochange,gpt_oss_120b,9.860214640302662,19153,localstack/9,localstack,9,2,9,0,36974,3913,0.004821,35.54
1.0,1,1.0,1.0,temporal_cochange,gpt_oss_120b,9.860214640302662,19153,localstack/9,localstack,9,3,8,0,28498,2446,0.002714,25.93
0.8,1,0.6667,1.0,temporal_cochange,gpt_oss_120b,11.189312196300184,72353,pandas/26,pandas,26,1,30,1,311055,5291,0.015235,63.29
0.8,1,0.6667,1.0,temporal_cochange,gpt_oss_120b,11.189312196300184,72353,pandas/26,pandas,26,2,30,0,267599,6836,0.013445,72.97
1.0,1,1.0,1.0,temporal_cochange,gpt_oss_120b,11.189312196300184,72353,pandas/26,pandas,26,3,15,0,118731,6845,0.010175,66.67
0.0,0,0.0,0.0,temporal_cochange,gpt_oss_120b,11.270446177349276,78468,pandas/35,pandas,35,1,18,0,248864,6861,0.014886,88.04
0.0,0,0.0,0.0,temporal_cochange,gpt_oss_120b,11.270446177349276,78468,pandas/35,pandas,35,2,17,0,193370,5710,0.014174,67.7
0.0,0,0.0,0.0,temporal_cochange,gpt_oss_120b,11.270446177349276,78468,pandas/35,pandas,35,3,14,0,173017,4098,0.012504,50.15
0.6667,0,1.0,0.5,temporal_cochange,gpt_oss_120b,12.08721590866289,177587,pandas/38,pandas,38,1,8,0,68294,1611,0.006134,15.5
0.6667,0,1.0,0.5,temporal_cochange,gpt_oss_120b,12.08721590866289,177587,pandas/38,pandas,38,2,4,0,30494,1119,0.003057,16.17
0.6667,0,1.0,0.5,temporal_cochange,gpt_oss_120b,12.08721590866289,177587,pandas/38,pandas,38,3,9,0,78457,3675,0.00717,30.13
0.0,0,0.0,0.0,temporal_cochange,gpt_oss_120b,10.883015959814806,53264,pandas/44,pandas,44,1,5,0,18485,1782,0.002483,11.4
0.0,0,0.0,0.0,temporal_cochange,gpt_oss_120b,10.883015959814806,53264,pandas/44,pandas,44,2,3,0,5652,913,0.000781,5.88
0.0,0,0.0,0.0,temporal_cochange,gpt_oss_120b,10.883015959814806,53264,pandas/44,pandas,44,3,4,0,9347,1228,0.001242,9.69
0.8,0,1.0,0.6667,temporal_cochange,gpt_oss_120b,9.346705246496699,11461,requests/12,requests,12,1,9,0,26935,1446,0.003148,12.78
0.5,0,1.0,0.3333,temporal_cochange,gpt_oss_120b,9.346705246496699,11461,requests/12,requests,12,2,13,0,53812,3266,0.005258,23.3
0.0,0,0.0,0.0,temporal_cochange,gpt_oss_120b,9.346705246496699,11461,requests/12,requests,12,3,16,0,79578,2126,0.005585,26.53
1.0,1,1.0,1.0,temporal_cochange,gpt_oss_120b,9.348274558065496,11479,requests/13,requests,13,1,8,0,28377,2801,0.00355,25.76
1.0,1,1.0,1.0,temporal_cochange,gpt_oss_120b,9.348274558065496,11479,requests/13,requests,13,2,9,0,47255,3100,0.004992,38.67
1.0,1,1.0,1.0,temporal_cochange,gpt_oss_120b,9.348274558065496,11479,requests/13,requests,13,3,10,0,48504,3535,0.004929,47.73
1.0,1,1.0,1.0,temporal_cochange,gpt_oss_120b,7.958576903813898,2860,requests/7,requests,7,1,10,0,28362,5131,0.004483,35.08
1.0,1,1.0,1.0,temporal_cochange,gpt_oss_120b,7.958576903813898,2860,requests/7,requests,7,2,4,0,10051,833,0.001121,10.3
1.0,1,1.0,1.0,temporal_cochange,gpt_oss_120b,7.958576903813898,2860,requests/7,requests,7,3,7,0,16857,2293,0.00213,21.48
1.0,1,1.0,1.0,temporal_cochange,gpt_oss_120b,10.031000872835088,22720,rich/1,rich,1,1,5,0,12822,826,0.001232,8.55
1.0,1,1.0,1.0,temporal_cochange,gpt_oss_120b,10.031000872835088,22720,rich/1,rich,1,2,9,0,34560,1569,0.002999,19.81
1.0,1,1.0,1.0,temporal_cochange,gpt_oss_120b,10.031000872835088,22720,rich/1,rich,1,3,8,0,36321,1313,0.003023,21.93
0.0,0,0.0,0.0,temporal_cochange,gpt_oss_120b,10.051648903516648,23194,rich/12,rich,12,1,9,0,39090,2284,0.0042,18.04
0.0,0,0.0,0.0,temporal_cochange,gpt_oss_120b,10.051648903516648,23194,rich/12,rich,12,2,10,0,55105,2334,0.004978,30.8
0.0,0,0.0,0.0,temporal_cochange,gpt_oss_120b,10.051648903516648,23194,rich/12,rich,12,3,11,0,60007,2340,0.005303,30.22
1.0,1,1.0,1.0,temporal_cochange,gpt_oss_120b,10.039939675671627,22924,rich/8,rich,8,1,8,0,50194,1589,0.004079,13.5
1.0,1,1.0,1.0,temporal_cochange,gpt_oss_120b,10.039939675671627,22924,rich/8,rich,8,2,8,0,47099,1846,0.004679,19.96
1.0,1,1.0,1.0,temporal_cochange,gpt_oss_120b,10.039939675671627,22924,rich/8,rich,8,3,8,0,33569,896,0.00331,9.29
0.6667,0,1.0,0.5,temporal_cochange,gpt_oss_120b,11.620954417182327,111408,scikit-learn/45,scikit-learn,45,1,19,0,137541,4495,0.009145,34.74
0.6667,0,1.0,0.5,temporal_cochange,gpt_oss_120b,11.620954417182327,111408,scikit-learn/45,scikit-learn,45,2,9,0,43923,1353,0.004058,35.27
0.6667,0,1.0,0.5,temporal_cochange,gpt_oss_120b,11.620954417182327,111408,scikit-learn/45,scikit-learn,45,3,5,0,19275,717,0.002302,19.28
1.0,1,1.0,1.0,temporal_cochange,gpt_oss_120b,11.55076060327325,103856,scikit-learn/49,scikit-learn,49,1,7,0,42926,1881,0.005322,19.04
0.0,0,0.0,0.0,temporal_cochange,gpt_oss_120b,11.55076060327325,103856,scikit-learn/49,scikit-learn,49,2,12,0,145380,2248,0.010392,26.22
1.0,1,1.0,1.0,temporal_cochange,gpt_oss_120b,11.55076060327325,103856,scikit-learn/49,scikit-learn,49,3,14,0,144339,2211,0.010932,32.83
1.0,1,1.0,1.0,temporal_cochange,gpt_oss_120b,11.525654110946952,101281,scikit-learn/5,scikit-learn,5,1,4,0,21137,2819,0.003595,19.29
1.0,1,1.0,1.0,temporal_cochange,gpt_oss_120b,11.525654110946952,101281,scikit-learn/5,scikit-learn,5,2,6,0,23716,2904,0.003724,26.3
1.0,1,1.0,1.0,temporal_cochange,gpt_oss_120b,11.525654110946952,101281,scikit-learn/5,scikit-learn,5,3,8,0,51715,3838,0.006833,46.88
1.0,1,1.0,1.0,temporal_cochange,gpt_oss_120b,9.796458979777604,17970,scrapy/20,scrapy,20,1,9,0,58158,2297,0.004552,19.53
1.0,1,1.0,1.0,temporal_cochange,gpt_oss_120b,9.796458979777604,17970,scrapy/20,scrapy,20,2,5,0,25721,529,0.002534,9.63
1.0,1,1.0,1.0,temporal_cochange,gpt_oss_120b,9.796458979777604,17970,scrapy/20,scrapy,20,3,6,0,32281,941,0.003311,16.91
1.0,1,1.0,1.0,temporal_cochange,gpt_oss_120b,9.655026193237628,15600,scrapy/26,scrapy,26,1,15,0,83397,2753,0.0068,23.91
1.0,1,1.0,1.0,temporal_cochange,gpt_oss_120b,9.655026193237628,15600,scrapy/26,scrapy,26,2,8,0,38411,1500,0.004817,14.32
1.0,1,1.0,1.0,temporal_cochange,gpt_oss_120b,9.655026193237628,15600,scrapy/26,scrapy,26,3,10,0,66132,2031,0.006378,20.32
0.0,0,0.0,0.0,temporal_cochange,gpt_oss_120b,9.73477299914839,16895,scrapy/48,scrapy,48,1,28,0,127273,3876,0.006891,43.02
0.0,0,0.0,0.0,temporal_cochange,gpt_oss_120b,9.73477299914839,16895,scrapy/48,scrapy,48,2,19,0,95495,4525,0.007091,43.24
0.0,0,0.0,0.0,temporal_cochange,gpt_oss_120b,9.73477299914839,16895,scrapy/48,scrapy,48,3,14,0,52919,2132,0.004275,22.03
1.0,1,1.0,1.0,temporal_cochange,gpt_oss_120b,9.961803629358965,21201,stable-diffusion-webui/0,stable-diffusion-webui,0,1,4,0,65273,731,0.006552,7.83
1.0,1,1.0,1.0,temporal_cochange,gpt_oss_120b,9.961803629358965,21201,stable-diffusion-webui/0,stable-diffusion-webui,0,2,5,0,84219,1129,0.007599,15.56
1.0,1,1.0,1.0,temporal_cochange,gpt_oss_120b,9.961803629358965,21201,stable-diffusion-webui/0,stable-diffusion-webui,0,3,2,0,24297,283,0.002115,4.1
1.0,1,1.0,1.0,temporal_cochange,gpt_oss_120b,9.908425341565751,20099,stable-diffusion-webui/13,stable-diffusion-webui,13,1,17,0,213583,3130,0.01002,39.3
1.0,1,1.0,1.0,temporal_cochange,gpt_oss_120b,9.908425341565751,20099,stable-diffusion-webui/13,stable-diffusion-webui,13,2,27,0,379910,4384,0.016667,51.61
1.0,1,1.0,1.0,temporal_cochange,gpt_oss_120b,9.908425341565751,20099,stable-diffusion-webui/13,stable-diffusion-webui,13,3,16,0,213882,2945,0.012683,33.71
0.6667,0,1.0,0.5,temporal_cochange,gpt_oss_120b,10.028797743501574,22670,stable-diffusion-webui/5,stable-diffusion-webui,5,1,29,0,205179,5170,0.00986,58.57
0.6667,0,1.0,0.5,temporal_cochange,gpt_oss_120b,10.028797743501574,22670,stable-diffusion-webui/5,stable-diffusion-webui,5,2,21,0,183093,4130,0.010485,54.56
0.6667,0,1.0,0.5,temporal_cochange,gpt_oss_120b,10.028797743501574,22670,stable-diffusion-webui/5,stable-diffusion-webui,5,3,28,0,304520,6725,0.015645,115.98
0.0,0,0.0,0.0,temporal_cochange,gpt_oss_120b,8.483636407887394,4835,thefuck/10,thefuck,10,1,10,0,50140,2729,0.004293,33.72
0.0,0,0.0,0.0,temporal_cochange,gpt_oss_120b,8.483636407887394,4835,thefuck/10,thefuck,10,2,4,0,7748,1342,0.001419,15.61
0.0,0,0.0,0.0,temporal_cochange,gpt_oss_120b,8.483636407887394,4835,thefuck/10,thefuck,10,3,19,0,69707,10796,0.009174,97.21
0.0,0,0.0,0.0,temporal_cochange,gpt_oss_120b,8.270781013162674,3908,thefuck/20,thefuck,20,1,15,0,50044,5238,0.005226,40.01
0.0,0,0.0,0.0,temporal_cochange,gpt_oss_120b,8.270781013162674,3908,thefuck/20,thefuck,20,2,14,0,57179,3779,0.005936,39.64
0.0,0,0.0,0.0,temporal_cochange,gpt_oss_120b,8.270781013162674,3908,thefuck/20,thefuck,20,3,6,0,11978,1585,0.001893,11.07
1.0,1,1.0,1.0,temporal_cochange,gpt_oss_120b,7.822845290279774,2497,thefuck/5,thefuck,5,1,8,0,25077,2726,0.003389,25.48
1.0,1,1.0,1.0,temporal_cochange,gpt_oss_120b,7.822845290279774,2497,thefuck/5,thefuck,5,2,9,0,19709,2454,0.002541,16.49
1.0,1,1.0,1.0,temporal_cochange,gpt_oss_120b,7.822845290279774,2497,thefuck/5,thefuck,5,3,5,0,10094,1178,0.001438,9.03
1.0,1,1.0,1.0,temporal_cochange,gpt_oss_120b,12.430331574579306,250279,transformers/25,transformers,25,1,5,0,11921,1140,0.001448,9.46
1.0,1,1.0,1.0,temporal_cochange,gpt_oss_120b,12.430331574579306,250279,transformers/25,transformers,25,2,7,0,69563,2364,0.005251,25.74
1.0,1,1.0,1.0,temporal_cochange,gpt_oss_120b,12.430331574579306,250279,transformers/25,transformers,25,3,6,0,13842,1184,0.001601,26.07
0.1429,0,0.5,0.0833,temporal_cochange,gpt_oss_120b,12.407424472605875,244611,transformers/27,transformers,27,1,7,0,50279,1655,0.005727,15.71
0.1429,0,0.5,0.0833,temporal_cochange,gpt_oss_120b,12.407424472605875,244611,transformers/27,transformers,27,2,5,0,29942,881,0.003217,7.08
0.1538,0,1.0,0.0833,temporal_cochange,gpt_oss_120b,12.407424472605875,244611,transformers/27,transformers,27,3,6,0,44110,1349,0.005039,14.1
0.5714,0,1.0,0.4,temporal_cochange,gpt_oss_120b,11.587420505060633,107734,transformers/5,transformers,5,1,14,0,102044,3084,0.006677,33.77
0.5714,0,1.0,0.4,temporal_cochange,gpt_oss_120b,11.587420505060633,107734,transformers/5,transformers,5,2,16,0,239800,5147,0.014092,63.64
0.5714,0,1.0,0.4,temporal_cochange,gpt_oss_120b,11.587420505060633,107734,transformers/5,transformers,5,3,13,0,152551,2826,0.009494,55.48
1.0,1,1.0,1.0,temporal_cochange,gpt_oss_120b,12.095096391086711,178992,yt-dlp/23,yt-dlp,23,1,3,0,8317,569,0.001025,5.41
1.0,1,1.0,1.0,temporal_cochange,gpt_oss_120b,12.095096391086711,178992,yt-dlp/23,yt-dlp,23,2,5,0,19412,1605,0.002079,12.7
1.0,1,1.0,1.0,temporal_cochange,gpt_oss_120b,12.095096391086711,178992,yt-dlp/23,yt-dlp,23,3,3,0,9300,549,0.00082,5.99
0.0,0,0.0,0.0,temporal_cochange,gpt_oss_120b,12.1489730534896,188900,yt-dlp/41,yt-dlp,41,1,16,0,139821,10731,0.011884,87.17
0.0,0,0.0,0.0,temporal_cochange,gpt_oss_120b,12.1489730534896,188900,yt-dlp/41,yt-dlp,41,2,1,0,9632,356,0.001475,4.32
0.0,0,0.0,0.0,temporal_cochange,gpt_oss_120b,12.1489730534896,188900,yt-dlp/41,yt-dlp,41,3,11,0,103160,6234,0.007664,49.29
0.0,0,0.0,0.0,temporal_cochange,gpt_oss_120b,12.198660241414718,198523,yt-dlp/45,yt-dlp,45,1,8,0,94654,2242,0.007825,27.48
0.6667,0,1.0,0.5,temporal_cochange,gpt_oss_120b,12.198660241414718,198523,yt-dlp/45,yt-dlp,45,2,9,0,102378,2486,0.00902,26.68
0.6667,0,1.0,0.5,temporal_cochange,gpt_oss_120b,12.198660241414718,198523,yt-dlp/45,yt-dlp,45,3,13,0,159099,3786,0.010164,41.68
1.0,1,1.0,1.0,temporal_cochange,deepseek_flash,12.068688124847148,174327,core/16,core,16,1,16,0,235502,8893,0.005922,91.6
1.0,1,1.0,1.0,temporal_cochange,deepseek_flash,12.068688124847148,174327,core/16,core,16,2,10,0,48876,2780,0.001808,29.04
1.0,1,1.0,1.0,temporal_cochange,deepseek_flash,12.068688124847148,174327,core/16,core,16,3,9,0,49031,3349,0.002727,31.86
1.0,1,1.0,1.0,temporal_cochange,deepseek_flash,11.506545154005941,99364,core/20,core,20,1,13,0,129518,4927,0.003145,42.49
1.0,1,1.0,1.0,temporal_cochange,deepseek_flash,11.506545154005941,99364,core/20,core,20,2,6,0,42019,2412,0.001641,24.56
1.0,1,1.0,1.0,temporal_cochange,deepseek_flash,11.506545154005941,99364,core/20,core,20,3,19,0,256114,5938,0.004995,70.68
0.0,0,0.0,0.0,temporal_cochange,deepseek_flash,8.579980179515003,5324,fastapi/17,fastapi,17,1,30,1,1020036,24396,0.018697,232.16
0.0,0,0.0,0.0,temporal_cochange,deepseek_flash,8.579980179515003,5324,fastapi/17,fastapi,17,2,30,1,401461,10841,0.007943,119.47
0.0,0,0.0,0.0,temporal_cochange,deepseek_flash,8.579980179515003,5324,fastapi/17,fastapi,17,3,30,1,943827,26955,0.020826,237.45
0.5,1,0.3333,1.0,temporal_cochange,deepseek_flash,8.518991573357617,5009,fastapi/20,fastapi,20,1,30,1,789865,7576,0.013198,108.41
0.0,0,0.0,0.0,temporal_cochange,deepseek_flash,8.518991573357617,5009,fastapi/20,fastapi,20,2,30,1,595680,6987,0.010732,99.63
0.5,1,0.3333,1.0,temporal_cochange,deepseek_flash,8.518991573357617,5009,fastapi/20,fastapi,20,3,30,1,711762,8327,0.012555,99.69
0.5,0,1.0,0.3333,temporal_cochange,deepseek_flash,8.482187582217422,4828,fastapi/9,fastapi,9,1,19,0,123633,5069,0.002606,54.17
0.5,0,1.0,0.3333,temporal_cochange,deepseek_flash,8.482187582217422,4828,fastapi/9,fastapi,9,2,20,0,131699,4911,0.002638,61.23
0.5,0,1.0,0.3333,temporal_cochange,deepseek_flash,8.482187582217422,4828,fastapi/9,fastapi,9,3,19,0,264472,3760,0.003746,54.01
1.0,1,1.0,1.0,temporal_cochange,deepseek_flash,8.808369153122275,6690,flask/18,flask,18,1,25,0,149509,4940,0.003102,55.94
0.6667,0,1.0,0.5,temporal_cochange,deepseek_flash,8.808369153122275,6690,flask/18,flask,18,2,15,0,175583,4413,0.003672,50.7
0.6667,0,1.0,0.5,temporal_cochange,deepseek_flash,8.808369153122275,6690,flask/18,flask,18,3,9,0,75372,2564,0.00263,28.94
0.0,0,0.0,0.0,temporal_cochange,deepseek_flash,8.899457906353966,7328,flask/3,flask,3,1,30,1,210036,6489,0.004844,76.79
1.0,1,1.0,1.0,temporal_cochange,deepseek_flash,8.899457906353966,7328,flask/3,flask,3,2,30,1,227553,12231,0.006323,131.22
1.0,1,1.0,1.0,temporal_cochange,deepseek_flash,8.899457906353966,7328,flask/3,flask,3,3,30,0,216194,7399,0.005066,87.48
1.0,1,1.0,1.0,temporal_cochange,deepseek_flash,8.827468112520654,6819,flask/6,flask,6,1,13,0,73413,3869,0.001878,36.74
1.0,1,1.0,1.0,temporal_cochange,deepseek_flash,8.827468112520654,6819,flask/6,flask,6,2,9,0,42468,4324,0.001853,42.6
1.0,1,1.0,1.0,temporal_cochange,deepseek_flash,8.827468112520654,6819,flask/6,flask,6,3,10,0,51917,5106,0.00206,44.56
0.5,1,0.3333,1.0,temporal_cochange,deepseek_flash,8.341410211461865,4194,gpt-engineer/11,gpt-engineer,11,1,9,0,72535,3131,0.003041,33.99
0.5,1,0.3333,1.0,temporal_cochange,deepseek_flash,8.341410211461865,4194,gpt-engineer/11,gpt-engineer,11,2,9,0,84021,3771,0.003265,34.85
0.6667,1,0.5,1.0,temporal_cochange,deepseek_flash,8.341410211461865,4194,gpt-engineer/11,gpt-engineer,11,3,20,0,213042,5092,0.003891,67.97
0.6667,0,1.0,0.5,temporal_cochange,deepseek_flash,8.029432840581244,3070,gpt-engineer/12,gpt-engineer,12,1,17,0,186165,9476,0.004797,82.47
0.6667,0,1.0,0.5,temporal_cochange,deepseek_flash,8.029432840581244,3070,gpt-engineer/12,gpt-engineer,12,2,14,0,128048,6049,0.003657,62.42
0.4,0,1.0,0.25,temporal_cochange,deepseek_flash,8.029432840581244,3070,gpt-engineer/12,gpt-engineer,12,3,19,0,179101,6183,0.003729,68.73
0.5,1,0.3333,1.0,temporal_cochange,deepseek_flash,8.36380888451688,4289,gpt-engineer/9,gpt-engineer,9,1,30,1,564888,25091,0.01358,230.96
0.0,0,0.0,0.0,temporal_cochange,deepseek_flash,8.36380888451688,4289,gpt-engineer/9,gpt-engineer,9,2,29,0,515062,22661,0.012457,231.44
0.0,0,0.0,0.0,temporal_cochange,deepseek_flash,8.36380888451688,4289,gpt-engineer/9,gpt-engineer,9,3,30,1,543569,19233,0.011326,182.69
0.0,0,0.0,0.0,temporal_cochange,deepseek_flash,10.196231790580173,26802,keras/12,keras,12,1,16,0,119057,4053,0.002717,46.03
0.0,0,0.0,0.0,temporal_cochange,deepseek_flash,10.196231790580173,26802,keras/12,keras,12,2,18,0,142643,5167,0.003522,63.89
0.2857,0,0.5,0.2,temporal_cochange,deepseek_flash,10.196231790580173,26802,keras/12,keras,12,3,22,0,345169,7649,0.006087,88.17
0.0,0,0.0,0.0,temporal_cochange,deepseek_flash,10.349134450277123,31230,keras/5,keras,5,1,30,1,865007,18211,0.017002,171.14
0.0,0,0.0,0.0,temporal_cochange,deepseek_flash,10.349134450277123,31230,keras/5,keras,5,2,30,1,555603,10675,0.01079,124.51
0.0,0,0.0,0.0,temporal_cochange,deepseek_flash,10.349134450277123,31230,keras/5,keras,5,3,30,1,636051,25512,0.015741,233.18
1.0,1,1.0,1.0,temporal_cochange,deepseek_flash,10.444153492313001,34343,keras/9,keras,9,1,14,0,195798,11905,0.005614,112.65
1.0,1,1.0,1.0,temporal_cochange,deepseek_flash,10.444153492313001,34343,keras/9,keras,9,2,13,0,164479,7858,0.004715,79.7
1.0,1,1.0,1.0,temporal_cochange,deepseek_flash,10.444153492313001,34343,keras/9,keras,9,3,9,0,96360,7450,0.00374,65.54
0.25,0,1.0,0.1429,temporal_cochange,deepseek_flash,9.61953186182516,15056,localstack/19,localstack,19,1,23,0,285810,4655,0.005684,56.48
0.25,0,1.0,0.1429,temporal_cochange,deepseek_flash,9.61953186182516,15056,localstack/19,localstack,19,2,28,0,312792,5767,0.007104,72.95
0.0,0,0.0,0.0,temporal_cochange,deepseek_flash,9.61953186182516,15056,localstack/19,localstack,19,3,11,0,82179,1970,0.003153,24.61
0.0,0,0.0,0.0,temporal_cochange,deepseek_flash,10.563155506021905,38683,localstack/2,localstack,2,1,30,1,630515,7961,0.011492,87.92
0.0,0,0.0,0.0,temporal_cochange,deepseek_flash,10.563155506021905,38683,localstack/2,localstack,2,2,30,1,710855,9030,0.013063,101.29
0.0,0,0.0,0.0,temporal_cochange,deepseek_flash,10.563155506021905,38683,localstack/2,localstack,2,3,30,1,615649,9588,0.011025,110.47
0.0,0,0.0,0.0,temporal_cochange,deepseek_flash,9.860214640302662,19153,localstack/9,localstack,9,1,30,1,502878,29974,0.014626,222.21
1.0,1,1.0,1.0,temporal_cochange,deepseek_flash,9.860214640302662,19153,localstack/9,localstack,9,2,29,0,323905,17440,0.009083,142.33
1.0,1,1.0,1.0,temporal_cochange,deepseek_flash,9.860214640302662,19153,localstack/9,localstack,9,3,30,1,373408,29471,0.012428,235.83
0.0,0,0.0,0.0,temporal_cochange,deepseek_flash,11.189312196300184,72353,pandas/26,pandas,26,1,30,1,295271,3782,0.005377,50.89
0.0,0,0.0,0.0,temporal_cochange,deepseek_flash,11.189312196300184,72353,pandas/26,pandas,26,2,30,1,332460,3428,0.006621,56.74
0.0,0,0.0,0.0,temporal_cochange,deepseek_flash,11.189312196300184,72353,pandas/26,pandas,26,3,30,1,269273,3337,0.00516,51.69
0.0,0,0.0,0.0,temporal_cochange,deepseek_flash,11.270446177349276,78468,pandas/35,pandas,35,1,30,1,489902,7362,0.00934,86.14
0.0,0,0.0,0.0,temporal_cochange,deepseek_flash,11.270446177349276,78468,pandas/35,pandas,35,2,30,1,387632,6849,0.007383,82.6
0.0,0,0.0,0.0,temporal_cochange,deepseek_flash,11.270446177349276,78468,pandas/35,pandas,35,3,30,1,211374,4561,0.005019,58.52
0.5,0,0.5,0.5,temporal_cochange,deepseek_flash,12.08721590866289,177587,pandas/38,pandas,38,1,21,0,301631,7378,0.005237,73.82
0.0,0,0.0,0.0,temporal_cochange,deepseek_flash,12.08721590866289,177587,pandas/38,pandas,38,2,30,1,591519,8024,0.009931,97.71
0.5,0,0.5,0.5,temporal_cochange,deepseek_flash,12.08721590866289,177587,pandas/38,pandas,38,3,30,1,509083,7744,0.009305,90.75
0.0,0,0.0,0.0,temporal_cochange,deepseek_flash,10.883015959814806,53264,pandas/44,pandas,44,1,30,1,262094,7782,0.005769,101.91
0.0,0,0.0,0.0,temporal_cochange,deepseek_flash,10.883015959814806,53264,pandas/44,pandas,44,2,30,1,312306,9794,0.007233,102.6
0.5,0,0.5,0.5,temporal_cochange,deepseek_flash,10.883015959814806,53264,pandas/44,pandas,44,3,30,1,227966,9865,0.005402,116.02
0.8,0,1.0,0.6667,temporal_cochange,deepseek_flash,9.346705246496699,11461,requests/12,requests,12,1,18,0,253955,5132,0.00487,51.54
1.0,1,1.0,1.0,temporal_cochange,deepseek_flash,9.346705246496699,11461,requests/12,requests,12,2,14,0,107926,3536,0.002542,40.55
0.8,0,1.0,0.6667,temporal_cochange,deepseek_flash,9.346705246496699,11461,requests/12,requests,12,3,15,0,232589,4824,0.004656,54.57
1.0,1,1.0,1.0,temporal_cochange,deepseek_flash,9.348274558065496,11479,requests/13,requests,13,1,12,0,177414,10219,0.005431,103.62
1.0,1,1.0,1.0,temporal_cochange,deepseek_flash,9.348274558065496,11479,requests/13,requests,13,2,18,0,330019,17157,0.008437,146.91
1.0,1,1.0,1.0,temporal_cochange,deepseek_flash,9.348274558065496,11479,requests/13,requests,13,3,12,0,186658,4899,0.004762,48.54
1.0,1,1.0,1.0,temporal_cochange,deepseek_flash,7.958576903813898,2860,requests/7,requests,7,1,10,0,59433,6637,0.002663,60.5
1.0,1,1.0,1.0,temporal_cochange,deepseek_flash,7.958576903813898,2860,requests/7,requests,7,2,10,0,57123,6837,0.002694,60.68
1.0,1,1.0,1.0,temporal_cochange,deepseek_flash,7.958576903813898,2860,requests/7,requests,7,3,9,0,49526,5693,0.002188,54.88
1.0,1,1.0,1.0,temporal_cochange,deepseek_flash,10.031000872835088,22720,rich/1,rich,1,1,6,0,22567,1509,0.000913,15.65
1.0,1,1.0,1.0,temporal_cochange,deepseek_flash,10.031000872835088,22720,rich/1,rich,1,2,6,0,24466,2716,0.001183,25.69
1.0,1,1.0,1.0,temporal_cochange,deepseek_flash,10.031000872835088,22720,rich/1,rich,1,3,8,0,35678,3209,0.001485,35.34
0.4,0,1.0,0.25,temporal_cochange,deepseek_flash,10.051648903516648,23194,rich/12,rich,12,1,23,0,533898,12748,0.008754,123.28
0.4,0,1.0,0.25,temporal_cochange,deepseek_flash,10.051648903516648,23194,rich/12,rich,12,2,30,1,891246,24979,0.018145,230.36
0.0,0,0.0,0.0,temporal_cochange,deepseek_flash,10.051648903516648,23194,rich/12,rich,12,3,30,1,991016,43974,0.023839,410.9
1.0,1,1.0,1.0,temporal_cochange,deepseek_flash,10.039939675671627,22924,rich/8,rich,8,1,9,0,68934,2542,0.002056,26.45
1.0,1,1.0,1.0,temporal_cochange,deepseek_flash,10.039939675671627,22924,rich/8,rich,8,2,12,0,94133,2496,0.002111,29.58
1.0,1,1.0,1.0,temporal_cochange,deepseek_flash,10.039939675671627,22924,rich/8,rich,8,3,8,0,56181,1255,0.001578,17.76
0.6667,0,1.0,0.5,temporal_cochange,deepseek_flash,11.620954417182327,111408,scikit-learn/45,scikit-learn,45,1,23,0,100725,3073,0.001738,39.07
0.6667,0,1.0,0.5,temporal_cochange,deepseek_flash,11.620954417182327,111408,scikit-learn/45,scikit-learn,45,2,16,0,158240,3306,0.003164,38.71
0.6667,0,1.0,0.5,temporal_cochange,deepseek_flash,11.620954417182327,111408,scikit-learn/45,scikit-learn,45,3,23,0,122714,2462,0.002117,39.81
1.0,1,1.0,1.0,temporal_cochange,deepseek_flash,11.55076060327325,103856,scikit-learn/49,scikit-learn,49,1,22,0,313059,4848,0.004794,50.74
1.0,1,1.0,1.0,temporal_cochange,deepseek_flash,11.55076060327325,103856,scikit-learn/49,scikit-learn,49,2,15,0,279615,3705,0.005183,39.22
1.0,1,1.0,1.0,temporal_cochange,deepseek_flash,11.55076060327325,103856,scikit-learn/49,scikit-learn,49,3,14,0,244664,4285,0.004931,47.71
1.0,1,1.0,1.0,temporal_cochange,deepseek_flash,11.525654110946952,101281,scikit-learn/5,scikit-learn,5,1,14,0,297443,36096,0.012604,314.63
1.0,1,1.0,1.0,temporal_cochange,deepseek_flash,11.525654110946952,101281,scikit-learn/5,scikit-learn,5,2,20,0,766924,58952,0.021141,550.86
1.0,1,1.0,1.0,temporal_cochange,deepseek_flash,11.525654110946952,101281,scikit-learn/5,scikit-learn,5,3,12,0,306909,39975,0.013769,366.41
1.0,1,1.0,1.0,temporal_cochange,deepseek_flash,9.796458979777604,17970,scrapy/20,scrapy,20,1,4,0,18465,945,0.001216,8.77
1.0,1,1.0,1.0,temporal_cochange,deepseek_flash,9.796458979777604,17970,scrapy/20,scrapy,20,2,6,0,36546,1679,0.001547,17.31
1.0,1,1.0,1.0,temporal_cochange,deepseek_flash,9.796458979777604,17970,scrapy/20,scrapy,20,3,5,0,26945,1229,0.001342,58.12
0.6667,1,0.5,1.0,temporal_cochange,deepseek_flash,9.655026193237628,15600,scrapy/26,scrapy,26,1,14,0,142800,2462,0.003137,30.68
0.6667,1,0.5,1.0,temporal_cochange,deepseek_flash,9.655026193237628,15600,scrapy/26,scrapy,26,2,14,0,223864,2793,0.005236,35.23
0.6667,1,0.5,1.0,temporal_cochange,deepseek_flash,9.655026193237628,15600,scrapy/26,scrapy,26,3,22,0,285612,5790,0.004991,65.7
0.0,0,0.0,0.0,temporal_cochange,deepseek_flash,9.73477299914839,16895,scrapy/48,scrapy,48,1,30,1,312962,7110,0.006573,81.94
0.0,0,0.0,0.0,temporal_cochange,deepseek_flash,9.73477299914839,16895,scrapy/48,scrapy,48,2,30,1,259477,5708,0.00519,81.53
0.6667,0,1.0,0.5,temporal_cochange,deepseek_flash,9.73477299914839,16895,scrapy/48,scrapy,48,3,30,1,316196,8785,0.007143,93.2
1.0,1,1.0,1.0,temporal_cochange,deepseek_flash,9.961803629358965,21201,stable-diffusion-webui/0,stable-diffusion-webui,0,1,3,0,51784,1341,0.002901,12.61
1.0,1,1.0,1.0,temporal_cochange,deepseek_flash,9.961803629358965,21201,stable-diffusion-webui/0,stable-diffusion-webui,0,2,9,0,180292,2776,0.00433,32.74
1.0,1,1.0,1.0,temporal_cochange,deepseek_flash,9.961803629358965,21201,stable-diffusion-webui/0,stable-diffusion-webui,0,3,12,0,227696,2223,0.003822,27.88
0.6667,1,0.5,1.0,temporal_cochange,deepseek_flash,9.908425341565751,20099,stable-diffusion-webui/13,stable-diffusion-webui,13,1,24,0,603093,16424,0.009425,176.94
1.0,1,1.0,1.0,temporal_cochange,deepseek_flash,9.908425341565751,20099,stable-diffusion-webui/13,stable-diffusion-webui,13,2,26,0,1225535,22273,0.023129,206.02
0.0,0,0.0,0.0,temporal_cochange,deepseek_flash,9.908425341565751,20099,stable-diffusion-webui/13,stable-diffusion-webui,13,3,27,0,1399338,23336,0.024964,199.85
0.6667,0,1.0,0.5,temporal_cochange,deepseek_flash,10.028797743501574,22670,stable-diffusion-webui/5,stable-diffusion-webui,5,1,22,0,477515,20964,0.010554,159.99
0.6667,0,1.0,0.5,temporal_cochange,deepseek_flash,10.028797743501574,22670,stable-diffusion-webui/5,stable-diffusion-webui,5,2,17,0,218659,13743,0.006695,101.87
0.6667,0,1.0,0.5,temporal_cochange,deepseek_flash,10.028797743501574,22670,stable-diffusion-webui/5,stable-diffusion-webui,5,3,27,0,660298,25260,0.018081,221.84
0.4,0,0.5,0.3333,temporal_cochange,deepseek_flash,8.483636407887394,4835,thefuck/10,thefuck,10,1,27,0,452785,21068,0.012407,206.58
0.4,0,0.5,0.3333,temporal_cochange,deepseek_flash,8.483636407887394,4835,thefuck/10,thefuck,10,2,30,0,493618,27619,0.016709,233.0
0.5,0,1.0,0.3333,temporal_cochange,deepseek_flash,8.483636407887394,4835,thefuck/10,thefuck,10,3,30,0,951397,31556,0.022893,258.38
0.0,0,0.0,0.0,temporal_cochange,deepseek_flash,8.270781013162674,3908,thefuck/20,thefuck,20,1,16,0,103916,4519,0.002836,45.02
0.0,0,0.0,0.0,temporal_cochange,deepseek_flash,8.270781013162674,3908,thefuck/20,thefuck,20,2,13,0,72801,5454,0.002605,51.41
0.0,0,0.0,0.0,temporal_cochange,deepseek_flash,8.270781013162674,3908,thefuck/20,thefuck,20,3,12,0,46083,2056,0.001302,25.35
1.0,1,1.0,1.0,temporal_cochange,deepseek_flash,7.822845290279774,2497,thefuck/5,thefuck,5,1,10,0,60835,5052,0.002696,49.79
1.0,1,1.0,1.0,temporal_cochange,deepseek_flash,7.822845290279774,2497,thefuck/5,thefuck,5,2,16,0,76733,2249,0.001801,31.53
1.0,1,1.0,1.0,temporal_cochange,deepseek_flash,7.822845290279774,2497,thefuck/5,thefuck,5,3,13,0,104978,6259,0.002962,58.78
1.0,1,1.0,1.0,temporal_cochange,deepseek_flash,12.430331574579306,250279,transformers/25,transformers,25,1,8,0,47850,4350,0.001928,44.14
1.0,1,1.0,1.0,temporal_cochange,deepseek_flash,12.430331574579306,250279,transformers/25,transformers,25,2,6,0,31033,3146,0.001731,28.38
1.0,1,1.0,1.0,temporal_cochange,deepseek_flash,12.430331574579306,250279,transformers/25,transformers,25,3,9,0,53054,4005,0.001911,41.27
0.1538,0,1.0,0.0833,temporal_cochange,deepseek_flash,12.407424472605875,244611,transformers/27,transformers,27,1,10,0,62054,2178,0.001711,25.57
0.1538,0,1.0,0.0833,temporal_cochange,deepseek_flash,12.407424472605875,244611,transformers/27,transformers,27,2,4,0,20011,1025,0.000981,10.14
0.1538,0,1.0,0.0833,temporal_cochange,deepseek_flash,12.407424472605875,244611,transformers/27,transformers,27,3,4,0,24434,1048,0.001326,12.27
0.8889,0,1.0,0.8,temporal_cochange,deepseek_flash,11.587420505060633,107734,transformers/5,transformers,5,1,30,1,809811,8446,0.016428,99.37
0.75,0,1.0,0.6,temporal_cochange,deepseek_flash,11.587420505060633,107734,transformers/5,transformers,5,2,19,0,633738,5959,0.009837,64.11
0.8889,0,1.0,0.8,temporal_cochange,deepseek_flash,11.587420505060633,107734,transformers/5,transformers,5,3,18,0,747857,6555,0.010912,73.66
1.0,1,1.0,1.0,temporal_cochange,deepseek_flash,12.095096391086711,178992,yt-dlp/23,yt-dlp,23,1,15,0,212185,11174,0.005614,104.44
1.0,1,1.0,1.0,temporal_cochange,deepseek_flash,12.095096391086711,178992,yt-dlp/23,yt-dlp,23,2,19,0,221861,9764,0.004748,108.03
1.0,1,1.0,1.0,temporal_cochange,deepseek_flash,12.095096391086711,178992,yt-dlp/23,yt-dlp,23,3,20,0,290655,8376,0.005262,106.63
0.0,0,0.0,0.0,temporal_cochange,deepseek_flash,12.1489730534896,188900,yt-dlp/41,yt-dlp,41,1,30,1,597448,10346,0.009918,118.22
0.5,1,0.3333,1.0,temporal_cochange,deepseek_flash,12.1489730534896,188900,yt-dlp/41,yt-dlp,41,2,30,1,529295,15477,0.010823,155.72
0.0,0,0.0,0.0,temporal_cochange,deepseek_flash,12.1489730534896,188900,yt-dlp/41,yt-dlp,41,3,26,0,493659,18498,0.012176,196.21
0.0,0,0.0,0.0,temporal_cochange,deepseek_flash,12.198660241414718,198523,yt-dlp/45,yt-dlp,45,1,30,1,710609,6655,0.011082,87.05
0.0,0,0.0,0.0,temporal_cochange,deepseek_flash,12.198660241414718,198523,yt-dlp/45,yt-dlp,45,2,30,1,471423,8305,0.008369,87.74
0.0,0,0.0,0.0,temporal_cochange,deepseek_flash,12.198660241414718,198523,yt-dlp/45,yt-dlp,45,3,30,1,291378,5591,0.005725,73.01
1.0,1,1.0,1.0,temporal_cochange,nemotron_super,12.068688124847148,174327,core/16,core,16,1,5,0,13547,9147,0.00481,122.81
1.0,1,1.0,1.0,temporal_cochange,nemotron_super,12.068688124847148,174327,core/16,core,16,2,4,0,11637,5739,0.003285,76.97
1.0,1,1.0,1.0,temporal_cochange,nemotron_super,12.068688124847148,174327,core/16,core,16,3,13,0,104482,31142,0.021338,296.85
1.0,1,1.0,1.0,temporal_cochange,nemotron_super,11.506545154005941,99364,core/20,core,20,1,6,0,30562,13347,0.007937,273.22
1.0,1,1.0,1.0,temporal_cochange,nemotron_super,11.506545154005941,99364,core/20,core,20,2,3,0,13648,9694,0.005038,98.74
1.0,1,1.0,1.0,temporal_cochange,nemotron_super,11.506545154005941,99364,core/20,core,20,3,9,0,49390,18462,0.011583,169.37
0.0,0,0.0,0.0,temporal_cochange,nemotron_super,8.579980179515003,5324,fastapi/17,fastapi,17,1,7,0,49803,16738,0.010928,213.58
0.0,0,0.0,0.0,temporal_cochange,nemotron_super,8.579980179515003,5324,fastapi/17,fastapi,17,2,10,0,96649,40120,0.024263,586.62
0.0,0,0.0,0.0,temporal_cochange,nemotron_super,8.579980179515003,5324,fastapi/17,fastapi,17,3,8,0,62212,16675,0.011958,166.33
0.0,0,0.0,0.0,temporal_cochange,nemotron_super,8.518991573357617,5009,fastapi/20,fastapi,20,1,6,0,30040,12695,0.007631,452.23
0.0,0,0.0,0.0,temporal_cochange,nemotron_super,8.518991573357617,5009,fastapi/20,fastapi,20,2,7,0,16817,14650,0.007289,489.56
0.0,0,0.0,0.0,temporal_cochange,nemotron_super,8.518991573357617,5009,fastapi/20,fastapi,20,3,10,0,25659,16778,0.008892,112.69
0.5,0,1.0,0.3333,temporal_cochange,nemotron_super,8.482187582217422,4828,fastapi/9,fastapi,9,1,4,0,18544,11775,0.006286,148.67
0.5,0,1.0,0.3333,temporal_cochange,nemotron_super,8.482187582217422,4828,fastapi/9,fastapi,9,2,6,0,32475,10833,0.007094,147.21
0.5,0,1.0,0.3333,temporal_cochange,nemotron_super,8.482187582217422,4828,fastapi/9,fastapi,9,3,6,0,23967,10023,0.006046,96.92
1.0,1,1.0,1.0,temporal_cochange,nemotron_super,8.808369153122275,6690,flask/18,flask,18,1,8,0,45324,6995,0.006651,96.28
0.6667,0,1.0,0.5,temporal_cochange,nemotron_super,8.808369153122275,6690,flask/18,flask,18,2,8,0,54746,5987,0.007048,78.95
1.0,1,1.0,1.0,temporal_cochange,nemotron_super,8.808369153122275,6690,flask/18,flask,18,3,11,0,83975,23335,0.016472,383.3
1.0,1,1.0,1.0,temporal_cochange,nemotron_super,8.899457906353966,7328,flask/3,flask,3,1,11,0,27040,7761,0.005403,102.75
1.0,1,1.0,1.0,temporal_cochange,nemotron_super,8.899457906353966,7328,flask/3,flask,3,2,17,0,61645,32611,0.018284,426.94
1.0,1,1.0,1.0,temporal_cochange,nemotron_super,8.899457906353966,7328,flask/3,flask,3,3,12,0,38618,23392,0.012639,264.41
1.0,1,1.0,1.0,temporal_cochange,nemotron_super,8.827468112520654,6819,flask/6,flask,6,1,3,0,13524,4686,0.003024,72.6
1.0,1,1.0,1.0,temporal_cochange,nemotron_super,8.827468112520654,6819,flask/6,flask,6,2,8,0,63628,15516,0.011615,306.96
1.0,1,1.0,1.0,temporal_cochange,nemotron_super,8.827468112520654,6819,flask/6,flask,6,3,5,0,32897,14963,0.008781,208.23
0.0,0,0.0,0.0,temporal_cochange,nemotron_super,8.341410211461865,4194,gpt-engineer/11,gpt-engineer,11,1,9,0,31312,22695,0.01174,293.4
0.0,0,0.0,0.0,temporal_cochange,nemotron_super,8.341410211461865,4194,gpt-engineer/11,gpt-engineer,11,2,5,0,11666,10275,0.005102,115.77
0.6667,1,0.5,1.0,temporal_cochange,nemotron_super,8.341410211461865,4194,gpt-engineer/11,gpt-engineer,11,3,10,0,52260,37006,0.019245,377.17
0.4,0,1.0,0.25,temporal_cochange,nemotron_super,8.029432840581244,3070,gpt-engineer/12,gpt-engineer,12,1,13,0,62417,17280,0.012217,191.71
0.4,0,1.0,0.25,temporal_cochange,nemotron_super,8.029432840581244,3070,gpt-engineer/12,gpt-engineer,12,2,24,0,143687,25704,0.022495,581.88
0.4,0,1.0,0.25,temporal_cochange,nemotron_super,8.029432840581244,3070,gpt-engineer/12,gpt-engineer,12,3,21,0,122819,27018,0.021247,295.64
0.0,0,0.0,0.0,temporal_cochange,nemotron_super,8.36380888451688,4289,gpt-engineer/9,gpt-engineer,9,1,13,0,113178,34515,0.023426,451.76
0.6667,1,0.5,1.0,temporal_cochange,nemotron_super,8.36380888451688,4289,gpt-engineer/9,gpt-engineer,9,2,10,0,67472,16620,0.012383,261.89
0.0,0,0.0,0.0,temporal_cochange,nemotron_super,8.36380888451688,4289,gpt-engineer/9,gpt-engineer,9,3,12,0,101146,16900,0.015357,225.42
0.0,0,0.0,0.0,temporal_cochange,nemotron_super,10.196231790580173,26802,keras/12,keras,12,1,7,0,16409,16560,0.008019,231.48
0.0,0,0.0,0.0,temporal_cochange,nemotron_super,10.196231790580173,26802,keras/12,keras,12,2,6,0,13767,6775,0.00388,74.1
0.0,0,0.0,0.0,temporal_cochange,nemotron_super,10.196231790580173,26802,keras/12,keras,12,3,5,0,9724,5099,0.002866,66.74
0.0,0,0.0,0.0,temporal_cochange,nemotron_super,10.349134450277123,31230,keras/5,keras,5,1,10,0,106516,25133,0.019107,441.26
1.0,1,1.0,1.0,temporal_cochange,nemotron_super,10.349134450277123,31230,keras/5,keras,5,2,13,0,183930,45972,0.034023,572.46
0.0,0,0.0,0.0,temporal_cochange,nemotron_super,10.349134450277123,31230,keras/5,keras,5,3,16,0,236807,54153,0.04179,480.7
1.0,1,1.0,1.0,temporal_cochange,nemotron_super,10.444153492313001,34343,keras/9,keras,9,1,4,0,20711,16257,0.008263,168.71
1.0,1,1.0,1.0,temporal_cochange,nemotron_super,10.444153492313001,34343,keras/9,keras,9,2,4,0,20787,14202,0.007448,236.91
0.0,0,0.0,0.0,temporal_cochange,nemotron_super,10.444153492313001,34343,keras/9,keras,9,3,6,0,51939,29464,0.0162,404.71
0.0,0,0.0,0.0,temporal_cochange,nemotron_super,9.61953186182516,15056,localstack/19,localstack,19,1,11,0,28872,4509,0.004258,110.52
0.0,0,0.0,0.0,temporal_cochange,nemotron_super,9.61953186182516,15056,localstack/19,localstack,19,2,9,0,51905,3728,0.005903,64.23
0.0,0,0.0,0.0,temporal_cochange,nemotron_super,9.61953186182516,15056,localstack/19,localstack,19,3,9,0,34172,2941,0.004081,75.54
1.0,1,1.0,1.0,temporal_cochange,nemotron_super,10.563155506021905,38683,localstack/2,localstack,2,1,18,0,179935,24286,0.025009,394.11
1.0,1,1.0,1.0,temporal_cochange,nemotron_super,10.563155506021905,38683,localstack/2,localstack,2,2,25,0,267093,36562,0.037328,759.93
1.0,1,1.0,1.0,temporal_cochange,nemotron_super,10.563155506021905,38683,localstack/2,localstack,2,3,23,0,265702,50175,0.042655,494.86
1.0,1,1.0,1.0,temporal_cochange,nemotron_super,9.860214640302662,19153,localstack/9,localstack,9,1,11,0,132436,47159,0.030121,609.53
1.0,1,1.0,1.0,temporal_cochange,nemotron_super,9.860214640302662,19153,localstack/9,localstack,9,2,13,0,142134,62144,0.036939,545.97
1.0,1,1.0,1.0,temporal_cochange,nemotron_super,9.860214640302662,19153,localstack/9,localstack,9,3,8,0,97570,13584,0.013727,140.12
0.6667,0,1.0,0.5,temporal_cochange,nemotron_super,11.189312196300184,72353,pandas/26,pandas,26,1,30,1,347479,11433,0.034109,152.88
0.0,0,0.0,0.0,temporal_cochange,nemotron_super,11.189312196300184,72353,pandas/26,pandas,26,2,30,1,770515,11165,0.06996,205.41
0.0,0,0.0,0.0,temporal_cochange,nemotron_super,11.189312196300184,72353,pandas/26,pandas,26,3,30,1,435646,9032,0.040643,158.39
0.0,0,0.0,0.0,temporal_cochange,nemotron_super,11.270446177349276,78468,pandas/35,pandas,35,1,30,1,195101,11968,0.021371,169.52
0.0,0,0.0,0.0,temporal_cochange,nemotron_super,11.270446177349276,78468,pandas/35,pandas,35,2,30,1,315873,12603,0.03189,178.19
0.0,0,0.0,0.0,temporal_cochange,nemotron_super,11.270446177349276,78468,pandas/35,pandas,35,3,30,1,234761,10247,0.024053,163.49
0.6667,0,1.0,0.5,temporal_cochange,nemotron_super,12.08721590866289,177587,pandas/38,pandas,38,1,6,0,29276,12618,0.007536,202.11
0.6667,0,1.0,0.5,temporal_cochange,nemotron_super,12.08721590866289,177587,pandas/38,pandas,38,2,6,0,28612,9527,0.006243,130.4
0.5,0,0.5,0.5,temporal_cochange,nemotron_super,12.08721590866289,177587,pandas/38,pandas,38,3,10,0,79496,15525,0.012967,135.14
0.0,0,0.0,0.0,temporal_cochange,nemotron_super,10.883015959814806,53264,pandas/44,pandas,44,1,12,0,177980,17352,0.022069,163.56
0.0,0,0.0,0.0,temporal_cochange,nemotron_super,10.883015959814806,53264,pandas/44,pandas,44,2,17,0,76313,11704,0.011168,201.86
0.0,0,0.0,0.0,temporal_cochange,nemotron_super,10.883015959814806,53264,pandas/44,pandas,44,3,9,0,82744,10781,0.011346,102.72
0.8,0,1.0,0.6667,temporal_cochange,nemotron_super,9.346705246496699,11461,requests/12,requests,12,1,12,0,67717,22060,0.01458,266.15
0.8,0,1.0,0.6667,temporal_cochange,nemotron_super,9.346705246496699,11461,requests/12,requests,12,2,7,0,24089,6232,0.00454,86.86
0.8,0,1.0,0.6667,temporal_cochange,nemotron_super,9.346705246496699,11461,requests/12,requests,12,3,6,0,21880,5054,0.003881,71.87
1.0,1,1.0,1.0,temporal_cochange,nemotron_super,9.348274558065496,11479,requests/13,requests,13,1,5,0,15104,3867,0.002831,46.51
1.0,1,1.0,1.0,temporal_cochange,nemotron_super,9.348274558065496,11479,requests/13,requests,13,2,6,0,26573,11433,0.006832,127.15
0.0,0,0.0,0.0,temporal_cochange,nemotron_super,9.348274558065496,11479,requests/13,requests,13,3,6,0,16978,7522,0.004452,105.06
0.0,0,0.0,0.0,temporal_cochange,nemotron_super,7.958576903813898,2860,requests/7,requests,7,1,7,0,20583,16575,0.00838,225.98
1.0,1,1.0,1.0,temporal_cochange,nemotron_super,7.958576903813898,2860,requests/7,requests,7,2,8,0,33524,26760,0.013554,308.4
1.0,1,1.0,1.0,temporal_cochange,nemotron_super,7.958576903813898,2860,requests/7,requests,7,3,7,0,64830,20873,0.01386,202.61
1.0,1,1.0,1.0,temporal_cochange,nemotron_super,10.031000872835088,22720,rich/1,rich,1,1,9,0,31560,10058,0.006706,163.17
1.0,1,1.0,1.0,temporal_cochange,nemotron_super,10.031000872835088,22720,rich/1,rich,1,2,8,0,28147,9859,0.006336,129.86
1.0,1,1.0,1.0,temporal_cochange,nemotron_super,10.031000872835088,22720,rich/1,rich,1,3,14,0,64436,20215,0.013563,231.92
0.4,0,1.0,0.25,temporal_cochange,nemotron_super,10.051648903516648,23194,rich/12,rich,12,1,7,0,74703,31697,0.019029,322.39
0.4,0,1.0,0.25,temporal_cochange,nemotron_super,10.051648903516648,23194,rich/12,rich,12,2,10,0,103736,34504,0.022619,395.26
0.4,0,1.0,0.25,temporal_cochange,nemotron_super,10.051648903516648,23194,rich/12,rich,12,3,6,0,39174,10568,0.007557,100.46
1.0,1,1.0,1.0,temporal_cochange,nemotron_super,10.039939675671627,22924,rich/8,rich,8,1,5,0,25313,5347,0.00429,74.35
1.0,1,1.0,1.0,temporal_cochange,nemotron_super,10.039939675671627,22924,rich/8,rich,8,2,7,0,42633,11559,0.008247,191.44
1.0,1,1.0,1.0,temporal_cochange,nemotron_super,10.039939675671627,22924,rich/8,rich,8,3,7,0,41005,9171,0.007154,70.59
0.6667,0,1.0,0.5,temporal_cochange,nemotron_super,11.620954417182327,111408,scikit-learn/45,scikit-learn,45,1,11,0,32097,10594,0.006966,149.1
0.6667,0,1.0,0.5,temporal_cochange,nemotron_super,11.620954417182327,111408,scikit-learn/45,scikit-learn,45,2,18,0,58647,17285,0.011899,245.85
0.6667,0,1.0,0.5,temporal_cochange,nemotron_super,11.620954417182327,111408,scikit-learn/45,scikit-learn,45,3,15,0,45751,14531,0.009701,143.85
1.0,1,1.0,1.0,temporal_cochange,nemotron_super,11.55076060327325,103856,scikit-learn/49,scikit-learn,49,1,23,0,348607,18231,0.036924,521.5
1.0,1,1.0,1.0,temporal_cochange,nemotron_super,11.55076060327325,103856,scikit-learn/49,scikit-learn,49,2,7,0,81784,8914,0.010517,192.09
1.0,1,1.0,1.0,temporal_cochange,nemotron_super,11.55076060327325,103856,scikit-learn/49,scikit-learn,49,3,15,0,147831,13602,0.018006,154.68
1.0,1,1.0,1.0,temporal_cochange,nemotron_super,11.525654110946952,101281,scikit-learn/5,scikit-learn,5,1,10,0,61594,19644,0.013093,252.67
1.0,1,1.0,1.0,temporal_cochange,nemotron_super,11.525654110946952,101281,scikit-learn/5,scikit-learn,5,2,7,0,45661,27139,0.014737,870.09
1.0,1,1.0,1.0,temporal_cochange,nemotron_super,11.525654110946952,101281,scikit-learn/5,scikit-learn,5,3,5,0,27632,4910,0.004313,62.11
1.0,1,1.0,1.0,temporal_cochange,nemotron_super,9.796458979777604,17970,scrapy/20,scrapy,20,1,4,0,13131,2520,0.002124,70.55
1.0,1,1.0,1.0,temporal_cochange,nemotron_super,9.796458979777604,17970,scrapy/20,scrapy,20,2,4,0,13127,1558,0.001739,30.99
1.0,1,1.0,1.0,temporal_cochange,nemotron_super,9.796458979777604,17970,scrapy/20,scrapy,20,3,7,0,39822,4123,0.005034,65.32
1.0,1,1.0,1.0,temporal_cochange,nemotron_super,9.655026193237628,15600,scrapy/26,scrapy,26,1,5,0,22147,5141,0.003939,73.24
1.0,1,1.0,1.0,temporal_cochange,nemotron_super,9.655026193237628,15600,scrapy/26,scrapy,26,2,4,0,15482,6906,0.004078,77.22
1.0,1,1.0,1.0,temporal_cochange,nemotron_super,9.655026193237628,15600,scrapy/26,scrapy,26,3,5,0,22147,6231,0.004375,81.82
0.5,0,0.5,0.5,temporal_cochange,nemotron_super,9.73477299914839,16895,scrapy/48,scrapy,48,1,12,0,41480,15607,0.009769,224.36
0.0,0,0.0,0.0,temporal_cochange,nemotron_super,9.73477299914839,16895,scrapy/48,scrapy,48,2,11,0,33022,14405,0.008569,143.06
0.0,0,0.0,0.0,temporal_cochange,nemotron_super,9.73477299914839,16895,scrapy/48,scrapy,48,3,8,0,21450,8680,0.005295,82.89
1.0,1,1.0,1.0,temporal_cochange,nemotron_super,9.961803629358965,21201,stable-diffusion-webui/0,stable-diffusion-webui,0,1,5,0,89071,4703,0.009452,60.9
1.0,1,1.0,1.0,temporal_cochange,nemotron_super,9.961803629358965,21201,stable-diffusion-webui/0,stable-diffusion-webui,0,2,2,0,33767,2018,0.003677,32.36
1.0,1,1.0,1.0,temporal_cochange,nemotron_super,9.961803629358965,21201,stable-diffusion-webui/0,stable-diffusion-webui,0,3,2,0,33765,2057,0.003693,25.7
1.0,1,1.0,1.0,temporal_cochange,nemotron_super,9.908425341565751,20099,stable-diffusion-webui/13,stable-diffusion-webui,13,1,25,0,446126,21174,0.04639,491.54
1.0,1,1.0,1.0,temporal_cochange,nemotron_super,9.908425341565751,20099,stable-diffusion-webui/13,stable-diffusion-webui,13,2,17,0,429557,20232,0.044605,317.07
1.0,1,1.0,1.0,temporal_cochange,nemotron_super,9.908425341565751,20099,stable-diffusion-webui/13,stable-diffusion-webui,13,3,25,0,394095,28687,0.044973,292.08
0.0,0,0.0,0.0,temporal_cochange,nemotron_super,10.028797743501574,22670,stable-diffusion-webui/5,stable-diffusion-webui,5,1,18,0,278878,20623,0.031954,282.2
0.0,0,0.0,0.0,temporal_cochange,nemotron_super,10.028797743501574,22670,stable-diffusion-webui/5,stable-diffusion-webui,5,2,9,0,67993,11262,0.010284,199.35
0.0,0,0.0,0.0,temporal_cochange,nemotron_super,10.028797743501574,22670,stable-diffusion-webui/5,stable-diffusion-webui,5,3,9,0,131673,14869,0.01714,207.23
0.0,0,0.0,0.0,temporal_cochange,nemotron_super,8.483636407887394,4835,thefuck/10,thefuck,10,1,9,0,32213,21966,0.011525,410.76
0.0,0,0.0,0.0,temporal_cochange,nemotron_super,8.483636407887394,4835,thefuck/10,thefuck,10,2,7,0,22476,8616,0.005357,158.07
0.4,0,0.5,0.3333,temporal_cochange,nemotron_super,8.483636407887394,4835,thefuck/10,thefuck,10,3,8,0,24718,14069,0.007729,240.84
0.0,0,0.0,0.0,temporal_cochange,nemotron_super,8.270781013162674,3908,thefuck/20,thefuck,20,1,21,0,99902,32498,0.021491,417.73
0.0,0,0.0,0.0,temporal_cochange,nemotron_super,8.270781013162674,3908,thefuck/20,thefuck,20,2,28,0,147128,34615,0.026352,670.93
0.0,0,0.0,0.0,temporal_cochange,nemotron_super,8.270781013162674,3908,thefuck/20,thefuck,20,3,19,0,69390,31309,0.018422,333.81
1.0,1,1.0,1.0,temporal_cochange,nemotron_super,7.822845290279774,2497,thefuck/5,thefuck,5,1,17,0,92788,41501,0.024487,622.62
0.0,0,0.0,0.0,temporal_cochange,nemotron_super,7.822845290279774,2497,thefuck/5,thefuck,5,2,12,0,58688,17704,0.01207,163.0
1.0,1,1.0,1.0,temporal_cochange,nemotron_super,7.822845290279774,2497,thefuck/5,thefuck,5,3,6,0,20624,9033,0.005366,92.34
1.0,1,1.0,1.0,temporal_cochange,nemotron_super,12.430331574579306,250279,transformers/25,transformers,25,1,11,0,52635,9936,0.008448,204.68
1.0,1,1.0,1.0,temporal_cochange,nemotron_super,12.430331574579306,250279,transformers/25,transformers,25,2,14,0,135825,11091,0.015982,177.17
1.0,1,1.0,1.0,temporal_cochange,nemotron_super,12.430331574579306,250279,transformers/25,transformers,25,3,21,0,119822,28297,0.021504,218.92
0.1538,0,1.0,0.0833,temporal_cochange,nemotron_super,12.407424472605875,244611,transformers/27,transformers,27,1,3,0,16213,548,0.001597,10.14
0.1538,0,1.0,0.0833,temporal_cochange,nemotron_super,12.407424472605875,244611,transformers/27,transformers,27,2,3,0,10940,882,0.001283,12.16
0.1538,0,1.0,0.0833,temporal_cochange,nemotron_super,12.407424472605875,244611,transformers/27,transformers,27,3,8,0,27497,2293,0.003254,25.4
0.3333,0,1.0,0.2,temporal_cochange,nemotron_super,11.587420505060633,107734,transformers/5,transformers,5,1,16,0,191685,11793,0.02101,198.13
0.3333,0,1.0,0.2,temporal_cochange,nemotron_super,11.587420505060633,107734,transformers/5,transformers,5,2,15,0,174626,10803,0.019164,177.45
0.3333,0,1.0,0.2,temporal_cochange,nemotron_super,11.587420505060633,107734,transformers/5,transformers,5,3,26,0,534831,20020,0.053469,296.95
1.0,1,1.0,1.0,temporal_cochange,nemotron_super,12.095096391086711,178992,yt-dlp/23,yt-dlp,23,1,2,0,7253,5743,0.002914,61.16
1.0,1,1.0,1.0,temporal_cochange,nemotron_super,12.095096391086711,178992,yt-dlp/23,yt-dlp,23,2,8,0,68906,23618,0.015304,305.29
1.0,1,1.0,1.0,temporal_cochange,nemotron_super,12.095096391086711,178992,yt-dlp/23,yt-dlp,23,3,5,0,38842,7634,0.006355,73.63
0.0,0,0.0,0.0,temporal_cochange,nemotron_super,12.1489730534896,188900,yt-dlp/41,yt-dlp,41,1,30,1,292444,23830,0.03439,365.94
0.0,0,0.0,0.0,temporal_cochange,nemotron_super,12.1489730534896,188900,yt-dlp/41,yt-dlp,41,2,26,0,227385,21138,0.027783,261.22
0.0,0,0.0,0.0,temporal_cochange,nemotron_super,12.1489730534896,188900,yt-dlp/41,yt-dlp,41,3,17,0,147310,10927,0.016892,160.78
0.6667,0,1.0,0.5,temporal_cochange,nemotron_super,12.198660241414718,198523,yt-dlp/45,yt-dlp,45,1,7,0,118523,11229,0.014566,214.88
0.0,0,0.0,0.0,temporal_cochange,nemotron_super,12.198660241414718,198523,yt-dlp/45,yt-dlp,45,2,9,0,133799,12569,0.016401,101.56
0.6667,0,1.0,0.5,temporal_cochange,nemotron_super,12.198660241414718,198523,yt-dlp/45,yt-dlp,45,3,10,0,84047,34233,0.020837,422.65
0.6667,1,0.5,1.0,all_tools,ministral_3b,12.068688124847148,174327,core/16,core,16,1,16,0,115836,2244,0.004389,17.47
1.0,1,1.0,1.0,all_tools,ministral_3b,12.068688124847148,174327,core/16,core,16,2,9,0,86527,1543,0.003565,9.86
1.0,1,1.0,1.0,all_tools,ministral_3b,12.068688124847148,174327,core/16,core,16,3,8,0,37571,776,0.00183,5.93
0.0,0,0.0,0.0,all_tools,ministral_3b,11.506545154005941,99364,core/20,core,20,1,5,0,32192,1911,0.001302,8.58
1.0,1,1.0,1.0,all_tools,ministral_3b,11.506545154005941,99364,core/20,core,20,2,10,0,52431,2088,0.001524,9.78
0.0,0,0.0,0.0,all_tools,ministral_3b,11.506545154005941,99364,core/20,core,20,3,15,0,123226,2712,0.00423,17.63
1.0,1,1.0,1.0,all_tools,ministral_3b,8.579980179515003,5324,fastapi/17,fastapi,17,1,13,0,232057,4241,0.007629,21.63
0.0,0,0.0,0.0,all_tools,ministral_3b,8.579980179515003,5324,fastapi/17,fastapi,17,2,15,0,157081,2823,0.004044,16.75
0.0,0,0.0,0.0,all_tools,ministral_3b,8.579980179515003,5324,fastapi/17,fastapi,17,3,17,0,132628,2873,0.003689,16.04
0.0,0,0.0,0.0,all_tools,ministral_3b,8.518991573357617,5009,fastapi/20,fastapi,20,1,19,0,190113,2207,0.004924,15.1
0.0,0,0.0,0.0,all_tools,ministral_3b,8.518991573357617,5009,fastapi/20,fastapi,20,2,26,0,202816,17377,0.008195,81.0
0.0,0,0.0,0.0,all_tools,ministral_3b,8.518991573357617,5009,fastapi/20,fastapi,20,3,26,0,156043,1670,0.004171,19.31
0.5,0,1.0,0.3333,all_tools,ministral_3b,8.482187582217422,4828,fastapi/9,fastapi,9,1,9,0,54497,1104,0.001931,5.92
0.5,0,1.0,0.3333,all_tools,ministral_3b,8.482187582217422,4828,fastapi/9,fastapi,9,2,11,0,79332,1805,0.00316,9.71
0.5,0,1.0,0.3333,all_tools,ministral_3b,8.482187582217422,4828,fastapi/9,fastapi,9,3,9,0,42249,1137,0.001505,12.91
0.0,0,0.0,0.0,all_tools,ministral_3b,8.808369153122275,6690,flask/18,flask,18,1,19,0,164597,2465,0.005797,17.93
1.0,1,1.0,1.0,all_tools,ministral_3b,8.808369153122275,6690,flask/18,flask,18,2,11,0,87420,2009,0.004439,12.93
0.6667,0,1.0,0.5,all_tools,ministral_3b,8.808369153122275,6690,flask/18,flask,18,3,26,0,200179,1533,0.004654,21.81
0.0,0,0.0,0.0,all_tools,ministral_3b,8.899457906353966,7328,flask/3,flask,3,1,10,0,27895,1381,0.000716,6.99
0.0,0,0.0,0.0,all_tools,ministral_3b,8.899457906353966,7328,flask/3,flask,3,2,30,1,97467,2406,0.001762,15.84
0.0,0,0.0,0.0,all_tools,ministral_3b,8.899457906353966,7328,flask/3,flask,3,3,16,0,41616,1380,0.000821,9.49
1.0,1,1.0,1.0,all_tools,ministral_3b,8.827468112520654,6819,flask/6,flask,6,1,13,0,76958,733,0.002136,6.21
1.0,1,1.0,1.0,all_tools,ministral_3b,8.827468112520654,6819,flask/6,flask,6,2,9,0,49941,1645,0.001553,11.33
1.0,1,1.0,1.0,all_tools,ministral_3b,8.827468112520654,6819,flask/6,flask,6,3,7,0,20123,491,0.000944,3.57
0.0,0,0.0,0.0,all_tools,ministral_3b,8.341410211461865,4194,gpt-engineer/11,gpt-engineer,11,1,11,0,49516,1808,0.001607,9.03
0.0,0,0.0,0.0,all_tools,ministral_3b,8.341410211461865,4194,gpt-engineer/11,gpt-engineer,11,2,8,0,26898,945,0.000987,7.88
0.0,0,0.0,0.0,all_tools,ministral_3b,8.341410211461865,4194,gpt-engineer/11,gpt-engineer,11,3,9,0,40811,1181,0.001377,7.97
0.4,0,1.0,0.25,all_tools,ministral_3b,8.029432840581244,3070,gpt-engineer/12,gpt-engineer,12,1,13,0,63332,1778,0.002179,10.19
0.4,0,1.0,0.25,all_tools,ministral_3b,8.029432840581244,3070,gpt-engineer/12,gpt-engineer,12,2,9,0,56915,1370,0.001946,8.17
0.4,0,1.0,0.25,all_tools,ministral_3b,8.029432840581244,3070,gpt-engineer/12,gpt-engineer,12,3,8,0,40188,1498,0.001542,9.71
1.0,1,1.0,1.0,all_tools,ministral_3b,8.36380888451688,4289,gpt-engineer/9,gpt-engineer,9,1,17,0,99268,1775,0.002593,10.65
1.0,1,1.0,1.0,all_tools,ministral_3b,8.36380888451688,4289,gpt-engineer/9,gpt-engineer,9,2,15,0,76624,1661,0.002241,10.13
1.0,1,1.0,1.0,all_tools,ministral_3b,8.36380888451688,4289,gpt-engineer/9,gpt-engineer,9,3,13,0,56197,1365,0.001379,9.7
0.0,0,0.0,0.0,all_tools,ministral_3b,10.196231790580173,26802,keras/12,keras,12,1,11,0,47386,2327,0.001492,11.28
0.0,0,0.0,0.0,all_tools,ministral_3b,10.196231790580173,26802,keras/12,keras,12,2,8,0,27617,1243,0.001031,7.89
0.0,0,0.0,0.0,all_tools,ministral_3b,10.196231790580173,26802,keras/12,keras,12,3,10,0,40090,2146,0.001447,9.84
0.0,0,0.0,0.0,all_tools,ministral_3b,10.349134450277123,31230,keras/5,keras,5,1,15,0,35415,1033,0.000742,6.95
0.0,0,0.0,0.0,all_tools,ministral_3b,10.349134450277123,31230,keras/5,keras,5,2,26,0,67569,1295,0.001184,11.17
0.6667,1,0.5,1.0,all_tools,ministral_3b,10.349134450277123,31230,keras/5,keras,5,3,20,0,147702,2075,0.004126,19.84
1.0,1,1.0,1.0,all_tools,ministral_3b,10.444153492313001,34343,keras/9,keras,9,1,12,0,78342,1828,0.001681,10.29
1.0,1,1.0,1.0,all_tools,ministral_3b,10.444153492313001,34343,keras/9,keras,9,2,16,0,155381,1750,0.005748,30.54
1.0,1,1.0,1.0,all_tools,ministral_3b,10.444153492313001,34343,keras/9,keras,9,3,12,0,92536,1892,0.003383,19.24
0.2222,0,0.5,0.1429,all_tools,ministral_3b,9.61953186182516,15056,localstack/19,localstack,19,1,21,0,70197,1827,0.001581,12.14
0.0,0,0.0,0.0,all_tools,ministral_3b,9.61953186182516,15056,localstack/19,localstack,19,2,21,0,145100,2289,0.004348,14.15
0.25,0,1.0,0.1429,all_tools,ministral_3b,9.61953186182516,15056,localstack/19,localstack,19,3,26,0,243317,1995,0.005604,18.01
1.0,1,1.0,1.0,all_tools,ministral_3b,10.563155506021905,38683,localstack/2,localstack,2,1,18,0,427917,3005,0.011631,19.58
1.0,1,1.0,1.0,all_tools,ministral_3b,10.563155506021905,38683,localstack/2,localstack,2,2,17,0,330911,1736,0.010858,14.06
1.0,1,1.0,1.0,all_tools,ministral_3b,10.563155506021905,38683,localstack/2,localstack,2,3,15,0,311299,3469,0.009243,19.97
1.0,1,1.0,1.0,all_tools,ministral_3b,9.860214640302662,19153,localstack/9,localstack,9,1,16,0,111056,2023,0.003336,14.56
1.0,1,1.0,1.0,all_tools,ministral_3b,9.860214640302662,19153,localstack/9,localstack,9,2,12,0,69911,1380,0.001438,8.22
1.0,1,1.0,1.0,all_tools,ministral_3b,9.860214640302662,19153,localstack/9,localstack,9,3,19,0,170936,2853,0.004384,19.99
0.6667,0,1.0,0.5,all_tools,ministral_3b,11.189312196300184,72353,pandas/26,pandas,26,1,8,0,91446,1050,0.00425,7.92
0.6667,0,1.0,0.5,all_tools,ministral_3b,11.189312196300184,72353,pandas/26,pandas,26,2,9,0,49908,1107,0.001784,7.1
0.6667,0,1.0,0.5,all_tools,ministral_3b,11.189312196300184,72353,pandas/26,pandas,26,3,17,0,151584,1566,0.004014,11.57
0.0,0,0.0,0.0,all_tools,ministral_3b,11.270446177349276,78468,pandas/35,pandas,35,1,26,0,904199,2361,0.017516,21.48
0.0,0,0.0,0.0,all_tools,ministral_3b,11.270446177349276,78468,pandas/35,pandas,35,2,21,0,385187,3179,0.008896,20.65
0.0,0,0.0,0.0,all_tools,ministral_3b,11.270446177349276,78468,pandas/35,pandas,35,3,26,0,479438,2663,0.0091,23.59
0.0,0,0.0,0.0,all_tools,ministral_3b,12.08721590866289,177587,pandas/38,pandas,38,1,17,0,361667,2850,0.009403,23.61
0.6667,0,1.0,0.5,all_tools,ministral_3b,12.08721590866289,177587,pandas/38,pandas,38,2,10,0,101095,1032,0.004349,10.86
0.0,0,0.0,0.0,all_tools,ministral_3b,12.08721590866289,177587,pandas/38,pandas,38,3,17,0,99469,2531,0.002735,21.55
0.0,0,0.0,0.0,all_tools,ministral_3b,10.883015959814806,53264,pandas/44,pandas,44,1,10,0,34624,1373,0.000869,7.7
0.0,0,0.0,0.0,all_tools,ministral_3b,10.883015959814806,53264,pandas/44,pandas,44,2,14,0,194932,1894,0.004902,12.21
0.0,0,0.0,0.0,all_tools,ministral_3b,10.883015959814806,53264,pandas/44,pandas,44,3,15,0,359033,2274,0.011616,18.1
0.5,0,1.0,0.3333,all_tools,ministral_3b,9.346705246496699,11461,requests/12,requests,12,1,12,0,37624,1168,0.001011,7.52
0.5,0,1.0,0.3333,all_tools,ministral_3b,9.346705246496699,11461,requests/12,requests,12,2,13,0,44402,994,0.00113,6.91
0.5,0,1.0,0.3333,all_tools,ministral_3b,9.346705246496699,11461,requests/12,requests,12,3,27,0,185535,2556,0.004213,21.66
0.0,0,0.0,0.0,all_tools,ministral_3b,9.348274558065496,11479,requests/13,requests,13,1,22,0,67889,3138,0.001515,16.09
1.0,1,1.0,1.0,all_tools,ministral_3b,9.348274558065496,11479,requests/13,requests,13,2,9,0,43361,1005,0.001476,6.95
0.5,1,0.3333,1.0,all_tools,ministral_3b,9.348274558065496,11479,requests/13,requests,13,3,11,0,60215,1315,0.002271,7.62
1.0,1,1.0,1.0,all_tools,ministral_3b,7.958576903813898,2860,requests/7,requests,7,1,11,0,57098,211,0.002068,4.48
1.0,1,1.0,1.0,all_tools,ministral_3b,7.958576903813898,2860,requests/7,requests,7,2,7,0,28407,1552,0.00121,7.07
1.0,1,1.0,1.0,all_tools,ministral_3b,7.958576903813898,2860,requests/7,requests,7,3,7,0,26980,886,0.001059,5.06
1.0,1,1.0,1.0,all_tools,ministral_3b,10.031000872835088,22720,rich/1,rich,1,1,7,0,71868,969,0.003701,6.76
1.0,1,1.0,1.0,all_tools,ministral_3b,10.031000872835088,22720,rich/1,rich,1,2,6,0,31855,721,0.001668,4.8
1.0,1,1.0,1.0,all_tools,ministral_3b,10.031000872835088,22720,rich/1,rich,1,3,6,0,31351,799,0.001694,7.47
0.0,0,0.0,0.0,all_tools,ministral_3b,10.051648903516648,23194,rich/12,rich,12,1,23,0,266270,3314,0.005762,21.59
0.4,0,1.0,0.25,all_tools,ministral_3b,10.051648903516648,23194,rich/12,rich,12,2,22,0,448901,3576,0.010008,24.53
0.0,0,0.0,0.0,all_tools,ministral_3b,10.051648903516648,23194,rich/12,rich,12,3,27,0,626883,2716,0.012168,33.04
1.0,1,1.0,1.0,all_tools,ministral_3b,10.039939675671627,22924,rich/8,rich,8,1,7,0,41354,696,0.001613,5.41
1.0,1,1.0,1.0,all_tools,ministral_3b,10.039939675671627,22924,rich/8,rich,8,2,8,0,41021,794,0.001647,5.71
0.0,0,0.0,0.0,all_tools,ministral_3b,10.039939675671627,22924,rich/8,rich,8,3,18,0,107076,1299,0.002992,13.72
0.6667,0,1.0,0.5,all_tools,ministral_3b,11.620954417182327,111408,scikit-learn/45,scikit-learn,45,1,13,0,73784,2295,0.002931,13.63
0.6667,0,1.0,0.5,all_tools,ministral_3b,11.620954417182327,111408,scikit-learn/45,scikit-learn,45,2,7,0,19302,476,0.00063,3.69
0.6667,0,1.0,0.5,all_tools,ministral_3b,11.620954417182327,111408,scikit-learn/45,scikit-learn,45,3,5,0,14306,816,0.000591,7.35
1.0,1,1.0,1.0,all_tools,ministral_3b,11.55076060327325,103856,scikit-learn/49,scikit-learn,49,1,7,0,95641,1103,0.006264,7.56
1.0,1,1.0,1.0,all_tools,ministral_3b,11.55076060327325,103856,scikit-learn/49,scikit-learn,49,2,6,0,61207,956,0.003025,6.82
1.0,1,1.0,1.0,all_tools,ministral_3b,11.55076060327325,103856,scikit-learn/49,scikit-learn,49,3,8,0,60176,1122,0.002582,8.65
1.0,1,1.0,1.0,all_tools,ministral_3b,11.525654110946952,101281,scikit-learn/5,scikit-learn,5,1,10,0,43278,982,0.001592,5.88
1.0,1,1.0,1.0,all_tools,ministral_3b,11.525654110946952,101281,scikit-learn/5,scikit-learn,5,2,12,0,55702,1264,0.001711,9.82
1.0,1,1.0,1.0,all_tools,ministral_3b,11.525654110946952,101281,scikit-learn/5,scikit-learn,5,3,9,0,65078,1259,0.002728,8.41
1.0,1,1.0,1.0,all_tools,ministral_3b,9.796458979777604,17970,scrapy/20,scrapy,20,1,6,0,26366,416,0.001446,3.04
1.0,1,1.0,1.0,all_tools,ministral_3b,9.796458979777604,17970,scrapy/20,scrapy,20,2,8,0,33446,491,0.001136,4.63
1.0,1,1.0,1.0,all_tools,ministral_3b,9.796458979777604,17970,scrapy/20,scrapy,20,3,7,0,24322,430,0.001012,3.37
1.0,1,1.0,1.0,all_tools,ministral_3b,9.655026193237628,15600,scrapy/26,scrapy,26,1,12,0,105622,1128,0.00359,7.42
0.6667,1,0.5,1.0,all_tools,ministral_3b,9.655026193237628,15600,scrapy/26,scrapy,26,2,19,0,174811,1522,0.004501,13.52
1.0,1,1.0,1.0,all_tools,ministral_3b,9.655026193237628,15600,scrapy/26,scrapy,26,3,12,0,96343,1438,0.003385,10.23
0.0,0,0.0,0.0,all_tools,ministral_3b,9.73477299914839,16895,scrapy/48,scrapy,48,1,15,0,60446,1710,0.00155,10.27
0.0,0,0.0,0.0,all_tools,ministral_3b,9.73477299914839,16895,scrapy/48,scrapy,48,2,26,0,223284,3587,0.005165,32.0
0.0,0,0.0,0.0,all_tools,ministral_3b,9.73477299914839,16895,scrapy/48,scrapy,48,3,27,0,176872,2627,0.003746,25.14
1.0,1,1.0,1.0,all_tools,ministral_3b,9.961803629358965,21201,stable-diffusion-webui/0,stable-diffusion-webui,0,1,4,0,72666,1002,0.003888,5.68
1.0,1,1.0,1.0,all_tools,ministral_3b,9.961803629358965,21201,stable-diffusion-webui/0,stable-diffusion-webui,0,2,5,0,93455,1237,0.00447,7.79
1.0,1,1.0,1.0,all_tools,ministral_3b,9.961803629358965,21201,stable-diffusion-webui/0,stable-diffusion-webui,0,3,6,0,109687,1401,0.004277,7.63
1.0,1,1.0,1.0,all_tools,ministral_3b,9.908425341565751,20099,stable-diffusion-webui/13,stable-diffusion-webui,13,1,14,0,305826,2078,0.008522,14.67
0.0,0,0.0,0.0,all_tools,ministral_3b,9.908425341565751,20099,stable-diffusion-webui/13,stable-diffusion-webui,13,2,14,0,225309,2450,0.006026,17.37
0.0,0,0.0,0.0,all_tools,ministral_3b,9.908425341565751,20099,stable-diffusion-webui/13,stable-diffusion-webui,13,3,23,0,391164,2619,0.007733,21.15
0.6667,0,1.0,0.5,all_tools,ministral_3b,10.028797743501574,22670,stable-diffusion-webui/5,stable-diffusion-webui,5,1,9,0,86439,1325,0.003604,7.57
0.0,0,0.0,0.0,all_tools,ministral_3b,10.028797743501574,22670,stable-diffusion-webui/5,stable-diffusion-webui,5,2,25,0,239011,1765,0.005312,18.58
0.0,0,0.0,0.0,all_tools,ministral_3b,10.028797743501574,22670,stable-diffusion-webui/5,stable-diffusion-webui,5,3,27,0,273272,2507,0.007994,24.23
0.0,0,0.0,0.0,all_tools,ministral_3b,8.483636407887394,4835,thefuck/10,thefuck,10,1,26,0,69303,1632,0.001276,13.92
0.0,0,0.0,0.0,all_tools,ministral_3b,8.483636407887394,4835,thefuck/10,thefuck,10,2,11,0,45903,1125,0.001477,9.86
0.0,0,0.0,0.0,all_tools,ministral_3b,8.483636407887394,4835,thefuck/10,thefuck,10,3,7,0,20276,537,0.000883,5.52
0.0,0,0.0,0.0,all_tools,ministral_3b,8.270781013162674,3908,thefuck/20,thefuck,20,1,17,0,94206,2469,0.002744,13.62
0.0,0,0.0,0.0,all_tools,ministral_3b,8.270781013162674,3908,thefuck/20,thefuck,20,2,14,0,70834,2027,0.002459,11.86
0.0,0,0.0,0.0,all_tools,ministral_3b,8.270781013162674,3908,thefuck/20,thefuck,20,3,6,0,17773,2619,0.000691,10.7
1.0,1,1.0,1.0,all_tools,ministral_3b,7.822845290279774,2497,thefuck/5,thefuck,5,1,6,0,36482,1183,0.001751,5.77
0.0,0,0.0,0.0,all_tools,ministral_3b,7.822845290279774,2497,thefuck/5,thefuck,5,2,30,1,119265,4465,0.002293,27.54
1.0,1,1.0,1.0,all_tools,ministral_3b,7.822845290279774,2497,thefuck/5,thefuck,5,3,6,0,18117,901,0.000623,8.49
0.0,0,0.0,0.0,all_tools,ministral_3b,12.430331574579306,250279,transformers/25,transformers,25,1,14,0,121988,3060,0.004095,15.64
1.0,1,1.0,1.0,all_tools,ministral_3b,12.430331574579306,250279,transformers/25,transformers,25,2,13,0,185262,965,0.006458,9.35
1.0,1,1.0,1.0,all_tools,ministral_3b,12.430331574579306,250279,transformers/25,transformers,25,3,16,0,214586,1865,0.005748,13.07
0.1538,0,1.0,0.0833,all_tools,ministral_3b,12.407424472605875,244611,transformers/27,transformers,27,1,9,0,52608,1065,0.001877,6.48
0.1538,0,1.0,0.0833,all_tools,ministral_3b,12.407424472605875,244611,transformers/27,transformers,27,2,5,0,19907,613,0.00067,3.74
0.1538,0,1.0,0.0833,all_tools,ministral_3b,12.407424472605875,244611,transformers/27,transformers,27,3,5,0,26085,910,0.001052,4.52
0.0,0,0.0,0.0,all_tools,ministral_3b,11.587420505060633,107734,transformers/5,transformers,5,1,30,1,116323,3730,0.002259,21.71
0.3333,0,1.0,0.2,all_tools,ministral_3b,11.587420505060633,107734,transformers/5,transformers,5,2,17,0,219918,2810,0.007205,21.84
0.5,0,0.6667,0.4,all_tools,ministral_3b,11.587420505060633,107734,transformers/5,transformers,5,3,17,0,282950,3161,0.008912,20.37
1.0,1,1.0,1.0,all_tools,ministral_3b,12.095096391086711,178992,yt-dlp/23,yt-dlp,23,1,17,0,232008,2824,0.006583,16.87
1.0,1,1.0,1.0,all_tools,ministral_3b,12.095096391086711,178992,yt-dlp/23,yt-dlp,23,2,12,0,113312,2508,0.003126,12.74
1.0,1,1.0,1.0,all_tools,ministral_3b,12.095096391086711,178992,yt-dlp/23,yt-dlp,23,3,13,0,112419,1792,0.003346,15.03
0.0,0,0.0,0.0,all_tools,ministral_3b,12.1489730534896,188900,yt-dlp/41,yt-dlp,41,1,27,0,832488,3586,0.015467,30.54
0.0,0,0.0,0.0,all_tools,ministral_3b,12.1489730534896,188900,yt-dlp/41,yt-dlp,41,2,26,0,512733,2418,0.01078,21.23
0.0,0,0.0,0.0,all_tools,ministral_3b,12.1489730534896,188900,yt-dlp/41,yt-dlp,41,3,21,0,440312,3611,0.009579,25.99
0.0,0,0.0,0.0,all_tools,ministral_3b,12.198660241414718,198523,yt-dlp/45,yt-dlp,45,1,17,0,356094,3842,0.008714,21.98
0.4,0,0.3333,0.5,all_tools,ministral_3b,12.198660241414718,198523,yt-dlp/45,yt-dlp,45,2,18,0,559191,3274,0.013427,27.11
0.0,0,0.0,0.0,all_tools,ministral_3b,12.198660241414718,198523,yt-dlp/45,yt-dlp,45,3,12,0,312430,5447,0.010752,34.2
1.0,1,1.0,1.0,all_tools,gpt_oss_120b,12.068688124847148,174327,core/16,core,16,1,7,0,42216,2503,0.004003,23.53
1.0,1,1.0,1.0,all_tools,gpt_oss_120b,12.068688124847148,174327,core/16,core,16,2,5,0,21997,1047,0.002897,11.33
1.0,1,1.0,1.0,all_tools,gpt_oss_120b,12.068688124847148,174327,core/16,core,16,3,8,0,38406,4551,0.004977,37.86
1.0,1,1.0,1.0,all_tools,gpt_oss_120b,11.506545154005941,99364,core/20,core,20,1,6,0,28653,1673,0.003082,15.39
1.0,1,1.0,1.0,all_tools,gpt_oss_120b,11.506545154005941,99364,core/20,core,20,2,7,0,38436,1598,0.00363,14.4
1.0,1,1.0,1.0,all_tools,gpt_oss_120b,11.506545154005941,99364,core/20,core,20,3,5,0,18131,1124,0.001956,7.38
0.0,0,0.0,0.0,all_tools,gpt_oss_120b,8.579980179515003,5324,fastapi/17,fastapi,17,1,12,0,76844,4974,0.007643,40.07
0.0,0,0.0,0.0,all_tools,gpt_oss_120b,8.579980179515003,5324,fastapi/17,fastapi,17,2,27,0,389623,12714,0.023254,134.51
0.0,0,0.0,0.0,all_tools,gpt_oss_120b,8.579980179515003,5324,fastapi/17,fastapi,17,3,23,0,193618,10100,0.014167,100.49
0.0,0,0.0,0.0,all_tools,gpt_oss_120b,8.518991573357617,5009,fastapi/20,fastapi,20,1,10,0,23665,3524,0.003307,27.25
0.0,0,0.0,0.0,all_tools,gpt_oss_120b,8.518991573357617,5009,fastapi/20,fastapi,20,2,17,0,52891,5625,0.005267,49.13
0.0,0,0.0,0.0,all_tools,gpt_oss_120b,8.518991573357617,5009,fastapi/20,fastapi,20,3,17,0,79739,4993,0.007149,60.91
0.5,0,1.0,0.3333,all_tools,gpt_oss_120b,8.482187582217422,4828,fastapi/9,fastapi,9,1,6,0,38510,2093,0.004539,15.8
0.5,0,1.0,0.3333,all_tools,gpt_oss_120b,8.482187582217422,4828,fastapi/9,fastapi,9,2,6,0,44071,1338,0.00331,12.77
0.5,0,1.0,0.3333,all_tools,gpt_oss_120b,8.482187582217422,4828,fastapi/9,fastapi,9,3,6,0,27229,993,0.002572,20.97
0.6667,0,1.0,0.5,all_tools,gpt_oss_120b,8.808369153122275,6690,flask/18,flask,18,1,9,0,90662,1937,0.008488,19.31
0.6667,0,1.0,0.5,all_tools,gpt_oss_120b,8.808369153122275,6690,flask/18,flask,18,2,16,0,60524,2973,0.004512,32.78
0.6667,0,1.0,0.5,all_tools,gpt_oss_120b,8.808369153122275,6690,flask/18,flask,18,3,10,0,93134,2592,0.007551,38.33
1.0,1,1.0,1.0,all_tools,gpt_oss_120b,8.899457906353966,7328,flask/3,flask,3,1,3,0,9693,909,0.00132,7.47
1.0,1,1.0,1.0,all_tools,gpt_oss_120b,8.899457906353966,7328,flask/3,flask,3,2,5,0,36022,877,0.004539,39.73
1.0,1,1.0,1.0,all_tools,gpt_oss_120b,8.899457906353966,7328,flask/3,flask,3,3,7,0,49032,1584,0.005873,22.97
1.0,1,1.0,1.0,all_tools,gpt_oss_120b,8.827468112520654,6819,flask/6,flask,6,1,19,0,283818,8141,0.013365,87.3
1.0,1,1.0,1.0,all_tools,gpt_oss_120b,8.827468112520654,6819,flask/6,flask,6,2,10,0,75027,3989,0.006803,41.82
1.0,1,1.0,1.0,all_tools,gpt_oss_120b,8.827468112520654,6819,flask/6,flask,6,3,11,0,51949,3363,0.005785,32.91
0.0,0,0.0,0.0,all_tools,gpt_oss_120b,8.341410211461865,4194,gpt-engineer/11,gpt-engineer,11,1,9,0,91438,1504,0.006981,17.79
0.0,0,0.0,0.0,all_tools,gpt_oss_120b,8.341410211461865,4194,gpt-engineer/11,gpt-engineer,11,2,13,0,80720,3467,0.006239,31.96
0.0,0,0.0,0.0,all_tools,gpt_oss_120b,8.341410211461865,4194,gpt-engineer/11,gpt-engineer,11,3,3,0,23510,977,0.002768,12.04
0.4,0,1.0,0.25,all_tools,gpt_oss_120b,8.029432840581244,3070,gpt-engineer/12,gpt-engineer,12,1,3,0,11419,792,0.001336,6.67
0.4,0,1.0,0.25,all_tools,gpt_oss_120b,8.029432840581244,3070,gpt-engineer/12,gpt-engineer,12,2,4,0,14334,752,0.001512,7.13
0.4,0,1.0,0.25,all_tools,gpt_oss_120b,8.029432840581244,3070,gpt-engineer/12,gpt-engineer,12,3,9,0,52105,2982,0.004738,62.27
0.0,0,0.0,0.0,all_tools,gpt_oss_120b,8.36380888451688,4289,gpt-engineer/9,gpt-engineer,9,1,4,0,20160,1753,0.003128,14.38
0.6667,1,0.5,1.0,all_tools,gpt_oss_120b,8.36380888451688,4289,gpt-engineer/9,gpt-engineer,9,2,7,0,42100,5929,0.006434,44.1
0.0,0,0.0,0.0,all_tools,gpt_oss_120b,8.36380888451688,4289,gpt-engineer/9,gpt-engineer,9,3,9,0,51921,3439,0.005203,32.02
0.0,0,0.0,0.0,all_tools,gpt_oss_120b,10.196231790580173,26802,keras/12,keras,12,1,5,0,16391,2922,0.002688,24.97
0.0,0,0.0,0.0,all_tools,gpt_oss_120b,10.196231790580173,26802,keras/12,keras,12,2,8,0,28126,2138,0.003244,18.22
0.0,0,0.0,0.0,all_tools,gpt_oss_120b,10.196231790580173,26802,keras/12,keras,12,3,4,0,8266,554,0.000959,5.96
0.0,0,0.0,0.0,all_tools,gpt_oss_120b,10.349134450277123,31230,keras/5,keras,5,1,14,0,117786,4665,0.009745,41.67
0.0,0,0.0,0.0,all_tools,gpt_oss_120b,10.349134450277123,31230,keras/5,keras,5,2,15,0,95797,5192,0.007618,55.17
0.0,0,0.0,0.0,all_tools,gpt_oss_120b,10.349134450277123,31230,keras/5,keras,5,3,22,0,174077,9063,0.01312,111.79
1.0,1,1.0,1.0,all_tools,gpt_oss_120b,10.444153492313001,34343,keras/9,keras,9,1,8,0,24775,1309,0.001803,16.89
1.0,1,1.0,1.0,all_tools,gpt_oss_120b,10.444153492313001,34343,keras/9,keras,9,2,6,0,19496,980,0.001689,11.99
1.0,1,1.0,1.0,all_tools,gpt_oss_120b,10.444153492313001,34343,keras/9,keras,9,3,12,0,43522,2355,0.003282,21.46
0.0,0,0.0,0.0,all_tools,gpt_oss_120b,9.61953186182516,15056,localstack/19,localstack,19,1,20,0,58585,3588,0.004495,26.71
0.0,0,0.0,0.0,all_tools,gpt_oss_120b,9.61953186182516,15056,localstack/19,localstack,19,2,17,0,53688,3067,0.004215,28.94
0.0,0,0.0,0.0,all_tools,gpt_oss_120b,9.61953186182516,15056,localstack/19,localstack,19,3,9,0,57748,1325,0.004557,14.52
1.0,1,1.0,1.0,all_tools,gpt_oss_120b,10.563155506021905,38683,localstack/2,localstack,2,1,22,0,233932,5913,0.011715,55.1
1.0,1,1.0,1.0,all_tools,gpt_oss_120b,10.563155506021905,38683,localstack/2,localstack,2,2,11,0,88080,2522,0.006284,37.35
1.0,1,1.0,1.0,all_tools,gpt_oss_120b,10.563155506021905,38683,localstack/2,localstack,2,3,17,0,173581,3204,0.008945,47.45
1.0,1,1.0,1.0,all_tools,gpt_oss_120b,9.860214640302662,19153,localstack/9,localstack,9,1,18,0,211102,16491,0.02044,135.95
1.0,1,1.0,1.0,all_tools,gpt_oss_120b,9.860214640302662,19153,localstack/9,localstack,9,2,8,0,41464,4057,0.00528,44.39
1.0,1,1.0,1.0,all_tools,gpt_oss_120b,9.860214640302662,19153,localstack/9,localstack,9,3,7,0,31418,1690,0.003127,22.88
0.8,1,0.6667,1.0,all_tools,gpt_oss_120b,11.189312196300184,72353,pandas/26,pandas,26,1,30,0,597076,6274,0.029599,88.43
1.0,1,1.0,1.0,all_tools,gpt_oss_120b,11.189312196300184,72353,pandas/26,pandas,26,2,30,1,334201,3743,0.014012,43.93
0.8,1,0.6667,1.0,all_tools,gpt_oss_120b,11.189312196300184,72353,pandas/26,pandas,26,3,16,0,279732,6813,0.017827,84.09
0.0,0,0.0,0.0,all_tools,gpt_oss_120b,11.270446177349276,78468,pandas/35,pandas,35,1,13,0,193922,3538,0.013162,42.97
0.0,0,0.0,0.0,all_tools,gpt_oss_120b,11.270446177349276,78468,pandas/35,pandas,35,2,16,0,234573,3311,0.016266,45.86
0.0,0,0.0,0.0,all_tools,gpt_oss_120b,11.270446177349276,78468,pandas/35,pandas,35,3,17,0,187500,3274,0.009952,53.9
0.6667,0,1.0,0.5,all_tools,gpt_oss_120b,12.08721590866289,177587,pandas/38,pandas,38,1,5,0,19684,1002,0.002148,10.61
0.6667,0,1.0,0.5,all_tools,gpt_oss_120b,12.08721590866289,177587,pandas/38,pandas,38,2,5,0,39663,991,0.003902,11.44
0.6667,0,1.0,0.5,all_tools,gpt_oss_120b,12.08721590866289,177587,pandas/38,pandas,38,3,10,0,44691,2529,0.00406,31.4
0.0,0,0.0,0.0,all_tools,gpt_oss_120b,10.883015959814806,53264,pandas/44,pandas,44,1,5,0,21386,1274,0.00224,11.62
0.0,0,0.0,0.0,all_tools,gpt_oss_120b,10.883015959814806,53264,pandas/44,pandas,44,2,4,0,24205,1320,0.002781,14.44
0.0,0,0.0,0.0,all_tools,gpt_oss_120b,10.883015959814806,53264,pandas/44,pandas,44,3,1,0,3872,440,0.000576,5.31
0.5,0,1.0,0.3333,all_tools,gpt_oss_120b,9.346705246496699,11461,requests/12,requests,12,1,13,0,77113,2432,0.005982,25.0
0.8,0,1.0,0.6667,all_tools,gpt_oss_120b,9.346705246496699,11461,requests/12,requests,12,2,21,0,102480,4206,0.007397,37.85
0.5,0,1.0,0.3333,all_tools,gpt_oss_120b,9.346705246496699,11461,requests/12,requests,12,3,17,0,93322,3680,0.006642,40.0
1.0,1,1.0,1.0,all_tools,gpt_oss_120b,9.348274558065496,11479,requests/13,requests,13,1,10,0,58370,2894,0.005234,31.5
1.0,1,1.0,1.0,all_tools,gpt_oss_120b,9.348274558065496,11479,requests/13,requests,13,2,10,0,46629,3102,0.003841,33.52
1.0,1,1.0,1.0,all_tools,gpt_oss_120b,9.348274558065496,11479,requests/13,requests,13,3,7,0,36229,1435,0.003424,15.66
1.0,1,1.0,1.0,all_tools,gpt_oss_120b,7.958576903813898,2860,requests/7,requests,7,1,5,0,16868,717,0.001581,8.19
1.0,1,1.0,1.0,all_tools,gpt_oss_120b,7.958576903813898,2860,requests/7,requests,7,2,9,0,27955,4467,0.003839,45.97
1.0,1,1.0,1.0,all_tools,gpt_oss_120b,7.958576903813898,2860,requests/7,requests,7,3,10,0,51403,3531,0.004417,28.48
1.0,1,1.0,1.0,all_tools,gpt_oss_120b,10.031000872835088,22720,rich/1,rich,1,1,5,0,16578,804,0.001469,10.15
1.0,1,1.0,1.0,all_tools,gpt_oss_120b,10.031000872835088,22720,rich/1,rich,1,2,9,0,36321,1630,0.003058,17.58
1.0,1,1.0,1.0,all_tools,gpt_oss_120b,10.031000872835088,22720,rich/1,rich,1,3,14,0,66613,2515,0.004995,26.42
0.0,0,0.0,0.0,all_tools,gpt_oss_120b,10.051648903516648,23194,rich/12,rich,12,1,6,0,31302,1050,0.002915,11.71
0.0,0,0.0,0.0,all_tools,gpt_oss_120b,10.051648903516648,23194,rich/12,rich,12,2,6,0,28634,1197,0.002571,14.76
0.0,0,0.0,0.0,all_tools,gpt_oss_120b,10.051648903516648,23194,rich/12,rich,12,3,8,0,59262,2160,0.004772,22.59
1.0,1,1.0,1.0,all_tools,gpt_oss_120b,10.039939675671627,22924,rich/8,rich,8,1,12,0,82556,2641,0.006624,22.65
1.0,1,1.0,1.0,all_tools,gpt_oss_120b,10.039939675671627,22924,rich/8,rich,8,2,7,0,37672,1174,0.003807,12.16
1.0,1,1.0,1.0,all_tools,gpt_oss_120b,10.039939675671627,22924,rich/8,rich,8,3,6,0,35364,1092,0.003643,15.93
0.6667,0,1.0,0.5,all_tools,gpt_oss_120b,11.620954417182327,111408,scikit-learn/45,scikit-learn,45,1,6,0,29343,1192,0.002928,10.96
0.6667,0,1.0,0.5,all_tools,gpt_oss_120b,11.620954417182327,111408,scikit-learn/45,scikit-learn,45,2,16,0,60458,2389,0.004448,25.55
0.6667,0,1.0,0.5,all_tools,gpt_oss_120b,11.620954417182327,111408,scikit-learn/45,scikit-learn,45,3,9,0,51661,1525,0.004496,16.39
1.0,1,1.0,1.0,all_tools,gpt_oss_120b,11.55076060327325,103856,scikit-learn/49,scikit-learn,49,1,19,0,267041,2872,0.015702,40.22
1.0,1,1.0,1.0,all_tools,gpt_oss_120b,11.55076060327325,103856,scikit-learn/49,scikit-learn,49,2,12,0,271863,4064,0.019474,74.09
1.0,1,1.0,1.0,all_tools,gpt_oss_120b,11.55076060327325,103856,scikit-learn/49,scikit-learn,49,3,9,0,213273,1888,0.015687,28.62
1.0,1,1.0,1.0,all_tools,gpt_oss_120b,11.525654110946952,101281,scikit-learn/5,scikit-learn,5,1,10,0,62132,3197,0.00605,31.08
1.0,1,1.0,1.0,all_tools,gpt_oss_120b,11.525654110946952,101281,scikit-learn/5,scikit-learn,5,2,12,0,77925,4262,0.005873,39.02
1.0,1,1.0,1.0,all_tools,gpt_oss_120b,11.525654110946952,101281,scikit-learn/5,scikit-learn,5,3,10,0,55914,6681,0.007507,87.76
1.0,1,1.0,1.0,all_tools,gpt_oss_120b,9.796458979777604,17970,scrapy/20,scrapy,20,1,9,0,58389,1532,0.005111,15.42
1.0,1,1.0,1.0,all_tools,gpt_oss_120b,9.796458979777604,17970,scrapy/20,scrapy,20,2,26,0,344656,6703,0.016906,84.28
1.0,1,1.0,1.0,all_tools,gpt_oss_120b,9.796458979777604,17970,scrapy/20,scrapy,20,3,18,0,169724,4301,0.008543,65.1
1.0,1,1.0,1.0,all_tools,gpt_oss_120b,9.655026193237628,15600,scrapy/26,scrapy,26,1,18,0,119748,2489,0.007077,28.9
1.0,1,1.0,1.0,all_tools,gpt_oss_120b,9.655026193237628,15600,scrapy/26,scrapy,26,2,21,0,147110,3569,0.009041,48.72
1.0,1,1.0,1.0,all_tools,gpt_oss_120b,9.655026193237628,15600,scrapy/26,scrapy,26,3,19,0,116726,2302,0.006663,38.35
0.0,0,0.0,0.0,all_tools,gpt_oss_120b,9.73477299914839,16895,scrapy/48,scrapy,48,1,11,0,50978,1725,0.004363,20.5
0.0,0,0.0,0.0,all_tools,gpt_oss_120b,9.73477299914839,16895,scrapy/48,scrapy,48,2,22,0,132742,4415,0.007666,40.36
0.0,0,0.0,0.0,all_tools,gpt_oss_120b,9.73477299914839,16895,scrapy/48,scrapy,48,3,11,0,41883,1448,0.003234,22.94
1.0,1,1.0,1.0,all_tools,gpt_oss_120b,9.961803629358965,21201,stable-diffusion-webui/0,stable-diffusion-webui,0,1,10,0,162633,2523,0.008583,30.91
1.0,1,1.0,1.0,all_tools,gpt_oss_120b,9.961803629358965,21201,stable-diffusion-webui/0,stable-diffusion-webui,0,2,2,0,25183,243,0.002105,7.59
1.0,1,1.0,1.0,all_tools,gpt_oss_120b,9.961803629358965,21201,stable-diffusion-webui/0,stable-diffusion-webui,0,3,5,0,78250,929,0.006907,10.74
1.0,1,1.0,1.0,all_tools,gpt_oss_120b,9.908425341565751,20099,stable-diffusion-webui/13,stable-diffusion-webui,13,1,25,0,362361,4911,0.016286,59.05
1.0,1,1.0,1.0,all_tools,gpt_oss_120b,9.908425341565751,20099,stable-diffusion-webui/13,stable-diffusion-webui,13,2,21,0,317903,4155,0.015257,59.13
1.0,1,1.0,1.0,all_tools,gpt_oss_120b,9.908425341565751,20099,stable-diffusion-webui/13,stable-diffusion-webui,13,3,19,0,256811,3441,0.012691,41.8
0.6667,0,1.0,0.5,all_tools,gpt_oss_120b,10.028797743501574,22670,stable-diffusion-webui/5,stable-diffusion-webui,5,1,27,0,241076,5811,0.011868,75.92
0.6667,0,1.0,0.5,all_tools,gpt_oss_120b,10.028797743501574,22670,stable-diffusion-webui/5,stable-diffusion-webui,5,2,30,1,369044,4298,0.014053,58.78
0.6667,0,1.0,0.5,all_tools,gpt_oss_120b,10.028797743501574,22670,stable-diffusion-webui/5,stable-diffusion-webui,5,3,15,0,96286,2395,0.006475,39.86
0.0,0,0.0,0.0,all_tools,gpt_oss_120b,8.483636407887394,4835,thefuck/10,thefuck,10,1,10,0,27457,2245,0.002856,24.97
0.0,0,0.0,0.0,all_tools,gpt_oss_120b,8.483636407887394,4835,thefuck/10,thefuck,10,2,12,0,45265,4290,0.004855,31.26
0.0,0,0.0,0.0,all_tools,gpt_oss_120b,8.483636407887394,4835,thefuck/10,thefuck,10,3,10,0,34261,3745,0.004352,29.79
0.0,0,0.0,0.0,all_tools,gpt_oss_120b,8.270781013162674,3908,thefuck/20,thefuck,20,1,12,0,35953,3060,0.003546,27.3
0.0,0,0.0,0.0,all_tools,gpt_oss_120b,8.270781013162674,3908,thefuck/20,thefuck,20,2,21,0,107867,7281,0.009016,62.36
0.0,0,0.0,0.0,all_tools,gpt_oss_120b,8.270781013162674,3908,thefuck/20,thefuck,20,3,17,0,100806,6327,0.008316,49.28
1.0,1,1.0,1.0,all_tools,gpt_oss_120b,7.822845290279774,2497,thefuck/5,thefuck,5,1,9,0,29724,2579,0.003494,20.22
0.0,0,0.0,0.0,all_tools,gpt_oss_120b,7.822845290279774,2497,thefuck/5,thefuck,5,2,1,0,2516,537,0.000441,4.1
1.0,1,1.0,1.0,all_tools,gpt_oss_120b,7.822845290279774,2497,thefuck/5,thefuck,5,3,13,0,52080,2890,0.004475,39.78
1.0,1,1.0,1.0,all_tools,gpt_oss_120b,12.430331574579306,250279,transformers/25,transformers,25,1,7,0,29088,1623,0.002743,12.42
1.0,1,1.0,1.0,all_tools,gpt_oss_120b,12.430331574579306,250279,transformers/25,transformers,25,2,4,0,10539,851,0.001147,12.38
1.0,1,1.0,1.0,all_tools,gpt_oss_120b,12.430331574579306,250279,transformers/25,transformers,25,3,10,0,42556,2673,0.004577,21.5
0.1538,0,1.0,0.0833,all_tools,gpt_oss_120b,12.407424472605875,244611,transformers/27,transformers,27,1,8,0,61478,1354,0.006648,12.0
0.1538,0,1.0,0.0833,all_tools,gpt_oss_120b,12.407424472605875,244611,transformers/27,transformers,27,2,7,0,65050,1451,0.004165,14.85
0.1538,0,1.0,0.0833,all_tools,gpt_oss_120b,12.407424472605875,244611,transformers/27,transformers,27,3,4,0,17180,464,0.00169,8.26
0.75,0,1.0,0.6,all_tools,gpt_oss_120b,11.587420505060633,107734,transformers/5,transformers,5,1,17,0,198198,5551,0.012443,60.22
0.75,0,1.0,0.6,all_tools,gpt_oss_120b,11.587420505060633,107734,transformers/5,transformers,5,2,17,0,261692,4527,0.014828,62.09
0.5714,0,1.0,0.4,all_tools,gpt_oss_120b,11.587420505060633,107734,transformers/5,transformers,5,3,17,0,236278,3566,0.014519,50.74
1.0,1,1.0,1.0,all_tools,gpt_oss_120b,12.095096391086711,178992,yt-dlp/23,yt-dlp,23,1,17,0,97956,4796,0.006654,48.76
1.0,1,1.0,1.0,all_tools,gpt_oss_120b,12.095096391086711,178992,yt-dlp/23,yt-dlp,23,2,4,0,13255,905,0.001571,7.53
1.0,1,1.0,1.0,all_tools,gpt_oss_120b,12.095096391086711,178992,yt-dlp/23,yt-dlp,23,3,6,0,22126,1847,0.002497,18.73
0.0,0,0.0,0.0,all_tools,gpt_oss_120b,12.1489730534896,188900,yt-dlp/41,yt-dlp,41,1,1,0,5446,557,0.000971,6.13
0.0,0,0.0,0.0,all_tools,gpt_oss_120b,12.1489730534896,188900,yt-dlp/41,yt-dlp,41,2,11,0,185431,5456,0.012903,64.41
0.0,0,0.0,0.0,all_tools,gpt_oss_120b,12.1489730534896,188900,yt-dlp/41,yt-dlp,41,3,12,0,188922,5497,0.014072,68.03
0.5,0,0.5,0.5,all_tools,gpt_oss_120b,12.198660241414718,198523,yt-dlp/45,yt-dlp,45,1,18,0,134119,4790,0.008547,52.09
0.0,0,0.0,0.0,all_tools,gpt_oss_120b,12.198660241414718,198523,yt-dlp/45,yt-dlp,45,2,19,0,273200,5268,0.015792,62.12
0.6667,0,1.0,0.5,all_tools,gpt_oss_120b,12.198660241414718,198523,yt-dlp/45,yt-dlp,45,3,13,0,165851,3448,0.010373,37.37
1.0,1,1.0,1.0,all_tools,deepseek_flash,12.068688124847148,174327,core/16,core,16,1,10,0,118263,6301,0.004166,49.5
1.0,1,1.0,1.0,all_tools,deepseek_flash,12.068688124847148,174327,core/16,core,16,2,17,0,439905,18835,0.010049,188.05
1.0,1,1.0,1.0,all_tools,deepseek_flash,12.068688124847148,174327,core/16,core,16,3,12,0,206530,15197,0.007143,132.17
1.0,1,1.0,1.0,all_tools,deepseek_flash,11.506545154005941,99364,core/20,core,20,1,4,0,27518,2079,0.001484,19.13
1.0,1,1.0,1.0,all_tools,deepseek_flash,11.506545154005941,99364,core/20,core,20,2,25,0,428221,8678,0.006605,92.54
1.0,1,1.0,1.0,all_tools,deepseek_flash,11.506545154005941,99364,core/20,core,20,3,20,0,181070,6466,0.003417,71.31
0.0,0,0.0,0.0,all_tools,deepseek_flash,8.579980179515003,5324,fastapi/17,fastapi,17,1,30,1,336895,13567,0.007938,129.47
0.0,0,0.0,0.0,all_tools,deepseek_flash,8.579980179515003,5324,fastapi/17,fastapi,17,2,30,1,557892,20864,0.011962,180.15
0.0,0,0.0,0.0,all_tools,deepseek_flash,8.579980179515003,5324,fastapi/17,fastapi,17,3,30,1,524208,24872,0.01304,227.93
0.0,0,0.0,0.0,all_tools,deepseek_flash,8.518991573357617,5009,fastapi/20,fastapi,20,1,30,1,472703,7487,0.008548,93.5
0.0,0,0.0,0.0,all_tools,deepseek_flash,8.518991573357617,5009,fastapi/20,fastapi,20,2,30,1,642126,11027,0.01243,141.21
0.0,0,0.0,0.0,all_tools,deepseek_flash,8.518991573357617,5009,fastapi/20,fastapi,20,3,30,1,338748,8444,0.006675,103.82
0.5,0,1.0,0.3333,all_tools,deepseek_flash,8.482187582217422,4828,fastapi/9,fastapi,9,1,21,0,166485,3671,0.002788,47.91
0.5,0,1.0,0.3333,all_tools,deepseek_flash,8.482187582217422,4828,fastapi/9,fastapi,9,2,17,0,122204,2599,0.002171,35.76
0.5,0,1.0,0.3333,all_tools,deepseek_flash,8.482187582217422,4828,fastapi/9,fastapi,9,3,9,0,113750,3514,0.002983,40.58
0.6667,0,1.0,0.5,all_tools,deepseek_flash,8.808369153122275,6690,flask/18,flask,18,1,12,0,132794,2237,0.002973,27.0
1.0,1,1.0,1.0,all_tools,deepseek_flash,8.808369153122275,6690,flask/18,flask,18,2,14,0,157751,2973,0.003178,35.84
1.0,1,1.0,1.0,all_tools,deepseek_flash,8.808369153122275,6690,flask/18,flask,18,3,12,0,57489,2540,0.001559,30.19
0.0,0,0.0,0.0,all_tools,deepseek_flash,8.899457906353966,7328,flask/3,flask,3,1,30,1,244424,12010,0.006709,135.54
1.0,1,1.0,1.0,all_tools,deepseek_flash,8.899457906353966,7328,flask/3,flask,3,2,30,1,272749,6440,0.006603,91.73
1.0,1,1.0,1.0,all_tools,deepseek_flash,8.899457906353966,7328,flask/3,flask,3,3,30,1,437029,9808,0.010666,116.0
1.0,1,1.0,1.0,all_tools,deepseek_flash,8.827468112520654,6819,flask/6,flask,6,1,9,0,158351,11993,0.00577,90.71
1.0,1,1.0,1.0,all_tools,deepseek_flash,8.827468112520654,6819,flask/6,flask,6,2,8,0,67961,6426,0.002919,52.93
1.0,1,1.0,1.0,all_tools,deepseek_flash,8.827468112520654,6819,flask/6,flask,6,3,14,0,92971,5608,0.002644,49.92
0.5,1,0.3333,1.0,all_tools,deepseek_flash,8.341410211461865,4194,gpt-engineer/11,gpt-engineer,11,1,9,0,93335,2748,0.003176,31.07
0.5,1,0.3333,1.0,all_tools,deepseek_flash,8.341410211461865,4194,gpt-engineer/11,gpt-engineer,11,2,9,0,64330,3072,0.002719,31.84
0.5,1,0.3333,1.0,all_tools,deepseek_flash,8.341410211461865,4194,gpt-engineer/11,gpt-engineer,11,3,15,0,159028,4073,0.00428,46.14
0.4,0,1.0,0.25,all_tools,deepseek_flash,8.029432840581244,3070,gpt-engineer/12,gpt-engineer,12,1,19,0,170133,5815,0.003442,61.3
0.4,0,1.0,0.25,all_tools,deepseek_flash,8.029432840581244,3070,gpt-engineer/12,gpt-engineer,12,2,15,0,111562,6176,0.003474,60.39
0.6667,0,1.0,0.5,all_tools,deepseek_flash,8.029432840581244,3070,gpt-engineer/12,gpt-engineer,12,3,11,0,102588,6888,0.003506,64.28
0.0,0,0.0,0.0,all_tools,deepseek_flash,8.36380888451688,4289,gpt-engineer/9,gpt-engineer,9,1,30,1,735069,23395,0.017964,235.06
0.5,1,0.3333,1.0,all_tools,deepseek_flash,8.36380888451688,4289,gpt-engineer/9,gpt-engineer,9,2,25,0,545957,32078,0.012974,311.54
0.5,1,0.3333,1.0,all_tools,deepseek_flash,8.36380888451688,4289,gpt-engineer/9,gpt-engineer,9,3,19,0,491741,26064,0.011901,256.33
0.0,0,0.0,0.0,all_tools,deepseek_flash,10.196231790580173,26802,keras/12,keras,12,1,14,0,145810,7240,0.004159,75.0
0.2857,0,0.5,0.2,all_tools,deepseek_flash,10.196231790580173,26802,keras/12,keras,12,2,11,0,107385,5352,0.003502,58.28
0.0,0,0.0,0.0,all_tools,deepseek_flash,10.196231790580173,26802,keras/12,keras,12,3,11,0,69365,4060,0.002172,45.01
0.0,0,0.0,0.0,all_tools,deepseek_flash,10.349134450277123,31230,keras/5,keras,5,1,30,1,812159,26475,0.018872,215.82
0.0,0,0.0,0.0,all_tools,deepseek_flash,10.349134450277123,31230,keras/5,keras,5,2,30,1,412598,10716,0.009063,106.37
0.0,0,0.0,0.0,all_tools,deepseek_flash,10.349134450277123,31230,keras/5,keras,5,3,30,1,553397,19287,0.012577,172.65
1.0,1,1.0,1.0,all_tools,deepseek_flash,10.444153492313001,34343,keras/9,keras,9,1,20,0,324952,15131,0.006897,141.62
1.0,1,1.0,1.0,all_tools,deepseek_flash,10.444153492313001,34343,keras/9,keras,9,2,13,0,121451,6190,0.003704,57.65
1.0,1,1.0,1.0,all_tools,deepseek_flash,10.444153492313001,34343,keras/9,keras,9,3,11,0,133605,7073,0.004019,68.02
0.0,0,0.0,0.0,all_tools,deepseek_flash,9.61953186182516,15056,localstack/19,localstack,19,1,14,0,80797,2203,0.001795,26.38
0.0,0,0.0,0.0,all_tools,deepseek_flash,9.61953186182516,15056,localstack/19,localstack,19,2,17,0,117078,2124,0.00262,30.87
0.0,0,0.0,0.0,all_tools,deepseek_flash,9.61953186182516,15056,localstack/19,localstack,19,3,25,0,326937,5652,0.004855,74.5
0.6667,1,0.5,1.0,all_tools,deepseek_flash,10.563155506021905,38683,localstack/2,localstack,2,1,30,1,516270,7802,0.009274,90.68
0.0,0,0.0,0.0,all_tools,deepseek_flash,10.563155506021905,38683,localstack/2,localstack,2,2,30,1,446003,5598,0.006968,74.4
0.0,0,0.0,0.0,all_tools,deepseek_flash,10.563155506021905,38683,localstack/2,localstack,2,3,30,1,768065,13744,0.013577,156.92
1.0,1,1.0,1.0,all_tools,deepseek_flash,9.860214640302662,19153,localstack/9,localstack,9,1,23,0,403249,18090,0.008677,170.39
0.0,0,0.0,0.0,all_tools,deepseek_flash,9.860214640302662,19153,localstack/9,localstack,9,2,30,1,547648,31427,0.01489,281.08
0.0,0,0.0,0.0,all_tools,deepseek_flash,9.860214640302662,19153,localstack/9,localstack,9,3,30,1,612280,27533,0.014331,244.93
0.0,0,0.0,0.0,all_tools,deepseek_flash,11.189312196300184,72353,pandas/26,pandas,26,1,30,1,302146,3674,0.005203,51.45
0.0,0,0.0,0.0,all_tools,deepseek_flash,11.189312196300184,72353,pandas/26,pandas,26,2,30,1,374106,4441,0.00694,68.74
0.0,0,0.0,0.0,all_tools,deepseek_flash,11.189312196300184,72353,pandas/26,pandas,26,3,30,1,340318,4272,0.006359,60.18
0.0,0,0.0,0.0,all_tools,deepseek_flash,11.270446177349276,78468,pandas/35,pandas,35,1,30,1,263219,6448,0.005956,74.1
0.0,0,0.0,0.0,all_tools,deepseek_flash,11.270446177349276,78468,pandas/35,pandas,35,2,30,1,337654,7754,0.007435,83.3
0.0,0,0.0,0.0,all_tools,deepseek_flash,11.270446177349276,78468,pandas/35,pandas,35,3,30,1,523059,9449,0.009948,100.01
0.5,0,0.5,0.5,all_tools,deepseek_flash,12.08721590866289,177587,pandas/38,pandas,38,1,28,0,553069,6906,0.01061,80.27
0.6667,0,1.0,0.5,all_tools,deepseek_flash,12.08721590866289,177587,pandas/38,pandas,38,2,29,0,792258,12363,0.013644,126.58
0.5,0,0.5,0.5,all_tools,deepseek_flash,12.08721590866289,177587,pandas/38,pandas,38,3,30,1,482654,5749,0.008278,78.57
0.0,0,0.0,0.0,all_tools,deepseek_flash,10.883015959814806,53264,pandas/44,pandas,44,1,30,1,516150,9293,0.009727,106.51
0.5,0,0.5,0.5,all_tools,deepseek_flash,10.883015959814806,53264,pandas/44,pandas,44,2,30,1,279206,9976,0.006127,105.5
0.0,0,0.0,0.0,all_tools,deepseek_flash,10.883015959814806,53264,pandas/44,pandas,44,3,30,0,658180,10053,0.012789,122.02
0.8,0,1.0,0.6667,all_tools,deepseek_flash,9.346705246496699,11461,requests/12,requests,12,1,15,0,123131,2665,0.002425,34.8
0.8,0,1.0,0.6667,all_tools,deepseek_flash,9.346705246496699,11461,requests/12,requests,12,2,12,0,93646,2442,0.002326,31.51
0.8,0,1.0,0.6667,all_tools,deepseek_flash,9.346705246496699,11461,requests/12,requests,12,3,13,0,117380,4343,0.003249,47.0
1.0,1,1.0,1.0,all_tools,deepseek_flash,9.348274558065496,11479,requests/13,requests,13,1,28,0,381978,16005,0.010121,141.97
1.0,1,1.0,1.0,all_tools,deepseek_flash,9.348274558065496,11479,requests/13,requests,13,2,27,0,370930,16360,0.009182,147.62
1.0,1,1.0,1.0,all_tools,deepseek_flash,9.348274558065496,11479,requests/13,requests,13,3,18,0,330814,14452,0.007352,122.96
1.0,1,1.0,1.0,all_tools,deepseek_flash,7.958576903813898,2860,requests/7,requests,7,1,11,0,55566,4520,0.001968,47.25
1.0,1,1.0,1.0,all_tools,deepseek_flash,7.958576903813898,2860,requests/7,requests,7,2,10,0,78418,6314,0.002701,59.58
1.0,1,1.0,1.0,all_tools,deepseek_flash,7.958576903813898,2860,requests/7,requests,7,3,9,0,75685,6698,0.002848,70.58
1.0,1,1.0,1.0,all_tools,deepseek_flash,10.031000872835088,22720,rich/1,rich,1,1,6,0,24381,1203,0.0008,12.55
1.0,1,1.0,1.0,all_tools,deepseek_flash,10.031000872835088,22720,rich/1,rich,1,2,5,0,18600,1063,0.000636,11.75
1.0,1,1.0,1.0,all_tools,deepseek_flash,10.031000872835088,22720,rich/1,rich,1,3,7,0,28896,1141,0.000835,15.79
0.6667,0,1.0,0.5,all_tools,deepseek_flash,10.051648903516648,23194,rich/12,rich,12,1,30,1,1095647,46131,0.024322,422.58
0.6667,0,1.0,0.5,all_tools,deepseek_flash,10.051648903516648,23194,rich/12,rich,12,2,24,0,475062,17769,0.009702,183.95
0.4,0,1.0,0.25,all_tools,deepseek_flash,10.051648903516648,23194,rich/12,rich,12,3,30,1,436694,13863,0.009981,137.6
1.0,1,1.0,1.0,all_tools,deepseek_flash,10.039939675671627,22924,rich/8,rich,8,1,9,0,73091,2213,0.002107,21.9
1.0,1,1.0,1.0,all_tools,deepseek_flash,10.039939675671627,22924,rich/8,rich,8,2,9,0,67789,1412,0.001685,17.09
1.0,1,1.0,1.0,all_tools,deepseek_flash,10.039939675671627,22924,rich/8,rich,8,3,8,0,59743,1900,0.001784,22.32
0.6667,0,1.0,0.5,all_tools,deepseek_flash,11.620954417182327,111408,scikit-learn/45,scikit-learn,45,1,11,0,51891,1978,0.001496,23.05
0.6667,0,1.0,0.5,all_tools,deepseek_flash,11.620954417182327,111408,scikit-learn/45,scikit-learn,45,2,17,0,98214,2805,0.001803,34.3
0.6667,0,1.0,0.5,all_tools,deepseek_flash,11.620954417182327,111408,scikit-learn/45,scikit-learn,45,3,30,1,288621,4450,0.006424,65.81
1.0,1,1.0,1.0,all_tools,deepseek_flash,11.55076060327325,103856,scikit-learn/49,scikit-learn,49,1,11,0,187432,3049,0.004545,31.8
1.0,1,1.0,1.0,all_tools,deepseek_flash,11.55076060327325,103856,scikit-learn/49,scikit-learn,49,2,15,0,333173,3972,0.00603,42.87
1.0,1,1.0,1.0,all_tools,deepseek_flash,11.55076060327325,103856,scikit-learn/49,scikit-learn,49,3,14,0,348148,5769,0.006593,55.06
1.0,1,1.0,1.0,all_tools,deepseek_flash,11.525654110946952,101281,scikit-learn/5,scikit-learn,5,1,10,0,184497,26007,0.009491,228.17
1.0,1,1.0,1.0,all_tools,deepseek_flash,11.525654110946952,101281,scikit-learn/5,scikit-learn,5,2,19,0,437199,41565,0.014682,409.26
1.0,1,1.0,1.0,all_tools,deepseek_flash,11.525654110946952,101281,scikit-learn/5,scikit-learn,5,3,13,0,302400,27812,0.01054,294.99
1.0,1,1.0,1.0,all_tools,deepseek_flash,9.796458979777604,17970,scrapy/20,scrapy,20,1,3,0,11965,820,0.000921,9.35
1.0,1,1.0,1.0,all_tools,deepseek_flash,9.796458979777604,17970,scrapy/20,scrapy,20,2,7,0,51424,1642,0.001934,20.02
1.0,1,1.0,1.0,all_tools,deepseek_flash,9.796458979777604,17970,scrapy/20,scrapy,20,3,6,0,33503,920,0.00112,13.02
0.6667,1,0.5,1.0,all_tools,deepseek_flash,9.655026193237628,15600,scrapy/26,scrapy,26,1,12,0,113765,2375,0.002525,29.26
0.6667,1,0.5,1.0,all_tools,deepseek_flash,9.655026193237628,15600,scrapy/26,scrapy,26,2,16,0,188382,3339,0.003793,38.8
0.6667,1,0.5,1.0,all_tools,deepseek_flash,9.655026193237628,15600,scrapy/26,scrapy,26,3,12,0,119411,3144,0.002969,35.87
0.6667,0,1.0,0.5,all_tools,deepseek_flash,9.73477299914839,16895,scrapy/48,scrapy,48,1,30,1,235263,6630,0.004798,88.7
0.0,0,0.0,0.0,all_tools,deepseek_flash,9.73477299914839,16895,scrapy/48,scrapy,48,2,30,1,270120,4977,0.005141,63.92
0.0,0,0.0,0.0,all_tools,deepseek_flash,9.73477299914839,16895,scrapy/48,scrapy,48,3,30,1,244405,6251,0.004901,84.29
1.0,1,1.0,1.0,all_tools,deepseek_flash,9.961803629358965,21201,stable-diffusion-webui/0,stable-diffusion-webui,0,1,8,0,156828,3788,0.00398,33.83
1.0,1,1.0,1.0,all_tools,deepseek_flash,9.961803629358965,21201,stable-diffusion-webui/0,stable-diffusion-webui,0,2,9,0,164809,4209,0.004021,43.72
1.0,1,1.0,1.0,all_tools,deepseek_flash,9.961803629358965,21201,stable-diffusion-webui/0,stable-diffusion-webui,0,3,12,0,261553,5156,0.00487,50.72
0.6667,1,0.5,1.0,all_tools,deepseek_flash,9.908425341565751,20099,stable-diffusion-webui/13,stable-diffusion-webui,13,1,30,1,671853,18597,0.012741,194.94
0.5,1,0.3333,1.0,all_tools,deepseek_flash,9.908425341565751,20099,stable-diffusion-webui/13,stable-diffusion-webui,13,2,30,0,806550,22223,0.013963,209.82
1.0,1,1.0,1.0,all_tools,deepseek_flash,9.908425341565751,20099,stable-diffusion-webui/13,stable-diffusion-webui,13,3,20,0,431488,7524,0.006406,81.5
0.6667,0,1.0,0.5,all_tools,deepseek_flash,10.028797743501574,22670,stable-diffusion-webui/5,stable-diffusion-webui,5,1,29,0,701974,21658,0.016462,191.0
0.6667,0,1.0,0.5,all_tools,deepseek_flash,10.028797743501574,22670,stable-diffusion-webui/5,stable-diffusion-webui,5,2,17,0,263629,12950,0.006746,110.36
0.6667,0,1.0,0.5,all_tools,deepseek_flash,10.028797743501574,22670,stable-diffusion-webui/5,stable-diffusion-webui,5,3,26,0,725404,22923,0.016988,197.51
0.4,0,0.5,0.3333,all_tools,deepseek_flash,8.483636407887394,4835,thefuck/10,thefuck,10,1,26,0,452693,25983,0.013999,201.08
0.0,0,0.0,0.0,all_tools,deepseek_flash,8.483636407887394,4835,thefuck/10,thefuck,10,2,14,0,100713,8006,0.003522,71.06
0.0,0,0.0,0.0,all_tools,deepseek_flash,8.483636407887394,4835,thefuck/10,thefuck,10,3,22,0,735954,31796,0.016015,255.06
0.0,0,0.0,0.0,all_tools,deepseek_flash,8.270781013162674,3908,thefuck/20,thefuck,20,1,9,0,60891,7346,0.003153,64.14
0.0,0,0.0,0.0,all_tools,deepseek_flash,8.270781013162674,3908,thefuck/20,thefuck,20,2,11,0,53577,2690,0.001598,30.33
0.0,0,0.0,0.0,all_tools,deepseek_flash,8.270781013162674,3908,thefuck/20,thefuck,20,3,7,0,28567,2624,0.00131,26.76
1.0,1,1.0,1.0,all_tools,deepseek_flash,7.822845290279774,2497,thefuck/5,thefuck,5,1,15,0,118440,3385,0.002462,37.52
1.0,1,1.0,1.0,all_tools,deepseek_flash,7.822845290279774,2497,thefuck/5,thefuck,5,2,11,0,77133,2840,0.001988,31.93
1.0,1,1.0,1.0,all_tools,deepseek_flash,7.822845290279774,2497,thefuck/5,thefuck,5,3,18,0,138523,5346,0.002854,61.62
1.0,1,1.0,1.0,all_tools,deepseek_flash,12.430331574579306,250279,transformers/25,transformers,25,1,14,0,76766,3454,0.003144,32.69
1.0,1,1.0,1.0,all_tools,deepseek_flash,12.430331574579306,250279,transformers/25,transformers,25,2,6,0,29037,2628,0.001324,24.54
1.0,1,1.0,1.0,all_tools,deepseek_flash,12.430331574579306,250279,transformers/25,transformers,25,3,6,0,45218,2638,0.002819,29.96
0.1538,0,1.0,0.0833,all_tools,deepseek_flash,12.407424472605875,244611,transformers/27,transformers,27,1,5,0,38551,1599,0.001771,17.43
0.1538,0,1.0,0.0833,all_tools,deepseek_flash,12.407424472605875,244611,transformers/27,transformers,27,2,4,0,26882,1109,0.00137,13.14
0.1538,0,1.0,0.0833,all_tools,deepseek_flash,12.407424472605875,244611,transformers/27,transformers,27,3,5,0,34578,1721,0.0016,17.12
0.75,0,1.0,0.6,all_tools,deepseek_flash,11.587420505060633,107734,transformers/5,transformers,5,1,28,0,813142,8838,0.017267,91.86
0.8889,0,1.0,0.8,all_tools,deepseek_flash,11.587420505060633,107734,transformers/5,transformers,5,2,30,1,944835,8585,0.016386,114.32
0.75,0,1.0,0.6,all_tools,deepseek_flash,11.587420505060633,107734,transformers/5,transformers,5,3,30,1,713940,7336,0.014321,88.24
1.0,1,1.0,1.0,all_tools,deepseek_flash,12.095096391086711,178992,yt-dlp/23,yt-dlp,23,1,30,1,476492,18206,0.010429,172.87
1.0,1,1.0,1.0,all_tools,deepseek_flash,12.095096391086711,178992,yt-dlp/23,yt-dlp,23,2,20,0,250310,13973,0.005993,127.55
1.0,1,1.0,1.0,all_tools,deepseek_flash,12.095096391086711,178992,yt-dlp/23,yt-dlp,23,3,29,0,656401,13153,0.013777,137.61
0.0,0,0.0,0.0,all_tools,deepseek_flash,12.1489730534896,188900,yt-dlp/41,yt-dlp,41,1,28,0,556756,16633,0.012251,173.31
0.0,0,0.0,0.0,all_tools,deepseek_flash,12.1489730534896,188900,yt-dlp/41,yt-dlp,41,2,30,1,682229,31816,0.017192,310.76
0.4,1,0.25,1.0,all_tools,deepseek_flash,12.1489730534896,188900,yt-dlp/41,yt-dlp,41,3,30,1,584298,14975,0.013026,161.58
0.6667,0,1.0,0.5,all_tools,deepseek_flash,12.198660241414718,198523,yt-dlp/45,yt-dlp,45,1,30,1,466330,8495,0.00864,103.12
0.6667,0,1.0,0.5,all_tools,deepseek_flash,12.198660241414718,198523,yt-dlp/45,yt-dlp,45,2,25,0,320801,5371,0.004338,66.85
0.6667,0,1.0,0.5,all_tools,deepseek_flash,12.198660241414718,198523,yt-dlp/45,yt-dlp,45,3,28,0,634154,9010,0.010802,100.69
1.0,1,1.0,1.0,all_tools,nemotron_super,12.068688124847148,174327,core/16,core,16,1,6,0,22515,15632,0.008167,227.56
1.0,1,1.0,1.0,all_tools,nemotron_super,12.068688124847148,174327,core/16,core,16,2,7,0,42507,12426,0.008583,177.4
1.0,1,1.0,1.0,all_tools,nemotron_super,12.068688124847148,174327,core/16,core,16,3,10,0,62301,17862,0.01244,198.61
0.0,0,0.0,0.0,all_tools,nemotron_super,11.506545154005941,99364,core/20,core,20,1,4,0,36209,17741,0.010174,177.46
1.0,1,1.0,1.0,all_tools,nemotron_super,11.506545154005941,99364,core/20,core,20,2,2,0,10926,8045,0.004147,61.39
1.0,1,1.0,1.0,all_tools,nemotron_super,11.506545154005941,99364,core/20,core,20,3,4,0,19151,6972,0.004417,62.22
0.0,0,0.0,0.0,all_tools,nemotron_super,8.579980179515003,5324,fastapi/17,fastapi,17,1,9,0,59821,21727,0.013776,251.96
0.0,0,0.0,0.0,all_tools,nemotron_super,8.579980179515003,5324,fastapi/17,fastapi,17,2,6,0,35391,10551,0.007229,129.28
0.0,0,0.0,0.0,all_tools,nemotron_super,8.579980179515003,5324,fastapi/17,fastapi,17,3,9,0,134070,36798,0.026115,585.04
0.0,0,0.0,0.0,all_tools,nemotron_super,8.518991573357617,5009,fastapi/20,fastapi,20,1,11,0,61620,26206,0.01572,478.37
0.0,0,0.0,0.0,all_tools,nemotron_super,8.518991573357617,5009,fastapi/20,fastapi,20,2,19,0,94485,43102,0.025272,624.0
0.0,0,0.0,0.0,all_tools,nemotron_super,8.518991573357617,5009,fastapi/20,fastapi,20,3,17,0,86332,36001,0.021739,336.4
0.5,0,1.0,0.3333,all_tools,nemotron_super,8.482187582217422,4828,fastapi/9,fastapi,9,1,9,0,79092,36187,0.021198,696.49
0.5,0,1.0,0.3333,all_tools,nemotron_super,8.482187582217422,4828,fastapi/9,fastapi,9,2,12,0,68439,34782,0.01973,432.36
0.5,0,1.0,0.3333,all_tools,nemotron_super,8.482187582217422,4828,fastapi/9,fastapi,9,3,7,0,29169,15001,0.00848,192.9
1.0,1,1.0,1.0,all_tools,nemotron_super,8.808369153122275,6690,flask/18,flask,18,1,13,0,129527,14660,0.016874,434.97
0.0,0,0.0,0.0,all_tools,nemotron_super,8.808369153122275,6690,flask/18,flask,18,2,10,0,90914,8489,0.011123,71.23
1.0,1,1.0,1.0,all_tools,nemotron_super,8.808369153122275,6690,flask/18,flask,18,3,9,0,36982,10306,0.007266,120.6
1.0,1,1.0,1.0,all_tools,nemotron_super,8.899457906353966,7328,flask/3,flask,3,1,10,0,65513,25764,0.015874,414.27
1.0,1,1.0,1.0,all_tools,nemotron_super,8.899457906353966,7328,flask/3,flask,3,2,9,0,87539,23524,0.01685,336.73
1.0,1,1.0,1.0,all_tools,nemotron_super,8.899457906353966,7328,flask/3,flask,3,3,12,0,90263,17495,0.01467,251.86
0.0,0,0.0,0.0,all_tools,nemotron_super,8.827468112520654,6819,flask/6,flask,6,1,4,0,17812,5769,0.003822,80.21
1.0,1,1.0,1.0,all_tools,nemotron_super,8.827468112520654,6819,flask/6,flask,6,2,7,0,84525,19561,0.015009,228.28
1.0,1,1.0,1.0,all_tools,nemotron_super,8.827468112520654,6819,flask/6,flask,6,3,7,0,67458,11764,0.01044,162.99
0.0,0,0.0,0.0,all_tools,nemotron_super,8.341410211461865,4194,gpt-engineer/11,gpt-engineer,11,1,7,0,23462,8229,0.005286,84.52
0.0,0,0.0,0.0,all_tools,nemotron_super,8.341410211461865,4194,gpt-engineer/11,gpt-engineer,11,2,11,0,84896,17131,0.014069,267.63
0.0,0,0.0,0.0,all_tools,nemotron_super,8.341410211461865,4194,gpt-engineer/11,gpt-engineer,11,3,14,0,94074,32674,0.021066,471.23
0.4,0,1.0,0.25,all_tools,nemotron_super,8.029432840581244,3070,gpt-engineer/12,gpt-engineer,12,1,18,0,103456,13054,0.014015,180.85
0.4,0,1.0,0.25,all_tools,nemotron_super,8.029432840581244,3070,gpt-engineer/12,gpt-engineer,12,2,3,0,11267,2940,0.002134,35.74
0.4,0,1.0,0.25,all_tools,nemotron_super,8.029432840581244,3070,gpt-engineer/12,gpt-engineer,12,3,15,0,88424,24545,0.017334,240.34
1.0,1,1.0,1.0,all_tools,nemotron_super,8.36380888451688,4289,gpt-engineer/9,gpt-engineer,9,1,10,0,73085,21211,0.014697,218.99
1.0,1,1.0,1.0,all_tools,nemotron_super,8.36380888451688,4289,gpt-engineer/9,gpt-engineer,9,2,9,0,62793,13508,0.010741,145.19
1.0,1,1.0,1.0,all_tools,nemotron_super,8.36380888451688,4289,gpt-engineer/9,gpt-engineer,9,3,7,0,28904,9391,0.006213,103.47
0.0,0,0.0,0.0,all_tools,nemotron_super,10.196231790580173,26802,keras/12,keras,12,1,6,0,16745,15072,0.007452,251.24
0.0,0,0.0,0.0,all_tools,nemotron_super,10.196231790580173,26802,keras/12,keras,12,2,6,0,17001,19542,0.009262,180.89
0.0,0,0.0,0.0,all_tools,nemotron_super,10.196231790580173,26802,keras/12,keras,12,3,7,0,22948,9036,0.005565,123.07
1.0,1,1.0,1.0,all_tools,nemotron_super,10.349134450277123,31230,keras/5,keras,5,1,9,0,83275,25847,0.017417,424.21
1.0,1,1.0,1.0,all_tools,nemotron_super,10.349134450277123,31230,keras/5,keras,5,2,6,0,32192,9849,0.006676,105.94
1.0,1,1.0,1.0,all_tools,nemotron_super,10.349134450277123,31230,keras/5,keras,5,3,6,0,23456,9868,0.005941,79.63
1.0,1,1.0,1.0,all_tools,nemotron_super,10.444153492313001,34343,keras/9,keras,9,1,12,0,60370,15164,0.011197,216.96
1.0,1,1.0,1.0,all_tools,nemotron_super,10.444153492313001,34343,keras/9,keras,9,2,5,0,19589,3652,0.003126,46.33
1.0,1,1.0,1.0,all_tools,nemotron_super,10.444153492313001,34343,keras/9,keras,9,3,9,0,44052,12100,0.008584,157.82
0.0,0,0.0,0.0,all_tools,nemotron_super,9.61953186182516,15056,localstack/19,localstack,19,1,23,0,226367,12581,0.024274,254.83
0.0,0,0.0,0.0,all_tools,nemotron_super,9.61953186182516,15056,localstack/19,localstack,19,2,8,0,18155,2310,0.002467,53.42
0.0,0,0.0,0.0,all_tools,nemotron_super,9.61953186182516,15056,localstack/19,localstack,19,3,18,0,95023,8600,0.011517,95.28
1.0,1,1.0,1.0,all_tools,nemotron_super,10.563155506021905,38683,localstack/2,localstack,2,1,18,0,192419,27711,0.02744,517.97
1.0,1,1.0,1.0,all_tools,nemotron_super,10.563155506021905,38683,localstack/2,localstack,2,2,19,0,220488,34173,0.032411,624.31
1.0,1,1.0,1.0,all_tools,nemotron_super,10.563155506021905,38683,localstack/2,localstack,2,3,20,0,426176,41628,0.052876,593.12
1.0,1,1.0,1.0,all_tools,nemotron_super,9.860214640302662,19153,localstack/9,localstack,9,1,15,0,114662,25834,0.02008,444.01
1.0,1,1.0,1.0,all_tools,nemotron_super,9.860214640302662,19153,localstack/9,localstack,9,2,15,0,90839,21342,0.016258,266.0
1.0,1,1.0,1.0,all_tools,nemotron_super,9.860214640302662,19153,localstack/9,localstack,9,3,18,0,125379,56490,0.033253,864.02
0.0,0,0.0,0.0,all_tools,nemotron_super,11.189312196300184,72353,pandas/26,pandas,26,1,30,1,480631,9923,0.044823,170.17
0.6667,0,1.0,0.5,all_tools,nemotron_super,11.189312196300184,72353,pandas/26,pandas,26,2,30,1,431064,18016,0.043847,243.11
0.6667,0,1.0,0.5,all_tools,nemotron_super,11.189312196300184,72353,pandas/26,pandas,26,3,30,1,377198,9250,0.035762,97.88
0.0,0,0.0,0.0,all_tools,nemotron_super,11.270446177349276,78468,pandas/35,pandas,35,1,30,1,278103,5427,0.02581,75.7
0.0,0,0.0,0.0,all_tools,nemotron_super,11.270446177349276,78468,pandas/35,pandas,35,2,30,0,309904,22091,0.035178,236.74
0.0,0,0.0,0.0,all_tools,nemotron_super,11.270446177349276,78468,pandas/35,pandas,35,3,30,1,212072,9449,0.021806,163.09
0.6667,0,1.0,0.5,all_tools,nemotron_super,12.08721590866289,177587,pandas/38,pandas,38,1,7,0,46156,8556,0.007346,125.22
0.6667,0,1.0,0.5,all_tools,nemotron_super,12.08721590866289,177587,pandas/38,pandas,38,2,5,0,35381,10822,0.007336,156.62
0.6667,0,1.0,0.5,all_tools,nemotron_super,12.08721590866289,177587,pandas/38,pandas,38,3,3,0,15513,4484,0.003112,52.48
0.0,0,0.0,0.0,all_tools,nemotron_super,10.883015959814806,53264,pandas/44,pandas,44,1,9,0,95993,13676,0.01363,245.53
0.0,0,0.0,0.0,all_tools,nemotron_super,10.883015959814806,53264,pandas/44,pandas,44,2,13,0,161192,21654,0.022363,490.88
0.0,0,0.0,0.0,all_tools,nemotron_super,10.883015959814806,53264,pandas/44,pandas,44,3,9,0,36045,9436,0.006838,114.46
0.8,0,1.0,0.6667,all_tools,nemotron_super,9.346705246496699,11461,requests/12,requests,12,1,7,0,27809,6152,0.004825,91.69
0.8,0,1.0,0.6667,all_tools,nemotron_super,9.346705246496699,11461,requests/12,requests,12,2,8,0,38886,8837,0.00684,84.26
0.8,0,1.0,0.6667,all_tools,nemotron_super,9.346705246496699,11461,requests/12,requests,12,3,10,0,46190,9488,0.007721,99.36
1.0,1,1.0,1.0,all_tools,nemotron_super,9.348274558065496,11479,requests/13,requests,13,1,7,0,26146,5489,0.004418,55.94
0.0,0,0.0,0.0,all_tools,nemotron_super,9.348274558065496,11479,requests/13,requests,13,2,12,0,100721,38735,0.024055,504.17
1.0,1,1.0,1.0,all_tools,nemotron_super,9.348274558065496,11479,requests/13,requests,13,3,5,0,20991,10363,0.005929,101.58
0.0,0,0.0,0.0,all_tools,nemotron_super,7.958576903813898,2860,requests/7,requests,7,1,1,0,4805,564,0.000634,10.98
1.0,1,1.0,1.0,all_tools,nemotron_super,7.958576903813898,2860,requests/7,requests,7,2,12,0,40985,25327,0.013615,274.35
1.0,1,1.0,1.0,all_tools,nemotron_super,7.958576903813898,2860,requests/7,requests,7,3,5,0,17433,5530,0.003694,64.95
1.0,1,1.0,1.0,all_tools,nemotron_super,10.031000872835088,22720,rich/1,rich,1,1,5,0,36041,3402,0.004424,44.18
1.0,1,1.0,1.0,all_tools,nemotron_super,10.031000872835088,22720,rich/1,rich,1,2,12,0,52397,13962,0.010039,179.03
1.0,1,1.0,1.0,all_tools,nemotron_super,10.031000872835088,22720,rich/1,rich,1,3,13,0,61990,15726,0.01156,269.76
0.4,0,1.0,0.25,all_tools,nemotron_super,10.051648903516648,23194,rich/12,rich,12,1,13,0,103192,30002,0.020772,577.49
0.4,0,1.0,0.25,all_tools,nemotron_super,10.051648903516648,23194,rich/12,rich,12,2,20,0,182590,66049,0.04194,621.98
0.6667,0,1.0,0.5,all_tools,nemotron_super,10.051648903516648,23194,rich/12,rich,12,3,8,0,98463,22202,0.01725,215.94
1.0,1,1.0,1.0,all_tools,nemotron_super,10.039939675671627,22924,rich/8,rich,8,1,6,0,36339,10167,0.007156,115.12
1.0,1,1.0,1.0,all_tools,nemotron_super,10.039939675671627,22924,rich/8,rich,8,2,7,0,40718,7539,0.006477,107.41
1.0,1,1.0,1.0,all_tools,nemotron_super,10.039939675671627,22924,rich/8,rich,8,3,6,0,36538,5242,0.005203,50.2
0.6667,0,1.0,0.5,all_tools,nemotron_super,11.620954417182327,111408,scikit-learn/45,scikit-learn,45,1,7,0,21351,6977,0.004606,87.61
0.6667,0,1.0,0.5,all_tools,nemotron_super,11.620954417182327,111408,scikit-learn/45,scikit-learn,45,2,8,0,25800,6575,0.004823,75.09
0.6667,0,1.0,0.5,all_tools,nemotron_super,11.620954417182327,111408,scikit-learn/45,scikit-learn,45,3,7,0,20724,5439,0.003937,81.45
1.0,1,1.0,1.0,all_tools,nemotron_super,11.55076060327325,103856,scikit-learn/49,scikit-learn,49,1,13,0,228574,14507,0.025232,161.05
1.0,1,1.0,1.0,all_tools,nemotron_super,11.55076060327325,103856,scikit-learn/49,scikit-learn,49,2,11,0,227147,12796,0.024426,226.78
1.0,1,1.0,1.0,all_tools,nemotron_super,11.55076060327325,103856,scikit-learn/49,scikit-learn,49,3,13,0,224488,14965,0.025067,161.39
1.0,1,1.0,1.0,all_tools,nemotron_super,11.525654110946952,101281,scikit-learn/5,scikit-learn,5,1,4,0,21265,3173,0.003077,34.04
1.0,1,1.0,1.0,all_tools,nemotron_super,11.525654110946952,101281,scikit-learn/5,scikit-learn,5,2,5,0,24013,8903,0.005602,118.45
1.0,1,1.0,1.0,all_tools,nemotron_super,11.525654110946952,101281,scikit-learn/5,scikit-learn,5,3,6,0,27413,2833,0.003463,32.18
1.0,1,1.0,1.0,all_tools,nemotron_super,9.796458979777604,17970,scrapy/20,scrapy,20,1,6,0,36884,4416,0.004902,61.07
1.0,1,1.0,1.0,all_tools,nemotron_super,9.796458979777604,17970,scrapy/20,scrapy,20,2,4,0,15351,2611,0.002349,34.13
1.0,1,1.0,1.0,all_tools,nemotron_super,9.796458979777604,17970,scrapy/20,scrapy,20,3,6,0,33755,7433,0.005842,112.83
0.6667,1,0.5,1.0,all_tools,nemotron_super,9.655026193237628,15600,scrapy/26,scrapy,26,1,5,0,23435,6092,0.004429,73.38
1.0,1,1.0,1.0,all_tools,nemotron_super,9.655026193237628,15600,scrapy/26,scrapy,26,2,3,0,21104,9229,0.005485,124.76
1.0,1,1.0,1.0,all_tools,nemotron_super,9.655026193237628,15600,scrapy/26,scrapy,26,3,5,0,22863,6630,0.004595,61.03
0.6667,0,1.0,0.5,all_tools,nemotron_super,9.73477299914839,16895,scrapy/48,scrapy,48,1,10,0,28800,4100,0.004088,48.25
0.0,0,0.0,0.0,all_tools,nemotron_super,9.73477299914839,16895,scrapy/48,scrapy,48,2,10,0,33164,6650,0.005479,63.28
0.0,0,0.0,0.0,all_tools,nemotron_super,9.73477299914839,16895,scrapy/48,scrapy,48,3,8,0,24955,9559,0.005945,86.01
1.0,1,1.0,1.0,all_tools,nemotron_super,9.961803629358965,21201,stable-diffusion-webui/0,stable-diffusion-webui,0,1,3,0,52699,8331,0.007812,135.19
1.0,1,1.0,1.0,all_tools,nemotron_super,9.961803629358965,21201,stable-diffusion-webui/0,stable-diffusion-webui,0,2,2,0,34875,2721,0.004053,50.48
1.0,1,1.0,1.0,all_tools,nemotron_super,9.961803629358965,21201,stable-diffusion-webui/0,stable-diffusion-webui,0,3,3,0,51953,2115,0.005262,35.4
1.0,1,1.0,1.0,all_tools,nemotron_super,9.908425341565751,20099,stable-diffusion-webui/13,stable-diffusion-webui,13,1,28,0,577785,45411,0.067276,779.19
0.0,0,0.0,0.0,all_tools,nemotron_super,9.908425341565751,20099,stable-diffusion-webui/13,stable-diffusion-webui,13,2,30,1,560765,42211,0.064549,724.95
0.0,0,0.0,0.0,all_tools,nemotron_super,9.908425341565751,20099,stable-diffusion-webui/13,stable-diffusion-webui,13,3,20,0,423147,17388,0.042923,227.06
0.6667,0,1.0,0.5,all_tools,nemotron_super,10.028797743501574,22670,stable-diffusion-webui/5,stable-diffusion-webui,5,1,23,0,166357,26397,0.024699,528.49
0.0,0,0.0,0.0,all_tools,nemotron_super,10.028797743501574,22670,stable-diffusion-webui/5,stable-diffusion-webui,5,2,11,0,70011,9092,0.009588,99.65
0.6667,0,1.0,0.5,all_tools,nemotron_super,10.028797743501574,22670,stable-diffusion-webui/5,stable-diffusion-webui,5,3,11,0,108993,11807,0.013987,196.78
0.0,0,0.0,0.0,all_tools,nemotron_super,8.483636407887394,4835,thefuck/10,thefuck,10,1,9,0,39580,23812,0.012889,337.33
0.0,0,0.0,0.0,all_tools,nemotron_super,8.483636407887394,4835,thefuck/10,thefuck,10,2,7,0,22937,6412,0.004514,114.46
0.0,0,0.0,0.0,all_tools,nemotron_super,8.483636407887394,4835,thefuck/10,thefuck,10,3,6,0,23848,13739,0.007523,234.88
0.0,0,0.0,0.0,all_tools,nemotron_super,8.270781013162674,3908,thefuck/20,thefuck,20,1,30,1,182011,36692,0.030148,554.07
0.0,0,0.0,0.0,all_tools,nemotron_super,8.270781013162674,3908,thefuck/20,thefuck,20,2,24,0,183633,37582,0.030642,505.77
0.0,0,0.0,0.0,all_tools,nemotron_super,8.270781013162674,3908,thefuck/20,thefuck,20,3,29,0,206990,58820,0.041122,792.12
1.0,1,1.0,1.0,all_tools,nemotron_super,7.822845290279774,2497,thefuck/5,thefuck,5,1,17,0,90133,13815,0.013187,211.45
1.0,1,1.0,1.0,all_tools,nemotron_super,7.822845290279774,2497,thefuck/5,thefuck,5,2,11,0,53199,12513,0.009527,162.32
1.0,1,1.0,1.0,all_tools,nemotron_super,7.822845290279774,2497,thefuck/5,thefuck,5,3,16,0,49203,4279,0.005894,44.79
1.0,1,1.0,1.0,all_tools,nemotron_super,12.430331574579306,250279,transformers/25,transformers,25,1,10,0,41776,10505,0.007753,93.52
1.0,1,1.0,1.0,all_tools,nemotron_super,12.430331574579306,250279,transformers/25,transformers,25,2,15,0,110659,32925,0.022576,367.3
1.0,1,1.0,1.0,all_tools,nemotron_super,12.430331574579306,250279,transformers/25,transformers,25,3,10,0,39784,4437,0.005156,69.66
0.1538,0,1.0,0.0833,all_tools,nemotron_super,12.407424472605875,244611,transformers/27,transformers,27,1,3,0,14707,993,0.001647,12.91
0.1538,0,1.0,0.0833,all_tools,nemotron_super,12.407424472605875,244611,transformers/27,transformers,27,2,3,0,13002,1475,0.001695,16.47
0.1538,0,1.0,0.0833,all_tools,nemotron_super,12.407424472605875,244611,transformers/27,transformers,27,3,3,0,12608,901,0.001432,11.99
0.0,0,0.0,0.0,all_tools,nemotron_super,11.587420505060633,107734,transformers/5,transformers,5,1,30,1,542562,22496,0.055116,344.96
0.8889,0,1.0,0.8,all_tools,nemotron_super,11.587420505060633,107734,transformers/5,transformers,5,2,30,0,573110,22619,0.057762,270.05
0.8889,0,1.0,0.8,all_tools,nemotron_super,11.587420505060633,107734,transformers/5,transformers,5,3,27,0,434923,23930,0.04654,382.86
1.0,1,1.0,1.0,all_tools,nemotron_super,12.095096391086711,178992,yt-dlp/23,yt-dlp,23,1,4,0,31697,11518,0.007301,165.51
1.0,1,1.0,1.0,all_tools,nemotron_super,12.095096391086711,178992,yt-dlp/23,yt-dlp,23,2,4,0,31712,8093,0.005933,105.28
1.0,1,1.0,1.0,all_tools,nemotron_super,12.095096391086711,178992,yt-dlp/23,yt-dlp,23,3,4,0,18311,6746,0.004255,106.5
0.0,0,0.0,0.0,all_tools,nemotron_super,12.1489730534896,188900,yt-dlp/41,yt-dlp,41,1,12,0,114383,12488,0.014718,157.54
0.0,0,0.0,0.0,all_tools,nemotron_super,12.1489730534896,188900,yt-dlp/41,yt-dlp,41,2,13,0,195060,15609,0.022824,224.84
0.0,0,0.0,0.0,all_tools,nemotron_super,12.1489730534896,188900,yt-dlp/41,yt-dlp,41,3,26,0,243289,17746,0.027778,239.79
0.0,0,0.0,0.0,all_tools,nemotron_super,12.198660241414718,198523,yt-dlp/45,yt-dlp,45,1,13,0,303166,22727,0.03486,289.73
0.6667,0,1.0,0.5,all_tools,nemotron_super,12.198660241414718,198523,yt-dlp/45,yt-dlp,45,2,9,0,134872,8898,0.015023,209.73
0.6667,0,1.0,0.5,all_tools,nemotron_super,12.198660241414718,198523,yt-dlp/45,yt-dlp,45,3,10,0,62205,12533,0.010301,126.91
