f1,success,precision,recall,map_condition,submission_mode,model_short,log_codebase_size,codebase_size,issue_id,repo,issue_idx,rep,turns_used,hit_turn_cap,total_input_tokens,total_output_tokens,total_cost,wall_time_seconds
1.0,1,1.0,1.0,structural,voluntary,ministral_3b,12.068688124847148,174327,core/16,core,16,1,9,0,41468,1202,0.002159,7.87
0.0,0,0.0,0.0,structural,voluntary,ministral_3b,12.068688124847148,174327,core/16,core,16,2,30,1,96126,4283,0.002092,24.03
1.0,1,1.0,1.0,structural,voluntary,ministral_3b,12.068688124847148,174327,core/16,core,16,3,9,0,43078,922,0.002269,8.33
1.0,1,1.0,1.0,structural,voluntary,ministral_3b,11.506545154005941,99364,core/20,core,20,1,8,0,39733,2069,0.001634,9.31
1.0,1,1.0,1.0,structural,voluntary,ministral_3b,11.506545154005941,99364,core/20,core,20,2,8,0,36504,1809,0.000882,8.38
1.0,1,1.0,1.0,structural,voluntary,ministral_3b,11.506545154005941,99364,core/20,core,20,3,7,0,31204,1686,0.001377,12.29
0.0,0,0.0,0.0,structural,voluntary,ministral_3b,8.579980179515003,5324,fastapi/17,fastapi,17,1,11,0,116983,2160,0.004507,12.21
0.0,0,0.0,0.0,structural,voluntary,ministral_3b,8.579980179515003,5324,fastapi/17,fastapi,17,2,7,0,35617,1617,0.001569,7.84
0.0,0,0.0,0.0,structural,voluntary,ministral_3b,8.579980179515003,5324,fastapi/17,fastapi,17,3,21,0,164209,3432,0.003712,19.58
0.0,0,0.0,0.0,structural,voluntary,ministral_3b,8.518991573357617,5009,fastapi/20,fastapi,20,1,17,0,74892,1879,0.001883,12.11
0.0,0,0.0,0.0,structural,voluntary,ministral_3b,8.518991573357617,5009,fastapi/20,fastapi,20,2,18,0,55392,1801,0.001538,13.09
0.0,0,0.0,0.0,structural,voluntary,ministral_3b,8.518991573357617,5009,fastapi/20,fastapi,20,3,22,0,98615,4175,0.002434,25.23
0.5,0,1.0,0.3333,structural,voluntary,ministral_3b,8.482187582217422,4828,fastapi/9,fastapi,9,1,8,0,44170,1054,0.001677,5.7
0.5,0,1.0,0.3333,structural,voluntary,ministral_3b,8.482187582217422,4828,fastapi/9,fastapi,9,2,7,0,35437,1142,0.001458,6.68
0.5,0,1.0,0.3333,structural,voluntary,ministral_3b,8.482187582217422,4828,fastapi/9,fastapi,9,3,8,0,42579,1028,0.001607,9.26
0.6667,0,1.0,0.5,structural,voluntary,ministral_3b,8.808369153122275,6690,flask/18,flask,18,1,10,0,70831,908,0.002888,7.92
1.0,1,1.0,1.0,structural,voluntary,ministral_3b,8.808369153122275,6690,flask/18,flask,18,2,14,0,131942,2132,0.004284,13.07
0.6667,0,1.0,0.5,structural,voluntary,ministral_3b,8.808369153122275,6690,flask/18,flask,18,3,17,0,183842,2165,0.004869,14.56
1.0,1,1.0,1.0,structural,voluntary,ministral_3b,8.899457906353966,7328,flask/3,flask,3,1,9,0,42156,786,0.002048,4.57
0.0,0,0.0,0.0,structural,voluntary,ministral_3b,8.899457906353966,7328,flask/3,flask,3,2,30,1,122535,4830,0.002495,25.48
1.0,1,1.0,1.0,structural,voluntary,ministral_3b,8.899457906353966,7328,flask/3,flask,3,3,19,0,194381,1944,0.005935,20.05
1.0,1,1.0,1.0,structural,voluntary,ministral_3b,8.827468112520654,6819,flask/6,flask,6,1,5,0,19683,432,0.001078,2.72
1.0,1,1.0,1.0,structural,voluntary,ministral_3b,8.827468112520654,6819,flask/6,flask,6,2,7,0,24955,877,0.00089,6.98
1.0,1,1.0,1.0,structural,voluntary,ministral_3b,8.827468112520654,6819,flask/6,flask,6,3,6,0,18168,480,0.000747,6.35
0.0,0,0.0,0.0,structural,voluntary,ministral_3b,8.341410211461865,4194,gpt-engineer/11,gpt-engineer,11,1,10,0,27330,1151,0.001039,6.02
1.0,1,1.0,1.0,structural,voluntary,ministral_3b,8.341410211461865,4194,gpt-engineer/11,gpt-engineer,11,2,7,0,17291,886,0.00055,4.52
0.0,0,0.0,0.0,structural,voluntary,ministral_3b,8.341410211461865,4194,gpt-engineer/11,gpt-engineer,11,3,13,0,61381,2140,0.001882,24.07
0.4,0,1.0,0.25,structural,voluntary,ministral_3b,8.029432840581244,3070,gpt-engineer/12,gpt-engineer,12,1,7,0,23413,1136,0.000877,7.1
0.4,0,1.0,0.25,structural,voluntary,ministral_3b,8.029432840581244,3070,gpt-engineer/12,gpt-engineer,12,2,11,0,44249,2518,0.001716,18.61
0.4,0,1.0,0.25,structural,voluntary,ministral_3b,8.029432840581244,3070,gpt-engineer/12,gpt-engineer,12,3,9,0,31759,1297,0.001255,7.01
0.0,0,0.0,0.0,structural,voluntary,ministral_3b,8.36380888451688,4289,gpt-engineer/9,gpt-engineer,9,1,16,0,88996,2804,0.002464,14.35
1.0,1,1.0,1.0,structural,voluntary,ministral_3b,8.36380888451688,4289,gpt-engineer/9,gpt-engineer,9,2,14,0,55005,1536,0.001403,10.48
1.0,1,1.0,1.0,structural,voluntary,ministral_3b,8.36380888451688,4289,gpt-engineer/9,gpt-engineer,9,3,13,0,46877,2131,0.001376,10.9
0.0,0,0.0,0.0,structural,voluntary,ministral_3b,10.196231790580173,26802,keras/12,keras,12,1,14,0,47351,2249,0.001873,10.91
0.0,0,0.0,0.0,structural,voluntary,ministral_3b,10.196231790580173,26802,keras/12,keras,12,2,13,0,50974,2179,0.001525,11.76
0.0,0,0.0,0.0,structural,voluntary,ministral_3b,10.196231790580173,26802,keras/12,keras,12,3,12,0,48341,1971,0.001287,9.66
1.0,1,1.0,1.0,structural,voluntary,ministral_3b,10.349134450277123,31230,keras/5,keras,5,1,19,0,294546,2110,0.007858,17.1
0.0,0,0.0,0.0,structural,voluntary,ministral_3b,10.349134450277123,31230,keras/5,keras,5,2,9,0,56493,1856,0.002425,8.99
0.0,0,0.0,0.0,structural,voluntary,ministral_3b,10.349134450277123,31230,keras/5,keras,5,3,30,1,62095,1169,0.001142,10.93
1.0,1,1.0,1.0,structural,voluntary,ministral_3b,10.444153492313001,34343,keras/9,keras,9,1,11,0,66605,1481,0.002443,10.18
0.0,0,0.0,0.0,structural,voluntary,ministral_3b,10.444153492313001,34343,keras/9,keras,9,2,9,0,74002,2073,0.002009,9.83
1.0,1,1.0,1.0,structural,voluntary,ministral_3b,10.444153492313001,34343,keras/9,keras,9,3,11,0,86334,1206,0.002775,7.82
0.1667,0,0.2,0.1429,structural,voluntary,ministral_3b,9.61953186182516,15056,localstack/19,localstack,19,1,18,0,341378,85619,0.016376,448.27
0.0,0,0.0,0.0,structural,voluntary,ministral_3b,9.61953186182516,15056,localstack/19,localstack,19,2,10,0,17864,954,0.000511,7.67
0.0,0,0.0,0.0,structural,voluntary,ministral_3b,9.61953186182516,15056,localstack/19,localstack,19,3,13,0,80458,1802,0.003007,10.28
1.0,1,1.0,1.0,structural,voluntary,ministral_3b,10.563155506021905,38683,localstack/2,localstack,2,1,26,0,357303,2931,0.007246,19.58
1.0,1,1.0,1.0,structural,voluntary,ministral_3b,10.563155506021905,38683,localstack/2,localstack,2,2,26,0,426160,2298,0.008113,21.87
1.0,1,1.0,1.0,structural,voluntary,ministral_3b,10.563155506021905,38683,localstack/2,localstack,2,3,18,0,174547,1912,0.003972,21.13
1.0,1,1.0,1.0,structural,voluntary,ministral_3b,9.860214640302662,19153,localstack/9,localstack,9,1,17,0,147467,2573,0.003864,14.21
1.0,1,1.0,1.0,structural,voluntary,ministral_3b,9.860214640302662,19153,localstack/9,localstack,9,2,11,0,61932,1362,0.002228,8.3
1.0,1,1.0,1.0,structural,voluntary,ministral_3b,9.860214640302662,19153,localstack/9,localstack,9,3,18,0,127462,1920,0.003112,12.58
0.6667,0,1.0,0.5,structural,voluntary,ministral_3b,11.189312196300184,72353,pandas/26,pandas,26,1,16,0,151978,1453,0.004261,10.44
0.6667,0,1.0,0.5,structural,voluntary,ministral_3b,11.189312196300184,72353,pandas/26,pandas,26,2,16,0,152570,1257,0.004289,11.85
0.6667,0,1.0,0.5,structural,voluntary,ministral_3b,11.189312196300184,72353,pandas/26,pandas,26,3,20,0,142800,1453,0.004034,11.81
0.0,0,0.0,0.0,structural,voluntary,ministral_3b,11.270446177349276,78468,pandas/35,pandas,35,1,26,0,571576,2650,0.011446,20.91
0.0,0,0.0,0.0,structural,voluntary,ministral_3b,11.270446177349276,78468,pandas/35,pandas,35,2,18,0,279869,1956,0.007735,16.27
0.0,0,0.0,0.0,structural,voluntary,ministral_3b,11.270446177349276,78468,pandas/35,pandas,35,3,26,0,209262,2529,0.004924,21.01
0.6667,0,1.0,0.5,structural,voluntary,ministral_3b,12.08721590866289,177587,pandas/38,pandas,38,1,18,0,353220,1959,0.009437,17.01
0.0,0,0.0,0.0,structural,voluntary,ministral_3b,12.08721590866289,177587,pandas/38,pandas,38,2,9,0,85746,1848,0.004912,11.74
0.6667,0,1.0,0.5,structural,voluntary,ministral_3b,12.08721590866289,177587,pandas/38,pandas,38,3,12,0,169875,1765,0.00652,11.87
0.0,0,0.0,0.0,structural,voluntary,ministral_3b,10.883015959814806,53264,pandas/44,pandas,44,1,26,0,405274,2698,0.007666,18.41
0.0,0,0.0,0.0,structural,voluntary,ministral_3b,10.883015959814806,53264,pandas/44,pandas,44,2,19,0,64826,2599,0.001455,14.09
0.5,0,0.5,0.5,structural,voluntary,ministral_3b,10.883015959814806,53264,pandas/44,pandas,44,3,25,0,305071,3360,0.006179,20.93
0.5,0,1.0,0.3333,structural,voluntary,ministral_3b,9.346705246496699,11461,requests/12,requests,12,1,11,0,23142,844,0.000682,5.19
0.5,0,1.0,0.3333,structural,voluntary,ministral_3b,9.346705246496699,11461,requests/12,requests,12,2,10,0,25172,766,0.000624,5.39
0.5,0,1.0,0.3333,structural,voluntary,ministral_3b,9.346705246496699,11461,requests/12,requests,12,3,13,0,46626,975,0.001373,10.15
1.0,1,1.0,1.0,structural,voluntary,ministral_3b,9.348274558065496,11479,requests/13,requests,13,1,7,0,23764,1018,0.000958,4.98
0.0,0,0.0,0.0,structural,voluntary,ministral_3b,9.348274558065496,11479,requests/13,requests,13,2,15,0,25534,1175,0.000597,7.31
1.0,1,1.0,1.0,structural,voluntary,ministral_3b,9.348274558065496,11479,requests/13,requests,13,3,26,0,133382,1891,0.003436,17.26
1.0,1,1.0,1.0,structural,voluntary,ministral_3b,7.958576903813898,2860,requests/7,requests,7,1,7,0,24879,1215,0.001089,5.61
1.0,1,1.0,1.0,structural,voluntary,ministral_3b,7.958576903813898,2860,requests/7,requests,7,2,12,0,60574,1527,0.00189,8.94
1.0,1,1.0,1.0,structural,voluntary,ministral_3b,7.958576903813898,2860,requests/7,requests,7,3,20,0,51983,1281,0.001444,9.97
1.0,1,1.0,1.0,structural,voluntary,ministral_3b,10.031000872835088,22720,rich/1,rich,1,1,6,0,19192,548,0.000741,3.32
1.0,1,1.0,1.0,structural,voluntary,ministral_3b,10.031000872835088,22720,rich/1,rich,1,2,5,0,32264,452,0.001371,3.31
1.0,1,1.0,1.0,structural,voluntary,ministral_3b,10.031000872835088,22720,rich/1,rich,1,3,6,0,53820,853,0.001643,6.57
0.4,0,1.0,0.25,structural,voluntary,ministral_3b,10.051648903516648,23194,rich/12,rich,12,1,10,0,69006,1853,0.002386,9.15
0.4,0,1.0,0.25,structural,voluntary,ministral_3b,10.051648903516648,23194,rich/12,rich,12,2,16,0,141952,2531,0.004057,17.69
0.4,0,1.0,0.25,structural,voluntary,ministral_3b,10.051648903516648,23194,rich/12,rich,12,3,21,0,267706,3465,0.006358,24.8
1.0,1,1.0,1.0,structural,voluntary,ministral_3b,10.039939675671627,22924,rich/8,rich,8,1,9,0,43539,1207,0.001479,8.17
1.0,1,1.0,1.0,structural,voluntary,ministral_3b,10.039939675671627,22924,rich/8,rich,8,2,9,0,39066,934,0.001293,8.04
0.0,0,0.0,0.0,structural,voluntary,ministral_3b,10.039939675671627,22924,rich/8,rich,8,3,12,0,70448,1078,0.002303,9.62
0.6667,0,1.0,0.5,structural,voluntary,ministral_3b,11.620954417182327,111408,scikit-learn/45,scikit-learn,45,1,13,0,30082,708,0.000913,5.14
0.6667,0,1.0,0.5,structural,voluntary,ministral_3b,11.620954417182327,111408,scikit-learn/45,scikit-learn,45,2,22,0,213669,2236,0.004656,17.9
0.6667,0,1.0,0.5,structural,voluntary,ministral_3b,11.620954417182327,111408,scikit-learn/45,scikit-learn,45,3,11,0,34584,1300,0.001227,9.82
1.0,1,1.0,1.0,structural,voluntary,ministral_3b,11.55076060327325,103856,scikit-learn/49,scikit-learn,49,1,5,0,28742,425,0.001442,2.74
1.0,1,1.0,1.0,structural,voluntary,ministral_3b,11.55076060327325,103856,scikit-learn/49,scikit-learn,49,2,7,0,59135,445,0.002778,3.95
1.0,1,1.0,1.0,structural,voluntary,ministral_3b,11.55076060327325,103856,scikit-learn/49,scikit-learn,49,3,9,0,117287,783,0.005471,6.82
1.0,1,1.0,1.0,structural,voluntary,ministral_3b,11.525654110946952,101281,scikit-learn/5,scikit-learn,5,1,13,0,75874,896,0.003334,8.32
1.0,1,1.0,1.0,structural,voluntary,ministral_3b,11.525654110946952,101281,scikit-learn/5,scikit-learn,5,2,7,0,23926,677,0.000813,4.78
1.0,1,1.0,1.0,structural,voluntary,ministral_3b,11.525654110946952,101281,scikit-learn/5,scikit-learn,5,3,13,0,57815,1083,0.002031,7.97
1.0,1,1.0,1.0,structural,voluntary,ministral_3b,9.796458979777604,17970,scrapy/20,scrapy,20,1,6,0,18969,479,0.00077,7.02
1.0,1,1.0,1.0,structural,voluntary,ministral_3b,9.796458979777604,17970,scrapy/20,scrapy,20,2,8,0,42881,505,0.002081,4.49
1.0,1,1.0,1.0,structural,voluntary,ministral_3b,9.796458979777604,17970,scrapy/20,scrapy,20,3,9,0,35138,614,0.001421,4.76
1.0,1,1.0,1.0,structural,voluntary,ministral_3b,9.655026193237628,15600,scrapy/26,scrapy,26,1,13,0,84626,1497,0.002334,8.85
1.0,1,1.0,1.0,structural,voluntary,ministral_3b,9.655026193237628,15600,scrapy/26,scrapy,26,2,13,0,66113,1383,0.001969,9.39
0.0,0,0.0,0.0,structural,voluntary,ministral_3b,9.655026193237628,15600,scrapy/26,scrapy,26,3,13,0,82079,1064,0.002554,8.41
0.0,0,0.0,0.0,structural,voluntary,ministral_3b,9.73477299914839,16895,scrapy/48,scrapy,48,1,26,0,126197,2009,0.002683,16.16
0.0,0,0.0,0.0,structural,voluntary,ministral_3b,9.73477299914839,16895,scrapy/48,scrapy,48,2,28,0,55620,1458,0.001054,12.17
0.0,0,0.0,0.0,structural,voluntary,ministral_3b,9.73477299914839,16895,scrapy/48,scrapy,48,3,24,0,155702,2601,0.003953,17.24
1.0,1,1.0,1.0,structural,voluntary,ministral_3b,9.961803629358965,21201,stable-diffusion-webui/0,stable-diffusion-webui,0,1,7,0,130827,1489,0.004764,8.53
1.0,1,1.0,1.0,structural,voluntary,ministral_3b,9.961803629358965,21201,stable-diffusion-webui/0,stable-diffusion-webui,0,2,9,0,156268,1489,0.004797,9.08
1.0,1,1.0,1.0,structural,voluntary,ministral_3b,9.961803629358965,21201,stable-diffusion-webui/0,stable-diffusion-webui,0,3,6,0,101850,968,0.004199,7.34
0.0,0,0.0,0.0,structural,voluntary,ministral_3b,9.908425341565751,20099,stable-diffusion-webui/13,stable-diffusion-webui,13,1,7,0,113773,4221,0.005129,19.13
0.0,0,0.0,0.0,structural,voluntary,ministral_3b,9.908425341565751,20099,stable-diffusion-webui/13,stable-diffusion-webui,13,2,9,0,137486,1591,0.004577,12.3
0.0,0,0.0,0.0,structural,voluntary,ministral_3b,9.908425341565751,20099,stable-diffusion-webui/13,stable-diffusion-webui,13,3,15,0,305403,3165,0.009049,18.41
0.0,0,0.0,0.0,structural,voluntary,ministral_3b,10.028797743501574,22670,stable-diffusion-webui/5,stable-diffusion-webui,5,1,18,0,126968,2132,0.003429,15.52
0.5,0,0.5,0.5,structural,voluntary,ministral_3b,10.028797743501574,22670,stable-diffusion-webui/5,stable-diffusion-webui,5,2,18,0,123902,1873,0.003258,16.04
0.0,0,0.0,0.0,structural,voluntary,ministral_3b,10.028797743501574,22670,stable-diffusion-webui/5,stable-diffusion-webui,5,3,16,0,62230,1630,0.002193,15.86
0.0,0,0.0,0.0,structural,voluntary,ministral_3b,8.483636407887394,4835,thefuck/10,thefuck,10,1,10,0,31419,1401,0.001347,9.54
0.5,0,1.0,0.3333,structural,voluntary,ministral_3b,8.483636407887394,4835,thefuck/10,thefuck,10,2,9,0,33217,1274,0.001468,8.38
0.0,0,0.0,0.0,structural,voluntary,ministral_3b,8.483636407887394,4835,thefuck/10,thefuck,10,3,26,0,50676,1057,0.000957,10.1
0.0,0,0.0,0.0,structural,voluntary,ministral_3b,8.270781013162674,3908,thefuck/20,thefuck,20,1,12,0,39397,1487,0.001347,8.4
1.0,1,1.0,1.0,structural,voluntary,ministral_3b,8.270781013162674,3908,thefuck/20,thefuck,20,2,12,0,51331,2498,0.00157,12.71
0.0,0,0.0,0.0,structural,voluntary,ministral_3b,8.270781013162674,3908,thefuck/20,thefuck,20,3,6,0,13666,1266,0.000618,13.18
1.0,1,1.0,1.0,structural,voluntary,ministral_3b,7.822845290279774,2497,thefuck/5,thefuck,5,1,12,0,37745,1238,0.001479,9.85
1.0,1,1.0,1.0,structural,voluntary,ministral_3b,7.822845290279774,2497,thefuck/5,thefuck,5,2,9,0,41448,1818,0.001205,10.57
1.0,1,1.0,1.0,structural,voluntary,ministral_3b,7.822845290279774,2497,thefuck/5,thefuck,5,3,7,0,17421,1177,0.000846,8.2
1.0,1,1.0,1.0,structural,voluntary,ministral_3b,12.430331574579306,250279,transformers/25,transformers,25,1,21,0,176560,1072,0.004964,12.35
1.0,1,1.0,1.0,structural,voluntary,ministral_3b,12.430331574579306,250279,transformers/25,transformers,25,2,12,0,211947,1249,0.01041,10.85
1.0,1,1.0,1.0,structural,voluntary,ministral_3b,12.430331574579306,250279,transformers/25,transformers,25,3,10,0,114911,972,0.003755,10.49
0.1538,0,1.0,0.0833,structural,voluntary,ministral_3b,12.407424472605875,244611,transformers/27,transformers,27,1,4,0,13256,458,0.000634,2.85
0.1538,0,1.0,0.0833,structural,voluntary,ministral_3b,12.407424472605875,244611,transformers/27,transformers,27,2,7,0,23396,670,0.000863,4.31
0.1538,0,1.0,0.0833,structural,voluntary,ministral_3b,12.407424472605875,244611,transformers/27,transformers,27,3,5,0,16188,531,0.000612,2.88
0.0,0,0.0,0.0,structural,voluntary,ministral_3b,11.587420505060633,107734,transformers/5,transformers,5,1,1,0,1631,1147,0.000186,9.01
0.0,0,0.0,0.0,structural,voluntary,ministral_3b,11.587420505060633,107734,transformers/5,transformers,5,2,26,0,77605,2225,0.001463,14.63
0.0,0,0.0,0.0,structural,voluntary,ministral_3b,11.587420505060633,107734,transformers/5,transformers,5,3,16,0,46256,2169,0.001306,11.46
1.0,1,1.0,1.0,structural,voluntary,ministral_3b,12.095096391086711,178992,yt-dlp/23,yt-dlp,23,1,6,0,40530,1073,0.001868,5.47
1.0,1,1.0,1.0,structural,voluntary,ministral_3b,12.095096391086711,178992,yt-dlp/23,yt-dlp,23,2,11,0,117253,2589,0.004243,15.09
1.0,1,1.0,1.0,structural,voluntary,ministral_3b,12.095096391086711,178992,yt-dlp/23,yt-dlp,23,3,8,0,31390,1474,0.001247,9.15
0.0,0,0.0,0.0,structural,voluntary,ministral_3b,12.1489730534896,188900,yt-dlp/41,yt-dlp,41,1,13,0,178389,2104,0.005469,12.2
0.0,0,0.0,0.0,structural,voluntary,ministral_3b,12.1489730534896,188900,yt-dlp/41,yt-dlp,41,2,11,0,174095,3028,0.006757,25.23
0.0,0,0.0,0.0,structural,voluntary,ministral_3b,12.1489730534896,188900,yt-dlp/41,yt-dlp,41,3,26,0,387037,2660,0.008246,28.87
0.6667,0,1.0,0.5,structural,voluntary,ministral_3b,12.198660241414718,198523,yt-dlp/45,yt-dlp,45,1,11,0,207670,3147,0.006993,16.78
0.0,0,0.0,0.0,structural,voluntary,ministral_3b,12.198660241414718,198523,yt-dlp/45,yt-dlp,45,2,10,0,110517,2345,0.004317,11.71
0.0,0,0.0,0.0,structural,voluntary,ministral_3b,12.198660241414718,198523,yt-dlp/45,yt-dlp,45,3,9,0,126827,2632,0.00502,14.63
1.0,1,1.0,1.0,structural,voluntary,gpt_oss_120b,12.068688124847148,174327,core/16,core,16,1,13,0,79807,5121,0.007584,42.84
1.0,1,1.0,1.0,structural,voluntary,gpt_oss_120b,12.068688124847148,174327,core/16,core,16,2,10,0,58013,3972,0.006139,37.61
1.0,1,1.0,1.0,structural,voluntary,gpt_oss_120b,12.068688124847148,174327,core/16,core,16,3,10,0,47411,4088,0.005598,56.05
1.0,1,1.0,1.0,structural,voluntary,gpt_oss_120b,11.506545154005941,99364,core/20,core,20,1,10,0,42583,2748,0.004659,20.41
1.0,1,1.0,1.0,structural,voluntary,gpt_oss_120b,11.506545154005941,99364,core/20,core,20,2,13,0,47169,3118,0.004041,35.33
1.0,1,1.0,1.0,structural,voluntary,gpt_oss_120b,11.506545154005941,99364,core/20,core,20,3,11,0,46488,2984,0.004012,39.14
0.0,0,0.0,0.0,structural,voluntary,gpt_oss_120b,8.579980179515003,5324,fastapi/17,fastapi,17,1,26,0,253653,13466,0.019881,138.07
0.0,0,0.0,0.0,structural,voluntary,gpt_oss_120b,8.579980179515003,5324,fastapi/17,fastapi,17,2,30,1,271878,9438,0.016076,102.67
0.0,0,0.0,0.0,structural,voluntary,gpt_oss_120b,8.579980179515003,5324,fastapi/17,fastapi,17,3,27,0,202572,9627,0.01365,107.65
0.0,0,0.0,0.0,structural,voluntary,gpt_oss_120b,8.518991573357617,5009,fastapi/20,fastapi,20,1,11,0,28782,3401,0.003324,25.23
0.0,0,0.0,0.0,structural,voluntary,gpt_oss_120b,8.518991573357617,5009,fastapi/20,fastapi,20,2,14,0,59532,4524,0.006399,32.98
0.0,0,0.0,0.0,structural,voluntary,gpt_oss_120b,8.518991573357617,5009,fastapi/20,fastapi,20,3,7,0,17173,1807,0.001882,25.8
0.5,0,1.0,0.3333,structural,voluntary,gpt_oss_120b,8.482187582217422,4828,fastapi/9,fastapi,9,1,5,0,29611,1472,0.003584,13.89
0.5,0,1.0,0.3333,structural,voluntary,gpt_oss_120b,8.482187582217422,4828,fastapi/9,fastapi,9,2,11,0,68600,2553,0.005267,40.0
0.5,0,1.0,0.3333,structural,voluntary,gpt_oss_120b,8.482187582217422,4828,fastapi/9,fastapi,9,3,7,0,33819,1805,0.003734,13.73
0.6667,0,1.0,0.5,structural,voluntary,gpt_oss_120b,8.808369153122275,6690,flask/18,flask,18,1,15,0,178565,4211,0.010509,48.88
0.6667,0,1.0,0.5,structural,voluntary,gpt_oss_120b,8.808369153122275,6690,flask/18,flask,18,2,20,0,249045,8827,0.016873,101.22
0.6667,0,1.0,0.5,structural,voluntary,gpt_oss_120b,8.808369153122275,6690,flask/18,flask,18,3,14,0,125555,2948,0.008787,38.22
1.0,1,1.0,1.0,structural,voluntary,gpt_oss_120b,8.899457906353966,7328,flask/3,flask,3,1,7,0,24727,2518,0.00336,17.79
1.0,1,1.0,1.0,structural,voluntary,gpt_oss_120b,8.899457906353966,7328,flask/3,flask,3,2,7,0,39247,1142,0.003729,14.0
1.0,1,1.0,1.0,structural,voluntary,gpt_oss_120b,8.899457906353966,7328,flask/3,flask,3,3,17,0,197449,5362,0.011938,51.92
1.0,1,1.0,1.0,structural,voluntary,gpt_oss_120b,8.827468112520654,6819,flask/6,flask,6,1,11,0,43643,2521,0.004699,23.8
1.0,1,1.0,1.0,structural,voluntary,gpt_oss_120b,8.827468112520654,6819,flask/6,flask,6,2,12,0,45865,5364,0.005272,46.5
1.0,1,1.0,1.0,structural,voluntary,gpt_oss_120b,8.827468112520654,6819,flask/6,flask,6,3,26,0,211651,14300,0.017628,123.02
0.0,0,0.0,0.0,structural,voluntary,gpt_oss_120b,8.341410211461865,4194,gpt-engineer/11,gpt-engineer,11,1,11,0,90116,3414,0.007564,40.84
0.0,0,0.0,0.0,structural,voluntary,gpt_oss_120b,8.341410211461865,4194,gpt-engineer/11,gpt-engineer,11,2,28,0,362623,14474,0.020631,154.79
0.0,0,0.0,0.0,structural,voluntary,gpt_oss_120b,8.341410211461865,4194,gpt-engineer/11,gpt-engineer,11,3,14,0,80517,2243,0.006467,33.05
0.4,0,1.0,0.25,structural,voluntary,gpt_oss_120b,8.029432840581244,3070,gpt-engineer/12,gpt-engineer,12,1,10,0,44299,3454,0.005191,29.53
0.4,0,1.0,0.25,structural,voluntary,gpt_oss_120b,8.029432840581244,3070,gpt-engineer/12,gpt-engineer,12,2,22,0,145068,8647,0.01204,94.26
0.4,0,1.0,0.25,structural,voluntary,gpt_oss_120b,8.029432840581244,3070,gpt-engineer/12,gpt-engineer,12,3,7,0,28363,2289,0.002615,15.06
1.0,1,1.0,1.0,structural,voluntary,gpt_oss_120b,8.36380888451688,4289,gpt-engineer/9,gpt-engineer,9,1,11,0,69657,8468,0.009066,74.02
1.0,1,1.0,1.0,structural,voluntary,gpt_oss_120b,8.36380888451688,4289,gpt-engineer/9,gpt-engineer,9,2,14,0,86781,8180,0.009681,70.08
0.6667,1,0.5,1.0,structural,voluntary,gpt_oss_120b,8.36380888451688,4289,gpt-engineer/9,gpt-engineer,9,3,14,0,77896,6162,0.007812,53.23
0.2857,0,0.5,0.2,structural,voluntary,gpt_oss_120b,10.196231790580173,26802,keras/12,keras,12,1,6,0,26570,2398,0.004024,21.48
0.0,0,0.0,0.0,structural,voluntary,gpt_oss_120b,10.196231790580173,26802,keras/12,keras,12,2,4,0,8637,1173,0.001615,14.76
0.0,0,0.0,0.0,structural,voluntary,gpt_oss_120b,10.196231790580173,26802,keras/12,keras,12,3,7,0,17516,1416,0.002199,17.58
1.0,1,1.0,1.0,structural,voluntary,gpt_oss_120b,10.349134450277123,31230,keras/5,keras,5,1,7,0,30770,6589,0.005829,47.86
0.0,0,0.0,0.0,structural,voluntary,gpt_oss_120b,10.349134450277123,31230,keras/5,keras,5,2,19,0,109750,8131,0.010262,67.88
1.0,1,1.0,1.0,structural,voluntary,gpt_oss_120b,10.349134450277123,31230,keras/5,keras,5,3,8,0,25525,4966,0.004783,50.07
1.0,1,1.0,1.0,structural,voluntary,gpt_oss_120b,10.444153492313001,34343,keras/9,keras,9,1,17,0,65267,3887,0.00525,33.97
1.0,1,1.0,1.0,structural,voluntary,gpt_oss_120b,10.444153492313001,34343,keras/9,keras,9,2,10,0,32130,1968,0.002846,20.61
1.0,1,1.0,1.0,structural,voluntary,gpt_oss_120b,10.444153492313001,34343,keras/9,keras,9,3,3,0,8931,1358,0.001663,25.66
0.0,0,0.0,0.0,structural,voluntary,gpt_oss_120b,9.61953186182516,15056,localstack/19,localstack,19,1,18,0,34453,3312,0.00337,30.75
0.0,0,0.0,0.0,structural,voluntary,gpt_oss_120b,9.61953186182516,15056,localstack/19,localstack,19,2,11,0,16385,1716,0.001652,13.71
0.0,0,0.0,0.0,structural,voluntary,gpt_oss_120b,9.61953186182516,15056,localstack/19,localstack,19,3,20,0,39642,3453,0.003586,43.68
1.0,1,1.0,1.0,structural,voluntary,gpt_oss_120b,10.563155506021905,38683,localstack/2,localstack,2,1,23,0,236848,5868,0.012808,54.73
1.0,1,1.0,1.0,structural,voluntary,gpt_oss_120b,10.563155506021905,38683,localstack/2,localstack,2,2,30,1,308918,7656,0.015642,85.09
1.0,1,1.0,1.0,structural,voluntary,gpt_oss_120b,10.563155506021905,38683,localstack/2,localstack,2,3,21,0,193916,5428,0.010872,64.82
1.0,1,1.0,1.0,structural,voluntary,gpt_oss_120b,9.860214640302662,19153,localstack/9,localstack,9,1,12,0,63638,8117,0.008073,58.3
1.0,1,1.0,1.0,structural,voluntary,gpt_oss_120b,9.860214640302662,19153,localstack/9,localstack,9,2,9,0,45570,4788,0.005517,35.68
1.0,1,1.0,1.0,structural,voluntary,gpt_oss_120b,9.860214640302662,19153,localstack/9,localstack,9,3,11,0,50507,8037,0.00803,57.85
1.0,1,1.0,1.0,structural,voluntary,gpt_oss_120b,11.189312196300184,72353,pandas/26,pandas,26,1,14,0,229932,3865,0.014794,46.92
1.0,1,1.0,1.0,structural,voluntary,gpt_oss_120b,11.189312196300184,72353,pandas/26,pandas,26,2,8,0,114556,9718,0.014523,102.13
1.0,1,1.0,1.0,structural,voluntary,gpt_oss_120b,11.189312196300184,72353,pandas/26,pandas,26,3,30,1,134063,4157,0.007386,50.46
0.0,0,0.0,0.0,structural,voluntary,gpt_oss_120b,11.270446177349276,78468,pandas/35,pandas,35,1,15,0,211297,6632,0.013856,81.15
0.0,0,0.0,0.0,structural,voluntary,gpt_oss_120b,11.270446177349276,78468,pandas/35,pandas,35,2,15,0,202130,6614,0.01557,78.35
0.0,0,0.0,0.0,structural,voluntary,gpt_oss_120b,11.270446177349276,78468,pandas/35,pandas,35,3,5,0,56168,1164,0.00508,12.19
0.6667,0,1.0,0.5,structural,voluntary,gpt_oss_120b,12.08721590866289,177587,pandas/38,pandas,38,1,11,0,111971,5073,0.009099,41.04
0.6667,0,1.0,0.5,structural,voluntary,gpt_oss_120b,12.08721590866289,177587,pandas/38,pandas,38,2,6,0,66764,1040,0.007049,12.46
0.6667,0,1.0,0.5,structural,voluntary,gpt_oss_120b,12.08721590866289,177587,pandas/38,pandas,38,3,8,0,85631,1768,0.007051,19.07
0.0,0,0.0,0.0,structural,voluntary,gpt_oss_120b,10.883015959814806,53264,pandas/44,pandas,44,1,9,0,122711,2685,0.008645,27.0
0.0,0,0.0,0.0,structural,voluntary,gpt_oss_120b,10.883015959814806,53264,pandas/44,pandas,44,2,11,0,139760,3857,0.010598,47.09
0.0,0,0.0,0.0,structural,voluntary,gpt_oss_120b,10.883015959814806,53264,pandas/44,pandas,44,3,7,0,69947,2155,0.007429,25.61
0.5,0,1.0,0.3333,structural,voluntary,gpt_oss_120b,9.346705246496699,11461,requests/12,requests,12,1,11,0,33271,4690,0.004842,39.63
0.8,0,1.0,0.6667,structural,voluntary,gpt_oss_120b,9.346705246496699,11461,requests/12,requests,12,2,20,0,109677,4868,0.008217,44.27
0.8,0,1.0,0.6667,structural,voluntary,gpt_oss_120b,9.346705246496699,11461,requests/12,requests,12,3,12,0,41180,1758,0.003799,17.09
1.0,1,1.0,1.0,structural,voluntary,gpt_oss_120b,9.348274558065496,11479,requests/13,requests,13,1,13,0,69483,6629,0.007518,49.74
1.0,1,1.0,1.0,structural,voluntary,gpt_oss_120b,9.348274558065496,11479,requests/13,requests,13,2,7,0,30927,4633,0.00557,41.91
1.0,1,1.0,1.0,structural,voluntary,gpt_oss_120b,9.348274558065496,11479,requests/13,requests,13,3,8,0,41216,2756,0.004324,26.07
1.0,1,1.0,1.0,structural,voluntary,gpt_oss_120b,7.958576903813898,2860,requests/7,requests,7,1,8,0,35992,2328,0.004398,21.47
1.0,1,1.0,1.0,structural,voluntary,gpt_oss_120b,7.958576903813898,2860,requests/7,requests,7,2,6,0,24372,2496,0.003458,31.15
1.0,1,1.0,1.0,structural,voluntary,gpt_oss_120b,7.958576903813898,2860,requests/7,requests,7,3,14,0,47862,7135,0.006524,89.33
1.0,1,1.0,1.0,structural,voluntary,gpt_oss_120b,10.031000872835088,22720,rich/1,rich,1,1,7,0,22163,1693,0.002347,13.67
1.0,1,1.0,1.0,structural,voluntary,gpt_oss_120b,10.031000872835088,22720,rich/1,rich,1,2,13,0,55176,2832,0.004211,35.88
1.0,1,1.0,1.0,structural,voluntary,gpt_oss_120b,10.031000872835088,22720,rich/1,rich,1,3,5,0,15617,745,0.001455,9.15
0.0,0,0.0,0.0,structural,voluntary,gpt_oss_120b,10.051648903516648,23194,rich/12,rich,12,1,7,0,39820,1299,0.004635,13.5
0.0,0,0.0,0.0,structural,voluntary,gpt_oss_120b,10.051648903516648,23194,rich/12,rich,12,2,5,0,26796,1529,0.002952,13.73
0.0,0,0.0,0.0,structural,voluntary,gpt_oss_120b,10.051648903516648,23194,rich/12,rich,12,3,6,0,33843,1172,0.003576,35.21
1.0,1,1.0,1.0,structural,voluntary,gpt_oss_120b,10.039939675671627,22924,rich/8,rich,8,1,11,0,69691,2908,0.005323,25.91
1.0,1,1.0,1.0,structural,voluntary,gpt_oss_120b,10.039939675671627,22924,rich/8,rich,8,2,11,0,54913,3518,0.005584,36.53
1.0,1,1.0,1.0,structural,voluntary,gpt_oss_120b,10.039939675671627,22924,rich/8,rich,8,3,5,0,28635,1006,0.003803,11.52
0.6667,0,1.0,0.5,structural,voluntary,gpt_oss_120b,11.620954417182327,111408,scikit-learn/45,scikit-learn,45,1,7,0,17013,1275,0.001989,9.86
0.6667,0,1.0,0.5,structural,voluntary,gpt_oss_120b,11.620954417182327,111408,scikit-learn/45,scikit-learn,45,2,15,0,81811,3168,0.0062,34.88
0.6667,0,1.0,0.5,structural,voluntary,gpt_oss_120b,11.620954417182327,111408,scikit-learn/45,scikit-learn,45,3,19,0,211305,3377,0.011012,40.02
1.0,1,1.0,1.0,structural,voluntary,gpt_oss_120b,11.55076060327325,103856,scikit-learn/49,scikit-learn,49,1,20,0,350303,5749,0.01841,63.35
1.0,1,1.0,1.0,structural,voluntary,gpt_oss_120b,11.55076060327325,103856,scikit-learn/49,scikit-learn,49,2,19,0,397445,4807,0.02175,66.36
1.0,1,1.0,1.0,structural,voluntary,gpt_oss_120b,11.55076060327325,103856,scikit-learn/49,scikit-learn,49,3,11,0,227874,3567,0.016215,56.3
1.0,1,1.0,1.0,structural,voluntary,gpt_oss_120b,11.525654110946952,101281,scikit-learn/5,scikit-learn,5,1,14,0,130203,9744,0.012136,89.8
1.0,1,1.0,1.0,structural,voluntary,gpt_oss_120b,11.525654110946952,101281,scikit-learn/5,scikit-learn,5,2,12,0,79876,5935,0.009022,66.55
1.0,1,1.0,1.0,structural,voluntary,gpt_oss_120b,11.525654110946952,101281,scikit-learn/5,scikit-learn,5,3,9,0,62524,6481,0.0079,68.21
1.0,1,1.0,1.0,structural,voluntary,gpt_oss_120b,9.796458979777604,17970,scrapy/20,scrapy,20,1,13,0,77645,3655,0.006274,40.42
1.0,1,1.0,1.0,structural,voluntary,gpt_oss_120b,9.796458979777604,17970,scrapy/20,scrapy,20,2,10,0,72320,2568,0.006381,32.76
1.0,1,1.0,1.0,structural,voluntary,gpt_oss_120b,9.796458979777604,17970,scrapy/20,scrapy,20,3,12,0,85553,2420,0.005497,26.06
1.0,1,1.0,1.0,structural,voluntary,gpt_oss_120b,9.655026193237628,15600,scrapy/26,scrapy,26,1,16,0,160326,3498,0.011019,37.43
0.6667,1,0.5,1.0,structural,voluntary,gpt_oss_120b,9.655026193237628,15600,scrapy/26,scrapy,26,2,7,0,33239,1711,0.003363,20.16
1.0,1,1.0,1.0,structural,voluntary,gpt_oss_120b,9.655026193237628,15600,scrapy/26,scrapy,26,3,17,0,105593,4544,0.008935,59.7
0.0,0,0.0,0.0,structural,voluntary,gpt_oss_120b,9.73477299914839,16895,scrapy/48,scrapy,48,1,13,0,62019,2474,0.004403,24.55
0.0,0,0.0,0.0,structural,voluntary,gpt_oss_120b,9.73477299914839,16895,scrapy/48,scrapy,48,2,7,0,12629,1045,0.001392,12.53
0.0,0,0.0,0.0,structural,voluntary,gpt_oss_120b,9.73477299914839,16895,scrapy/48,scrapy,48,3,21,0,111998,5519,0.00884,82.11
1.0,1,1.0,1.0,structural,voluntary,gpt_oss_120b,9.961803629358965,21201,stable-diffusion-webui/0,stable-diffusion-webui,0,1,4,0,63221,608,0.006275,8.77
1.0,1,1.0,1.0,structural,voluntary,gpt_oss_120b,9.961803629358965,21201,stable-diffusion-webui/0,stable-diffusion-webui,0,2,7,0,111585,1460,0.008285,23.27
1.0,1,1.0,1.0,structural,voluntary,gpt_oss_120b,9.961803629358965,21201,stable-diffusion-webui/0,stable-diffusion-webui,0,3,5,0,84728,1188,0.005886,24.91
1.0,1,1.0,1.0,structural,voluntary,gpt_oss_120b,9.908425341565751,20099,stable-diffusion-webui/13,stable-diffusion-webui,13,1,21,0,260029,3621,0.012678,45.18
1.0,1,1.0,1.0,structural,voluntary,gpt_oss_120b,9.908425341565751,20099,stable-diffusion-webui/13,stable-diffusion-webui,13,2,21,0,289824,4070,0.01352,64.47
1.0,1,1.0,1.0,structural,voluntary,gpt_oss_120b,9.908425341565751,20099,stable-diffusion-webui/13,stable-diffusion-webui,13,3,21,0,289504,4247,0.014868,50.43
0.6667,0,1.0,0.5,structural,voluntary,gpt_oss_120b,10.028797743501574,22670,stable-diffusion-webui/5,stable-diffusion-webui,5,1,23,0,155339,3928,0.007915,78.71
0.6667,0,1.0,0.5,structural,voluntary,gpt_oss_120b,10.028797743501574,22670,stable-diffusion-webui/5,stable-diffusion-webui,5,2,12,0,70061,2224,0.005739,46.21
0.6667,0,1.0,0.5,structural,voluntary,gpt_oss_120b,10.028797743501574,22670,stable-diffusion-webui/5,stable-diffusion-webui,5,3,30,1,253396,4848,0.011395,82.08
0.0,0,0.0,0.0,structural,voluntary,gpt_oss_120b,8.483636407887394,4835,thefuck/10,thefuck,10,1,9,0,29766,2781,0.003513,31.08
0.0,0,0.0,0.0,structural,voluntary,gpt_oss_120b,8.483636407887394,4835,thefuck/10,thefuck,10,2,7,0,14283,1404,0.001863,10.85
0.5,0,1.0,0.3333,structural,voluntary,gpt_oss_120b,8.483636407887394,4835,thefuck/10,thefuck,10,3,12,0,40382,3851,0.005005,90.82
0.0,0,0.0,0.0,structural,voluntary,gpt_oss_120b,8.270781013162674,3908,thefuck/20,thefuck,20,1,30,1,142310,9628,0.01121,91.86
0.0,0,0.0,0.0,structural,voluntary,gpt_oss_120b,8.270781013162674,3908,thefuck/20,thefuck,20,2,19,0,104538,7935,0.009135,85.3
0.0,0,0.0,0.0,structural,voluntary,gpt_oss_120b,8.270781013162674,3908,thefuck/20,thefuck,20,3,7,0,16536,1576,0.001957,26.21
1.0,1,1.0,1.0,structural,voluntary,gpt_oss_120b,7.822845290279774,2497,thefuck/5,thefuck,5,1,10,0,25719,2703,0.003344,20.52
1.0,1,1.0,1.0,structural,voluntary,gpt_oss_120b,7.822845290279774,2497,thefuck/5,thefuck,5,2,6,0,12458,1268,0.001398,9.48
1.0,1,1.0,1.0,structural,voluntary,gpt_oss_120b,7.822845290279774,2497,thefuck/5,thefuck,5,3,10,0,33292,3487,0.004156,28.56
1.0,1,1.0,1.0,structural,voluntary,gpt_oss_120b,12.430331574579306,250279,transformers/25,transformers,25,1,8,0,52618,1919,0.005617,19.04
1.0,1,1.0,1.0,structural,voluntary,gpt_oss_120b,12.430331574579306,250279,transformers/25,transformers,25,2,7,0,59176,2141,0.007246,24.78
1.0,1,1.0,1.0,structural,voluntary,gpt_oss_120b,12.430331574579306,250279,transformers/25,transformers,25,3,7,0,16514,1304,0.001991,12.82
0.1538,0,1.0,0.0833,structural,voluntary,gpt_oss_120b,12.407424472605875,244611,transformers/27,transformers,27,1,4,0,15096,524,0.001696,4.98
0.1538,0,1.0,0.0833,structural,voluntary,gpt_oss_120b,12.407424472605875,244611,transformers/27,transformers,27,2,4,0,21908,774,0.002874,9.67
0.1429,0,0.5,0.0833,structural,voluntary,gpt_oss_120b,12.407424472605875,244611,transformers/27,transformers,27,3,7,0,51514,1556,0.006197,16.04
0.8889,0,1.0,0.8,structural,voluntary,gpt_oss_120b,11.587420505060633,107734,transformers/5,transformers,5,1,15,0,178096,3427,0.012182,41.29
0.8889,0,1.0,0.8,structural,voluntary,gpt_oss_120b,11.587420505060633,107734,transformers/5,transformers,5,2,17,0,199940,6101,0.014498,54.35
0.5714,0,1.0,0.4,structural,voluntary,gpt_oss_120b,11.587420505060633,107734,transformers/5,transformers,5,3,22,0,260492,5822,0.014032,75.24
1.0,1,1.0,1.0,structural,voluntary,gpt_oss_120b,12.095096391086711,178992,yt-dlp/23,yt-dlp,23,1,4,0,15173,1742,0.002011,15.69
1.0,1,1.0,1.0,structural,voluntary,gpt_oss_120b,12.095096391086711,178992,yt-dlp/23,yt-dlp,23,2,10,0,46248,4297,0.005884,34.58
1.0,1,1.0,1.0,structural,voluntary,gpt_oss_120b,12.095096391086711,178992,yt-dlp/23,yt-dlp,23,3,11,0,39459,3349,0.003546,26.82
0.0,0,0.0,0.0,structural,voluntary,gpt_oss_120b,12.1489730534896,188900,yt-dlp/41,yt-dlp,41,1,10,0,155328,3662,0.013028,38.73
0.0,0,0.0,0.0,structural,voluntary,gpt_oss_120b,12.1489730534896,188900,yt-dlp/41,yt-dlp,41,2,5,0,31664,1988,0.002651,13.77
0.0,0,0.0,0.0,structural,voluntary,gpt_oss_120b,12.1489730534896,188900,yt-dlp/41,yt-dlp,41,3,11,0,170197,4015,0.012169,48.78
0.6667,0,1.0,0.5,structural,voluntary,gpt_oss_120b,12.198660241414718,198523,yt-dlp/45,yt-dlp,45,1,15,0,217905,6614,0.015357,81.76
0.6667,0,1.0,0.5,structural,voluntary,gpt_oss_120b,12.198660241414718,198523,yt-dlp/45,yt-dlp,45,2,13,0,157150,6435,0.011595,62.82
0.6667,0,1.0,0.5,structural,voluntary,gpt_oss_120b,12.198660241414718,198523,yt-dlp/45,yt-dlp,45,3,15,0,183339,4138,0.012209,55.13
1.0,1,1.0,1.0,structural,voluntary,deepseek_flash,12.068688124847148,174327,core/16,core,16,1,10,0,97571,6548,0.004219,57.69
1.0,1,1.0,1.0,structural,voluntary,deepseek_flash,12.068688124847148,174327,core/16,core,16,2,12,0,82423,4129,0.002545,40.62
1.0,1,1.0,1.0,structural,voluntary,deepseek_flash,12.068688124847148,174327,core/16,core,16,3,10,0,47782,4431,0.002047,41.33
1.0,1,1.0,1.0,structural,voluntary,deepseek_flash,11.506545154005941,99364,core/20,core,20,1,7,0,49325,3624,0.001984,37.98
1.0,1,1.0,1.0,structural,voluntary,deepseek_flash,11.506545154005941,99364,core/20,core,20,2,7,0,47145,2613,0.001677,29.83
1.0,1,1.0,1.0,structural,voluntary,deepseek_flash,11.506545154005941,99364,core/20,core,20,3,11,0,86931,2682,0.002314,33.57
0.0,0,0.0,0.0,structural,voluntary,deepseek_flash,8.579980179515003,5324,fastapi/17,fastapi,17,1,30,1,484676,20333,0.012205,178.29
0.0,0,0.0,0.0,structural,voluntary,deepseek_flash,8.579980179515003,5324,fastapi/17,fastapi,17,2,30,1,680386,21646,0.014016,217.18
0.0,0,0.0,0.0,structural,voluntary,deepseek_flash,8.579980179515003,5324,fastapi/17,fastapi,17,3,30,1,528407,16467,0.010326,167.48
0.0,0,0.0,0.0,structural,voluntary,deepseek_flash,8.518991573357617,5009,fastapi/20,fastapi,20,1,30,1,319784,8031,0.006943,110.01
0.5,1,0.3333,1.0,structural,voluntary,deepseek_flash,8.518991573357617,5009,fastapi/20,fastapi,20,2,30,1,287323,8498,0.006726,108.22
0.0,0,0.0,0.0,structural,voluntary,deepseek_flash,8.518991573357617,5009,fastapi/20,fastapi,20,3,30,1,279503,6307,0.005281,86.89
0.5,0,1.0,0.3333,structural,voluntary,deepseek_flash,8.482187582217422,4828,fastapi/9,fastapi,9,1,11,0,71288,3399,0.001993,35.36
0.5,0,1.0,0.3333,structural,voluntary,deepseek_flash,8.482187582217422,4828,fastapi/9,fastapi,9,2,9,0,100303,1833,0.00235,23.37
0.5,0,1.0,0.3333,structural,voluntary,deepseek_flash,8.482187582217422,4828,fastapi/9,fastapi,9,3,14,0,90598,3378,0.002004,44.51
1.0,1,1.0,1.0,structural,voluntary,deepseek_flash,8.808369153122275,6690,flask/18,flask,18,1,19,0,106698,3807,0.002358,39.58
1.0,1,1.0,1.0,structural,voluntary,deepseek_flash,8.808369153122275,6690,flask/18,flask,18,2,8,0,54077,2479,0.002522,24.24
0.6667,0,1.0,0.5,structural,voluntary,deepseek_flash,8.808369153122275,6690,flask/18,flask,18,3,10,0,92633,2524,0.002805,29.47
0.0,0,0.0,0.0,structural,voluntary,deepseek_flash,8.899457906353966,7328,flask/3,flask,3,1,30,1,260954,10807,0.006913,124.52
1.0,1,1.0,1.0,structural,voluntary,deepseek_flash,8.899457906353966,7328,flask/3,flask,3,2,29,0,267444,10400,0.006425,123.45
1.0,1,1.0,1.0,structural,voluntary,deepseek_flash,8.899457906353966,7328,flask/3,flask,3,3,30,1,362299,14071,0.009265,174.4
1.0,1,1.0,1.0,structural,voluntary,deepseek_flash,8.827468112520654,6819,flask/6,flask,6,1,8,0,87474,2839,0.002469,26.98
1.0,1,1.0,1.0,structural,voluntary,deepseek_flash,8.827468112520654,6819,flask/6,flask,6,2,7,0,63950,11542,0.004387,92.94
1.0,1,1.0,1.0,structural,voluntary,deepseek_flash,8.827468112520654,6819,flask/6,flask,6,3,10,0,84207,10108,0.00403,83.68
0.6667,1,0.5,1.0,structural,voluntary,deepseek_flash,8.341410211461865,4194,gpt-engineer/11,gpt-engineer,11,1,11,0,88070,3293,0.002926,35.19
1.0,1,1.0,1.0,structural,voluntary,deepseek_flash,8.341410211461865,4194,gpt-engineer/11,gpt-engineer,11,2,17,0,170679,4203,0.003647,52.86
0.5,1,0.3333,1.0,structural,voluntary,deepseek_flash,8.341410211461865,4194,gpt-engineer/11,gpt-engineer,11,3,8,0,68995,2489,0.002893,27.56
0.6667,0,1.0,0.5,structural,voluntary,deepseek_flash,8.029432840581244,3070,gpt-engineer/12,gpt-engineer,12,1,22,0,253024,6673,0.004469,68.88
0.6667,0,1.0,0.5,structural,voluntary,deepseek_flash,8.029432840581244,3070,gpt-engineer/12,gpt-engineer,12,2,11,0,82187,5242,0.002929,47.33
0.4,0,1.0,0.25,structural,voluntary,deepseek_flash,8.029432840581244,3070,gpt-engineer/12,gpt-engineer,12,3,11,0,82261,5168,0.002743,45.83
0.6667,1,0.5,1.0,structural,voluntary,deepseek_flash,8.36380888451688,4289,gpt-engineer/9,gpt-engineer,9,1,30,1,866752,14345,0.019114,150.65
0.6667,1,0.5,1.0,structural,voluntary,deepseek_flash,8.36380888451688,4289,gpt-engineer/9,gpt-engineer,9,2,30,1,565011,30701,0.014378,325.88
0.6667,1,0.5,1.0,structural,voluntary,deepseek_flash,8.36380888451688,4289,gpt-engineer/9,gpt-engineer,9,3,21,0,382134,20945,0.009892,212.64
0.2857,0,0.5,0.2,structural,voluntary,deepseek_flash,10.196231790580173,26802,keras/12,keras,12,1,11,0,103757,5408,0.003431,50.73
0.0,0,0.0,0.0,structural,voluntary,deepseek_flash,10.196231790580173,26802,keras/12,keras,12,2,13,0,104198,3566,0.002995,39.75
0.0,0,0.0,0.0,structural,voluntary,deepseek_flash,10.196231790580173,26802,keras/12,keras,12,3,18,0,185768,4560,0.003892,55.07
0.0,0,0.0,0.0,structural,voluntary,deepseek_flash,10.349134450277123,31230,keras/5,keras,5,1,30,1,524794,19299,0.012808,187.13
1.0,1,1.0,1.0,structural,voluntary,deepseek_flash,10.349134450277123,31230,keras/5,keras,5,2,30,1,621868,26541,0.014535,259.82
0.0,0,0.0,0.0,structural,voluntary,deepseek_flash,10.349134450277123,31230,keras/5,keras,5,3,30,1,741300,24313,0.01739,222.01
1.0,1,1.0,1.0,structural,voluntary,deepseek_flash,10.444153492313001,34343,keras/9,keras,9,1,8,0,119902,13261,0.005835,109.25
1.0,1,1.0,1.0,structural,voluntary,deepseek_flash,10.444153492313001,34343,keras/9,keras,9,2,14,0,129255,10716,0.004325,101.9
1.0,1,1.0,1.0,structural,voluntary,deepseek_flash,10.444153492313001,34343,keras/9,keras,9,3,19,0,204017,11779,0.005606,108.15
0.0,0,0.0,0.0,structural,voluntary,deepseek_flash,9.61953186182516,15056,localstack/19,localstack,19,1,11,0,44148,1545,0.001679,19.99
0.25,0,1.0,0.1429,structural,voluntary,deepseek_flash,9.61953186182516,15056,localstack/19,localstack,19,2,20,0,223092,4652,0.005227,57.27
0.4444,0,1.0,0.2857,structural,voluntary,deepseek_flash,9.61953186182516,15056,localstack/19,localstack,19,3,17,0,143096,4361,0.003359,53.37
1.0,1,1.0,1.0,structural,voluntary,deepseek_flash,10.563155506021905,38683,localstack/2,localstack,2,1,30,1,558708,9189,0.010265,91.02
0.0,0,0.0,0.0,structural,voluntary,deepseek_flash,10.563155506021905,38683,localstack/2,localstack,2,2,30,1,540064,8029,0.009806,104.6
1.0,1,1.0,1.0,structural,voluntary,deepseek_flash,10.563155506021905,38683,localstack/2,localstack,2,3,30,1,526116,10328,0.009884,122.61
0.0,0,0.0,0.0,structural,voluntary,deepseek_flash,9.860214640302662,19153,localstack/9,localstack,9,1,30,1,544929,31307,0.015582,279.3
1.0,1,1.0,1.0,structural,voluntary,deepseek_flash,9.860214640302662,19153,localstack/9,localstack,9,2,30,1,500881,36030,0.016094,318.04
1.0,1,1.0,1.0,structural,voluntary,deepseek_flash,9.860214640302662,19153,localstack/9,localstack,9,3,15,0,191155,12115,0.005673,97.74
0.0,0,0.0,0.0,structural,voluntary,deepseek_flash,11.189312196300184,72353,pandas/26,pandas,26,1,30,1,370303,3948,0.007007,55.66
0.0,0,0.0,0.0,structural,voluntary,deepseek_flash,11.189312196300184,72353,pandas/26,pandas,26,2,30,1,424093,4530,0.009959,62.35
1.0,1,1.0,1.0,structural,voluntary,deepseek_flash,11.189312196300184,72353,pandas/26,pandas,26,3,28,0,373674,4288,0.007679,58.0
0.0,0,0.0,0.0,structural,voluntary,deepseek_flash,11.270446177349276,78468,pandas/35,pandas,35,1,30,1,291866,11145,0.007542,106.17
0.0,0,0.0,0.0,structural,voluntary,deepseek_flash,11.270446177349276,78468,pandas/35,pandas,35,2,30,1,329772,6184,0.006454,68.62
0.0,0,0.0,0.0,structural,voluntary,deepseek_flash,11.270446177349276,78468,pandas/35,pandas,35,3,30,1,316409,7407,0.007209,77.35
0.0,0,0.0,0.0,structural,voluntary,deepseek_flash,12.08721590866289,177587,pandas/38,pandas,38,1,30,1,505106,6083,0.008547,78.02
0.6667,0,1.0,0.5,structural,voluntary,deepseek_flash,12.08721590866289,177587,pandas/38,pandas,38,2,30,1,572044,9379,0.009972,112.04
0.5,0,0.5,0.5,structural,voluntary,deepseek_flash,12.08721590866289,177587,pandas/38,pandas,38,3,25,0,347153,7506,0.005903,86.95
0.5,0,0.5,0.5,structural,voluntary,deepseek_flash,10.883015959814806,53264,pandas/44,pandas,44,1,30,1,255189,9757,0.00604,107.66
0.5,0,0.5,0.5,structural,voluntary,deepseek_flash,10.883015959814806,53264,pandas/44,pandas,44,2,30,1,554212,12087,0.010956,137.0
0.5,0,0.5,0.5,structural,voluntary,deepseek_flash,10.883015959814806,53264,pandas/44,pandas,44,3,30,1,620155,14443,0.011961,151.65
1.0,1,1.0,1.0,structural,voluntary,deepseek_flash,9.346705246496699,11461,requests/12,requests,12,1,14,0,132295,4187,0.003116,41.88
1.0,1,1.0,1.0,structural,voluntary,deepseek_flash,9.346705246496699,11461,requests/12,requests,12,2,10,0,57679,3726,0.002708,36.64
0.8,0,1.0,0.6667,structural,voluntary,deepseek_flash,9.346705246496699,11461,requests/12,requests,12,3,7,0,46403,2192,0.002544,23.16
1.0,1,1.0,1.0,structural,voluntary,deepseek_flash,9.348274558065496,11479,requests/13,requests,13,1,19,0,192089,8309,0.004264,90.59
1.0,1,1.0,1.0,structural,voluntary,deepseek_flash,9.348274558065496,11479,requests/13,requests,13,2,15,0,181318,10103,0.004944,88.45
1.0,1,1.0,1.0,structural,voluntary,deepseek_flash,9.348274558065496,11479,requests/13,requests,13,3,14,0,179852,11541,0.005458,113.14
1.0,1,1.0,1.0,structural,voluntary,deepseek_flash,7.958576903813898,2860,requests/7,requests,7,1,8,0,42690,4858,0.002139,47.23
1.0,1,1.0,1.0,structural,voluntary,deepseek_flash,7.958576903813898,2860,requests/7,requests,7,2,12,0,88567,6378,0.002911,63.49
1.0,1,1.0,1.0,structural,voluntary,deepseek_flash,7.958576903813898,2860,requests/7,requests,7,3,7,0,36316,3036,0.001684,30.71
1.0,1,1.0,1.0,structural,voluntary,deepseek_flash,10.031000872835088,22720,rich/1,rich,1,1,5,0,17271,2230,0.000988,25.7
1.0,1,1.0,1.0,structural,voluntary,deepseek_flash,10.031000872835088,22720,rich/1,rich,1,2,4,0,12010,720,0.000513,9.75
1.0,1,1.0,1.0,structural,voluntary,deepseek_flash,10.031000872835088,22720,rich/1,rich,1,3,4,0,12545,1147,0.000637,11.91
0.4,0,1.0,0.25,structural,voluntary,deepseek_flash,10.051648903516648,23194,rich/12,rich,12,1,27,0,697808,27066,0.01778,283.5
0.4,0,1.0,0.25,structural,voluntary,deepseek_flash,10.051648903516648,23194,rich/12,rich,12,2,9,0,133682,15081,0.006904,143.77
0.4,0,1.0,0.25,structural,voluntary,deepseek_flash,10.051648903516648,23194,rich/12,rich,12,3,30,1,460649,27136,0.014311,278.08
1.0,1,1.0,1.0,structural,voluntary,deepseek_flash,10.039939675671627,22924,rich/8,rich,8,1,8,0,56064,1855,0.001677,19.88
1.0,1,1.0,1.0,structural,voluntary,deepseek_flash,10.039939675671627,22924,rich/8,rich,8,2,8,0,60317,2135,0.001807,23.14
1.0,1,1.0,1.0,structural,voluntary,deepseek_flash,10.039939675671627,22924,rich/8,rich,8,3,8,0,56765,1972,0.001984,22.01
0.6667,0,1.0,0.5,structural,voluntary,deepseek_flash,11.620954417182327,111408,scikit-learn/45,scikit-learn,45,1,18,0,139364,3464,0.002498,39.67
0.6667,0,1.0,0.5,structural,voluntary,deepseek_flash,11.620954417182327,111408,scikit-learn/45,scikit-learn,45,2,19,0,127688,3135,0.002158,40.57
0.6667,0,1.0,0.5,structural,voluntary,deepseek_flash,11.620954417182327,111408,scikit-learn/45,scikit-learn,45,3,8,0,38231,1308,0.001486,15.95
1.0,1,1.0,1.0,structural,voluntary,deepseek_flash,11.55076060327325,103856,scikit-learn/49,scikit-learn,49,1,14,0,304248,4143,0.006015,38.02
1.0,1,1.0,1.0,structural,voluntary,deepseek_flash,11.55076060327325,103856,scikit-learn/49,scikit-learn,49,2,9,0,152325,2710,0.004154,29.8
1.0,1,1.0,1.0,structural,voluntary,deepseek_flash,11.55076060327325,103856,scikit-learn/49,scikit-learn,49,3,8,0,123534,3265,0.004441,33.64
1.0,1,1.0,1.0,structural,voluntary,deepseek_flash,11.525654110946952,101281,scikit-learn/5,scikit-learn,5,1,13,0,140892,17647,0.006859,154.63
1.0,1,1.0,1.0,structural,voluntary,deepseek_flash,11.525654110946952,101281,scikit-learn/5,scikit-learn,5,2,13,0,249992,34665,0.012111,300.48
1.0,1,1.0,1.0,structural,voluntary,deepseek_flash,11.525654110946952,101281,scikit-learn/5,scikit-learn,5,3,17,0,289738,36139,0.012451,345.5
1.0,1,1.0,1.0,structural,voluntary,deepseek_flash,9.796458979777604,17970,scrapy/20,scrapy,20,1,8,0,55097,1492,0.002266,16.24
1.0,1,1.0,1.0,structural,voluntary,deepseek_flash,9.796458979777604,17970,scrapy/20,scrapy,20,2,3,0,10251,809,0.000924,7.47
1.0,1,1.0,1.0,structural,voluntary,deepseek_flash,9.796458979777604,17970,scrapy/20,scrapy,20,3,5,0,26949,1341,0.001409,15.25
0.6667,1,0.5,1.0,structural,voluntary,deepseek_flash,9.655026193237628,15600,scrapy/26,scrapy,26,1,19,0,170956,2784,0.00299,39.22
0.6667,1,0.5,1.0,structural,voluntary,deepseek_flash,9.655026193237628,15600,scrapy/26,scrapy,26,2,17,0,187461,5061,0.003901,49.2
0.6667,1,0.5,1.0,structural,voluntary,deepseek_flash,9.655026193237628,15600,scrapy/26,scrapy,26,3,23,0,259090,3639,0.004083,52.63
0.0,0,0.0,0.0,structural,voluntary,deepseek_flash,9.73477299914839,16895,scrapy/48,scrapy,48,1,30,1,230389,7530,0.005597,84.58
0.6667,0,1.0,0.5,structural,voluntary,deepseek_flash,9.73477299914839,16895,scrapy/48,scrapy,48,2,30,1,243471,7438,0.005295,86.31
0.0,0,0.0,0.0,structural,voluntary,deepseek_flash,9.73477299914839,16895,scrapy/48,scrapy,48,3,30,1,272855,8976,0.006134,106.77
1.0,1,1.0,1.0,structural,voluntary,deepseek_flash,9.961803629358965,21201,stable-diffusion-webui/0,stable-diffusion-webui,0,1,4,0,70783,1584,0.002977,12.81
1.0,1,1.0,1.0,structural,voluntary,deepseek_flash,9.961803629358965,21201,stable-diffusion-webui/0,stable-diffusion-webui,0,2,7,0,131678,2169,0.003535,25.54
1.0,1,1.0,1.0,structural,voluntary,deepseek_flash,9.961803629358965,21201,stable-diffusion-webui/0,stable-diffusion-webui,0,3,2,0,30899,1142,0.002521,11.1
0.6667,1,0.5,1.0,structural,voluntary,deepseek_flash,9.908425341565751,20099,stable-diffusion-webui/13,stable-diffusion-webui,13,1,20,0,511678,14860,0.009167,141.04
1.0,1,1.0,1.0,structural,voluntary,deepseek_flash,9.908425341565751,20099,stable-diffusion-webui/13,stable-diffusion-webui,13,2,19,0,518357,11801,0.00907,104.17
1.0,1,1.0,1.0,structural,voluntary,deepseek_flash,9.908425341565751,20099,stable-diffusion-webui/13,stable-diffusion-webui,13,3,30,1,1378679,31939,0.023989,279.05
0.6667,0,1.0,0.5,structural,voluntary,deepseek_flash,10.028797743501574,22670,stable-diffusion-webui/5,stable-diffusion-webui,5,1,24,0,550350,22131,0.011366,224.94
0.6667,0,1.0,0.5,structural,voluntary,deepseek_flash,10.028797743501574,22670,stable-diffusion-webui/5,stable-diffusion-webui,5,2,11,0,139679,5580,0.004258,60.09
0.6667,0,1.0,0.5,structural,voluntary,deepseek_flash,10.028797743501574,22670,stable-diffusion-webui/5,stable-diffusion-webui,5,3,18,0,360506,15269,0.008436,135.33
0.0,0,0.0,0.0,structural,voluntary,deepseek_flash,8.483636407887394,4835,thefuck/10,thefuck,10,1,26,0,528119,28525,0.019914,258.31
0.0,0,0.0,0.0,structural,voluntary,deepseek_flash,8.483636407887394,4835,thefuck/10,thefuck,10,2,17,0,342661,20571,0.011304,143.66
0.0,0,0.0,0.0,structural,voluntary,deepseek_flash,8.483636407887394,4835,thefuck/10,thefuck,10,3,23,0,575111,22356,0.013719,199.25
0.0,0,0.0,0.0,structural,voluntary,deepseek_flash,8.270781013162674,3908,thefuck/20,thefuck,20,1,8,0,41945,3807,0.001951,31.63
0.0,0,0.0,0.0,structural,voluntary,deepseek_flash,8.270781013162674,3908,thefuck/20,thefuck,20,2,9,0,37784,2669,0.001366,29.78
0.0,0,0.0,0.0,structural,voluntary,deepseek_flash,8.270781013162674,3908,thefuck/20,thefuck,20,3,9,0,46152,3962,0.002004,41.24
1.0,1,1.0,1.0,structural,voluntary,deepseek_flash,7.822845290279774,2497,thefuck/5,thefuck,5,1,12,0,72041,3948,0.002287,39.47
1.0,1,1.0,1.0,structural,voluntary,deepseek_flash,7.822845290279774,2497,thefuck/5,thefuck,5,2,11,0,73672,2890,0.002097,30.43
1.0,1,1.0,1.0,structural,voluntary,deepseek_flash,7.822845290279774,2497,thefuck/5,thefuck,5,3,10,0,50520,1963,0.001739,23.78
1.0,1,1.0,1.0,structural,voluntary,deepseek_flash,12.430331574579306,250279,transformers/25,transformers,25,1,12,0,124258,4359,0.00397,48.36
1.0,1,1.0,1.0,structural,voluntary,deepseek_flash,12.430331574579306,250279,transformers/25,transformers,25,2,9,0,33848,3317,0.001541,34.88
1.0,1,1.0,1.0,structural,voluntary,deepseek_flash,12.430331574579306,250279,transformers/25,transformers,25,3,11,0,53922,3615,0.001747,40.24
0.1538,0,1.0,0.0833,structural,voluntary,deepseek_flash,12.407424472605875,244611,transformers/27,transformers,27,1,2,0,7701,423,0.00067,5.95
0.1538,0,1.0,0.0833,structural,voluntary,deepseek_flash,12.407424472605875,244611,transformers/27,transformers,27,2,2,0,7704,640,0.000731,6.64
0.1538,0,1.0,0.0833,structural,voluntary,deepseek_flash,12.407424472605875,244611,transformers/27,transformers,27,3,2,0,7725,506,0.000679,5.29
0.75,0,1.0,0.6,structural,voluntary,deepseek_flash,11.587420505060633,107734,transformers/5,transformers,5,1,13,0,415299,3058,0.009351,40.38
0.8889,0,1.0,0.8,structural,voluntary,deepseek_flash,11.587420505060633,107734,transformers/5,transformers,5,2,22,0,597035,5512,0.008525,59.59
0.75,0,1.0,0.6,structural,voluntary,deepseek_flash,11.587420505060633,107734,transformers/5,transformers,5,3,25,0,656506,6034,0.009814,71.06
1.0,1,1.0,1.0,structural,voluntary,deepseek_flash,12.095096391086711,178992,yt-dlp/23,yt-dlp,23,1,22,0,282863,8502,0.004733,87.89
1.0,1,1.0,1.0,structural,voluntary,deepseek_flash,12.095096391086711,178992,yt-dlp/23,yt-dlp,23,2,24,0,278259,11516,0.005249,120.06
1.0,1,1.0,1.0,structural,voluntary,deepseek_flash,12.095096391086711,178992,yt-dlp/23,yt-dlp,23,3,17,0,211973,8818,0.004907,84.23
0.0,0,0.0,0.0,structural,voluntary,deepseek_flash,12.1489730534896,188900,yt-dlp/41,yt-dlp,41,1,30,1,641558,14988,0.013319,141.2
0.4,1,0.25,1.0,structural,voluntary,deepseek_flash,12.1489730534896,188900,yt-dlp/41,yt-dlp,41,2,30,1,493418,14939,0.010725,158.48
0.0,0,0.0,0.0,structural,voluntary,deepseek_flash,12.1489730534896,188900,yt-dlp/41,yt-dlp,41,3,24,0,398304,12612,0.007013,122.8
0.6667,0,1.0,0.5,structural,voluntary,deepseek_flash,12.198660241414718,198523,yt-dlp/45,yt-dlp,45,1,23,0,253891,6412,0.004096,64.63
0.6667,0,1.0,0.5,structural,voluntary,deepseek_flash,12.198660241414718,198523,yt-dlp/45,yt-dlp,45,2,30,0,487897,8775,0.009508,95.0
0.0,0,0.0,0.0,structural,voluntary,deepseek_flash,12.198660241414718,198523,yt-dlp/45,yt-dlp,45,3,30,1,410434,7540,0.007572,90.56
0.6667,1,0.5,1.0,structural,voluntary,nemotron_super,12.068688124847148,174327,core/16,core,16,1,7,0,38518,16604,0.009916,228.3
1.0,1,1.0,1.0,structural,voluntary,nemotron_super,12.068688124847148,174327,core/16,core,16,2,9,0,58295,11732,0.009648,174.52
1.0,1,1.0,1.0,structural,voluntary,nemotron_super,12.068688124847148,174327,core/16,core,16,3,8,0,35897,14169,0.008719,128.19
1.0,1,1.0,1.0,structural,voluntary,nemotron_super,11.506545154005941,99364,core/20,core,20,1,5,0,20983,12004,0.006585,130.14
1.0,1,1.0,1.0,structural,voluntary,nemotron_super,11.506545154005941,99364,core/20,core,20,2,3,0,13597,6485,0.00375,99.17
1.0,1,1.0,1.0,structural,voluntary,nemotron_super,11.506545154005941,99364,core/20,core,20,3,3,0,13588,7643,0.004212,91.13
0.0,0,0.0,0.0,structural,voluntary,nemotron_super,8.579980179515003,5324,fastapi/17,fastapi,17,1,5,0,22757,9510,0.005738,173.23
0.0,0,0.0,0.0,structural,voluntary,nemotron_super,8.579980179515003,5324,fastapi/17,fastapi,17,2,15,0,201033,63242,0.042385,582.02
0.0,0,0.0,0.0,structural,voluntary,nemotron_super,8.579980179515003,5324,fastapi/17,fastapi,17,3,9,0,65245,24173,0.015215,306.08
1.0,1,1.0,1.0,structural,voluntary,nemotron_super,8.518991573357617,5009,fastapi/20,fastapi,20,1,9,0,20767,14172,0.007434,135.22
0.0,0,0.0,0.0,structural,voluntary,nemotron_super,8.518991573357617,5009,fastapi/20,fastapi,20,2,2,0,8082,4285,0.002401,44.72
0.0,0,0.0,0.0,structural,voluntary,nemotron_super,8.518991573357617,5009,fastapi/20,fastapi,20,3,5,0,18997,11333,0.006148,92.54
0.5,0,1.0,0.3333,structural,voluntary,nemotron_super,8.482187582217422,4828,fastapi/9,fastapi,9,1,6,0,40959,19242,0.011178,228.11
0.5,0,1.0,0.3333,structural,voluntary,nemotron_super,8.482187582217422,4828,fastapi/9,fastapi,9,2,13,0,77314,32223,0.019461,539.04
0.5,0,1.0,0.3333,structural,voluntary,nemotron_super,8.482187582217422,4828,fastapi/9,fastapi,9,3,6,0,32352,14729,0.008642,189.7
1.0,1,1.0,1.0,structural,voluntary,nemotron_super,8.808369153122275,6690,flask/18,flask,18,1,16,0,167941,31324,0.026805,541.29
1.0,1,1.0,1.0,structural,voluntary,nemotron_super,8.808369153122275,6690,flask/18,flask,18,2,6,0,30833,7120,0.005469,118.95
1.0,1,1.0,1.0,structural,voluntary,nemotron_super,8.808369153122275,6690,flask/18,flask,18,3,15,0,171838,25410,0.02477,335.1
1.0,1,1.0,1.0,structural,voluntary,nemotron_super,8.899457906353966,7328,flask/3,flask,3,1,12,0,87876,23222,0.016758,324.09
1.0,1,1.0,1.0,structural,voluntary,nemotron_super,8.899457906353966,7328,flask/3,flask,3,2,12,0,31007,15895,0.008994,291.23
1.0,1,1.0,1.0,structural,voluntary,nemotron_super,8.899457906353966,7328,flask/3,flask,3,3,12,0,91731,16959,0.014581,253.4
1.0,1,1.0,1.0,structural,voluntary,nemotron_super,8.827468112520654,6819,flask/6,flask,6,1,4,0,21867,7865,0.005005,127.3
1.0,1,1.0,1.0,structural,voluntary,nemotron_super,8.827468112520654,6819,flask/6,flask,6,2,8,0,48779,7947,0.007325,118.19
1.0,1,1.0,1.0,structural,voluntary,nemotron_super,8.827468112520654,6819,flask/6,flask,6,3,3,0,19583,7711,0.004749,89.06
0.0,0,0.0,0.0,structural,voluntary,nemotron_super,8.341410211461865,4194,gpt-engineer/11,gpt-engineer,11,1,8,0,49878,18610,0.011684,235.18
0.0,0,0.0,0.0,structural,voluntary,nemotron_super,8.341410211461865,4194,gpt-engineer/11,gpt-engineer,11,2,7,0,19575,18333,0.008997,224.65
0.0,0,0.0,0.0,structural,voluntary,nemotron_super,8.341410211461865,4194,gpt-engineer/11,gpt-engineer,11,3,9,0,27803,16735,0.009057,151.78
0.4,0,1.0,0.25,structural,voluntary,nemotron_super,8.029432840581244,3070,gpt-engineer/12,gpt-engineer,12,1,5,0,14834,5262,0.003366,49.44
0.4,0,1.0,0.25,structural,voluntary,nemotron_super,8.029432840581244,3070,gpt-engineer/12,gpt-engineer,12,2,4,0,12766,5412,0.00325,69.7
0.4,0,1.0,0.25,structural,voluntary,nemotron_super,8.029432840581244,3070,gpt-engineer/12,gpt-engineer,12,3,5,0,16990,6710,0.004128,113.61
0.0,0,0.0,0.0,structural,voluntary,nemotron_super,8.36380888451688,4289,gpt-engineer/9,gpt-engineer,9,1,12,0,101787,15281,0.014764,529.86
0.6667,1,0.5,1.0,structural,voluntary,nemotron_super,8.36380888451688,4289,gpt-engineer/9,gpt-engineer,9,2,11,0,73456,17727,0.013335,199.82
0.0,0,0.0,0.0,structural,voluntary,nemotron_super,8.36380888451688,4289,gpt-engineer/9,gpt-engineer,9,3,16,0,149712,36641,0.027382,438.19
0.0,0,0.0,0.0,structural,voluntary,nemotron_super,10.196231790580173,26802,keras/12,keras,12,1,5,0,12953,8224,0.004391,97.39
0.0,0,0.0,0.0,structural,voluntary,nemotron_super,10.196231790580173,26802,keras/12,keras,12,2,4,0,8390,6379,0.003265,101.49
0.0,0,0.0,0.0,structural,voluntary,nemotron_super,10.196231790580173,26802,keras/12,keras,12,3,7,0,14510,10166,0.0053,105.88
0.0,0,0.0,0.0,structural,voluntary,nemotron_super,10.349134450277123,31230,keras/5,keras,5,1,19,0,206983,30806,0.029916,409.78
0.0,0,0.0,0.0,structural,voluntary,nemotron_super,10.349134450277123,31230,keras/5,keras,5,2,13,0,211680,52993,0.03919,617.93
0.0,0,0.0,0.0,structural,voluntary,nemotron_super,10.349134450277123,31230,keras/5,keras,5,3,10,0,120318,37290,0.025143,526.66
1.0,1,1.0,1.0,structural,voluntary,nemotron_super,10.444153492313001,34343,keras/9,keras,9,1,5,0,16902,6400,0.003997,92.54
1.0,1,1.0,1.0,structural,voluntary,nemotron_super,10.444153492313001,34343,keras/9,keras,9,2,4,0,14556,9295,0.004955,103.39
1.0,1,1.0,1.0,structural,voluntary,nemotron_super,10.444153492313001,34343,keras/9,keras,9,3,7,0,33727,13236,0.008161,198.86
0.0,0,0.0,0.0,structural,voluntary,nemotron_super,9.61953186182516,15056,localstack/19,localstack,19,1,17,0,68601,12187,0.010706,198.56
0.0,0,0.0,0.0,structural,voluntary,nemotron_super,9.61953186182516,15056,localstack/19,localstack,19,2,18,0,182318,17189,0.022373,210.61
0.0,0,0.0,0.0,structural,voluntary,nemotron_super,9.61953186182516,15056,localstack/19,localstack,19,3,14,0,42598,6144,0.006078,77.98
1.0,1,1.0,1.0,structural,voluntary,nemotron_super,10.563155506021905,38683,localstack/2,localstack,2,1,22,0,223586,37739,0.0341,357.79
1.0,1,1.0,1.0,structural,voluntary,nemotron_super,10.563155506021905,38683,localstack/2,localstack,2,2,9,0,100545,9892,0.012503,101.34
1.0,1,1.0,1.0,structural,voluntary,nemotron_super,10.563155506021905,38683,localstack/2,localstack,2,3,17,0,162456,25875,0.024159,229.4
1.0,1,1.0,1.0,structural,voluntary,nemotron_super,9.860214640302662,19153,localstack/9,localstack,9,1,16,0,91229,20360,0.015898,185.14
1.0,1,1.0,1.0,structural,voluntary,nemotron_super,9.860214640302662,19153,localstack/9,localstack,9,2,18,0,108127,37095,0.024029,481.24
1.0,1,1.0,1.0,structural,voluntary,nemotron_super,9.860214640302662,19153,localstack/9,localstack,9,3,8,0,67585,18937,0.01332,242.75
0.0,0,0.0,0.0,structural,voluntary,nemotron_super,11.189312196300184,72353,pandas/26,pandas,26,1,30,1,236372,24731,0.029984,403.82
1.0,1,1.0,1.0,structural,voluntary,nemotron_super,11.189312196300184,72353,pandas/26,pandas,26,2,30,1,386521,10256,0.036957,143.65
0.0,0,0.0,0.0,structural,voluntary,nemotron_super,11.189312196300184,72353,pandas/26,pandas,26,3,30,1,323037,10590,0.031694,156.8
0.0,0,0.0,0.0,structural,voluntary,nemotron_super,11.270446177349276,78468,pandas/35,pandas,35,1,30,1,145600,8038,0.015591,75.65
0.0,0,0.0,0.0,structural,voluntary,nemotron_super,11.270446177349276,78468,pandas/35,pandas,35,2,29,0,212513,13897,0.023622,196.03
0.0,0,0.0,0.0,structural,voluntary,nemotron_super,11.270446177349276,78468,pandas/35,pandas,35,3,30,1,510763,25710,0.053699,271.59
0.0,0,0.0,0.0,structural,voluntary,nemotron_super,12.08721590866289,177587,pandas/38,pandas,38,1,7,0,41058,16485,0.010084,134.33
0.6667,0,1.0,0.5,structural,voluntary,nemotron_super,12.08721590866289,177587,pandas/38,pandas,38,2,4,0,23115,7062,0.00479,107.16
0.5,0,0.5,0.5,structural,voluntary,nemotron_super,12.08721590866289,177587,pandas/38,pandas,38,3,7,0,46265,13621,0.009381,184.62
0.0,0,0.0,0.0,structural,voluntary,nemotron_super,10.883015959814806,53264,pandas/44,pandas,44,1,12,0,43436,18580,0.011124,237.87
0.0,0,0.0,0.0,structural,voluntary,nemotron_super,10.883015959814806,53264,pandas/44,pandas,44,2,10,0,73844,11210,0.010761,122.61
0.0,0,0.0,0.0,structural,voluntary,nemotron_super,10.883015959814806,53264,pandas/44,pandas,44,3,6,0,50386,8204,0.007564,75.91
0.8,0,1.0,0.6667,structural,voluntary,nemotron_super,9.346705246496699,11461,requests/12,requests,12,1,7,0,22321,5375,0.004047,76.21
0.8,0,1.0,0.6667,structural,voluntary,nemotron_super,9.346705246496699,11461,requests/12,requests,12,2,8,0,26170,5523,0.004434,63.48
0.8,0,1.0,0.6667,structural,voluntary,nemotron_super,9.346705246496699,11461,requests/12,requests,12,3,10,0,44809,11509,0.008412,124.19
1.0,1,1.0,1.0,structural,voluntary,nemotron_super,9.348274558065496,11479,requests/13,requests,13,1,9,0,31094,36325,0.017173,468.93
1.0,1,1.0,1.0,structural,voluntary,nemotron_super,9.348274558065496,11479,requests/13,requests,13,2,10,0,36876,15923,0.009504,222.03
1.0,1,1.0,1.0,structural,voluntary,nemotron_super,9.348274558065496,11479,requests/13,requests,13,3,12,0,51491,21384,0.01293,204.09
1.0,1,1.0,1.0,structural,voluntary,nemotron_super,7.958576903813898,2860,requests/7,requests,7,1,5,0,45822,10107,0.007938,104.17
1.0,1,1.0,1.0,structural,voluntary,nemotron_super,7.958576903813898,2860,requests/7,requests,7,2,5,0,14563,4347,0.002977,36.91
1.0,1,1.0,1.0,structural,voluntary,nemotron_super,7.958576903813898,2860,requests/7,requests,7,3,5,0,14810,13117,0.006506,152.75
1.0,1,1.0,1.0,structural,voluntary,nemotron_super,10.031000872835088,22720,rich/1,rich,1,1,5,0,24308,3644,0.003524,60.54
1.0,1,1.0,1.0,structural,voluntary,nemotron_super,10.031000872835088,22720,rich/1,rich,1,2,7,0,31736,8378,0.006049,77.22
1.0,1,1.0,1.0,structural,voluntary,nemotron_super,10.031000872835088,22720,rich/1,rich,1,3,4,0,20817,4256,0.003472,72.5
0.4,0,1.0,0.25,structural,voluntary,nemotron_super,10.051648903516648,23194,rich/12,rich,12,1,8,0,39297,7774,0.00645,89.27
0.6667,0,1.0,0.5,structural,voluntary,nemotron_super,10.051648903516648,23194,rich/12,rich,12,2,7,0,104718,33916,0.022467,510.9
0.4,0,1.0,0.25,structural,voluntary,nemotron_super,10.051648903516648,23194,rich/12,rich,12,3,7,0,50479,14810,0.010215,143.66
1.0,1,1.0,1.0,structural,voluntary,nemotron_super,10.039939675671627,22924,rich/8,rich,8,1,6,0,28816,4602,0.00429,70.45
1.0,1,1.0,1.0,structural,voluntary,nemotron_super,10.039939675671627,22924,rich/8,rich,8,2,16,0,89545,23125,0.016861,256.54
1.0,1,1.0,1.0,structural,voluntary,nemotron_super,10.039939675671627,22924,rich/8,rich,8,3,8,0,50035,16285,0.010767,171.61
0.6667,0,1.0,0.5,structural,voluntary,nemotron_super,11.620954417182327,111408,scikit-learn/45,scikit-learn,45,1,14,0,37874,14075,0.008849,153.46
0.6667,0,1.0,0.5,structural,voluntary,nemotron_super,11.620954417182327,111408,scikit-learn/45,scikit-learn,45,2,9,0,22885,9561,0.00577,75.81
0.6667,0,1.0,0.5,structural,voluntary,nemotron_super,11.620954417182327,111408,scikit-learn/45,scikit-learn,45,3,8,0,30207,7348,0.005507,82.99
1.0,1,1.0,1.0,structural,voluntary,nemotron_super,11.55076060327325,103856,scikit-learn/49,scikit-learn,49,1,12,0,151534,11640,0.017536,164.89
1.0,1,1.0,1.0,structural,voluntary,nemotron_super,11.55076060327325,103856,scikit-learn/49,scikit-learn,49,2,8,0,67378,10248,0.009826,116.9
0.0,0,0.0,0.0,structural,voluntary,nemotron_super,11.55076060327325,103856,scikit-learn/49,scikit-learn,49,3,8,0,90745,14445,0.013491,159.03
1.0,1,1.0,1.0,structural,voluntary,nemotron_super,11.525654110946952,101281,scikit-learn/5,scikit-learn,5,1,6,0,35142,16029,0.009399,205.07
1.0,1,1.0,1.0,structural,voluntary,nemotron_super,11.525654110946952,101281,scikit-learn/5,scikit-learn,5,2,13,0,67711,13900,0.011315,247.89
0.0,0,0.0,0.0,structural,voluntary,nemotron_super,11.525654110946952,101281,scikit-learn/5,scikit-learn,5,3,15,0,94091,17807,0.015121,159.94
1.0,1,1.0,1.0,structural,voluntary,nemotron_super,9.796458979777604,17970,scrapy/20,scrapy,20,1,4,0,16383,2947,0.002571,42.39
1.0,1,1.0,1.0,structural,voluntary,nemotron_super,9.796458979777604,17970,scrapy/20,scrapy,20,2,5,0,20485,3207,0.003024,40.95
1.0,1,1.0,1.0,structural,voluntary,nemotron_super,9.796458979777604,17970,scrapy/20,scrapy,20,3,4,0,13059,1645,0.001768,24.65
1.0,1,1.0,1.0,structural,voluntary,nemotron_super,9.655026193237628,15600,scrapy/26,scrapy,26,1,14,0,109625,18691,0.016795,262.78
1.0,1,1.0,1.0,structural,voluntary,nemotron_super,9.655026193237628,15600,scrapy/26,scrapy,26,2,6,0,32939,9826,0.00673,128.35
1.0,1,1.0,1.0,structural,voluntary,nemotron_super,9.655026193237628,15600,scrapy/26,scrapy,26,3,6,0,29256,13641,0.007943,156.32
0.0,0,0.0,0.0,structural,voluntary,nemotron_super,9.73477299914839,16895,scrapy/48,scrapy,48,1,10,0,25041,5092,0.004165,67.59
0.0,0,0.0,0.0,structural,voluntary,nemotron_super,9.73477299914839,16895,scrapy/48,scrapy,48,2,15,0,78515,17888,0.013829,256.91
0.6667,0,1.0,0.5,structural,voluntary,nemotron_super,9.73477299914839,16895,scrapy/48,scrapy,48,3,13,0,39120,12941,0.008502,116.66
1.0,1,1.0,1.0,structural,voluntary,nemotron_super,9.961803629358965,21201,stable-diffusion-webui/0,stable-diffusion-webui,0,1,3,0,50444,1394,0.004845,24.26
1.0,1,1.0,1.0,structural,voluntary,nemotron_super,9.961803629358965,21201,stable-diffusion-webui/0,stable-diffusion-webui,0,2,3,0,50977,3210,0.005617,40.89
1.0,1,1.0,1.0,structural,voluntary,nemotron_super,9.961803629358965,21201,stable-diffusion-webui/0,stable-diffusion-webui,0,3,2,0,33733,1585,0.003501,20.59
1.0,1,1.0,1.0,structural,voluntary,nemotron_super,9.908425341565751,20099,stable-diffusion-webui/13,stable-diffusion-webui,13,1,19,0,563293,34729,0.061772,482.43
1.0,1,1.0,1.0,structural,voluntary,nemotron_super,9.908425341565751,20099,stable-diffusion-webui/13,stable-diffusion-webui,13,2,27,0,826812,41036,0.086693,638.02
0.0,0,0.0,0.0,structural,voluntary,nemotron_super,9.908425341565751,20099,stable-diffusion-webui/13,stable-diffusion-webui,13,3,22,0,469212,40174,0.055953,518.52
0.0,0,0.0,0.0,structural,voluntary,nemotron_super,10.028797743501574,22670,stable-diffusion-webui/5,stable-diffusion-webui,5,1,19,0,127439,9836,0.014767,103.33
0.0,0,0.0,0.0,structural,voluntary,nemotron_super,10.028797743501574,22670,stable-diffusion-webui/5,stable-diffusion-webui,5,2,11,0,114738,6359,0.012296,100.22
0.0,0,0.0,0.0,structural,voluntary,nemotron_super,10.028797743501574,22670,stable-diffusion-webui/5,stable-diffusion-webui,5,3,20,0,131989,9669,0.015087,126.69
0.0,0,0.0,0.0,structural,voluntary,nemotron_super,8.483636407887394,4835,thefuck/10,thefuck,10,1,6,0,16889,10486,0.00563,180.29
0.0,0,0.0,0.0,structural,voluntary,nemotron_super,8.483636407887394,4835,thefuck/10,thefuck,10,2,12,0,47934,24023,0.013684,365.1
0.5,0,1.0,0.3333,structural,voluntary,nemotron_super,8.483636407887394,4835,thefuck/10,thefuck,10,3,8,0,25081,10055,0.006154,142.54
0.0,0,0.0,0.0,structural,voluntary,nemotron_super,8.270781013162674,3908,thefuck/20,thefuck,20,1,21,0,93062,24921,0.017879,304.17
0.0,0,0.0,0.0,structural,voluntary,nemotron_super,8.270781013162674,3908,thefuck/20,thefuck,20,2,21,0,104635,39231,0.024586,779.08
0.0,0,0.0,0.0,structural,voluntary,nemotron_super,8.270781013162674,3908,thefuck/20,thefuck,20,3,30,1,142854,39895,0.028101,306.62
1.0,1,1.0,1.0,structural,voluntary,nemotron_super,7.822845290279774,2497,thefuck/5,thefuck,5,1,10,0,28154,8100,0.005633,92.29
1.0,1,1.0,1.0,structural,voluntary,nemotron_super,7.822845290279774,2497,thefuck/5,thefuck,5,2,21,0,76957,16231,0.013034,205.45
1.0,1,1.0,1.0,structural,voluntary,nemotron_super,7.822845290279774,2497,thefuck/5,thefuck,5,3,12,0,67534,24561,0.015565,229.75
1.0,1,1.0,1.0,structural,voluntary,nemotron_super,12.430331574579306,250279,transformers/25,transformers,25,1,12,0,65255,18202,0.012827,220.03
1.0,1,1.0,1.0,structural,voluntary,nemotron_super,12.430331574579306,250279,transformers/25,transformers,25,2,10,0,33616,12148,0.007717,163.91
1.0,1,1.0,1.0,structural,voluntary,nemotron_super,12.430331574579306,250279,transformers/25,transformers,25,3,13,0,51576,9767,0.008291,90.06
0.1538,0,1.0,0.0833,structural,voluntary,nemotron_super,12.407424472605875,244611,transformers/27,transformers,27,1,3,0,10889,716,0.001212,12.02
0.1538,0,1.0,0.0833,structural,voluntary,nemotron_super,12.407424472605875,244611,transformers/27,transformers,27,2,3,0,10889,515,0.001132,10.31
0.1538,0,1.0,0.0833,structural,voluntary,nemotron_super,12.407424472605875,244611,transformers/27,transformers,27,3,6,0,20358,1629,0.002382,20.19
0.75,0,1.0,0.6,structural,voluntary,nemotron_super,11.587420505060633,107734,transformers/5,transformers,5,1,19,0,419735,18656,0.04314,292.75
0.3333,0,1.0,0.2,structural,voluntary,nemotron_super,11.587420505060633,107734,transformers/5,transformers,5,2,24,0,480563,21726,0.049538,330.97
0.0,0,0.0,0.0,structural,voluntary,nemotron_super,11.587420505060633,107734,transformers/5,transformers,5,3,22,0,383871,17062,0.039454,266.26
1.0,1,1.0,1.0,structural,voluntary,nemotron_super,12.095096391086711,178992,yt-dlp/23,yt-dlp,23,1,4,0,28209,6666,0.005064,79.9
1.0,1,1.0,1.0,structural,voluntary,nemotron_super,12.095096391086711,178992,yt-dlp/23,yt-dlp,23,2,4,0,29412,7205,0.005382,158.51
1.0,1,1.0,1.0,structural,voluntary,nemotron_super,12.095096391086711,178992,yt-dlp/23,yt-dlp,23,3,5,0,40658,10230,0.007548,92.3
0.0,0,0.0,0.0,structural,voluntary,nemotron_super,12.1489730534896,188900,yt-dlp/41,yt-dlp,41,1,30,1,314107,11708,0.031382,209.51
0.0,0,0.0,0.0,structural,voluntary,nemotron_super,12.1489730534896,188900,yt-dlp/41,yt-dlp,41,2,17,0,124161,7002,0.013354,133.74
0.0,0,0.0,0.0,structural,voluntary,nemotron_super,12.1489730534896,188900,yt-dlp/41,yt-dlp,41,3,30,1,254752,10656,0.025916,119.35
0.0,0,0.0,0.0,structural,voluntary,nemotron_super,12.198660241414718,198523,yt-dlp/45,yt-dlp,45,1,9,0,104941,8552,0.012341,92.34
0.6667,0,1.0,0.5,structural,voluntary,nemotron_super,12.198660241414718,198523,yt-dlp/45,yt-dlp,45,2,14,0,232808,22566,0.028815,257.43
0.6667,0,1.0,0.5,structural,voluntary,nemotron_super,12.198660241414718,198523,yt-dlp/45,yt-dlp,45,3,14,0,85746,20938,0.015664,211.55
1.0,1,1.0,1.0,temporal_frequency,voluntary,ministral_3b,12.068688124847148,174327,core/16,core,16,1,9,0,64815,731,0.002776,5.04
1.0,1,1.0,1.0,temporal_frequency,voluntary,ministral_3b,12.068688124847148,174327,core/16,core,16,2,10,0,53493,884,0.002385,7.84
1.0,1,1.0,1.0,temporal_frequency,voluntary,ministral_3b,12.068688124847148,174327,core/16,core,16,3,15,0,81479,2102,0.003163,20.53
0.0,0,0.0,0.0,temporal_frequency,voluntary,ministral_3b,11.506545154005941,99364,core/20,core,20,1,7,0,54699,1108,0.002021,5.67
1.0,1,1.0,1.0,temporal_frequency,voluntary,ministral_3b,11.506545154005941,99364,core/20,core,20,2,8,0,46889,1309,0.001444,6.89
1.0,1,1.0,1.0,temporal_frequency,voluntary,ministral_3b,11.506545154005941,99364,core/20,core,20,3,8,0,47786,2007,0.001869,10.62
0.0,0,0.0,0.0,temporal_frequency,voluntary,ministral_3b,8.579980179515003,5324,fastapi/17,fastapi,17,1,11,0,89568,2801,0.003223,12.38
0.0,0,0.0,0.0,temporal_frequency,voluntary,ministral_3b,8.579980179515003,5324,fastapi/17,fastapi,17,2,9,0,30606,1673,0.000935,8.16
0.0,0,0.0,0.0,temporal_frequency,voluntary,ministral_3b,8.579980179515003,5324,fastapi/17,fastapi,17,3,10,0,85830,2455,0.004025,15.8
0.0,0,0.0,0.0,temporal_frequency,voluntary,ministral_3b,8.518991573357617,5009,fastapi/20,fastapi,20,1,14,0,74593,3393,0.003075,16.57
0.0,0,0.0,0.0,temporal_frequency,voluntary,ministral_3b,8.518991573357617,5009,fastapi/20,fastapi,20,2,22,0,107689,1288,0.002557,11.0
0.0,0,0.0,0.0,temporal_frequency,voluntary,ministral_3b,8.518991573357617,5009,fastapi/20,fastapi,20,3,26,0,92632,1709,0.002395,15.26
0.5,0,1.0,0.3333,temporal_frequency,voluntary,ministral_3b,8.482187582217422,4828,fastapi/9,fastapi,9,1,7,0,53671,1328,0.002781,8.29
0.5,0,1.0,0.3333,temporal_frequency,voluntary,ministral_3b,8.482187582217422,4828,fastapi/9,fastapi,9,2,7,0,59034,848,0.002544,5.13
0.5,0,1.0,0.3333,temporal_frequency,voluntary,ministral_3b,8.482187582217422,4828,fastapi/9,fastapi,9,3,8,0,93274,1323,0.003723,8.38
0.6667,0,1.0,0.5,temporal_frequency,voluntary,ministral_3b,8.808369153122275,6690,flask/18,flask,18,1,11,0,54436,1413,0.002509,9.0
0.6667,0,1.0,0.5,temporal_frequency,voluntary,ministral_3b,8.808369153122275,6690,flask/18,flask,18,2,8,0,44985,749,0.001705,4.72
0.6667,0,1.0,0.5,temporal_frequency,voluntary,ministral_3b,8.808369153122275,6690,flask/18,flask,18,3,19,0,140192,1475,0.003637,13.14
1.0,1,1.0,1.0,temporal_frequency,voluntary,ministral_3b,8.899457906353966,7328,flask/3,flask,3,1,7,0,17947,1096,0.000695,4.94
1.0,1,1.0,1.0,temporal_frequency,voluntary,ministral_3b,8.899457906353966,7328,flask/3,flask,3,2,15,0,52445,1533,0.001873,10.06
1.0,1,1.0,1.0,temporal_frequency,voluntary,ministral_3b,8.899457906353966,7328,flask/3,flask,3,3,19,0,145585,1688,0.00414,13.95
1.0,1,1.0,1.0,temporal_frequency,voluntary,ministral_3b,8.827468112520654,6819,flask/6,flask,6,1,5,0,15847,274,0.001025,2.26
0.0,0,0.0,0.0,temporal_frequency,voluntary,ministral_3b,8.827468112520654,6819,flask/6,flask,6,2,17,0,44251,1612,0.001027,10.0
1.0,1,1.0,1.0,temporal_frequency,voluntary,ministral_3b,8.827468112520654,6819,flask/6,flask,6,3,7,0,35698,477,0.002028,4.07
1.0,1,1.0,1.0,temporal_frequency,voluntary,ministral_3b,8.341410211461865,4194,gpt-engineer/11,gpt-engineer,11,1,12,0,36193,1422,0.001515,9.89
0.0,0,0.0,0.0,temporal_frequency,voluntary,ministral_3b,8.341410211461865,4194,gpt-engineer/11,gpt-engineer,11,2,8,0,19158,1488,0.000763,11.42
0.0,0,0.0,0.0,temporal_frequency,voluntary,ministral_3b,8.341410211461865,4194,gpt-engineer/11,gpt-engineer,11,3,16,0,99773,1846,0.00272,11.73
0.4,0,1.0,0.25,temporal_frequency,voluntary,ministral_3b,8.029432840581244,3070,gpt-engineer/12,gpt-engineer,12,1,13,0,53590,2379,0.001438,11.76
0.4,0,1.0,0.25,temporal_frequency,voluntary,ministral_3b,8.029432840581244,3070,gpt-engineer/12,gpt-engineer,12,2,16,0,68893,2052,0.001599,12.3
0.4,0,1.0,0.25,temporal_frequency,voluntary,ministral_3b,8.029432840581244,3070,gpt-engineer/12,gpt-engineer,12,3,4,0,11831,597,0.000436,5.12
1.0,1,1.0,1.0,temporal_frequency,voluntary,ministral_3b,8.36380888451688,4289,gpt-engineer/9,gpt-engineer,9,1,18,0,115989,2004,0.002963,12.84
1.0,1,1.0,1.0,temporal_frequency,voluntary,ministral_3b,8.36380888451688,4289,gpt-engineer/9,gpt-engineer,9,2,13,0,71004,1360,0.002513,8.49
1.0,1,1.0,1.0,temporal_frequency,voluntary,ministral_3b,8.36380888451688,4289,gpt-engineer/9,gpt-engineer,9,3,11,0,27891,1172,0.001144,7.25
0.0,0,0.0,0.0,temporal_frequency,voluntary,ministral_3b,10.196231790580173,26802,keras/12,keras,12,1,13,0,40448,1723,0.001326,9.04
0.0,0,0.0,0.0,temporal_frequency,voluntary,ministral_3b,10.196231790580173,26802,keras/12,keras,12,2,7,0,13969,867,0.000539,5.01
0.0,0,0.0,0.0,temporal_frequency,voluntary,ministral_3b,10.196231790580173,26802,keras/12,keras,12,3,30,1,93436,4909,0.002231,26.59
1.0,1,1.0,1.0,temporal_frequency,voluntary,ministral_3b,10.349134450277123,31230,keras/5,keras,5,1,9,0,82046,1361,0.003318,7.22
1.0,1,1.0,1.0,temporal_frequency,voluntary,ministral_3b,10.349134450277123,31230,keras/5,keras,5,2,13,0,180653,2204,0.005314,13.63
1.0,1,1.0,1.0,temporal_frequency,voluntary,ministral_3b,10.349134450277123,31230,keras/5,keras,5,3,7,0,89792,932,0.004384,6.24
1.0,1,1.0,1.0,temporal_frequency,voluntary,ministral_3b,10.444153492313001,34343,keras/9,keras,9,1,7,0,61492,1560,0.003275,8.52
1.0,1,1.0,1.0,temporal_frequency,voluntary,ministral_3b,10.444153492313001,34343,keras/9,keras,9,2,21,0,105046,1373,0.002831,11.74
1.0,1,1.0,1.0,temporal_frequency,voluntary,ministral_3b,10.444153492313001,34343,keras/9,keras,9,3,9,0,78688,2459,0.003461,21.41
0.0,0,0.0,0.0,temporal_frequency,voluntary,ministral_3b,9.61953186182516,15056,localstack/19,localstack,19,1,14,0,91196,1269,0.003821,9.21
0.0,0,0.0,0.0,temporal_frequency,voluntary,ministral_3b,9.61953186182516,15056,localstack/19,localstack,19,2,7,0,59431,1388,0.003375,7.28
0.25,0,1.0,0.1429,temporal_frequency,voluntary,ministral_3b,9.61953186182516,15056,localstack/19,localstack,19,3,9,0,37874,1292,0.001175,7.06
1.0,1,1.0,1.0,temporal_frequency,voluntary,ministral_3b,10.563155506021905,38683,localstack/2,localstack,2,1,13,0,237991,1660,0.008759,11.96
1.0,1,1.0,1.0,temporal_frequency,voluntary,ministral_3b,10.563155506021905,38683,localstack/2,localstack,2,2,24,0,300893,1909,0.006376,15.47
1.0,1,1.0,1.0,temporal_frequency,voluntary,ministral_3b,10.563155506021905,38683,localstack/2,localstack,2,3,14,0,228848,2180,0.005696,23.36
1.0,1,1.0,1.0,temporal_frequency,voluntary,ministral_3b,9.860214640302662,19153,localstack/9,localstack,9,1,14,0,181798,1858,0.005233,11.96
1.0,1,1.0,1.0,temporal_frequency,voluntary,ministral_3b,9.860214640302662,19153,localstack/9,localstack,9,2,25,0,167210,6714,0.004398,32.64
1.0,1,1.0,1.0,temporal_frequency,voluntary,ministral_3b,9.860214640302662,19153,localstack/9,localstack,9,3,11,0,47517,1183,0.001633,7.49
0.6667,0,1.0,0.5,temporal_frequency,voluntary,ministral_3b,11.189312196300184,72353,pandas/26,pandas,26,1,12,0,28695,1219,0.000849,6.73
0.6667,0,1.0,0.5,temporal_frequency,voluntary,ministral_3b,11.189312196300184,72353,pandas/26,pandas,26,2,19,0,95988,2024,0.002532,12.35
0.6667,0,1.0,0.5,temporal_frequency,voluntary,ministral_3b,11.189312196300184,72353,pandas/26,pandas,26,3,10,0,74046,1117,0.002021,7.24
0.0,0,0.0,0.0,temporal_frequency,voluntary,ministral_3b,11.270446177349276,78468,pandas/35,pandas,35,1,26,0,302581,2771,0.008497,22.44
0.0,0,0.0,0.0,temporal_frequency,voluntary,ministral_3b,11.270446177349276,78468,pandas/35,pandas,35,2,26,0,606294,2789,0.012121,27.37
0.0,0,0.0,0.0,temporal_frequency,voluntary,ministral_3b,11.270446177349276,78468,pandas/35,pandas,35,3,13,0,283512,1724,0.011486,18.03
0.6667,0,1.0,0.5,temporal_frequency,voluntary,ministral_3b,12.08721590866289,177587,pandas/38,pandas,38,1,10,0,59205,930,0.001982,9.13
0.6667,0,1.0,0.5,temporal_frequency,voluntary,ministral_3b,12.08721590866289,177587,pandas/38,pandas,38,2,15,0,78145,1697,0.002397,10.06
0.6667,0,1.0,0.5,temporal_frequency,voluntary,ministral_3b,12.08721590866289,177587,pandas/38,pandas,38,3,10,0,134146,1171,0.00685,9.17
0.6667,0,1.0,0.5,temporal_frequency,voluntary,ministral_3b,10.883015959814806,53264,pandas/44,pandas,44,1,26,0,78135,1734,0.001582,12.11
0.0,0,0.0,0.0,temporal_frequency,voluntary,ministral_3b,10.883015959814806,53264,pandas/44,pandas,44,2,13,0,102769,1632,0.002894,9.15
0.0,0,0.0,0.0,temporal_frequency,voluntary,ministral_3b,10.883015959814806,53264,pandas/44,pandas,44,3,21,0,155630,2313,0.003814,21.91
0.5,0,1.0,0.3333,temporal_frequency,voluntary,ministral_3b,9.346705246496699,11461,requests/12,requests,12,1,11,0,61215,1025,0.001996,6.63
0.5,0,1.0,0.3333,temporal_frequency,voluntary,ministral_3b,9.346705246496699,11461,requests/12,requests,12,2,9,0,20416,651,0.000724,4.26
0.5,0,1.0,0.3333,temporal_frequency,voluntary,ministral_3b,9.346705246496699,11461,requests/12,requests,12,3,7,0,14177,713,0.000452,4.83
1.0,1,1.0,1.0,temporal_frequency,voluntary,ministral_3b,9.348274558065496,11479,requests/13,requests,13,1,9,0,46114,806,0.001824,5.32
1.0,1,1.0,1.0,temporal_frequency,voluntary,ministral_3b,9.348274558065496,11479,requests/13,requests,13,2,21,0,294085,2259,0.006422,16.54
1.0,1,1.0,1.0,temporal_frequency,voluntary,ministral_3b,9.348274558065496,11479,requests/13,requests,13,3,6,0,34484,1256,0.001834,6.58
1.0,1,1.0,1.0,temporal_frequency,voluntary,ministral_3b,7.958576903813898,2860,requests/7,requests,7,1,10,0,23577,640,0.00074,4.31
1.0,1,1.0,1.0,temporal_frequency,voluntary,ministral_3b,7.958576903813898,2860,requests/7,requests,7,2,14,0,41745,1009,0.001246,6.86
1.0,1,1.0,1.0,temporal_frequency,voluntary,ministral_3b,7.958576903813898,2860,requests/7,requests,7,3,4,0,6898,510,0.000326,2.44
1.0,1,1.0,1.0,temporal_frequency,voluntary,ministral_3b,10.031000872835088,22720,rich/1,rich,1,1,7,0,33995,712,0.001409,6.74
1.0,1,1.0,1.0,temporal_frequency,voluntary,ministral_3b,10.031000872835088,22720,rich/1,rich,1,2,5,0,23999,558,0.001592,4.89
1.0,1,1.0,1.0,temporal_frequency,voluntary,ministral_3b,10.031000872835088,22720,rich/1,rich,1,3,5,0,32664,568,0.002459,3.69
0.8571,0,1.0,0.75,temporal_frequency,voluntary,ministral_3b,10.051648903516648,23194,rich/12,rich,12,1,10,0,134713,1022,0.005993,9.28
0.0,0,0.0,0.0,temporal_frequency,voluntary,ministral_3b,10.051648903516648,23194,rich/12,rich,12,2,29,0,424459,3200,0.010648,23.99
0.4,0,1.0,0.25,temporal_frequency,voluntary,ministral_3b,10.051648903516648,23194,rich/12,rich,12,3,26,0,228844,2865,0.004716,20.64
0.0,0,0.0,0.0,temporal_frequency,voluntary,ministral_3b,10.039939675671627,22924,rich/8,rich,8,1,8,0,47461,1565,0.00185,8.55
1.0,1,1.0,1.0,temporal_frequency,voluntary,ministral_3b,10.039939675671627,22924,rich/8,rich,8,2,6,0,31338,654,0.001483,4.46
1.0,1,1.0,1.0,temporal_frequency,voluntary,ministral_3b,10.039939675671627,22924,rich/8,rich,8,3,5,0,23667,465,0.001376,3.03
0.6667,0,1.0,0.5,temporal_frequency,voluntary,ministral_3b,11.620954417182327,111408,scikit-learn/45,scikit-learn,45,1,3,0,4921,372,0.00023,4.76
0.6667,0,1.0,0.5,temporal_frequency,voluntary,ministral_3b,11.620954417182327,111408,scikit-learn/45,scikit-learn,45,2,4,0,7771,702,0.00034,3.32
0.6667,0,1.0,0.5,temporal_frequency,voluntary,ministral_3b,11.620954417182327,111408,scikit-learn/45,scikit-learn,45,3,4,0,7183,686,0.000234,4.79
1.0,1,1.0,1.0,temporal_frequency,voluntary,ministral_3b,11.55076060327325,103856,scikit-learn/49,scikit-learn,49,1,8,0,64519,714,0.003862,5.2
1.0,1,1.0,1.0,temporal_frequency,voluntary,ministral_3b,11.55076060327325,103856,scikit-learn/49,scikit-learn,49,2,9,0,58971,818,0.002385,7.25
1.0,1,1.0,1.0,temporal_frequency,voluntary,ministral_3b,11.55076060327325,103856,scikit-learn/49,scikit-learn,49,3,8,0,65471,1024,0.003021,6.51
1.0,1,1.0,1.0,temporal_frequency,voluntary,ministral_3b,11.525654110946952,101281,scikit-learn/5,scikit-learn,5,1,22,0,679794,2328,0.021717,26.22
1.0,1,1.0,1.0,temporal_frequency,voluntary,ministral_3b,11.525654110946952,101281,scikit-learn/5,scikit-learn,5,2,27,0,124996,1947,0.003282,21.07
1.0,1,1.0,1.0,temporal_frequency,voluntary,ministral_3b,11.525654110946952,101281,scikit-learn/5,scikit-learn,5,3,19,0,222454,2556,0.009322,22.66
1.0,1,1.0,1.0,temporal_frequency,voluntary,ministral_3b,9.796458979777604,17970,scrapy/20,scrapy,20,1,6,0,20185,392,0.000802,2.98
1.0,1,1.0,1.0,temporal_frequency,voluntary,ministral_3b,9.796458979777604,17970,scrapy/20,scrapy,20,2,5,0,14105,312,0.00075,2.61
1.0,1,1.0,1.0,temporal_frequency,voluntary,ministral_3b,9.796458979777604,17970,scrapy/20,scrapy,20,3,6,0,19937,334,0.001163,2.9
0.0,0,0.0,0.0,temporal_frequency,voluntary,ministral_3b,9.655026193237628,15600,scrapy/26,scrapy,26,1,14,0,37050,938,0.00085,6.77
1.0,1,1.0,1.0,temporal_frequency,voluntary,ministral_3b,9.655026193237628,15600,scrapy/26,scrapy,26,2,10,0,71317,1000,0.00275,6.87
0.0,0,0.0,0.0,temporal_frequency,voluntary,ministral_3b,9.655026193237628,15600,scrapy/26,scrapy,26,3,23,0,83045,3094,0.001829,17.2
0.6667,0,1.0,0.5,temporal_frequency,voluntary,ministral_3b,9.73477299914839,16895,scrapy/48,scrapy,48,1,8,0,24785,1153,0.001154,5.82
0.0,0,0.0,0.0,temporal_frequency,voluntary,ministral_3b,9.73477299914839,16895,scrapy/48,scrapy,48,2,27,0,124426,2700,0.00269,17.46
0.0,0,0.0,0.0,temporal_frequency,voluntary,ministral_3b,9.73477299914839,16895,scrapy/48,scrapy,48,3,30,1,85907,3345,0.001783,28.95
1.0,1,1.0,1.0,temporal_frequency,voluntary,ministral_3b,9.961803629358965,21201,stable-diffusion-webui/0,stable-diffusion-webui,0,1,6,0,99825,966,0.004054,5.69
1.0,1,1.0,1.0,temporal_frequency,voluntary,ministral_3b,9.961803629358965,21201,stable-diffusion-webui/0,stable-diffusion-webui,0,2,6,0,107279,1067,0.002966,6.11
1.0,1,1.0,1.0,temporal_frequency,voluntary,ministral_3b,9.961803629358965,21201,stable-diffusion-webui/0,stable-diffusion-webui,0,3,7,0,127791,1421,0.004984,8.34
1.0,1,1.0,1.0,temporal_frequency,voluntary,ministral_3b,9.908425341565751,20099,stable-diffusion-webui/13,stable-diffusion-webui,13,1,12,0,183837,609,0.005703,8.51
0.0,0,0.0,0.0,temporal_frequency,voluntary,ministral_3b,9.908425341565751,20099,stable-diffusion-webui/13,stable-diffusion-webui,13,2,15,0,231932,1965,0.005879,12.77
0.0,0,0.0,0.0,temporal_frequency,voluntary,ministral_3b,9.908425341565751,20099,stable-diffusion-webui/13,stable-diffusion-webui,13,3,4,0,53372,121,0.002953,1.95
0.0,0,0.0,0.0,temporal_frequency,voluntary,ministral_3b,10.028797743501574,22670,stable-diffusion-webui/5,stable-diffusion-webui,5,1,26,0,589506,2112,0.012805,21.82
0.0,0,0.0,0.0,temporal_frequency,voluntary,ministral_3b,10.028797743501574,22670,stable-diffusion-webui/5,stable-diffusion-webui,5,2,9,0,68148,1238,0.003241,8.73
0.0,0,0.0,0.0,temporal_frequency,voluntary,ministral_3b,10.028797743501574,22670,stable-diffusion-webui/5,stable-diffusion-webui,5,3,8,0,67501,1068,0.004299,9.69
0.0,0,0.0,0.0,temporal_frequency,voluntary,ministral_3b,8.483636407887394,4835,thefuck/10,thefuck,10,1,6,0,15006,867,0.000942,5.17
0.0,0,0.0,0.0,temporal_frequency,voluntary,ministral_3b,8.483636407887394,4835,thefuck/10,thefuck,10,2,9,0,42258,1627,0.002177,10.98
0.5,0,1.0,0.3333,temporal_frequency,voluntary,ministral_3b,8.483636407887394,4835,thefuck/10,thefuck,10,3,9,0,28047,1307,0.001184,9.77
0.0,0,0.0,0.0,temporal_frequency,voluntary,ministral_3b,8.270781013162674,3908,thefuck/20,thefuck,20,1,7,0,20603,1207,0.001017,5.22
1.0,1,1.0,1.0,temporal_frequency,voluntary,ministral_3b,8.270781013162674,3908,thefuck/20,thefuck,20,2,12,0,30469,832,0.001172,7.0
0.0,0,0.0,0.0,temporal_frequency,voluntary,ministral_3b,8.270781013162674,3908,thefuck/20,thefuck,20,3,11,0,32877,1799,0.001336,20.29
1.0,1,1.0,1.0,temporal_frequency,voluntary,ministral_3b,7.822845290279774,2497,thefuck/5,thefuck,5,1,10,0,55597,1139,0.00246,6.94
1.0,1,1.0,1.0,temporal_frequency,voluntary,ministral_3b,7.822845290279774,2497,thefuck/5,thefuck,5,2,4,0,19226,717,0.00113,4.04
1.0,1,1.0,1.0,temporal_frequency,voluntary,ministral_3b,7.822845290279774,2497,thefuck/5,thefuck,5,3,6,0,37913,1092,0.002115,6.27
1.0,1,1.0,1.0,temporal_frequency,voluntary,ministral_3b,12.430331574579306,250279,transformers/25,transformers,25,1,23,0,356987,1517,0.007626,17.06
1.0,1,1.0,1.0,temporal_frequency,voluntary,ministral_3b,12.430331574579306,250279,transformers/25,transformers,25,2,8,0,17116,528,0.000417,3.95
1.0,1,1.0,1.0,temporal_frequency,voluntary,ministral_3b,12.430331574579306,250279,transformers/25,transformers,25,3,21,0,287081,1547,0.00671,16.98
0.1538,0,1.0,0.0833,temporal_frequency,voluntary,ministral_3b,12.407424472605875,244611,transformers/27,transformers,27,1,3,0,9995,444,0.000502,2.7
0.1538,0,1.0,0.0833,temporal_frequency,voluntary,ministral_3b,12.407424472605875,244611,transformers/27,transformers,27,2,16,0,161970,1875,0.004127,12.09
0.1538,0,1.0,0.0833,temporal_frequency,voluntary,ministral_3b,12.407424472605875,244611,transformers/27,transformers,27,3,4,0,12731,498,0.000689,2.71
0.3333,0,1.0,0.2,temporal_frequency,voluntary,ministral_3b,11.587420505060633,107734,transformers/5,transformers,5,1,26,0,308262,3465,0.007015,19.7
0.0,0,0.0,0.0,temporal_frequency,voluntary,ministral_3b,11.587420505060633,107734,transformers/5,transformers,5,2,9,0,81071,1899,0.002353,9.48
0.3333,0,1.0,0.2,temporal_frequency,voluntary,ministral_3b,11.587420505060633,107734,transformers/5,transformers,5,3,24,0,274932,2538,0.00526,18.42
1.0,1,1.0,1.0,temporal_frequency,voluntary,ministral_3b,12.095096391086711,178992,yt-dlp/23,yt-dlp,23,1,14,0,130533,1934,0.003293,11.16
1.0,1,1.0,1.0,temporal_frequency,voluntary,ministral_3b,12.095096391086711,178992,yt-dlp/23,yt-dlp,23,2,9,0,72075,1724,0.003763,13.5
1.0,1,1.0,1.0,temporal_frequency,voluntary,ministral_3b,12.095096391086711,178992,yt-dlp/23,yt-dlp,23,3,11,0,101413,1727,0.002411,13.72
0.6667,1,0.5,1.0,temporal_frequency,voluntary,ministral_3b,12.1489730534896,188900,yt-dlp/41,yt-dlp,41,1,22,0,367282,4215,0.009122,23.04
0.0,0,0.0,0.0,temporal_frequency,voluntary,ministral_3b,12.1489730534896,188900,yt-dlp/41,yt-dlp,41,2,8,0,106572,767,0.006287,6.97
0.0,0,0.0,0.0,temporal_frequency,voluntary,ministral_3b,12.1489730534896,188900,yt-dlp/41,yt-dlp,41,3,13,0,319002,768,0.012278,10.64
0.5,0,0.5,0.5,temporal_frequency,voluntary,ministral_3b,12.198660241414718,198523,yt-dlp/45,yt-dlp,45,1,13,0,341828,2410,0.008826,14.74
0.0,0,0.0,0.0,temporal_frequency,voluntary,ministral_3b,12.198660241414718,198523,yt-dlp/45,yt-dlp,45,2,13,0,167657,1726,0.005038,15.25
0.0,0,0.0,0.0,temporal_frequency,voluntary,ministral_3b,12.198660241414718,198523,yt-dlp/45,yt-dlp,45,3,11,0,220957,1552,0.007828,12.24
1.0,1,1.0,1.0,temporal_frequency,voluntary,gpt_oss_120b,12.068688124847148,174327,core/16,core,16,1,6,0,19837,1090,0.002595,12.11
1.0,1,1.0,1.0,temporal_frequency,voluntary,gpt_oss_120b,12.068688124847148,174327,core/16,core,16,2,5,0,17753,1390,0.002399,10.21
1.0,1,1.0,1.0,temporal_frequency,voluntary,gpt_oss_120b,12.068688124847148,174327,core/16,core,16,3,5,0,9997,929,0.001476,10.51
1.0,1,1.0,1.0,temporal_frequency,voluntary,gpt_oss_120b,11.506545154005941,99364,core/20,core,20,1,12,0,43680,2834,0.004078,23.95
1.0,1,1.0,1.0,temporal_frequency,voluntary,gpt_oss_120b,11.506545154005941,99364,core/20,core,20,2,6,0,24335,1843,0.00291,21.64
1.0,1,1.0,1.0,temporal_frequency,voluntary,gpt_oss_120b,11.506545154005941,99364,core/20,core,20,3,10,0,44486,3009,0.004391,27.71
0.0,0,0.0,0.0,temporal_frequency,voluntary,gpt_oss_120b,8.579980179515003,5324,fastapi/17,fastapi,17,1,16,0,106222,6085,0.00887,54.46
0.0,0,0.0,0.0,temporal_frequency,voluntary,gpt_oss_120b,8.579980179515003,5324,fastapi/17,fastapi,17,2,25,0,200759,15702,0.015678,215.07
0.0,0,0.0,0.0,temporal_frequency,voluntary,gpt_oss_120b,8.579980179515003,5324,fastapi/17,fastapi,17,3,8,0,57637,4770,0.006175,56.39
0.0,0,0.0,0.0,temporal_frequency,voluntary,gpt_oss_120b,8.518991573357617,5009,fastapi/20,fastapi,20,1,13,0,48071,4356,0.00523,37.88
0.0,0,0.0,0.0,temporal_frequency,voluntary,gpt_oss_120b,8.518991573357617,5009,fastapi/20,fastapi,20,2,18,0,54043,6311,0.006561,71.29
0.0,0,0.0,0.0,temporal_frequency,voluntary,gpt_oss_120b,8.518991573357617,5009,fastapi/20,fastapi,20,3,14,0,34669,4525,0.004455,31.34
0.5,0,1.0,0.3333,temporal_frequency,voluntary,gpt_oss_120b,8.482187582217422,4828,fastapi/9,fastapi,9,1,13,0,59755,4142,0.005948,32.79
0.5,0,1.0,0.3333,temporal_frequency,voluntary,gpt_oss_120b,8.482187582217422,4828,fastapi/9,fastapi,9,2,4,0,11669,1060,0.001526,10.6
0.5,0,1.0,0.3333,temporal_frequency,voluntary,gpt_oss_120b,8.482187582217422,4828,fastapi/9,fastapi,9,3,10,0,34215,2300,0.003439,20.54
0.6667,0,1.0,0.5,temporal_frequency,voluntary,gpt_oss_120b,8.808369153122275,6690,flask/18,flask,18,1,14,0,55047,2744,0.004158,26.78
0.6667,0,1.0,0.5,temporal_frequency,voluntary,gpt_oss_120b,8.808369153122275,6690,flask/18,flask,18,2,15,0,60761,3572,0.005428,29.65
0.6667,0,1.0,0.5,temporal_frequency,voluntary,gpt_oss_120b,8.808369153122275,6690,flask/18,flask,18,3,15,0,57446,3037,0.005295,24.35
1.0,1,1.0,1.0,temporal_frequency,voluntary,gpt_oss_120b,8.899457906353966,7328,flask/3,flask,3,1,4,0,6989,850,0.000956,6.79
1.0,1,1.0,1.0,temporal_frequency,voluntary,gpt_oss_120b,8.899457906353966,7328,flask/3,flask,3,2,10,0,34423,3305,0.003772,38.57
1.0,1,1.0,1.0,temporal_frequency,voluntary,gpt_oss_120b,8.899457906353966,7328,flask/3,flask,3,3,9,0,25577,1662,0.002576,28.94
1.0,1,1.0,1.0,temporal_frequency,voluntary,gpt_oss_120b,8.827468112520654,6819,flask/6,flask,6,1,5,0,13009,652,0.001599,7.99
1.0,1,1.0,1.0,temporal_frequency,voluntary,gpt_oss_120b,8.827468112520654,6819,flask/6,flask,6,2,7,0,17771,1387,0.001967,10.63
1.0,1,1.0,1.0,temporal_frequency,voluntary,gpt_oss_120b,8.827468112520654,6819,flask/6,flask,6,3,12,0,43675,3567,0.004218,55.67
0.0,0,0.0,0.0,temporal_frequency,voluntary,gpt_oss_120b,8.341410211461865,4194,gpt-engineer/11,gpt-engineer,11,1,9,0,50459,1520,0.004552,15.82
0.0,0,0.0,0.0,temporal_frequency,voluntary,gpt_oss_120b,8.341410211461865,4194,gpt-engineer/11,gpt-engineer,11,2,7,0,43554,2023,0.005408,17.11
0.0,0,0.0,0.0,temporal_frequency,voluntary,gpt_oss_120b,8.341410211461865,4194,gpt-engineer/11,gpt-engineer,11,3,9,0,45168,2270,0.004363,33.74
0.4,0,1.0,0.25,temporal_frequency,voluntary,gpt_oss_120b,8.029432840581244,3070,gpt-engineer/12,gpt-engineer,12,1,14,0,82410,4502,0.006931,46.71
0.4,0,1.0,0.25,temporal_frequency,voluntary,gpt_oss_120b,8.029432840581244,3070,gpt-engineer/12,gpt-engineer,12,2,5,0,14398,927,0.001578,9.78
0.4,0,1.0,0.25,temporal_frequency,voluntary,gpt_oss_120b,8.029432840581244,3070,gpt-engineer/12,gpt-engineer,12,3,11,0,51293,2983,0.004126,28.78
0.6667,1,0.5,1.0,temporal_frequency,voluntary,gpt_oss_120b,8.36380888451688,4289,gpt-engineer/9,gpt-engineer,9,1,8,0,34156,4555,0.004924,32.56
0.6667,1,0.5,1.0,temporal_frequency,voluntary,gpt_oss_120b,8.36380888451688,4289,gpt-engineer/9,gpt-engineer,9,2,6,0,33943,7593,0.0077,85.51
0.6667,1,0.5,1.0,temporal_frequency,voluntary,gpt_oss_120b,8.36380888451688,4289,gpt-engineer/9,gpt-engineer,9,3,10,0,46894,3432,0.006131,34.63
0.3333,0,1.0,0.2,temporal_frequency,voluntary,gpt_oss_120b,10.196231790580173,26802,keras/12,keras,12,1,9,0,26329,2375,0.002917,19.49
0.0,0,0.0,0.0,temporal_frequency,voluntary,gpt_oss_120b,10.196231790580173,26802,keras/12,keras,12,2,10,0,35269,3326,0.004548,30.39
0.0,0,0.0,0.0,temporal_frequency,voluntary,gpt_oss_120b,10.196231790580173,26802,keras/12,keras,12,3,11,0,31453,2986,0.00323,39.5
0.0,0,0.0,0.0,temporal_frequency,voluntary,gpt_oss_120b,10.349134450277123,31230,keras/5,keras,5,1,12,0,55554,5960,0.007061,50.41
0.0,0,0.0,0.0,temporal_frequency,voluntary,gpt_oss_120b,10.349134450277123,31230,keras/5,keras,5,2,10,0,43078,4783,0.005751,31.55
0.0,0,0.0,0.0,temporal_frequency,voluntary,gpt_oss_120b,10.349134450277123,31230,keras/5,keras,5,3,11,0,62376,3530,0.006069,40.07
1.0,1,1.0,1.0,temporal_frequency,voluntary,gpt_oss_120b,10.444153492313001,34343,keras/9,keras,9,1,11,0,42922,2824,0.004625,28.63
1.0,1,1.0,1.0,temporal_frequency,voluntary,gpt_oss_120b,10.444153492313001,34343,keras/9,keras,9,2,13,0,58501,4817,0.006403,52.58
1.0,1,1.0,1.0,temporal_frequency,voluntary,gpt_oss_120b,10.444153492313001,34343,keras/9,keras,9,3,6,0,16814,1293,0.002243,17.51
0.0,0,0.0,0.0,temporal_frequency,voluntary,gpt_oss_120b,9.61953186182516,15056,localstack/19,localstack,19,1,11,0,17001,1596,0.001819,11.76
0.0,0,0.0,0.0,temporal_frequency,voluntary,gpt_oss_120b,9.61953186182516,15056,localstack/19,localstack,19,2,17,0,41269,3180,0.003975,22.35
0.0,0,0.0,0.0,temporal_frequency,voluntary,gpt_oss_120b,9.61953186182516,15056,localstack/19,localstack,19,3,11,0,21225,2139,0.0024,18.87
1.0,1,1.0,1.0,temporal_frequency,voluntary,gpt_oss_120b,10.563155506021905,38683,localstack/2,localstack,2,1,12,0,89341,2249,0.005855,19.11
1.0,1,1.0,1.0,temporal_frequency,voluntary,gpt_oss_120b,10.563155506021905,38683,localstack/2,localstack,2,2,10,0,88306,1825,0.006103,20.2
1.0,1,1.0,1.0,temporal_frequency,voluntary,gpt_oss_120b,10.563155506021905,38683,localstack/2,localstack,2,3,20,0,172665,4708,0.009864,46.74
1.0,1,1.0,1.0,temporal_frequency,voluntary,gpt_oss_120b,9.860214640302662,19153,localstack/9,localstack,9,1,9,0,41340,4528,0.005274,31.72
1.0,1,1.0,1.0,temporal_frequency,voluntary,gpt_oss_120b,9.860214640302662,19153,localstack/9,localstack,9,2,8,0,27801,4985,0.004558,37.84
1.0,1,1.0,1.0,temporal_frequency,voluntary,gpt_oss_120b,9.860214640302662,19153,localstack/9,localstack,9,3,11,0,48546,4857,0.005569,43.47
0.5,0,0.5,0.5,temporal_frequency,voluntary,gpt_oss_120b,11.189312196300184,72353,pandas/26,pandas,26,1,11,0,60387,3575,0.004562,33.47
1.0,1,1.0,1.0,temporal_frequency,voluntary,gpt_oss_120b,11.189312196300184,72353,pandas/26,pandas,26,2,25,0,170264,5403,0.009659,58.1
1.0,1,1.0,1.0,temporal_frequency,voluntary,gpt_oss_120b,11.189312196300184,72353,pandas/26,pandas,26,3,30,0,209373,5082,0.010305,84.28
0.0,0,0.0,0.0,temporal_frequency,voluntary,gpt_oss_120b,11.270446177349276,78468,pandas/35,pandas,35,1,20,0,205207,5227,0.014281,55.16
0.0,0,0.0,0.0,temporal_frequency,voluntary,gpt_oss_120b,11.270446177349276,78468,pandas/35,pandas,35,2,12,0,138654,4555,0.010622,51.7
0.0,0,0.0,0.0,temporal_frequency,voluntary,gpt_oss_120b,11.270446177349276,78468,pandas/35,pandas,35,3,16,0,223241,7194,0.015208,82.77
0.6667,0,1.0,0.5,temporal_frequency,voluntary,gpt_oss_120b,12.08721590866289,177587,pandas/38,pandas,38,1,7,0,75281,1711,0.007722,15.62
0.6667,0,1.0,0.5,temporal_frequency,voluntary,gpt_oss_120b,12.08721590866289,177587,pandas/38,pandas,38,2,13,0,121967,5156,0.008865,49.5
0.6667,0,1.0,0.5,temporal_frequency,voluntary,gpt_oss_120b,12.08721590866289,177587,pandas/38,pandas,38,3,5,0,24735,1620,0.003368,14.78
0.0,0,0.0,0.0,temporal_frequency,voluntary,gpt_oss_120b,10.883015959814806,53264,pandas/44,pandas,44,1,6,0,35685,2353,0.004649,25.63
0.0,0,0.0,0.0,temporal_frequency,voluntary,gpt_oss_120b,10.883015959814806,53264,pandas/44,pandas,44,2,5,0,18308,1436,0.002525,14.49
0.0,0,0.0,0.0,temporal_frequency,voluntary,gpt_oss_120b,10.883015959814806,53264,pandas/44,pandas,44,3,6,0,30595,1965,0.004084,22.15
0.8,0,1.0,0.6667,temporal_frequency,voluntary,gpt_oss_120b,9.346705246496699,11461,requests/12,requests,12,1,15,0,47451,2359,0.003831,19.64
0.8,0,1.0,0.6667,temporal_frequency,voluntary,gpt_oss_120b,9.346705246496699,11461,requests/12,requests,12,2,12,0,43976,4026,0.005723,39.18
0.8,0,1.0,0.6667,temporal_frequency,voluntary,gpt_oss_120b,9.346705246496699,11461,requests/12,requests,12,3,19,0,83213,5542,0.008062,70.51
1.0,1,1.0,1.0,temporal_frequency,voluntary,gpt_oss_120b,9.348274558065496,11479,requests/13,requests,13,1,3,0,24984,701,0.003745,7.77
1.0,1,1.0,1.0,temporal_frequency,voluntary,gpt_oss_120b,9.348274558065496,11479,requests/13,requests,13,2,8,0,34461,2905,0.003929,29.06
1.0,1,1.0,1.0,temporal_frequency,voluntary,gpt_oss_120b,9.348274558065496,11479,requests/13,requests,13,3,6,0,29254,2212,0.003994,17.82
1.0,1,1.0,1.0,temporal_frequency,voluntary,gpt_oss_120b,7.958576903813898,2860,requests/7,requests,7,1,5,0,11079,1773,0.001848,15.0
1.0,1,1.0,1.0,temporal_frequency,voluntary,gpt_oss_120b,7.958576903813898,2860,requests/7,requests,7,2,5,0,10360,2135,0.002042,15.4
1.0,1,1.0,1.0,temporal_frequency,voluntary,gpt_oss_120b,7.958576903813898,2860,requests/7,requests,7,3,5,0,17792,2951,0.003495,34.01
1.0,1,1.0,1.0,temporal_frequency,voluntary,gpt_oss_120b,10.031000872835088,22720,rich/1,rich,1,1,5,0,17005,936,0.001879,7.06
1.0,1,1.0,1.0,temporal_frequency,voluntary,gpt_oss_120b,10.031000872835088,22720,rich/1,rich,1,2,6,0,18087,1015,0.002269,13.19
1.0,1,1.0,1.0,temporal_frequency,voluntary,gpt_oss_120b,10.031000872835088,22720,rich/1,rich,1,3,3,0,8967,367,0.000858,9.58
0.0,0,0.0,0.0,temporal_frequency,voluntary,gpt_oss_120b,10.051648903516648,23194,rich/12,rich,12,1,6,0,23150,1391,0.002494,28.85
0.0,0,0.0,0.0,temporal_frequency,voluntary,gpt_oss_120b,10.051648903516648,23194,rich/12,rich,12,2,6,0,27571,1450,0.003213,12.78
0.0,0,0.0,0.0,temporal_frequency,voluntary,gpt_oss_120b,10.051648903516648,23194,rich/12,rich,12,3,9,0,37602,2179,0.003537,33.68
1.0,1,1.0,1.0,temporal_frequency,voluntary,gpt_oss_120b,10.039939675671627,22924,rich/8,rich,8,1,6,0,33757,1205,0.003917,14.91
1.0,1,1.0,1.0,temporal_frequency,voluntary,gpt_oss_120b,10.039939675671627,22924,rich/8,rich,8,2,6,0,22554,854,0.002437,10.45
1.0,1,1.0,1.0,temporal_frequency,voluntary,gpt_oss_120b,10.039939675671627,22924,rich/8,rich,8,3,7,0,32834,1625,0.003402,25.85
0.6667,0,1.0,0.5,temporal_frequency,voluntary,gpt_oss_120b,11.620954417182327,111408,scikit-learn/45,scikit-learn,45,1,6,0,30216,979,0.003393,9.35
0.6667,0,1.0,0.5,temporal_frequency,voluntary,gpt_oss_120b,11.620954417182327,111408,scikit-learn/45,scikit-learn,45,2,15,0,85194,3045,0.006996,27.05
0.6667,0,1.0,0.5,temporal_frequency,voluntary,gpt_oss_120b,11.620954417182327,111408,scikit-learn/45,scikit-learn,45,3,5,0,9962,791,0.000983,5.74
1.0,1,1.0,1.0,temporal_frequency,voluntary,gpt_oss_120b,11.55076060327325,103856,scikit-learn/49,scikit-learn,49,1,9,0,76449,3383,0.008286,30.58
1.0,1,1.0,1.0,temporal_frequency,voluntary,gpt_oss_120b,11.55076060327325,103856,scikit-learn/49,scikit-learn,49,2,16,0,178084,4381,0.012173,60.03
1.0,1,1.0,1.0,temporal_frequency,voluntary,gpt_oss_120b,11.55076060327325,103856,scikit-learn/49,scikit-learn,49,3,17,0,105932,3351,0.007892,34.3
1.0,1,1.0,1.0,temporal_frequency,voluntary,gpt_oss_120b,11.525654110946952,101281,scikit-learn/5,scikit-learn,5,1,6,0,14322,2302,0.002528,22.2
1.0,1,1.0,1.0,temporal_frequency,voluntary,gpt_oss_120b,11.525654110946952,101281,scikit-learn/5,scikit-learn,5,2,10,0,70766,8874,0.007834,75.59
1.0,1,1.0,1.0,temporal_frequency,voluntary,gpt_oss_120b,11.525654110946952,101281,scikit-learn/5,scikit-learn,5,3,9,0,66596,4449,0.007101,41.77
1.0,1,1.0,1.0,temporal_frequency,voluntary,gpt_oss_120b,9.796458979777604,17970,scrapy/20,scrapy,20,1,11,0,79536,2724,0.007264,29.23
1.0,1,1.0,1.0,temporal_frequency,voluntary,gpt_oss_120b,9.796458979777604,17970,scrapy/20,scrapy,20,2,15,0,117129,4041,0.008637,42.61
1.0,1,1.0,1.0,temporal_frequency,voluntary,gpt_oss_120b,9.796458979777604,17970,scrapy/20,scrapy,20,3,4,0,12953,393,0.001766,5.8
1.0,1,1.0,1.0,temporal_frequency,voluntary,gpt_oss_120b,9.655026193237628,15600,scrapy/26,scrapy,26,1,17,0,137908,5211,0.011184,54.49
1.0,1,1.0,1.0,temporal_frequency,voluntary,gpt_oss_120b,9.655026193237628,15600,scrapy/26,scrapy,26,2,13,0,73652,3588,0.005289,35.02
1.0,1,1.0,1.0,temporal_frequency,voluntary,gpt_oss_120b,9.655026193237628,15600,scrapy/26,scrapy,26,3,9,0,45022,1321,0.004096,17.79
0.0,0,0.0,0.0,temporal_frequency,voluntary,gpt_oss_120b,9.73477299914839,16895,scrapy/48,scrapy,48,1,10,0,35106,1650,0.003126,16.21
0.0,0,0.0,0.0,temporal_frequency,voluntary,gpt_oss_120b,9.73477299914839,16895,scrapy/48,scrapy,48,2,9,0,41178,2355,0.00393,24.4
0.0,0,0.0,0.0,temporal_frequency,voluntary,gpt_oss_120b,9.73477299914839,16895,scrapy/48,scrapy,48,3,18,0,114191,4305,0.007797,59.22
1.0,1,1.0,1.0,temporal_frequency,voluntary,gpt_oss_120b,9.961803629358965,21201,stable-diffusion-webui/0,stable-diffusion-webui,0,1,6,0,97278,1240,0.008061,12.87
1.0,1,1.0,1.0,temporal_frequency,voluntary,gpt_oss_120b,9.961803629358965,21201,stable-diffusion-webui/0,stable-diffusion-webui,0,2,6,0,88230,932,0.005302,11.49
1.0,1,1.0,1.0,temporal_frequency,voluntary,gpt_oss_120b,9.961803629358965,21201,stable-diffusion-webui/0,stable-diffusion-webui,0,3,5,0,79695,1016,0.007429,16.45
1.0,1,1.0,1.0,temporal_frequency,voluntary,gpt_oss_120b,9.908425341565751,20099,stable-diffusion-webui/13,stable-diffusion-webui,13,1,26,0,354089,4507,0.016489,54.01
1.0,1,1.0,1.0,temporal_frequency,voluntary,gpt_oss_120b,9.908425341565751,20099,stable-diffusion-webui/13,stable-diffusion-webui,13,2,27,0,354161,4883,0.016383,63.09
1.0,1,1.0,1.0,temporal_frequency,voluntary,gpt_oss_120b,9.908425341565751,20099,stable-diffusion-webui/13,stable-diffusion-webui,13,3,25,0,325606,3877,0.014617,45.47
0.6667,0,1.0,0.5,temporal_frequency,voluntary,gpt_oss_120b,10.028797743501574,22670,stable-diffusion-webui/5,stable-diffusion-webui,5,1,13,0,73614,4586,0.007575,81.3
0.6667,0,1.0,0.5,temporal_frequency,voluntary,gpt_oss_120b,10.028797743501574,22670,stable-diffusion-webui/5,stable-diffusion-webui,5,2,18,0,118167,4284,0.006444,80.57
0.6667,0,1.0,0.5,temporal_frequency,voluntary,gpt_oss_120b,10.028797743501574,22670,stable-diffusion-webui/5,stable-diffusion-webui,5,3,20,0,126337,4079,0.007705,47.37
0.0,0,0.0,0.0,temporal_frequency,voluntary,gpt_oss_120b,8.483636407887394,4835,thefuck/10,thefuck,10,1,9,0,27210,2066,0.002914,45.62
0.0,0,0.0,0.0,temporal_frequency,voluntary,gpt_oss_120b,8.483636407887394,4835,thefuck/10,thefuck,10,2,10,0,26023,2334,0.003355,24.25
0.0,0,0.0,0.0,temporal_frequency,voluntary,gpt_oss_120b,8.483636407887394,4835,thefuck/10,thefuck,10,3,4,0,7396,1067,0.001238,12.43
0.0,0,0.0,0.0,temporal_frequency,voluntary,gpt_oss_120b,8.270781013162674,3908,thefuck/20,thefuck,20,1,19,0,77090,6173,0.006711,76.82
0.0,0,0.0,0.0,temporal_frequency,voluntary,gpt_oss_120b,8.270781013162674,3908,thefuck/20,thefuck,20,2,12,0,33944,5828,0.00552,51.91
0.0,0,0.0,0.0,temporal_frequency,voluntary,gpt_oss_120b,8.270781013162674,3908,thefuck/20,thefuck,20,3,25,0,89147,7771,0.007596,76.58
0.0,0,0.0,0.0,temporal_frequency,voluntary,gpt_oss_120b,7.822845290279774,2497,thefuck/5,thefuck,5,1,9,0,36103,2735,0.003838,20.17
1.0,1,1.0,1.0,temporal_frequency,voluntary,gpt_oss_120b,7.822845290279774,2497,thefuck/5,thefuck,5,2,9,0,28522,3553,0.00359,28.97
1.0,1,1.0,1.0,temporal_frequency,voluntary,gpt_oss_120b,7.822845290279774,2497,thefuck/5,thefuck,5,3,14,0,71242,5705,0.006984,48.99
1.0,1,1.0,1.0,temporal_frequency,voluntary,gpt_oss_120b,12.430331574579306,250279,transformers/25,transformers,25,1,6,0,15483,1458,0.00199,14.24
1.0,1,1.0,1.0,temporal_frequency,voluntary,gpt_oss_120b,12.430331574579306,250279,transformers/25,transformers,25,2,4,0,8711,705,0.001176,5.55
1.0,1,1.0,1.0,temporal_frequency,voluntary,gpt_oss_120b,12.430331574579306,250279,transformers/25,transformers,25,3,9,0,33140,2591,0.004097,29.45
0.1538,0,1.0,0.0833,temporal_frequency,voluntary,gpt_oss_120b,12.407424472605875,244611,transformers/27,transformers,27,1,5,0,32059,995,0.0041,8.99
0.1538,0,1.0,0.0833,temporal_frequency,voluntary,gpt_oss_120b,12.407424472605875,244611,transformers/27,transformers,27,2,6,0,49149,1262,0.004942,14.15
0.1538,0,1.0,0.0833,temporal_frequency,voluntary,gpt_oss_120b,12.407424472605875,244611,transformers/27,transformers,27,3,3,0,8287,341,0.000786,2.6
0.8889,0,1.0,0.8,temporal_frequency,voluntary,gpt_oss_120b,11.587420505060633,107734,transformers/5,transformers,5,1,15,0,212324,3632,0.015028,44.5
0.8889,0,1.0,0.8,temporal_frequency,voluntary,gpt_oss_120b,11.587420505060633,107734,transformers/5,transformers,5,2,20,0,241399,3946,0.013881,56.55
0.5714,0,1.0,0.4,temporal_frequency,voluntary,gpt_oss_120b,11.587420505060633,107734,transformers/5,transformers,5,3,15,0,189762,3208,0.009751,68.51
1.0,1,1.0,1.0,temporal_frequency,voluntary,gpt_oss_120b,12.095096391086711,178992,yt-dlp/23,yt-dlp,23,1,4,0,12705,1866,0.0017,12.87
1.0,1,1.0,1.0,temporal_frequency,voluntary,gpt_oss_120b,12.095096391086711,178992,yt-dlp/23,yt-dlp,23,2,11,0,41861,4856,0.00531,47.3
1.0,1,1.0,1.0,temporal_frequency,voluntary,gpt_oss_120b,12.095096391086711,178992,yt-dlp/23,yt-dlp,23,3,3,0,11214,1994,0.002288,15.78
0.0,0,0.0,0.0,temporal_frequency,voluntary,gpt_oss_120b,12.1489730534896,188900,yt-dlp/41,yt-dlp,41,1,2,0,14538,616,0.001716,6.04
0.0,0,0.0,0.0,temporal_frequency,voluntary,gpt_oss_120b,12.1489730534896,188900,yt-dlp/41,yt-dlp,41,2,10,0,79092,2730,0.008078,21.94
0.0,0,0.0,0.0,temporal_frequency,voluntary,gpt_oss_120b,12.1489730534896,188900,yt-dlp/41,yt-dlp,41,3,11,0,69270,3213,0.005658,32.59
0.6667,0,1.0,0.5,temporal_frequency,voluntary,gpt_oss_120b,12.198660241414718,198523,yt-dlp/45,yt-dlp,45,1,19,0,144236,6205,0.010363,65.33
0.0,0,0.0,0.0,temporal_frequency,voluntary,gpt_oss_120b,12.198660241414718,198523,yt-dlp/45,yt-dlp,45,2,8,0,93987,3090,0.007953,37.72
0.6667,0,1.0,0.5,temporal_frequency,voluntary,gpt_oss_120b,12.198660241414718,198523,yt-dlp/45,yt-dlp,45,3,12,0,90384,3732,0.00703,42.53
1.0,1,1.0,1.0,temporal_frequency,voluntary,deepseek_flash,12.068688124847148,174327,core/16,core,16,1,10,0,205287,7110,0.005864,60.8
1.0,1,1.0,1.0,temporal_frequency,voluntary,deepseek_flash,12.068688124847148,174327,core/16,core,16,2,18,0,323805,12571,0.007267,111.16
1.0,1,1.0,1.0,temporal_frequency,voluntary,deepseek_flash,12.068688124847148,174327,core/16,core,16,3,14,0,152181,7050,0.004172,74.76
1.0,1,1.0,1.0,temporal_frequency,voluntary,deepseek_flash,11.506545154005941,99364,core/20,core,20,1,14,0,147377,4829,0.003264,46.31
1.0,1,1.0,1.0,temporal_frequency,voluntary,deepseek_flash,11.506545154005941,99364,core/20,core,20,2,19,0,268146,6370,0.004745,72.17
1.0,1,1.0,1.0,temporal_frequency,voluntary,deepseek_flash,11.506545154005941,99364,core/20,core,20,3,11,0,83264,3872,0.002345,37.96
0.0,0,0.0,0.0,temporal_frequency,voluntary,deepseek_flash,8.579980179515003,5324,fastapi/17,fastapi,17,1,30,1,998571,30039,0.019625,245.96
0.0,0,0.0,0.0,temporal_frequency,voluntary,deepseek_flash,8.579980179515003,5324,fastapi/17,fastapi,17,2,30,1,423812,13229,0.008456,131.72
0.0,0,0.0,0.0,temporal_frequency,voluntary,deepseek_flash,8.579980179515003,5324,fastapi/17,fastapi,17,3,30,1,899906,20970,0.016145,192.72
0.5,1,0.3333,1.0,temporal_frequency,voluntary,deepseek_flash,8.518991573357617,5009,fastapi/20,fastapi,20,1,30,1,393202,7677,0.007727,93.46
0.0,0,0.0,0.0,temporal_frequency,voluntary,deepseek_flash,8.518991573357617,5009,fastapi/20,fastapi,20,2,30,1,666231,9116,0.011459,114.39
0.0,0,0.0,0.0,temporal_frequency,voluntary,deepseek_flash,8.518991573357617,5009,fastapi/20,fastapi,20,3,30,1,568832,7692,0.010437,105.32
0.5,0,1.0,0.3333,temporal_frequency,voluntary,deepseek_flash,8.482187582217422,4828,fastapi/9,fastapi,9,1,12,0,148910,3291,0.003136,35.65
0.5,0,1.0,0.3333,temporal_frequency,voluntary,deepseek_flash,8.482187582217422,4828,fastapi/9,fastapi,9,2,16,0,202880,2980,0.003598,36.69
0.5,0,1.0,0.3333,temporal_frequency,voluntary,deepseek_flash,8.482187582217422,4828,fastapi/9,fastapi,9,3,14,0,184670,6869,0.004227,65.79
0.6667,0,1.0,0.5,temporal_frequency,voluntary,deepseek_flash,8.808369153122275,6690,flask/18,flask,18,1,16,0,62185,2700,0.001489,31.93
1.0,1,1.0,1.0,temporal_frequency,voluntary,deepseek_flash,8.808369153122275,6690,flask/18,flask,18,2,16,0,67634,3123,0.00158,38.77
1.0,1,1.0,1.0,temporal_frequency,voluntary,deepseek_flash,8.808369153122275,6690,flask/18,flask,18,3,23,0,157298,4555,0.003136,53.85
1.0,1,1.0,1.0,temporal_frequency,voluntary,deepseek_flash,8.899457906353966,7328,flask/3,flask,3,1,30,1,221510,7058,0.005117,82.95
1.0,1,1.0,1.0,temporal_frequency,voluntary,deepseek_flash,8.899457906353966,7328,flask/3,flask,3,2,28,0,209830,8570,0.005609,98.65
1.0,1,1.0,1.0,temporal_frequency,voluntary,deepseek_flash,8.899457906353966,7328,flask/3,flask,3,3,30,1,239194,7992,0.005818,93.44
1.0,1,1.0,1.0,temporal_frequency,voluntary,deepseek_flash,8.827468112520654,6819,flask/6,flask,6,1,12,0,67640,4778,0.002185,42.44
1.0,1,1.0,1.0,temporal_frequency,voluntary,deepseek_flash,8.827468112520654,6819,flask/6,flask,6,2,13,0,70048,5289,0.002349,51.45
1.0,1,1.0,1.0,temporal_frequency,voluntary,deepseek_flash,8.827468112520654,6819,flask/6,flask,6,3,8,0,112519,8823,0.004209,78.96
0.5,1,0.3333,1.0,temporal_frequency,voluntary,deepseek_flash,8.341410211461865,4194,gpt-engineer/11,gpt-engineer,11,1,10,0,105081,5786,0.00395,54.88
0.5,1,0.3333,1.0,temporal_frequency,voluntary,deepseek_flash,8.341410211461865,4194,gpt-engineer/11,gpt-engineer,11,2,13,0,116098,4106,0.003126,40.45
0.5,1,0.3333,1.0,temporal_frequency,voluntary,deepseek_flash,8.341410211461865,4194,gpt-engineer/11,gpt-engineer,11,3,14,0,173005,5133,0.004584,52.55
0.4,0,1.0,0.25,temporal_frequency,voluntary,deepseek_flash,8.029432840581244,3070,gpt-engineer/12,gpt-engineer,12,1,15,0,102555,6445,0.003061,72.37
0.6667,0,1.0,0.5,temporal_frequency,voluntary,deepseek_flash,8.029432840581244,3070,gpt-engineer/12,gpt-engineer,12,2,20,0,297890,12347,0.006561,114.83
0.6667,0,1.0,0.5,temporal_frequency,voluntary,deepseek_flash,8.029432840581244,3070,gpt-engineer/12,gpt-engineer,12,3,22,0,166483,7938,0.00407,76.45
0.0,0,0.0,0.0,temporal_frequency,voluntary,deepseek_flash,8.36380888451688,4289,gpt-engineer/9,gpt-engineer,9,1,15,0,271118,14086,0.006777,122.21
0.0,0,0.0,0.0,temporal_frequency,voluntary,deepseek_flash,8.36380888451688,4289,gpt-engineer/9,gpt-engineer,9,2,27,0,617729,24210,0.014269,245.53
0.0,0,0.0,0.0,temporal_frequency,voluntary,deepseek_flash,8.36380888451688,4289,gpt-engineer/9,gpt-engineer,9,3,30,1,564989,29223,0.013961,258.18
0.2857,0,0.5,0.2,temporal_frequency,voluntary,deepseek_flash,10.196231790580173,26802,keras/12,keras,12,1,21,0,195889,6618,0.004094,67.73
0.2857,0,0.5,0.2,temporal_frequency,voluntary,deepseek_flash,10.196231790580173,26802,keras/12,keras,12,2,21,0,192852,9450,0.004919,96.05
0.2857,0,0.5,0.2,temporal_frequency,voluntary,deepseek_flash,10.196231790580173,26802,keras/12,keras,12,3,24,0,197767,6125,0.004043,69.89
0.0,0,0.0,0.0,temporal_frequency,voluntary,deepseek_flash,10.349134450277123,31230,keras/5,keras,5,1,30,1,877037,10146,0.014514,107.21
0.0,0,0.0,0.0,temporal_frequency,voluntary,deepseek_flash,10.349134450277123,31230,keras/5,keras,5,2,30,1,657283,15075,0.013438,150.88
0.0,0,0.0,0.0,temporal_frequency,voluntary,deepseek_flash,10.349134450277123,31230,keras/5,keras,5,3,30,1,943356,21423,0.018316,189.56
1.0,1,1.0,1.0,temporal_frequency,voluntary,deepseek_flash,10.444153492313001,34343,keras/9,keras,9,1,8,0,66316,6785,0.003281,61.0
1.0,1,1.0,1.0,temporal_frequency,voluntary,deepseek_flash,10.444153492313001,34343,keras/9,keras,9,2,14,0,131524,11670,0.004752,104.7
1.0,1,1.0,1.0,temporal_frequency,voluntary,deepseek_flash,10.444153492313001,34343,keras/9,keras,9,3,12,0,154295,11202,0.005139,111.21
0.25,0,1.0,0.1429,temporal_frequency,voluntary,deepseek_flash,9.61953186182516,15056,localstack/19,localstack,19,1,19,0,93633,2891,0.001941,39.32
0.25,0,1.0,0.1429,temporal_frequency,voluntary,deepseek_flash,9.61953186182516,15056,localstack/19,localstack,19,2,21,0,182373,3533,0.004271,48.76
0.4444,0,1.0,0.2857,temporal_frequency,voluntary,deepseek_flash,9.61953186182516,15056,localstack/19,localstack,19,3,20,0,214400,4195,0.005287,49.44
0.0,0,0.0,0.0,temporal_frequency,voluntary,deepseek_flash,10.563155506021905,38683,localstack/2,localstack,2,1,30,1,460796,7742,0.007813,97.44
1.0,1,1.0,1.0,temporal_frequency,voluntary,deepseek_flash,10.563155506021905,38683,localstack/2,localstack,2,2,30,1,675216,11847,0.013675,139.63
0.0,0,0.0,0.0,temporal_frequency,voluntary,deepseek_flash,10.563155506021905,38683,localstack/2,localstack,2,3,30,1,599176,7741,0.009782,92.6
0.0,0,0.0,0.0,temporal_frequency,voluntary,deepseek_flash,9.860214640302662,19153,localstack/9,localstack,9,1,30,1,574824,12489,0.012637,133.6
1.0,1,1.0,1.0,temporal_frequency,voluntary,deepseek_flash,9.860214640302662,19153,localstack/9,localstack,9,2,29,0,397229,24691,0.012229,217.41
0.0,0,0.0,0.0,temporal_frequency,voluntary,deepseek_flash,9.860214640302662,19153,localstack/9,localstack,9,3,30,1,482756,28917,0.014674,250.3
1.0,1,1.0,1.0,temporal_frequency,voluntary,deepseek_flash,11.189312196300184,72353,pandas/26,pandas,26,1,24,0,255060,3214,0.00419,47.45
1.0,1,1.0,1.0,temporal_frequency,voluntary,deepseek_flash,11.189312196300184,72353,pandas/26,pandas,26,2,28,0,314506,3773,0.007664,51.16
0.0,0,0.0,0.0,temporal_frequency,voluntary,deepseek_flash,11.189312196300184,72353,pandas/26,pandas,26,3,30,1,448348,3564,0.007534,58.73
0.0,0,0.0,0.0,temporal_frequency,voluntary,deepseek_flash,11.270446177349276,78468,pandas/35,pandas,35,1,30,1,287605,8375,0.0071,74.65
0.0,0,0.0,0.0,temporal_frequency,voluntary,deepseek_flash,11.270446177349276,78468,pandas/35,pandas,35,2,30,1,427562,6174,0.007585,78.85
0.0,0,0.0,0.0,temporal_frequency,voluntary,deepseek_flash,11.270446177349276,78468,pandas/35,pandas,35,3,30,1,505260,8804,0.00998,98.04
0.5,0,0.5,0.5,temporal_frequency,voluntary,deepseek_flash,12.08721590866289,177587,pandas/38,pandas,38,1,30,1,469491,7150,0.008408,84.94
0.6667,0,1.0,0.5,temporal_frequency,voluntary,deepseek_flash,12.08721590866289,177587,pandas/38,pandas,38,2,30,1,472692,6250,0.008077,81.53
0.5,0,0.5,0.5,temporal_frequency,voluntary,deepseek_flash,12.08721590866289,177587,pandas/38,pandas,38,3,30,1,713824,16943,0.015133,154.82
0.5,0,0.5,0.5,temporal_frequency,voluntary,deepseek_flash,10.883015959814806,53264,pandas/44,pandas,44,1,30,1,252622,10737,0.006095,125.27
0.0,0,0.0,0.0,temporal_frequency,voluntary,deepseek_flash,10.883015959814806,53264,pandas/44,pandas,44,2,30,1,210198,6847,0.004476,80.56
0.0,0,0.0,0.0,temporal_frequency,voluntary,deepseek_flash,10.883015959814806,53264,pandas/44,pandas,44,3,30,1,246771,13947,0.007176,153.29
0.8,0,1.0,0.6667,temporal_frequency,voluntary,deepseek_flash,9.346705246496699,11461,requests/12,requests,12,1,12,0,98349,4234,0.002925,39.5
1.0,1,1.0,1.0,temporal_frequency,voluntary,deepseek_flash,9.346705246496699,11461,requests/12,requests,12,2,8,0,62251,2471,0.002576,23.31
0.8,0,1.0,0.6667,temporal_frequency,voluntary,deepseek_flash,9.346705246496699,11461,requests/12,requests,12,3,12,0,133652,3867,0.003304,41.26
1.0,1,1.0,1.0,temporal_frequency,voluntary,deepseek_flash,9.348274558065496,11479,requests/13,requests,13,1,11,0,170776,12340,0.006167,116.94
1.0,1,1.0,1.0,temporal_frequency,voluntary,deepseek_flash,9.348274558065496,11479,requests/13,requests,13,2,27,0,257237,11921,0.007196,130.55
0.6667,1,0.5,1.0,temporal_frequency,voluntary,deepseek_flash,9.348274558065496,11479,requests/13,requests,13,3,14,0,190195,6303,0.004579,66.97
1.0,1,1.0,1.0,temporal_frequency,voluntary,deepseek_flash,7.958576903813898,2860,requests/7,requests,7,1,9,0,46145,4767,0.001912,54.07
1.0,1,1.0,1.0,temporal_frequency,voluntary,deepseek_flash,7.958576903813898,2860,requests/7,requests,7,2,9,0,44678,4813,0.001895,45.13
1.0,1,1.0,1.0,temporal_frequency,voluntary,deepseek_flash,7.958576903813898,2860,requests/7,requests,7,3,9,0,56626,5909,0.002364,60.66
1.0,1,1.0,1.0,temporal_frequency,voluntary,deepseek_flash,10.031000872835088,22720,rich/1,rich,1,1,4,0,13066,1836,0.000886,18.02
1.0,1,1.0,1.0,temporal_frequency,voluntary,deepseek_flash,10.031000872835088,22720,rich/1,rich,1,2,4,0,12974,2294,0.000984,19.89
1.0,1,1.0,1.0,temporal_frequency,voluntary,deepseek_flash,10.031000872835088,22720,rich/1,rich,1,3,5,0,15854,1510,0.000834,16.56
0.4,0,1.0,0.25,temporal_frequency,voluntary,deepseek_flash,10.051648903516648,23194,rich/12,rich,12,1,28,0,827788,25183,0.018116,219.74
0.4,0,1.0,0.25,temporal_frequency,voluntary,deepseek_flash,10.051648903516648,23194,rich/12,rich,12,2,30,1,715239,35003,0.017244,335.21
0.4,0,1.0,0.25,temporal_frequency,voluntary,deepseek_flash,10.051648903516648,23194,rich/12,rich,12,3,22,0,631458,11612,0.009046,121.43
1.0,1,1.0,1.0,temporal_frequency,voluntary,deepseek_flash,10.039939675671627,22924,rich/8,rich,8,1,6,0,37553,2327,0.001782,23.85
1.0,1,1.0,1.0,temporal_frequency,voluntary,deepseek_flash,10.039939675671627,22924,rich/8,rich,8,2,6,0,43274,1764,0.001776,18.28
1.0,1,1.0,1.0,temporal_frequency,voluntary,deepseek_flash,10.039939675671627,22924,rich/8,rich,8,3,12,0,100575,3283,0.002355,41.22
0.6667,0,1.0,0.5,temporal_frequency,voluntary,deepseek_flash,11.620954417182327,111408,scikit-learn/45,scikit-learn,45,1,17,0,92854,2484,0.001718,32.91
0.6667,0,1.0,0.5,temporal_frequency,voluntary,deepseek_flash,11.620954417182327,111408,scikit-learn/45,scikit-learn,45,2,23,0,141146,3376,0.002336,47.57
0.6667,0,1.0,0.5,temporal_frequency,voluntary,deepseek_flash,11.620954417182327,111408,scikit-learn/45,scikit-learn,45,3,8,0,23708,1687,0.000859,19.44
1.0,1,1.0,1.0,temporal_frequency,voluntary,deepseek_flash,11.55076060327325,103856,scikit-learn/49,scikit-learn,49,1,23,0,298022,4283,0.004533,53.26
1.0,1,1.0,1.0,temporal_frequency,voluntary,deepseek_flash,11.55076060327325,103856,scikit-learn/49,scikit-learn,49,2,10,0,177939,2131,0.004101,24.05
1.0,1,1.0,1.0,temporal_frequency,voluntary,deepseek_flash,11.55076060327325,103856,scikit-learn/49,scikit-learn,49,3,20,0,387350,4639,0.005758,54.86
1.0,1,1.0,1.0,temporal_frequency,voluntary,deepseek_flash,11.525654110946952,101281,scikit-learn/5,scikit-learn,5,1,23,0,419259,40151,0.014286,373.97
1.0,1,1.0,1.0,temporal_frequency,voluntary,deepseek_flash,11.525654110946952,101281,scikit-learn/5,scikit-learn,5,2,18,0,179379,16061,0.006236,152.29
1.0,1,1.0,1.0,temporal_frequency,voluntary,deepseek_flash,11.525654110946952,101281,scikit-learn/5,scikit-learn,5,3,17,0,286590,25312,0.009628,215.99
1.0,1,1.0,1.0,temporal_frequency,voluntary,deepseek_flash,9.796458979777604,17970,scrapy/20,scrapy,20,1,5,0,39262,1392,0.002023,14.98
1.0,1,1.0,1.0,temporal_frequency,voluntary,deepseek_flash,9.796458979777604,17970,scrapy/20,scrapy,20,2,6,0,34608,1255,0.001386,15.02
1.0,1,1.0,1.0,temporal_frequency,voluntary,deepseek_flash,9.796458979777604,17970,scrapy/20,scrapy,20,3,7,0,40574,1632,0.001466,24.32
0.6667,1,0.5,1.0,temporal_frequency,voluntary,deepseek_flash,9.655026193237628,15600,scrapy/26,scrapy,26,1,19,0,202189,4031,0.003303,47.2
0.6667,1,0.5,1.0,temporal_frequency,voluntary,deepseek_flash,9.655026193237628,15600,scrapy/26,scrapy,26,2,23,0,303535,3752,0.004366,50.92
0.6667,1,0.5,1.0,temporal_frequency,voluntary,deepseek_flash,9.655026193237628,15600,scrapy/26,scrapy,26,3,14,0,118356,2758,0.002503,33.0
0.6667,0,1.0,0.5,temporal_frequency,voluntary,deepseek_flash,9.73477299914839,16895,scrapy/48,scrapy,48,1,16,0,114460,3560,0.002568,39.62
0.6667,0,1.0,0.5,temporal_frequency,voluntary,deepseek_flash,9.73477299914839,16895,scrapy/48,scrapy,48,2,23,0,181928,5451,0.003639,62.62
0.0,0,0.0,0.0,temporal_frequency,voluntary,deepseek_flash,9.73477299914839,16895,scrapy/48,scrapy,48,3,30,1,207912,4641,0.004188,67.59
1.0,1,1.0,1.0,temporal_frequency,voluntary,deepseek_flash,9.961803629358965,21201,stable-diffusion-webui/0,stable-diffusion-webui,0,1,5,0,90374,1533,0.003142,15.87
1.0,1,1.0,1.0,temporal_frequency,voluntary,deepseek_flash,9.961803629358965,21201,stable-diffusion-webui/0,stable-diffusion-webui,0,2,6,0,102963,1635,0.003054,19.63
1.0,1,1.0,1.0,temporal_frequency,voluntary,deepseek_flash,9.961803629358965,21201,stable-diffusion-webui/0,stable-diffusion-webui,0,3,5,0,84277,1710,0.002952,17.18
1.0,1,1.0,1.0,temporal_frequency,voluntary,deepseek_flash,9.908425341565751,20099,stable-diffusion-webui/13,stable-diffusion-webui,13,1,25,0,642852,11637,0.00905,116.66
0.6667,1,0.5,1.0,temporal_frequency,voluntary,deepseek_flash,9.908425341565751,20099,stable-diffusion-webui/13,stable-diffusion-webui,13,2,22,0,803181,15161,0.012041,139.42
1.0,1,1.0,1.0,temporal_frequency,voluntary,deepseek_flash,9.908425341565751,20099,stable-diffusion-webui/13,stable-diffusion-webui,13,3,30,1,1123926,23291,0.019708,223.78
0.6667,0,1.0,0.5,temporal_frequency,voluntary,deepseek_flash,10.028797743501574,22670,stable-diffusion-webui/5,stable-diffusion-webui,5,1,14,0,214205,20145,0.008672,165.0
1.0,1,1.0,1.0,temporal_frequency,voluntary,deepseek_flash,10.028797743501574,22670,stable-diffusion-webui/5,stable-diffusion-webui,5,2,22,0,550899,31266,0.014721,269.24
0.6667,0,1.0,0.5,temporal_frequency,voluntary,deepseek_flash,10.028797743501574,22670,stable-diffusion-webui/5,stable-diffusion-webui,5,3,28,0,804407,29522,0.020027,278.34
0.0,0,0.0,0.0,temporal_frequency,voluntary,deepseek_flash,8.483636407887394,4835,thefuck/10,thefuck,10,1,30,0,480818,39015,0.016685,367.1
0.0,0,0.0,0.0,temporal_frequency,voluntary,deepseek_flash,8.483636407887394,4835,thefuck/10,thefuck,10,2,17,0,242950,19394,0.008219,145.35
0.4,0,0.5,0.3333,temporal_frequency,voluntary,deepseek_flash,8.483636407887394,4835,thefuck/10,thefuck,10,3,27,0,709781,39353,0.024951,325.37
0.0,0,0.0,0.0,temporal_frequency,voluntary,deepseek_flash,8.270781013162674,3908,thefuck/20,thefuck,20,1,11,0,51743,3584,0.001978,34.41
0.0,0,0.0,0.0,temporal_frequency,voluntary,deepseek_flash,8.270781013162674,3908,thefuck/20,thefuck,20,2,17,0,136988,5774,0.003128,54.42
0.0,0,0.0,0.0,temporal_frequency,voluntary,deepseek_flash,8.270781013162674,3908,thefuck/20,thefuck,20,3,27,0,275700,14143,0.007979,126.28
1.0,1,1.0,1.0,temporal_frequency,voluntary,deepseek_flash,7.822845290279774,2497,thefuck/5,thefuck,5,1,11,0,66248,3011,0.00225,34.3
1.0,1,1.0,1.0,temporal_frequency,voluntary,deepseek_flash,7.822845290279774,2497,thefuck/5,thefuck,5,2,8,0,36934,2461,0.00154,24.97
1.0,1,1.0,1.0,temporal_frequency,voluntary,deepseek_flash,7.822845290279774,2497,thefuck/5,thefuck,5,3,10,0,78430,3281,0.002468,31.59
1.0,1,1.0,1.0,temporal_frequency,voluntary,deepseek_flash,12.430331574579306,250279,transformers/25,transformers,25,1,14,0,85991,5186,0.002568,54.99
1.0,1,1.0,1.0,temporal_frequency,voluntary,deepseek_flash,12.430331574579306,250279,transformers/25,transformers,25,2,11,0,52100,3260,0.001639,36.21
1.0,1,1.0,1.0,temporal_frequency,voluntary,deepseek_flash,12.430331574579306,250279,transformers/25,transformers,25,3,8,0,37838,3314,0.001589,31.93
0.1538,0,1.0,0.0833,temporal_frequency,voluntary,deepseek_flash,12.407424472605875,244611,transformers/27,transformers,27,1,7,0,49553,2170,0.001873,20.97
0.1538,0,1.0,0.0833,temporal_frequency,voluntary,deepseek_flash,12.407424472605875,244611,transformers/27,transformers,27,2,11,0,99844,2379,0.002439,25.38
0.1538,0,1.0,0.0833,temporal_frequency,voluntary,deepseek_flash,12.407424472605875,244611,transformers/27,transformers,27,3,6,0,33080,1179,0.001291,13.3
0.8889,0,1.0,0.8,temporal_frequency,voluntary,deepseek_flash,11.587420505060633,107734,transformers/5,transformers,5,1,23,0,792845,6289,0.010041,69.47
0.5714,0,1.0,0.4,temporal_frequency,voluntary,deepseek_flash,11.587420505060633,107734,transformers/5,transformers,5,2,13,0,499223,4054,0.009807,43.17
0.8889,0,1.0,0.8,temporal_frequency,voluntary,deepseek_flash,11.587420505060633,107734,transformers/5,transformers,5,3,30,0,517507,6802,0.010308,79.02
1.0,1,1.0,1.0,temporal_frequency,voluntary,deepseek_flash,12.095096391086711,178992,yt-dlp/23,yt-dlp,23,1,18,0,170462,9316,0.004468,84.54
1.0,1,1.0,1.0,temporal_frequency,voluntary,deepseek_flash,12.095096391086711,178992,yt-dlp/23,yt-dlp,23,2,17,0,203540,12669,0.005121,120.04
1.0,1,1.0,1.0,temporal_frequency,voluntary,deepseek_flash,12.095096391086711,178992,yt-dlp/23,yt-dlp,23,3,30,1,586952,15218,0.012131,162.32
0.4,1,0.25,1.0,temporal_frequency,voluntary,deepseek_flash,12.1489730534896,188900,yt-dlp/41,yt-dlp,41,1,21,0,349514,9590,0.006062,93.91
0.0,0,0.0,0.0,temporal_frequency,voluntary,deepseek_flash,12.1489730534896,188900,yt-dlp/41,yt-dlp,41,2,28,0,535895,13052,0.011366,138.73
0.4,1,0.25,1.0,temporal_frequency,voluntary,deepseek_flash,12.1489730534896,188900,yt-dlp/41,yt-dlp,41,3,30,1,513009,13614,0.01055,148.83
0.6667,0,1.0,0.5,temporal_frequency,voluntary,deepseek_flash,12.198660241414718,198523,yt-dlp/45,yt-dlp,45,1,30,1,423027,9084,0.008204,100.92
0.0,0,0.0,0.0,temporal_frequency,voluntary,deepseek_flash,12.198660241414718,198523,yt-dlp/45,yt-dlp,45,2,30,1,426967,10193,0.008224,113.11
0.0,0,0.0,0.0,temporal_frequency,voluntary,deepseek_flash,12.198660241414718,198523,yt-dlp/45,yt-dlp,45,3,30,1,389046,8099,0.008018,102.1
1.0,1,1.0,1.0,temporal_frequency,voluntary,nemotron_super,12.068688124847148,174327,core/16,core,16,1,11,0,65575,16443,0.012151,181.95
1.0,1,1.0,1.0,temporal_frequency,voluntary,nemotron_super,12.068688124847148,174327,core/16,core,16,2,7,0,37825,12128,0.008066,163.21
0.0,0,0.0,0.0,temporal_frequency,voluntary,nemotron_super,12.068688124847148,174327,core/16,core,16,3,9,0,69815,20850,0.014274,251.12
1.0,1,1.0,1.0,temporal_frequency,voluntary,nemotron_super,11.506545154005941,99364,core/20,core,20,1,5,0,26823,13206,0.007562,176.11
0.0,0,0.0,0.0,temporal_frequency,voluntary,nemotron_super,11.506545154005941,99364,core/20,core,20,2,1,0,6572,1755,0.001261,24.64
1.0,1,1.0,1.0,temporal_frequency,voluntary,nemotron_super,11.506545154005941,99364,core/20,core,20,3,5,0,20399,9551,0.005554,77.75
0.0,0,0.0,0.0,temporal_frequency,voluntary,nemotron_super,8.579980179515003,5324,fastapi/17,fastapi,17,1,10,0,81878,33923,0.020529,462.89
0.0,0,0.0,0.0,temporal_frequency,voluntary,nemotron_super,8.579980179515003,5324,fastapi/17,fastapi,17,2,11,0,83787,26551,0.017742,393.61
0.0,0,0.0,0.0,temporal_frequency,voluntary,nemotron_super,8.579980179515003,5324,fastapi/17,fastapi,17,3,8,0,37451,11581,0.007816,241.4
0.0,0,0.0,0.0,temporal_frequency,voluntary,nemotron_super,8.518991573357617,5009,fastapi/20,fastapi,20,1,11,0,27667,21666,0.011018,277.13
0.0,0,0.0,0.0,temporal_frequency,voluntary,nemotron_super,8.518991573357617,5009,fastapi/20,fastapi,20,2,6,0,18729,16555,0.008214,159.67
0.0,0,0.0,0.0,temporal_frequency,voluntary,nemotron_super,8.518991573357617,5009,fastapi/20,fastapi,20,3,10,0,44254,14086,0.009396,155.75
0.5,0,1.0,0.3333,temporal_frequency,voluntary,nemotron_super,8.482187582217422,4828,fastapi/9,fastapi,9,1,8,0,27858,16168,0.008835,176.58
0.5,0,1.0,0.3333,temporal_frequency,voluntary,nemotron_super,8.482187582217422,4828,fastapi/9,fastapi,9,2,4,0,18088,7553,0.004559,77.3
0.5,0,1.0,0.3333,temporal_frequency,voluntary,nemotron_super,8.482187582217422,4828,fastapi/9,fastapi,9,3,14,0,52446,17927,0.011629,201.03
0.0,0,0.0,0.0,temporal_frequency,voluntary,nemotron_super,8.808369153122275,6690,flask/18,flask,18,1,8,0,23409,15240,0.008086,185.36
0.6667,0,1.0,0.5,temporal_frequency,voluntary,nemotron_super,8.808369153122275,6690,flask/18,flask,18,2,7,0,54604,13707,0.010124,126.05
1.0,1,1.0,1.0,temporal_frequency,voluntary,nemotron_super,8.808369153122275,6690,flask/18,flask,18,3,9,0,69001,20226,0.013955,177.73
1.0,1,1.0,1.0,temporal_frequency,voluntary,nemotron_super,8.899457906353966,7328,flask/3,flask,3,1,10,0,75807,18469,0.013831,270.99
1.0,1,1.0,1.0,temporal_frequency,voluntary,nemotron_super,8.899457906353966,7328,flask/3,flask,3,2,14,0,38836,20010,0.011305,221.8
1.0,1,1.0,1.0,temporal_frequency,voluntary,nemotron_super,8.899457906353966,7328,flask/3,flask,3,3,7,0,40702,11878,0.008211,94.66
1.0,1,1.0,1.0,temporal_frequency,voluntary,nemotron_super,8.827468112520654,6819,flask/6,flask,6,1,5,0,32489,22855,0.011904,258.8
1.0,1,1.0,1.0,temporal_frequency,voluntary,nemotron_super,8.827468112520654,6819,flask/6,flask,6,2,12,0,144391,26348,0.022812,358.17
1.0,1,1.0,1.0,temporal_frequency,voluntary,nemotron_super,8.827468112520654,6819,flask/6,flask,6,3,6,0,27098,6125,0.004753,64.36
0.0,0,0.0,0.0,temporal_frequency,voluntary,nemotron_super,8.341410211461865,4194,gpt-engineer/11,gpt-engineer,11,1,10,0,62496,18385,0.012666,194.57
0.0,0,0.0,0.0,temporal_frequency,voluntary,nemotron_super,8.341410211461865,4194,gpt-engineer/11,gpt-engineer,11,2,5,0,11222,15374,0.007103,191.91
0.0,0,0.0,0.0,temporal_frequency,voluntary,nemotron_super,8.341410211461865,4194,gpt-engineer/11,gpt-engineer,11,3,11,0,50478,14669,0.010158,183.42
0.4,0,1.0,0.25,temporal_frequency,voluntary,nemotron_super,8.029432840581244,3070,gpt-engineer/12,gpt-engineer,12,1,16,0,97902,22142,0.017178,297.75
0.4,0,1.0,0.25,temporal_frequency,voluntary,nemotron_super,8.029432840581244,3070,gpt-engineer/12,gpt-engineer,12,2,2,0,6017,3440,0.001887,41.83
0.0,0,0.0,0.0,temporal_frequency,voluntary,nemotron_super,8.029432840581244,3070,gpt-engineer/12,gpt-engineer,12,3,8,0,33943,7766,0.005992,88.94
1.0,1,1.0,1.0,temporal_frequency,voluntary,nemotron_super,8.36380888451688,4289,gpt-engineer/9,gpt-engineer,9,1,17,0,144054,47405,0.031207,540.51
0.0,0,0.0,0.0,temporal_frequency,voluntary,nemotron_super,8.36380888451688,4289,gpt-engineer/9,gpt-engineer,9,2,14,0,115579,33711,0.023309,577.4
1.0,1,1.0,1.0,temporal_frequency,voluntary,nemotron_super,8.36380888451688,4289,gpt-engineer/9,gpt-engineer,9,3,17,0,283902,41237,0.040626,630.46
0.0,0,0.0,0.0,temporal_frequency,voluntary,nemotron_super,10.196231790580173,26802,keras/12,keras,12,1,5,0,11167,7275,0.003859,117.02
0.3333,0,1.0,0.2,temporal_frequency,voluntary,nemotron_super,10.196231790580173,26802,keras/12,keras,12,2,13,0,106991,18901,0.016655,266.69
0.0,0,0.0,0.0,temporal_frequency,voluntary,nemotron_super,10.196231790580173,26802,keras/12,keras,12,3,15,0,140158,18051,0.019134,217.67
1.0,1,1.0,1.0,temporal_frequency,voluntary,nemotron_super,10.349134450277123,31230,keras/5,keras,5,1,7,0,27807,4323,0.004093,59.49
1.0,1,1.0,1.0,temporal_frequency,voluntary,nemotron_super,10.349134450277123,31230,keras/5,keras,5,2,11,0,86870,9409,0.011148,169.54
0.0,0,0.0,0.0,temporal_frequency,voluntary,nemotron_super,10.349134450277123,31230,keras/5,keras,5,3,9,0,74231,25521,0.016518,251.59
1.0,1,1.0,1.0,temporal_frequency,voluntary,nemotron_super,10.444153492313001,34343,keras/9,keras,9,1,4,0,14156,6916,0.00397,73.77
1.0,1,1.0,1.0,temporal_frequency,voluntary,nemotron_super,10.444153492313001,34343,keras/9,keras,9,2,4,0,14165,5698,0.003483,107.74
1.0,1,1.0,1.0,temporal_frequency,voluntary,nemotron_super,10.444153492313001,34343,keras/9,keras,9,3,5,0,16417,7907,0.004558,71.62
0.0,0,0.0,0.0,temporal_frequency,voluntary,nemotron_super,9.61953186182516,15056,localstack/19,localstack,19,1,14,0,80279,7632,0.009877,130.6
0.0,0,0.0,0.0,temporal_frequency,voluntary,nemotron_super,9.61953186182516,15056,localstack/19,localstack,19,2,13,0,36882,7110,0.005979,88.87
0.0,0,0.0,0.0,temporal_frequency,voluntary,nemotron_super,9.61953186182516,15056,localstack/19,localstack,19,3,15,0,42625,5067,0.00565,74.5
1.0,1,1.0,1.0,temporal_frequency,voluntary,nemotron_super,10.563155506021905,38683,localstack/2,localstack,2,1,11,0,140333,17191,0.018805,374.64
1.0,1,1.0,1.0,temporal_frequency,voluntary,nemotron_super,10.563155506021905,38683,localstack/2,localstack,2,2,17,0,153025,11359,0.017551,109.64
0.0,0,0.0,0.0,temporal_frequency,voluntary,nemotron_super,10.563155506021905,38683,localstack/2,localstack,2,3,23,0,247950,56208,0.043559,555.87
0.0,0,0.0,0.0,temporal_frequency,voluntary,nemotron_super,9.860214640302662,19153,localstack/9,localstack,9,1,8,0,68900,21203,0.014338,231.79
0.0,0,0.0,0.0,temporal_frequency,voluntary,nemotron_super,9.860214640302662,19153,localstack/9,localstack,9,2,6,0,40309,13019,0.008634,157.04
1.0,1,1.0,1.0,temporal_frequency,voluntary,nemotron_super,9.860214640302662,19153,localstack/9,localstack,9,3,8,0,64454,18975,0.013069,219.99
0.6667,0,1.0,0.5,temporal_frequency,voluntary,nemotron_super,11.189312196300184,72353,pandas/26,pandas,26,1,27,0,324010,18039,0.034756,281.16
0.6667,0,1.0,0.5,temporal_frequency,voluntary,nemotron_super,11.189312196300184,72353,pandas/26,pandas,26,2,29,0,531459,18735,0.052668,436.84
0.0,0,0.0,0.0,temporal_frequency,voluntary,nemotron_super,11.189312196300184,72353,pandas/26,pandas,26,3,30,1,435092,12776,0.042093,194.84
0.0,0,0.0,0.0,temporal_frequency,voluntary,nemotron_super,11.270446177349276,78468,pandas/35,pandas,35,1,30,1,384536,49054,0.052307,448.09
0.0,0,0.0,0.0,temporal_frequency,voluntary,nemotron_super,11.270446177349276,78468,pandas/35,pandas,35,2,30,1,398901,13459,0.03929,333.59
0.0,0,0.0,0.0,temporal_frequency,voluntary,nemotron_super,11.270446177349276,78468,pandas/35,pandas,35,3,26,0,310753,37992,0.041611,799.64
0.6667,0,1.0,0.5,temporal_frequency,voluntary,nemotron_super,12.08721590866289,177587,pandas/38,pandas,38,1,4,0,31841,5917,0.005073,129.38
0.6667,0,1.0,0.5,temporal_frequency,voluntary,nemotron_super,12.08721590866289,177587,pandas/38,pandas,38,2,11,0,85201,13314,0.012568,150.22
0.6667,0,1.0,0.5,temporal_frequency,voluntary,nemotron_super,12.08721590866289,177587,pandas/38,pandas,38,3,3,0,13478,8118,0.004393,74.9
0.0,0,0.0,0.0,temporal_frequency,voluntary,nemotron_super,10.883015959814806,53264,pandas/44,pandas,44,1,11,0,37395,22281,0.012091,254.58
0.0,0,0.0,0.0,temporal_frequency,voluntary,nemotron_super,10.883015959814806,53264,pandas/44,pandas,44,2,8,0,58919,6343,0.007545,124.75
0.0,0,0.0,0.0,temporal_frequency,voluntary,nemotron_super,10.883015959814806,53264,pandas/44,pandas,44,3,18,0,79599,22979,0.015958,287.37
0.8,0,1.0,0.6667,temporal_frequency,voluntary,nemotron_super,9.346705246496699,11461,requests/12,requests,12,1,10,0,47363,8336,0.00736,97.94
1.0,1,1.0,1.0,temporal_frequency,voluntary,nemotron_super,9.346705246496699,11461,requests/12,requests,12,2,8,0,26891,4230,0.003978,66.88
0.5,0,1.0,0.3333,temporal_frequency,voluntary,nemotron_super,9.346705246496699,11461,requests/12,requests,12,3,8,0,25694,5833,0.004517,46.46
1.0,1,1.0,1.0,temporal_frequency,voluntary,nemotron_super,9.348274558065496,11479,requests/13,requests,13,1,6,0,16294,8203,0.004666,173.16
1.0,1,1.0,1.0,temporal_frequency,voluntary,nemotron_super,9.348274558065496,11479,requests/13,requests,13,2,5,0,14533,5308,0.003359,86.13
1.0,1,1.0,1.0,temporal_frequency,voluntary,nemotron_super,9.348274558065496,11479,requests/13,requests,13,3,7,0,27684,6795,0.005071,69.12
1.0,1,1.0,1.0,temporal_frequency,voluntary,nemotron_super,7.958576903813898,2860,requests/7,requests,7,1,9,0,22601,35413,0.016086,731.68
1.0,1,1.0,1.0,temporal_frequency,voluntary,nemotron_super,7.958576903813898,2860,requests/7,requests,7,2,10,0,27803,30780,0.014675,536.93
1.0,1,1.0,1.0,temporal_frequency,voluntary,nemotron_super,7.958576903813898,2860,requests/7,requests,7,3,11,0,31348,39182,0.018337,693.71
1.0,1,1.0,1.0,temporal_frequency,voluntary,nemotron_super,10.031000872835088,22720,rich/1,rich,1,1,4,0,20945,3199,0.00306,44.03
1.0,1,1.0,1.0,temporal_frequency,voluntary,nemotron_super,10.031000872835088,22720,rich/1,rich,1,2,5,0,32917,6410,0.005362,61.34
1.0,1,1.0,1.0,temporal_frequency,voluntary,nemotron_super,10.031000872835088,22720,rich/1,rich,1,3,5,0,42367,10451,0.007782,128.77
0.0,0,0.0,0.0,temporal_frequency,voluntary,nemotron_super,10.051648903516648,23194,rich/12,rich,12,1,8,0,52535,11536,0.00908,178.5
0.4,0,1.0,0.25,temporal_frequency,voluntary,nemotron_super,10.051648903516648,23194,rich/12,rich,12,2,5,0,21516,4068,0.003456,54.68
0.4,0,1.0,0.25,temporal_frequency,voluntary,nemotron_super,10.051648903516648,23194,rich/12,rich,12,3,7,0,49398,7818,0.007326,91.99
1.0,1,1.0,1.0,temporal_frequency,voluntary,nemotron_super,10.039939675671627,22924,rich/8,rich,8,1,6,0,28213,5833,0.004731,70.89
0.0,0,0.0,0.0,temporal_frequency,voluntary,nemotron_super,10.039939675671627,22924,rich/8,rich,8,2,7,0,37227,12068,0.007991,188.72
1.0,1,1.0,1.0,temporal_frequency,voluntary,nemotron_super,10.039939675671627,22924,rich/8,rich,8,3,7,0,40294,11238,0.00792,118.11
0.6667,0,1.0,0.5,temporal_frequency,voluntary,nemotron_super,11.620954417182327,111408,scikit-learn/45,scikit-learn,45,1,14,0,43311,13611,0.009126,126.86
0.6667,0,1.0,0.5,temporal_frequency,voluntary,nemotron_super,11.620954417182327,111408,scikit-learn/45,scikit-learn,45,2,10,0,26620,8754,0.005764,98.43
0.6667,0,1.0,0.5,temporal_frequency,voluntary,nemotron_super,11.620954417182327,111408,scikit-learn/45,scikit-learn,45,3,10,0,26701,8988,0.005865,70.6
1.0,1,1.0,1.0,temporal_frequency,voluntary,nemotron_super,11.55076060327325,103856,scikit-learn/49,scikit-learn,49,1,17,0,209750,15161,0.023893,233.61
1.0,1,1.0,1.0,temporal_frequency,voluntary,nemotron_super,11.55076060327325,103856,scikit-learn/49,scikit-learn,49,2,9,0,91950,9949,0.011795,112.83
1.0,1,1.0,1.0,temporal_frequency,voluntary,nemotron_super,11.55076060327325,103856,scikit-learn/49,scikit-learn,49,3,9,0,89665,6417,0.010188,75.52
1.0,1,1.0,1.0,temporal_frequency,voluntary,nemotron_super,11.525654110946952,101281,scikit-learn/5,scikit-learn,5,1,3,0,10865,3208,0.002207,41.68
1.0,1,1.0,1.0,temporal_frequency,voluntary,nemotron_super,11.525654110946952,101281,scikit-learn/5,scikit-learn,5,2,6,0,23590,7816,0.005132,137.17
1.0,1,1.0,1.0,temporal_frequency,voluntary,nemotron_super,11.525654110946952,101281,scikit-learn/5,scikit-learn,5,3,7,0,25468,10554,0.006386,76.69
1.0,1,1.0,1.0,temporal_frequency,voluntary,nemotron_super,9.796458979777604,17970,scrapy/20,scrapy,20,1,9,0,42575,10714,0.007904,145.77
1.0,1,1.0,1.0,temporal_frequency,voluntary,nemotron_super,9.796458979777604,17970,scrapy/20,scrapy,20,2,7,0,30689,7362,0.005553,119.56
1.0,1,1.0,1.0,temporal_frequency,voluntary,nemotron_super,9.796458979777604,17970,scrapy/20,scrapy,20,3,5,0,22394,5246,0.004002,49.69
1.0,1,1.0,1.0,temporal_frequency,voluntary,nemotron_super,9.655026193237628,15600,scrapy/26,scrapy,26,1,6,0,29091,13543,0.00789,169.63
1.0,1,1.0,1.0,temporal_frequency,voluntary,nemotron_super,9.655026193237628,15600,scrapy/26,scrapy,26,2,4,0,14560,3791,0.002754,41.32
1.0,1,1.0,1.0,temporal_frequency,voluntary,nemotron_super,9.655026193237628,15600,scrapy/26,scrapy,26,3,4,0,14558,7424,0.004207,94.36
0.0,0,0.0,0.0,temporal_frequency,voluntary,nemotron_super,9.73477299914839,16895,scrapy/48,scrapy,48,1,19,0,92159,25430,0.018006,338.84
0.0,0,0.0,0.0,temporal_frequency,voluntary,nemotron_super,9.73477299914839,16895,scrapy/48,scrapy,48,2,8,0,20258,8288,0.005037,104.53
0.6667,0,1.0,0.5,temporal_frequency,voluntary,nemotron_super,9.73477299914839,16895,scrapy/48,scrapy,48,3,6,0,12321,4698,0.002926,42.4
1.0,1,1.0,1.0,temporal_frequency,voluntary,nemotron_super,9.961803629358965,21201,stable-diffusion-webui/0,stable-diffusion-webui,0,1,2,0,33537,1769,0.003558,37.82
1.0,1,1.0,1.0,temporal_frequency,voluntary,nemotron_super,9.961803629358965,21201,stable-diffusion-webui/0,stable-diffusion-webui,0,2,5,0,85258,5931,0.009619,162.79
1.0,1,1.0,1.0,temporal_frequency,voluntary,nemotron_super,9.961803629358965,21201,stable-diffusion-webui/0,stable-diffusion-webui,0,3,2,0,33535,4040,0.004466,72.39
0.0,0,0.0,0.0,temporal_frequency,voluntary,nemotron_super,9.908425341565751,20099,stable-diffusion-webui/13,stable-diffusion-webui,13,1,21,0,347862,21889,0.038324,590.23
1.0,1,1.0,1.0,temporal_frequency,voluntary,nemotron_super,9.908425341565751,20099,stable-diffusion-webui/13,stable-diffusion-webui,13,2,9,0,128067,8910,0.01445,132.84
1.0,1,1.0,1.0,temporal_frequency,voluntary,nemotron_super,9.908425341565751,20099,stable-diffusion-webui/13,stable-diffusion-webui,13,3,24,0,593461,25778,0.060755,346.53
0.6667,0,1.0,0.5,temporal_frequency,voluntary,nemotron_super,10.028797743501574,22670,stable-diffusion-webui/5,stable-diffusion-webui,5,1,13,0,47642,9437,0.007824,140.62
0.0,0,0.0,0.0,temporal_frequency,voluntary,nemotron_super,10.028797743501574,22670,stable-diffusion-webui/5,stable-diffusion-webui,5,2,15,0,101648,9819,0.012568,140.5
0.6667,0,1.0,0.5,temporal_frequency,voluntary,nemotron_super,10.028797743501574,22670,stable-diffusion-webui/5,stable-diffusion-webui,5,3,11,0,34979,14112,0.008618,180.7
0.0,0,0.0,0.0,temporal_frequency,voluntary,nemotron_super,8.483636407887394,4835,thefuck/10,thefuck,10,1,6,0,16318,6828,0.004118,97.75
0.0,0,0.0,0.0,temporal_frequency,voluntary,nemotron_super,8.483636407887394,4835,thefuck/10,thefuck,10,2,7,0,18252,11835,0.006285,182.46
0.0,0,0.0,0.0,temporal_frequency,voluntary,nemotron_super,8.483636407887394,4835,thefuck/10,thefuck,10,3,8,0,31587,17775,0.009795,296.6
0.0,0,0.0,0.0,temporal_frequency,voluntary,nemotron_super,8.270781013162674,3908,thefuck/20,thefuck,20,1,28,0,122277,44068,0.028021,579.82
0.0,0,0.0,0.0,temporal_frequency,voluntary,nemotron_super,8.270781013162674,3908,thefuck/20,thefuck,20,2,30,0,138103,38605,0.027181,412.6
0.0,0,0.0,0.0,temporal_frequency,voluntary,nemotron_super,8.270781013162674,3908,thefuck/20,thefuck,20,3,23,0,128122,40668,0.027158,365.45
1.0,1,1.0,1.0,temporal_frequency,voluntary,nemotron_super,7.822845290279774,2497,thefuck/5,thefuck,5,1,14,0,88401,31707,0.020197,359.7
1.0,1,1.0,1.0,temporal_frequency,voluntary,nemotron_super,7.822845290279774,2497,thefuck/5,thefuck,5,2,10,0,48214,14792,0.010015,478.78
1.0,1,1.0,1.0,temporal_frequency,voluntary,nemotron_super,7.822845290279774,2497,thefuck/5,thefuck,5,3,8,0,30778,14553,0.008437,162.05
1.0,1,1.0,1.0,temporal_frequency,voluntary,nemotron_super,12.430331574579306,250279,transformers/25,transformers,25,1,8,0,24980,2329,0.003055,86.91
1.0,1,1.0,1.0,temporal_frequency,voluntary,nemotron_super,12.430331574579306,250279,transformers/25,transformers,25,2,10,0,73705,6650,0.008925,73.97
1.0,1,1.0,1.0,temporal_frequency,voluntary,nemotron_super,12.430331574579306,250279,transformers/25,transformers,25,3,10,0,94025,12003,0.012793,131.05
0.1538,0,1.0,0.0833,temporal_frequency,voluntary,nemotron_super,12.407424472605875,244611,transformers/27,transformers,27,1,4,0,18703,883,0.001943,14.22
0.1538,0,1.0,0.0833,temporal_frequency,voluntary,nemotron_super,12.407424472605875,244611,transformers/27,transformers,27,2,3,0,10595,1170,0.001369,27.07
0.1538,0,1.0,0.0833,temporal_frequency,voluntary,nemotron_super,12.407424472605875,244611,transformers/27,transformers,27,3,5,0,16654,2167,0.002282,27.54
0.8889,0,1.0,0.8,temporal_frequency,voluntary,nemotron_super,11.587420505060633,107734,transformers/5,transformers,5,1,30,0,600638,33080,0.064286,397.9
0.8889,0,1.0,0.8,temporal_frequency,voluntary,nemotron_super,11.587420505060633,107734,transformers/5,transformers,5,2,30,0,802463,35815,0.082535,496.51
0.3333,0,1.0,0.2,temporal_frequency,voluntary,nemotron_super,11.587420505060633,107734,transformers/5,transformers,5,3,18,0,333793,20482,0.036565,279.13
1.0,1,1.0,1.0,temporal_frequency,voluntary,nemotron_super,12.095096391086711,178992,yt-dlp/23,yt-dlp,23,1,6,0,47656,13442,0.009428,169.0
1.0,1,1.0,1.0,temporal_frequency,voluntary,nemotron_super,12.095096391086711,178992,yt-dlp/23,yt-dlp,23,2,5,0,38353,9347,0.006999,144.77
1.0,1,1.0,1.0,temporal_frequency,voluntary,nemotron_super,12.095096391086711,178992,yt-dlp/23,yt-dlp,23,3,8,0,72083,21827,0.014858,196.01
0.0,0,0.0,0.0,temporal_frequency,voluntary,nemotron_super,12.1489730534896,188900,yt-dlp/41,yt-dlp,41,1,22,0,174655,21885,0.0236,352.81
0.0,0,0.0,0.0,temporal_frequency,voluntary,nemotron_super,12.1489730534896,188900,yt-dlp/41,yt-dlp,41,2,21,0,153183,15367,0.019167,275.68
1.0,1,1.0,1.0,temporal_frequency,voluntary,nemotron_super,12.1489730534896,188900,yt-dlp/41,yt-dlp,41,3,28,0,229713,17865,0.026672,231.44
0.6667,0,1.0,0.5,temporal_frequency,voluntary,nemotron_super,12.198660241414718,198523,yt-dlp/45,yt-dlp,45,1,20,0,260284,26835,0.032858,304.96
0.6667,0,1.0,0.5,temporal_frequency,voluntary,nemotron_super,12.198660241414718,198523,yt-dlp/45,yt-dlp,45,2,17,0,295695,23700,0.034614,451.88
0.6667,0,1.0,0.5,temporal_frequency,voluntary,nemotron_super,12.198660241414718,198523,yt-dlp/45,yt-dlp,45,3,12,0,89695,14978,0.013615,140.59
1.0,1,1.0,1.0,temporal_cochange,voluntary,ministral_3b,12.068688124847148,174327,core/16,core,16,1,15,0,306565,2012,0.010179,18.06
1.0,1,1.0,1.0,temporal_cochange,voluntary,ministral_3b,12.068688124847148,174327,core/16,core,16,2,11,0,84429,1593,0.002819,13.49
1.0,1,1.0,1.0,temporal_cochange,voluntary,ministral_3b,12.068688124847148,174327,core/16,core,16,3,10,0,74846,1259,0.003129,10.24
1.0,1,1.0,1.0,temporal_cochange,voluntary,ministral_3b,11.506545154005941,99364,core/20,core,20,1,8,0,56065,1742,0.00214,8.42
0.0,0,0.0,0.0,temporal_cochange,voluntary,ministral_3b,11.506545154005941,99364,core/20,core,20,2,5,0,28703,1651,0.001169,7.67
1.0,1,1.0,1.0,temporal_cochange,voluntary,ministral_3b,11.506545154005941,99364,core/20,core,20,3,6,0,38729,1537,0.001884,9.3
0.0,0,0.0,0.0,temporal_cochange,voluntary,ministral_3b,8.579980179515003,5324,fastapi/17,fastapi,17,1,21,0,235145,3123,0.005902,18.77
0.0,0,0.0,0.0,temporal_cochange,voluntary,ministral_3b,8.579980179515003,5324,fastapi/17,fastapi,17,2,26,0,235455,3548,0.005457,28.42
0.0,0,0.0,0.0,temporal_cochange,voluntary,ministral_3b,8.579980179515003,5324,fastapi/17,fastapi,17,3,15,0,141725,3058,0.004329,28.62
1.0,1,1.0,1.0,temporal_cochange,voluntary,ministral_3b,8.518991573357617,5009,fastapi/20,fastapi,20,1,22,0,66953,2043,0.001704,12.86
0.0,0,0.0,0.0,temporal_cochange,voluntary,ministral_3b,8.518991573357617,5009,fastapi/20,fastapi,20,2,28,0,73040,2173,0.001416,23.36
0.0,0,0.0,0.0,temporal_cochange,voluntary,ministral_3b,8.518991573357617,5009,fastapi/20,fastapi,20,3,24,0,176717,2526,0.004411,24.59
0.5,0,1.0,0.3333,temporal_cochange,voluntary,ministral_3b,8.482187582217422,4828,fastapi/9,fastapi,9,1,14,0,99817,1391,0.003382,9.33
0.5,0,1.0,0.3333,temporal_cochange,voluntary,ministral_3b,8.482187582217422,4828,fastapi/9,fastapi,9,2,18,0,151133,1542,0.003817,10.98
0.5,0,1.0,0.3333,temporal_cochange,voluntary,ministral_3b,8.482187582217422,4828,fastapi/9,fastapi,9,3,16,0,79159,1260,0.001982,10.22
0.6667,0,1.0,0.5,temporal_cochange,voluntary,ministral_3b,8.808369153122275,6690,flask/18,flask,18,1,19,0,78049,1405,0.002024,9.85
0.6667,0,1.0,0.5,temporal_cochange,voluntary,ministral_3b,8.808369153122275,6690,flask/18,flask,18,2,11,0,76655,1928,0.003158,10.01
0.6667,0,1.0,0.5,temporal_cochange,voluntary,ministral_3b,8.808369153122275,6690,flask/18,flask,18,3,17,0,75439,1781,0.0024,11.91
1.0,1,1.0,1.0,temporal_cochange,voluntary,ministral_3b,8.899457906353966,7328,flask/3,flask,3,1,9,0,19458,693,0.000633,4.62
1.0,1,1.0,1.0,temporal_cochange,voluntary,ministral_3b,8.899457906353966,7328,flask/3,flask,3,2,15,0,43238,1177,0.001147,9.01
0.0,0,0.0,0.0,temporal_cochange,voluntary,ministral_3b,8.899457906353966,7328,flask/3,flask,3,3,30,1,95029,3361,0.001856,29.87
1.0,1,1.0,1.0,temporal_cochange,voluntary,ministral_3b,8.827468112520654,6819,flask/6,flask,6,1,7,0,18263,339,0.000628,2.79
1.0,1,1.0,1.0,temporal_cochange,voluntary,ministral_3b,8.827468112520654,6819,flask/6,flask,6,2,8,0,23754,444,0.000876,3.69
1.0,1,1.0,1.0,temporal_cochange,voluntary,ministral_3b,8.827468112520654,6819,flask/6,flask,6,3,8,0,65686,499,0.002483,5.95
0.0,0,0.0,0.0,temporal_cochange,voluntary,ministral_3b,8.341410211461865,4194,gpt-engineer/11,gpt-engineer,11,1,14,0,90497,2290,0.002689,13.46
0.0,0,0.0,0.0,temporal_cochange,voluntary,ministral_3b,8.341410211461865,4194,gpt-engineer/11,gpt-engineer,11,2,10,0,48536,1880,0.001286,8.71
0.0,0,0.0,0.0,temporal_cochange,voluntary,ministral_3b,8.341410211461865,4194,gpt-engineer/11,gpt-engineer,11,3,12,0,74353,1509,0.002702,12.94
0.4,0,1.0,0.25,temporal_cochange,voluntary,ministral_3b,8.029432840581244,3070,gpt-engineer/12,gpt-engineer,12,1,13,0,56313,1807,0.001596,10.72
0.0,0,0.0,0.0,temporal_cochange,voluntary,ministral_3b,8.029432840581244,3070,gpt-engineer/12,gpt-engineer,12,2,23,0,187368,3322,0.00445,20.63
0.4,0,1.0,0.25,temporal_cochange,voluntary,ministral_3b,8.029432840581244,3070,gpt-engineer/12,gpt-engineer,12,3,26,0,139945,3012,0.003225,18.84
1.0,1,1.0,1.0,temporal_cochange,voluntary,ministral_3b,8.36380888451688,4289,gpt-engineer/9,gpt-engineer,9,1,6,0,21668,855,0.001423,8.32
1.0,1,1.0,1.0,temporal_cochange,voluntary,ministral_3b,8.36380888451688,4289,gpt-engineer/9,gpt-engineer,9,2,11,0,56919,1541,0.002056,8.17
1.0,1,1.0,1.0,temporal_cochange,voluntary,ministral_3b,8.36380888451688,4289,gpt-engineer/9,gpt-engineer,9,3,14,0,49577,1457,0.001705,8.66
0.0,0,0.0,0.0,temporal_cochange,voluntary,ministral_3b,10.196231790580173,26802,keras/12,keras,12,1,22,0,60329,2939,0.001408,14.63
0.0,0,0.0,0.0,temporal_cochange,voluntary,ministral_3b,10.196231790580173,26802,keras/12,keras,12,2,17,0,86661,2029,0.003743,15.71
0.0,0,0.0,0.0,temporal_cochange,voluntary,ministral_3b,10.196231790580173,26802,keras/12,keras,12,3,8,0,32933,1930,0.001493,9.12
1.0,1,1.0,1.0,temporal_cochange,voluntary,ministral_3b,10.349134450277123,31230,keras/5,keras,5,1,12,0,153353,2426,0.005118,12.66
1.0,1,1.0,1.0,temporal_cochange,voluntary,ministral_3b,10.349134450277123,31230,keras/5,keras,5,2,16,0,146228,1554,0.004134,10.53
1.0,1,1.0,1.0,temporal_cochange,voluntary,ministral_3b,10.349134450277123,31230,keras/5,keras,5,3,14,0,124003,1430,0.004744,12.05
1.0,1,1.0,1.0,temporal_cochange,voluntary,ministral_3b,10.444153492313001,34343,keras/9,keras,9,1,9,0,58997,880,0.002105,7.08
1.0,1,1.0,1.0,temporal_cochange,voluntary,ministral_3b,10.444153492313001,34343,keras/9,keras,9,2,8,0,43065,1508,0.002038,16.51
1.0,1,1.0,1.0,temporal_cochange,voluntary,ministral_3b,10.444153492313001,34343,keras/9,keras,9,3,10,0,59956,869,0.002177,6.77
0.0,0,0.0,0.0,temporal_cochange,voluntary,ministral_3b,9.61953186182516,15056,localstack/19,localstack,19,1,17,0,249913,1848,0.005846,13.17
0.0,0,0.0,0.0,temporal_cochange,voluntary,ministral_3b,9.61953186182516,15056,localstack/19,localstack,19,2,5,0,24300,751,0.001676,4.29
0.0,0,0.0,0.0,temporal_cochange,voluntary,ministral_3b,9.61953186182516,15056,localstack/19,localstack,19,3,10,0,119746,1272,0.004372,11.35
0.0,0,0.0,0.0,temporal_cochange,voluntary,ministral_3b,10.563155506021905,38683,localstack/2,localstack,2,1,28,0,316490,1775,0.006183,16.48
1.0,1,1.0,1.0,temporal_cochange,voluntary,ministral_3b,10.563155506021905,38683,localstack/2,localstack,2,2,15,0,232991,1741,0.00693,13.34
1.0,1,1.0,1.0,temporal_cochange,voluntary,ministral_3b,10.563155506021905,38683,localstack/2,localstack,2,3,16,0,245670,1808,0.007595,14.91
1.0,1,1.0,1.0,temporal_cochange,voluntary,ministral_3b,9.860214640302662,19153,localstack/9,localstack,9,1,14,0,194987,2286,0.005454,13.73
1.0,1,1.0,1.0,temporal_cochange,voluntary,ministral_3b,9.860214640302662,19153,localstack/9,localstack,9,2,12,0,147467,1305,0.004935,10.34
1.0,1,1.0,1.0,temporal_cochange,voluntary,ministral_3b,9.860214640302662,19153,localstack/9,localstack,9,3,26,0,222515,2874,0.004775,19.54
0.6667,0,1.0,0.5,temporal_cochange,voluntary,ministral_3b,11.189312196300184,72353,pandas/26,pandas,26,1,24,0,287656,1801,0.006309,14.1
0.6667,0,1.0,0.5,temporal_cochange,voluntary,ministral_3b,11.189312196300184,72353,pandas/26,pandas,26,2,21,0,165118,1393,0.004117,11.96
0.6667,0,1.0,0.5,temporal_cochange,voluntary,ministral_3b,11.189312196300184,72353,pandas/26,pandas,26,3,17,0,314117,1349,0.009209,12.67
0.0,0,0.0,0.0,temporal_cochange,voluntary,ministral_3b,11.270446177349276,78468,pandas/35,pandas,35,1,26,0,1179797,2809,0.027425,30.65
0.0,0,0.0,0.0,temporal_cochange,voluntary,ministral_3b,11.270446177349276,78468,pandas/35,pandas,35,2,26,0,358747,2141,0.008072,18.58
0.0,0,0.0,0.0,temporal_cochange,voluntary,ministral_3b,11.270446177349276,78468,pandas/35,pandas,35,3,26,0,626396,2911,0.011955,30.39
0.6667,0,1.0,0.5,temporal_cochange,voluntary,ministral_3b,12.08721590866289,177587,pandas/38,pandas,38,1,16,0,90304,2171,0.0026,11.02
0.6667,0,1.0,0.5,temporal_cochange,voluntary,ministral_3b,12.08721590866289,177587,pandas/38,pandas,38,2,13,0,146790,1528,0.00686,14.24
0.6667,0,1.0,0.5,temporal_cochange,voluntary,ministral_3b,12.08721590866289,177587,pandas/38,pandas,38,3,16,0,266979,1608,0.008553,15.39
0.0,0,0.0,0.0,temporal_cochange,voluntary,ministral_3b,10.883015959814806,53264,pandas/44,pandas,44,1,11,0,32159,1270,0.000808,6.77
0.5,0,0.5,0.5,temporal_cochange,voluntary,ministral_3b,10.883015959814806,53264,pandas/44,pandas,44,2,10,0,262675,1359,0.010126,14.86
0.0,0,0.0,0.0,temporal_cochange,voluntary,ministral_3b,10.883015959814806,53264,pandas/44,pandas,44,3,10,0,90477,1456,0.002788,10.69
0.5,0,1.0,0.3333,temporal_cochange,voluntary,ministral_3b,9.346705246496699,11461,requests/12,requests,12,1,5,0,10361,444,0.000366,2.83
0.5,0,1.0,0.3333,temporal_cochange,voluntary,ministral_3b,9.346705246496699,11461,requests/12,requests,12,2,8,0,36027,664,0.001768,5.82
1.0,1,1.0,1.0,temporal_cochange,voluntary,ministral_3b,9.346705246496699,11461,requests/12,requests,12,3,6,0,25259,674,0.001718,5.07
1.0,1,1.0,1.0,temporal_cochange,voluntary,ministral_3b,9.348274558065496,11479,requests/13,requests,13,1,12,0,104840,1327,0.003474,8.3
1.0,1,1.0,1.0,temporal_cochange,voluntary,ministral_3b,9.348274558065496,11479,requests/13,requests,13,2,11,0,57882,961,0.002037,6.22
1.0,1,1.0,1.0,temporal_cochange,voluntary,ministral_3b,9.348274558065496,11479,requests/13,requests,13,3,5,0,26018,318,0.001459,4.05
1.0,1,1.0,1.0,temporal_cochange,voluntary,ministral_3b,7.958576903813898,2860,requests/7,requests,7,1,7,0,16767,991,0.00052,4.98
1.0,1,1.0,1.0,temporal_cochange,voluntary,ministral_3b,7.958576903813898,2860,requests/7,requests,7,2,14,0,47031,1229,0.001324,9.38
0.0,0,0.0,0.0,temporal_cochange,voluntary,ministral_3b,7.958576903813898,2860,requests/7,requests,7,3,13,0,33499,1497,0.000965,8.72
1.0,1,1.0,1.0,temporal_cochange,voluntary,ministral_3b,10.031000872835088,22720,rich/1,rich,1,1,8,0,31015,1052,0.001214,5.61
1.0,1,1.0,1.0,temporal_cochange,voluntary,ministral_3b,10.031000872835088,22720,rich/1,rich,1,2,6,0,18027,438,0.000453,3.1
1.0,1,1.0,1.0,temporal_cochange,voluntary,ministral_3b,10.031000872835088,22720,rich/1,rich,1,3,7,0,58472,701,0.002035,5.06
0.0,0,0.0,0.0,temporal_cochange,voluntary,ministral_3b,10.051648903516648,23194,rich/12,rich,12,1,19,0,298053,2039,0.007948,18.42
0.0,0,0.0,0.0,temporal_cochange,voluntary,ministral_3b,10.051648903516648,23194,rich/12,rich,12,2,16,0,156211,1567,0.004811,13.06
0.4,0,1.0,0.25,temporal_cochange,voluntary,ministral_3b,10.051648903516648,23194,rich/12,rich,12,3,23,0,212148,2576,0.00622,25.81
1.0,1,1.0,1.0,temporal_cochange,voluntary,ministral_3b,10.039939675671627,22924,rich/8,rich,8,1,10,0,47192,691,0.001401,5.3
1.0,1,1.0,1.0,temporal_cochange,voluntary,ministral_3b,10.039939675671627,22924,rich/8,rich,8,2,7,0,40473,863,0.001115,5.08
1.0,1,1.0,1.0,temporal_cochange,voluntary,ministral_3b,10.039939675671627,22924,rich/8,rich,8,3,7,0,35324,635,0.001534,4.64
0.6667,0,1.0,0.5,temporal_cochange,voluntary,ministral_3b,11.620954417182327,111408,scikit-learn/45,scikit-learn,45,1,5,0,10591,621,0.000361,3.56
0.6667,0,1.0,0.5,temporal_cochange,voluntary,ministral_3b,11.620954417182327,111408,scikit-learn/45,scikit-learn,45,2,4,0,8380,886,0.000454,4.65
0.6667,0,1.0,0.5,temporal_cochange,voluntary,ministral_3b,11.620954417182327,111408,scikit-learn/45,scikit-learn,45,3,5,0,10565,795,0.000479,4.03
1.0,1,1.0,1.0,temporal_cochange,voluntary,ministral_3b,11.55076060327325,103856,scikit-learn/49,scikit-learn,49,1,6,0,38384,751,0.002059,4.39
1.0,1,1.0,1.0,temporal_cochange,voluntary,ministral_3b,11.55076060327325,103856,scikit-learn/49,scikit-learn,49,2,16,0,80424,1411,0.001801,9.96
1.0,1,1.0,1.0,temporal_cochange,voluntary,ministral_3b,11.55076060327325,103856,scikit-learn/49,scikit-learn,49,3,11,0,153660,1077,0.006189,13.01
0.0,0,0.0,0.0,temporal_cochange,voluntary,ministral_3b,11.525654110946952,101281,scikit-learn/5,scikit-learn,5,1,30,1,64752,1239,0.001208,11.77
1.0,1,1.0,1.0,temporal_cochange,voluntary,ministral_3b,11.525654110946952,101281,scikit-learn/5,scikit-learn,5,2,18,0,217619,1662,0.00701,15.15
1.0,1,1.0,1.0,temporal_cochange,voluntary,ministral_3b,11.525654110946952,101281,scikit-learn/5,scikit-learn,5,3,12,0,126454,1423,0.004263,9.58
1.0,1,1.0,1.0,temporal_cochange,voluntary,ministral_3b,9.796458979777604,17970,scrapy/20,scrapy,20,1,6,0,20692,364,0.000804,2.39
1.0,1,1.0,1.0,temporal_cochange,voluntary,ministral_3b,9.796458979777604,17970,scrapy/20,scrapy,20,2,5,0,14708,326,0.000743,2.51
1.0,1,1.0,1.0,temporal_cochange,voluntary,ministral_3b,9.796458979777604,17970,scrapy/20,scrapy,20,3,8,0,34800,409,0.001044,3.47
0.5,1,0.3333,1.0,temporal_cochange,voluntary,ministral_3b,9.655026193237628,15600,scrapy/26,scrapy,26,1,11,0,85432,2204,0.003004,11.77
1.0,1,1.0,1.0,temporal_cochange,voluntary,ministral_3b,9.655026193237628,15600,scrapy/26,scrapy,26,2,9,0,50405,1281,0.002392,8.3
0.0,0,0.0,0.0,temporal_cochange,voluntary,ministral_3b,9.655026193237628,15600,scrapy/26,scrapy,26,3,17,0,154930,1547,0.00437,14.69
0.0,0,0.0,0.0,temporal_cochange,voluntary,ministral_3b,9.73477299914839,16895,scrapy/48,scrapy,48,1,20,0,40807,1962,0.000879,13.03
0.0,0,0.0,0.0,temporal_cochange,voluntary,ministral_3b,9.73477299914839,16895,scrapy/48,scrapy,48,2,27,0,203680,2172,0.004572,16.37
0.6667,0,1.0,0.5,temporal_cochange,voluntary,ministral_3b,9.73477299914839,16895,scrapy/48,scrapy,48,3,25,0,229710,3462,0.005404,26.13
1.0,1,1.0,1.0,temporal_cochange,voluntary,ministral_3b,9.961803629358965,21201,stable-diffusion-webui/0,stable-diffusion-webui,0,1,14,0,252562,2477,0.006058,15.69
1.0,1,1.0,1.0,temporal_cochange,voluntary,ministral_3b,9.961803629358965,21201,stable-diffusion-webui/0,stable-diffusion-webui,0,2,4,0,69486,666,0.003951,4.19
1.0,1,1.0,1.0,temporal_cochange,voluntary,ministral_3b,9.961803629358965,21201,stable-diffusion-webui/0,stable-diffusion-webui,0,3,6,0,100886,1119,0.004118,7.03
0.0,0,0.0,0.0,temporal_cochange,voluntary,ministral_3b,9.908425341565751,20099,stable-diffusion-webui/13,stable-diffusion-webui,13,1,24,0,565467,3859,0.010841,30.0
1.0,1,1.0,1.0,temporal_cochange,voluntary,ministral_3b,9.908425341565751,20099,stable-diffusion-webui/13,stable-diffusion-webui,13,2,10,0,174838,2325,0.006116,13.44
0.0,0,0.0,0.0,temporal_cochange,voluntary,ministral_3b,9.908425341565751,20099,stable-diffusion-webui/13,stable-diffusion-webui,13,3,7,0,100034,1290,0.003647,7.83
0.0,0,0.0,0.0,temporal_cochange,voluntary,ministral_3b,10.028797743501574,22670,stable-diffusion-webui/5,stable-diffusion-webui,5,1,7,0,68004,779,0.001902,5.53
0.0,0,0.0,0.0,temporal_cochange,voluntary,ministral_3b,10.028797743501574,22670,stable-diffusion-webui/5,stable-diffusion-webui,5,2,24,0,404638,3171,0.008686,26.42
0.0,0,0.0,0.0,temporal_cochange,voluntary,ministral_3b,10.028797743501574,22670,stable-diffusion-webui/5,stable-diffusion-webui,5,3,26,0,143767,1820,0.003442,35.31
0.0,0,0.0,0.0,temporal_cochange,voluntary,ministral_3b,8.483636407887394,4835,thefuck/10,thefuck,10,1,11,0,58214,1639,0.002138,12.49
0.5,0,1.0,0.3333,temporal_cochange,voluntary,ministral_3b,8.483636407887394,4835,thefuck/10,thefuck,10,2,9,0,26458,1362,0.001123,10.28
0.5,0,1.0,0.3333,temporal_cochange,voluntary,ministral_3b,8.483636407887394,4835,thefuck/10,thefuck,10,3,8,0,24062,957,0.001235,6.3
0.0,0,0.0,0.0,temporal_cochange,voluntary,ministral_3b,8.270781013162674,3908,thefuck/20,thefuck,20,1,10,0,46543,2120,0.002044,10.01
0.0,0,0.0,0.0,temporal_cochange,voluntary,ministral_3b,8.270781013162674,3908,thefuck/20,thefuck,20,2,12,0,47670,1699,0.001458,9.32
0.0,0,0.0,0.0,temporal_cochange,voluntary,ministral_3b,8.270781013162674,3908,thefuck/20,thefuck,20,3,11,0,43257,2650,0.001538,12.48
0.0,0,0.0,0.0,temporal_cochange,voluntary,ministral_3b,7.822845290279774,2497,thefuck/5,thefuck,5,1,2,0,4122,465,0.000148,2.14
1.0,1,1.0,1.0,temporal_cochange,voluntary,ministral_3b,7.822845290279774,2497,thefuck/5,thefuck,5,2,5,0,18856,1048,0.001115,7.59
1.0,1,1.0,1.0,temporal_cochange,voluntary,ministral_3b,7.822845290279774,2497,thefuck/5,thefuck,5,3,6,0,32159,730,0.001745,4.99
1.0,1,1.0,1.0,temporal_cochange,voluntary,ministral_3b,12.430331574579306,250279,transformers/25,transformers,25,1,12,0,180862,1210,0.006918,9.37
1.0,1,1.0,1.0,temporal_cochange,voluntary,ministral_3b,12.430331574579306,250279,transformers/25,transformers,25,2,10,0,103342,749,0.003082,5.91
1.0,1,1.0,1.0,temporal_cochange,voluntary,ministral_3b,12.430331574579306,250279,transformers/25,transformers,25,3,19,0,230197,1995,0.006481,21.3
0.1538,0,1.0,0.0833,temporal_cochange,voluntary,ministral_3b,12.407424472605875,244611,transformers/27,transformers,27,1,5,0,16434,686,0.00079,3.42
0.1538,0,1.0,0.0833,temporal_cochange,voluntary,ministral_3b,12.407424472605875,244611,transformers/27,transformers,27,2,3,0,10297,531,0.000518,2.62
0.1538,0,1.0,0.0833,temporal_cochange,voluntary,ministral_3b,12.407424472605875,244611,transformers/27,transformers,27,3,12,0,122518,1717,0.004279,14.08
0.75,0,1.0,0.6,temporal_cochange,voluntary,ministral_3b,11.587420505060633,107734,transformers/5,transformers,5,1,12,0,42822,2189,0.001644,12.65
0.5714,0,1.0,0.4,temporal_cochange,voluntary,ministral_3b,11.587420505060633,107734,transformers/5,transformers,5,2,17,0,133454,3027,0.004398,16.14
0.5,0,0.6667,0.4,temporal_cochange,voluntary,ministral_3b,11.587420505060633,107734,transformers/5,transformers,5,3,27,0,146130,2258,0.003227,23.29
1.0,1,1.0,1.0,temporal_cochange,voluntary,ministral_3b,12.095096391086711,178992,yt-dlp/23,yt-dlp,23,1,15,0,219248,2443,0.006295,14.89
1.0,1,1.0,1.0,temporal_cochange,voluntary,ministral_3b,12.095096391086711,178992,yt-dlp/23,yt-dlp,23,2,15,0,85257,1221,0.002197,11.35
1.0,1,1.0,1.0,temporal_cochange,voluntary,ministral_3b,12.095096391086711,178992,yt-dlp/23,yt-dlp,23,3,18,0,143103,2073,0.003919,16.24
0.0,0,0.0,0.0,temporal_cochange,voluntary,ministral_3b,12.1489730534896,188900,yt-dlp/41,yt-dlp,41,1,21,0,323614,2462,0.007909,16.44
0.0,0,0.0,0.0,temporal_cochange,voluntary,ministral_3b,12.1489730534896,188900,yt-dlp/41,yt-dlp,41,2,17,0,524697,5179,0.012886,30.05
0.0,0,0.0,0.0,temporal_cochange,voluntary,ministral_3b,12.1489730534896,188900,yt-dlp/41,yt-dlp,41,3,14,0,291582,3417,0.009927,27.03
0.0,0,0.0,0.0,temporal_cochange,voluntary,ministral_3b,12.198660241414718,198523,yt-dlp/45,yt-dlp,45,1,10,0,72974,1415,0.00328,8.71
0.0,0,0.0,0.0,temporal_cochange,voluntary,ministral_3b,12.198660241414718,198523,yt-dlp/45,yt-dlp,45,2,12,0,165642,2204,0.005345,15.72
0.6667,0,1.0,0.5,temporal_cochange,voluntary,ministral_3b,12.198660241414718,198523,yt-dlp/45,yt-dlp,45,3,5,0,49270,1540,0.001878,6.98
1.0,1,1.0,1.0,temporal_cochange,voluntary,gpt_oss_120b,12.068688124847148,174327,core/16,core,16,1,12,0,55231,5306,0.006493,38.6
1.0,1,1.0,1.0,temporal_cochange,voluntary,gpt_oss_120b,12.068688124847148,174327,core/16,core,16,2,5,0,14328,1055,0.001805,12.89
0.0,0,0.0,0.0,temporal_cochange,voluntary,gpt_oss_120b,12.068688124847148,174327,core/16,core,16,3,9,0,69963,3317,0.006647,34.08
1.0,1,1.0,1.0,temporal_cochange,voluntary,gpt_oss_120b,11.506545154005941,99364,core/20,core,20,1,9,0,33289,2005,0.003328,15.46
1.0,1,1.0,1.0,temporal_cochange,voluntary,gpt_oss_120b,11.506545154005941,99364,core/20,core,20,2,11,0,40862,2948,0.003857,36.74
1.0,1,1.0,1.0,temporal_cochange,voluntary,gpt_oss_120b,11.506545154005941,99364,core/20,core,20,3,7,0,27157,1979,0.0033,20.11
0.0,0,0.0,0.0,temporal_cochange,voluntary,gpt_oss_120b,8.579980179515003,5324,fastapi/17,fastapi,17,1,23,0,206750,10521,0.016161,99.62
0.0,0,0.0,0.0,temporal_cochange,voluntary,gpt_oss_120b,8.579980179515003,5324,fastapi/17,fastapi,17,2,6,0,21219,873,0.001889,11.61
0.0,0,0.0,0.0,temporal_cochange,voluntary,gpt_oss_120b,8.579980179515003,5324,fastapi/17,fastapi,17,3,30,1,280594,9571,0.01633,167.75
0.0,0,0.0,0.0,temporal_cochange,voluntary,gpt_oss_120b,8.518991573357617,5009,fastapi/20,fastapi,20,1,9,0,20640,3037,0.003232,18.82
0.0,0,0.0,0.0,temporal_cochange,voluntary,gpt_oss_120b,8.518991573357617,5009,fastapi/20,fastapi,20,2,20,0,70728,7095,0.006734,61.68
0.0,0,0.0,0.0,temporal_cochange,voluntary,gpt_oss_120b,8.518991573357617,5009,fastapi/20,fastapi,20,3,4,0,7425,1190,0.00133,7.79
0.5,0,1.0,0.3333,temporal_cochange,voluntary,gpt_oss_120b,8.482187582217422,4828,fastapi/9,fastapi,9,1,4,0,11465,1046,0.001303,9.58
0.5,0,1.0,0.3333,temporal_cochange,voluntary,gpt_oss_120b,8.482187582217422,4828,fastapi/9,fastapi,9,2,8,0,52428,1946,0.004555,20.53
0.5,0,1.0,0.3333,temporal_cochange,voluntary,gpt_oss_120b,8.482187582217422,4828,fastapi/9,fastapi,9,3,7,0,22466,2795,0.003169,31.67
0.6667,0,1.0,0.5,temporal_cochange,voluntary,gpt_oss_120b,8.808369153122275,6690,flask/18,flask,18,1,26,0,134584,7454,0.00969,68.53
0.6667,0,1.0,0.5,temporal_cochange,voluntary,gpt_oss_120b,8.808369153122275,6690,flask/18,flask,18,2,12,0,75604,1898,0.005118,22.21
0.6667,0,1.0,0.5,temporal_cochange,voluntary,gpt_oss_120b,8.808369153122275,6690,flask/18,flask,18,3,13,0,56525,2417,0.004818,26.6
1.0,1,1.0,1.0,temporal_cochange,voluntary,gpt_oss_120b,8.899457906353966,7328,flask/3,flask,3,1,6,0,16981,2286,0.002563,19.25
1.0,1,1.0,1.0,temporal_cochange,voluntary,gpt_oss_120b,8.899457906353966,7328,flask/3,flask,3,2,3,0,4759,641,0.000632,6.62
1.0,1,1.0,1.0,temporal_cochange,voluntary,gpt_oss_120b,8.899457906353966,7328,flask/3,flask,3,3,3,0,6257,699,0.000829,16.81
1.0,1,1.0,1.0,temporal_cochange,voluntary,gpt_oss_120b,8.827468112520654,6819,flask/6,flask,6,1,13,0,49110,4411,0.005405,33.67
1.0,1,1.0,1.0,temporal_cochange,voluntary,gpt_oss_120b,8.827468112520654,6819,flask/6,flask,6,2,5,0,18774,1756,0.002295,19.67
1.0,1,1.0,1.0,temporal_cochange,voluntary,gpt_oss_120b,8.827468112520654,6819,flask/6,flask,6,3,7,0,22085,1237,0.002353,11.94
0.0,0,0.0,0.0,temporal_cochange,voluntary,gpt_oss_120b,8.341410211461865,4194,gpt-engineer/11,gpt-engineer,11,1,9,0,45424,2095,0.004263,19.7
0.0,0,0.0,0.0,temporal_cochange,voluntary,gpt_oss_120b,8.341410211461865,4194,gpt-engineer/11,gpt-engineer,11,2,22,0,313779,14316,0.02172,161.86
0.0,0,0.0,0.0,temporal_cochange,voluntary,gpt_oss_120b,8.341410211461865,4194,gpt-engineer/11,gpt-engineer,11,3,11,0,42787,2474,0.003943,23.14
0.4,0,1.0,0.25,temporal_cochange,voluntary,gpt_oss_120b,8.029432840581244,3070,gpt-engineer/12,gpt-engineer,12,1,13,0,70031,3787,0.006253,33.24
0.4,0,1.0,0.25,temporal_cochange,voluntary,gpt_oss_120b,8.029432840581244,3070,gpt-engineer/12,gpt-engineer,12,2,3,0,8280,724,0.000888,6.93
0.4,0,1.0,0.25,temporal_cochange,voluntary,gpt_oss_120b,8.029432840581244,3070,gpt-engineer/12,gpt-engineer,12,3,3,0,6918,508,0.001076,5.16
0.0,0,0.0,0.0,temporal_cochange,voluntary,gpt_oss_120b,8.36380888451688,4289,gpt-engineer/9,gpt-engineer,9,1,10,0,44089,4842,0.005082,42.27
0.0,0,0.0,0.0,temporal_cochange,voluntary,gpt_oss_120b,8.36380888451688,4289,gpt-engineer/9,gpt-engineer,9,2,4,0,18208,2076,0.003293,18.09
0.0,0,0.0,0.0,temporal_cochange,voluntary,gpt_oss_120b,8.36380888451688,4289,gpt-engineer/9,gpt-engineer,9,3,6,0,22059,1987,0.003172,22.0
0.0,0,0.0,0.0,temporal_cochange,voluntary,gpt_oss_120b,10.196231790580173,26802,keras/12,keras,12,1,4,0,8694,762,0.001147,7.64
0.0,0,0.0,0.0,temporal_cochange,voluntary,gpt_oss_120b,10.196231790580173,26802,keras/12,keras,12,2,8,0,28813,1959,0.002684,20.02
0.2857,0,0.5,0.2,temporal_cochange,voluntary,gpt_oss_120b,10.196231790580173,26802,keras/12,keras,12,3,6,0,16285,1972,0.002082,19.29
0.0,0,0.0,0.0,temporal_cochange,voluntary,gpt_oss_120b,10.349134450277123,31230,keras/5,keras,5,1,13,0,85743,4220,0.007953,41.01
0.0,0,0.0,0.0,temporal_cochange,voluntary,gpt_oss_120b,10.349134450277123,31230,keras/5,keras,5,2,16,0,70735,6989,0.007819,65.69
0.0,0,0.0,0.0,temporal_cochange,voluntary,gpt_oss_120b,10.349134450277123,31230,keras/5,keras,5,3,9,0,33354,2908,0.003664,27.78
1.0,1,1.0,1.0,temporal_cochange,voluntary,gpt_oss_120b,10.444153492313001,34343,keras/9,keras,9,1,8,0,21380,980,0.0019,8.49
1.0,1,1.0,1.0,temporal_cochange,voluntary,gpt_oss_120b,10.444153492313001,34343,keras/9,keras,9,2,5,0,17200,1980,0.002643,17.92
1.0,1,1.0,1.0,temporal_cochange,voluntary,gpt_oss_120b,10.444153492313001,34343,keras/9,keras,9,3,10,0,32115,1662,0.003114,29.88
0.0,0,0.0,0.0,temporal_cochange,voluntary,gpt_oss_120b,9.61953186182516,15056,localstack/19,localstack,19,1,14,0,24851,2711,0.00284,19.09
0.0,0,0.0,0.0,temporal_cochange,voluntary,gpt_oss_120b,9.61953186182516,15056,localstack/19,localstack,19,2,10,0,17308,1604,0.002169,17.21
0.0,0,0.0,0.0,temporal_cochange,voluntary,gpt_oss_120b,9.61953186182516,15056,localstack/19,localstack,19,3,18,0,46728,3070,0.004199,31.03
1.0,1,1.0,1.0,temporal_cochange,voluntary,gpt_oss_120b,10.563155506021905,38683,localstack/2,localstack,2,1,11,0,95039,2659,0.007286,25.17
1.0,1,1.0,1.0,temporal_cochange,voluntary,gpt_oss_120b,10.563155506021905,38683,localstack/2,localstack,2,2,19,0,184776,4861,0.011432,62.16
1.0,1,1.0,1.0,temporal_cochange,voluntary,gpt_oss_120b,10.563155506021905,38683,localstack/2,localstack,2,3,9,0,71478,1507,0.004797,30.32
1.0,1,1.0,1.0,temporal_cochange,voluntary,gpt_oss_120b,9.860214640302662,19153,localstack/9,localstack,9,1,7,0,29103,1853,0.002696,14.78
1.0,1,1.0,1.0,temporal_cochange,voluntary,gpt_oss_120b,9.860214640302662,19153,localstack/9,localstack,9,2,9,0,36974,3913,0.004821,35.54
1.0,1,1.0,1.0,temporal_cochange,voluntary,gpt_oss_120b,9.860214640302662,19153,localstack/9,localstack,9,3,8,0,28498,2446,0.002714,25.93
0.8,1,0.6667,1.0,temporal_cochange,voluntary,gpt_oss_120b,11.189312196300184,72353,pandas/26,pandas,26,1,30,1,311055,5291,0.015235,63.29
0.8,1,0.6667,1.0,temporal_cochange,voluntary,gpt_oss_120b,11.189312196300184,72353,pandas/26,pandas,26,2,30,0,267599,6836,0.013445,72.97
1.0,1,1.0,1.0,temporal_cochange,voluntary,gpt_oss_120b,11.189312196300184,72353,pandas/26,pandas,26,3,15,0,118731,6845,0.010175,66.67
0.0,0,0.0,0.0,temporal_cochange,voluntary,gpt_oss_120b,11.270446177349276,78468,pandas/35,pandas,35,1,18,0,248864,6861,0.014886,88.04
0.0,0,0.0,0.0,temporal_cochange,voluntary,gpt_oss_120b,11.270446177349276,78468,pandas/35,pandas,35,2,17,0,193370,5710,0.014174,67.7
0.0,0,0.0,0.0,temporal_cochange,voluntary,gpt_oss_120b,11.270446177349276,78468,pandas/35,pandas,35,3,14,0,173017,4098,0.012504,50.15
0.6667,0,1.0,0.5,temporal_cochange,voluntary,gpt_oss_120b,12.08721590866289,177587,pandas/38,pandas,38,1,8,0,68294,1611,0.006134,15.5
0.6667,0,1.0,0.5,temporal_cochange,voluntary,gpt_oss_120b,12.08721590866289,177587,pandas/38,pandas,38,2,4,0,30494,1119,0.003057,16.17
0.6667,0,1.0,0.5,temporal_cochange,voluntary,gpt_oss_120b,12.08721590866289,177587,pandas/38,pandas,38,3,9,0,78457,3675,0.00717,30.13
0.0,0,0.0,0.0,temporal_cochange,voluntary,gpt_oss_120b,10.883015959814806,53264,pandas/44,pandas,44,1,5,0,18485,1782,0.002483,11.4
0.0,0,0.0,0.0,temporal_cochange,voluntary,gpt_oss_120b,10.883015959814806,53264,pandas/44,pandas,44,2,3,0,5652,913,0.000781,5.88
0.0,0,0.0,0.0,temporal_cochange,voluntary,gpt_oss_120b,10.883015959814806,53264,pandas/44,pandas,44,3,4,0,9347,1228,0.001242,9.69
0.8,0,1.0,0.6667,temporal_cochange,voluntary,gpt_oss_120b,9.346705246496699,11461,requests/12,requests,12,1,9,0,26935,1446,0.003148,12.78
0.5,0,1.0,0.3333,temporal_cochange,voluntary,gpt_oss_120b,9.346705246496699,11461,requests/12,requests,12,2,13,0,53812,3266,0.005258,23.3
0.0,0,0.0,0.0,temporal_cochange,voluntary,gpt_oss_120b,9.346705246496699,11461,requests/12,requests,12,3,16,0,79578,2126,0.005585,26.53
1.0,1,1.0,1.0,temporal_cochange,voluntary,gpt_oss_120b,9.348274558065496,11479,requests/13,requests,13,1,8,0,28377,2801,0.00355,25.76
1.0,1,1.0,1.0,temporal_cochange,voluntary,gpt_oss_120b,9.348274558065496,11479,requests/13,requests,13,2,9,0,47255,3100,0.004992,38.67
1.0,1,1.0,1.0,temporal_cochange,voluntary,gpt_oss_120b,9.348274558065496,11479,requests/13,requests,13,3,10,0,48504,3535,0.004929,47.73
1.0,1,1.0,1.0,temporal_cochange,voluntary,gpt_oss_120b,7.958576903813898,2860,requests/7,requests,7,1,10,0,28362,5131,0.004483,35.08
1.0,1,1.0,1.0,temporal_cochange,voluntary,gpt_oss_120b,7.958576903813898,2860,requests/7,requests,7,2,4,0,10051,833,0.001121,10.3
1.0,1,1.0,1.0,temporal_cochange,voluntary,gpt_oss_120b,7.958576903813898,2860,requests/7,requests,7,3,7,0,16857,2293,0.00213,21.48
1.0,1,1.0,1.0,temporal_cochange,voluntary,gpt_oss_120b,10.031000872835088,22720,rich/1,rich,1,1,5,0,12822,826,0.001232,8.55
1.0,1,1.0,1.0,temporal_cochange,voluntary,gpt_oss_120b,10.031000872835088,22720,rich/1,rich,1,2,9,0,34560,1569,0.002999,19.81
1.0,1,1.0,1.0,temporal_cochange,voluntary,gpt_oss_120b,10.031000872835088,22720,rich/1,rich,1,3,8,0,36321,1313,0.003023,21.93
0.0,0,0.0,0.0,temporal_cochange,voluntary,gpt_oss_120b,10.051648903516648,23194,rich/12,rich,12,1,9,0,39090,2284,0.0042,18.04
0.0,0,0.0,0.0,temporal_cochange,voluntary,gpt_oss_120b,10.051648903516648,23194,rich/12,rich,12,2,10,0,55105,2334,0.004978,30.8
0.0,0,0.0,0.0,temporal_cochange,voluntary,gpt_oss_120b,10.051648903516648,23194,rich/12,rich,12,3,11,0,60007,2340,0.005303,30.22
1.0,1,1.0,1.0,temporal_cochange,voluntary,gpt_oss_120b,10.039939675671627,22924,rich/8,rich,8,1,8,0,50194,1589,0.004079,13.5
1.0,1,1.0,1.0,temporal_cochange,voluntary,gpt_oss_120b,10.039939675671627,22924,rich/8,rich,8,2,8,0,47099,1846,0.004679,19.96
1.0,1,1.0,1.0,temporal_cochange,voluntary,gpt_oss_120b,10.039939675671627,22924,rich/8,rich,8,3,8,0,33569,896,0.00331,9.29
0.6667,0,1.0,0.5,temporal_cochange,voluntary,gpt_oss_120b,11.620954417182327,111408,scikit-learn/45,scikit-learn,45,1,19,0,137541,4495,0.009145,34.74
0.6667,0,1.0,0.5,temporal_cochange,voluntary,gpt_oss_120b,11.620954417182327,111408,scikit-learn/45,scikit-learn,45,2,9,0,43923,1353,0.004058,35.27
0.6667,0,1.0,0.5,temporal_cochange,voluntary,gpt_oss_120b,11.620954417182327,111408,scikit-learn/45,scikit-learn,45,3,5,0,19275,717,0.002302,19.28
1.0,1,1.0,1.0,temporal_cochange,voluntary,gpt_oss_120b,11.55076060327325,103856,scikit-learn/49,scikit-learn,49,1,7,0,42926,1881,0.005322,19.04
0.0,0,0.0,0.0,temporal_cochange,voluntary,gpt_oss_120b,11.55076060327325,103856,scikit-learn/49,scikit-learn,49,2,12,0,145380,2248,0.010392,26.22
1.0,1,1.0,1.0,temporal_cochange,voluntary,gpt_oss_120b,11.55076060327325,103856,scikit-learn/49,scikit-learn,49,3,14,0,144339,2211,0.010932,32.83
1.0,1,1.0,1.0,temporal_cochange,voluntary,gpt_oss_120b,11.525654110946952,101281,scikit-learn/5,scikit-learn,5,1,4,0,21137,2819,0.003595,19.29
1.0,1,1.0,1.0,temporal_cochange,voluntary,gpt_oss_120b,11.525654110946952,101281,scikit-learn/5,scikit-learn,5,2,6,0,23716,2904,0.003724,26.3
1.0,1,1.0,1.0,temporal_cochange,voluntary,gpt_oss_120b,11.525654110946952,101281,scikit-learn/5,scikit-learn,5,3,8,0,51715,3838,0.006833,46.88
1.0,1,1.0,1.0,temporal_cochange,voluntary,gpt_oss_120b,9.796458979777604,17970,scrapy/20,scrapy,20,1,9,0,58158,2297,0.004552,19.53
1.0,1,1.0,1.0,temporal_cochange,voluntary,gpt_oss_120b,9.796458979777604,17970,scrapy/20,scrapy,20,2,5,0,25721,529,0.002534,9.63
1.0,1,1.0,1.0,temporal_cochange,voluntary,gpt_oss_120b,9.796458979777604,17970,scrapy/20,scrapy,20,3,6,0,32281,941,0.003311,16.91
1.0,1,1.0,1.0,temporal_cochange,voluntary,gpt_oss_120b,9.655026193237628,15600,scrapy/26,scrapy,26,1,15,0,83397,2753,0.0068,23.91
1.0,1,1.0,1.0,temporal_cochange,voluntary,gpt_oss_120b,9.655026193237628,15600,scrapy/26,scrapy,26,2,8,0,38411,1500,0.004817,14.32
1.0,1,1.0,1.0,temporal_cochange,voluntary,gpt_oss_120b,9.655026193237628,15600,scrapy/26,scrapy,26,3,10,0,66132,2031,0.006378,20.32
0.0,0,0.0,0.0,temporal_cochange,voluntary,gpt_oss_120b,9.73477299914839,16895,scrapy/48,scrapy,48,1,28,0,127273,3876,0.006891,43.02
0.0,0,0.0,0.0,temporal_cochange,voluntary,gpt_oss_120b,9.73477299914839,16895,scrapy/48,scrapy,48,2,19,0,95495,4525,0.007091,43.24
0.0,0,0.0,0.0,temporal_cochange,voluntary,gpt_oss_120b,9.73477299914839,16895,scrapy/48,scrapy,48,3,14,0,52919,2132,0.004275,22.03
1.0,1,1.0,1.0,temporal_cochange,voluntary,gpt_oss_120b,9.961803629358965,21201,stable-diffusion-webui/0,stable-diffusion-webui,0,1,4,0,65273,731,0.006552,7.83
1.0,1,1.0,1.0,temporal_cochange,voluntary,gpt_oss_120b,9.961803629358965,21201,stable-diffusion-webui/0,stable-diffusion-webui,0,2,5,0,84219,1129,0.007599,15.56
1.0,1,1.0,1.0,temporal_cochange,voluntary,gpt_oss_120b,9.961803629358965,21201,stable-diffusion-webui/0,stable-diffusion-webui,0,3,2,0,24297,283,0.002115,4.1
1.0,1,1.0,1.0,temporal_cochange,voluntary,gpt_oss_120b,9.908425341565751,20099,stable-diffusion-webui/13,stable-diffusion-webui,13,1,17,0,213583,3130,0.01002,39.3
1.0,1,1.0,1.0,temporal_cochange,voluntary,gpt_oss_120b,9.908425341565751,20099,stable-diffusion-webui/13,stable-diffusion-webui,13,2,27,0,379910,4384,0.016667,51.61
1.0,1,1.0,1.0,temporal_cochange,voluntary,gpt_oss_120b,9.908425341565751,20099,stable-diffusion-webui/13,stable-diffusion-webui,13,3,16,0,213882,2945,0.012683,33.71
0.6667,0,1.0,0.5,temporal_cochange,voluntary,gpt_oss_120b,10.028797743501574,22670,stable-diffusion-webui/5,stable-diffusion-webui,5,1,29,0,205179,5170,0.00986,58.57
0.6667,0,1.0,0.5,temporal_cochange,voluntary,gpt_oss_120b,10.028797743501574,22670,stable-diffusion-webui/5,stable-diffusion-webui,5,2,21,0,183093,4130,0.010485,54.56
0.6667,0,1.0,0.5,temporal_cochange,voluntary,gpt_oss_120b,10.028797743501574,22670,stable-diffusion-webui/5,stable-diffusion-webui,5,3,28,0,304520,6725,0.015645,115.98
0.0,0,0.0,0.0,temporal_cochange,voluntary,gpt_oss_120b,8.483636407887394,4835,thefuck/10,thefuck,10,1,10,0,50140,2729,0.004293,33.72
0.0,0,0.0,0.0,temporal_cochange,voluntary,gpt_oss_120b,8.483636407887394,4835,thefuck/10,thefuck,10,2,4,0,7748,1342,0.001419,15.61
0.0,0,0.0,0.0,temporal_cochange,voluntary,gpt_oss_120b,8.483636407887394,4835,thefuck/10,thefuck,10,3,19,0,69707,10796,0.009174,97.21
0.0,0,0.0,0.0,temporal_cochange,voluntary,gpt_oss_120b,8.270781013162674,3908,thefuck/20,thefuck,20,1,15,0,50044,5238,0.005226,40.01
0.0,0,0.0,0.0,temporal_cochange,voluntary,gpt_oss_120b,8.270781013162674,3908,thefuck/20,thefuck,20,2,14,0,57179,3779,0.005936,39.64
0.0,0,0.0,0.0,temporal_cochange,voluntary,gpt_oss_120b,8.270781013162674,3908,thefuck/20,thefuck,20,3,6,0,11978,1585,0.001893,11.07
1.0,1,1.0,1.0,temporal_cochange,voluntary,gpt_oss_120b,7.822845290279774,2497,thefuck/5,thefuck,5,1,8,0,25077,2726,0.003389,25.48
1.0,1,1.0,1.0,temporal_cochange,voluntary,gpt_oss_120b,7.822845290279774,2497,thefuck/5,thefuck,5,2,9,0,19709,2454,0.002541,16.49
1.0,1,1.0,1.0,temporal_cochange,voluntary,gpt_oss_120b,7.822845290279774,2497,thefuck/5,thefuck,5,3,5,0,10094,1178,0.001438,9.03
1.0,1,1.0,1.0,temporal_cochange,voluntary,gpt_oss_120b,12.430331574579306,250279,transformers/25,transformers,25,1,5,0,11921,1140,0.001448,9.46
1.0,1,1.0,1.0,temporal_cochange,voluntary,gpt_oss_120b,12.430331574579306,250279,transformers/25,transformers,25,2,7,0,69563,2364,0.005251,25.74
1.0,1,1.0,1.0,temporal_cochange,voluntary,gpt_oss_120b,12.430331574579306,250279,transformers/25,transformers,25,3,6,0,13842,1184,0.001601,26.07
0.1429,0,0.5,0.0833,temporal_cochange,voluntary,gpt_oss_120b,12.407424472605875,244611,transformers/27,transformers,27,1,7,0,50279,1655,0.005727,15.71
0.1429,0,0.5,0.0833,temporal_cochange,voluntary,gpt_oss_120b,12.407424472605875,244611,transformers/27,transformers,27,2,5,0,29942,881,0.003217,7.08
0.1538,0,1.0,0.0833,temporal_cochange,voluntary,gpt_oss_120b,12.407424472605875,244611,transformers/27,transformers,27,3,6,0,44110,1349,0.005039,14.1
0.5714,0,1.0,0.4,temporal_cochange,voluntary,gpt_oss_120b,11.587420505060633,107734,transformers/5,transformers,5,1,14,0,102044,3084,0.006677,33.77
0.5714,0,1.0,0.4,temporal_cochange,voluntary,gpt_oss_120b,11.587420505060633,107734,transformers/5,transformers,5,2,16,0,239800,5147,0.014092,63.64
0.5714,0,1.0,0.4,temporal_cochange,voluntary,gpt_oss_120b,11.587420505060633,107734,transformers/5,transformers,5,3,13,0,152551,2826,0.009494,55.48
1.0,1,1.0,1.0,temporal_cochange,voluntary,gpt_oss_120b,12.095096391086711,178992,yt-dlp/23,yt-dlp,23,1,3,0,8317,569,0.001025,5.41
1.0,1,1.0,1.0,temporal_cochange,voluntary,gpt_oss_120b,12.095096391086711,178992,yt-dlp/23,yt-dlp,23,2,5,0,19412,1605,0.002079,12.7
1.0,1,1.0,1.0,temporal_cochange,voluntary,gpt_oss_120b,12.095096391086711,178992,yt-dlp/23,yt-dlp,23,3,3,0,9300,549,0.00082,5.99
0.0,0,0.0,0.0,temporal_cochange,voluntary,gpt_oss_120b,12.1489730534896,188900,yt-dlp/41,yt-dlp,41,1,16,0,139821,10731,0.011884,87.17
0.0,0,0.0,0.0,temporal_cochange,voluntary,gpt_oss_120b,12.1489730534896,188900,yt-dlp/41,yt-dlp,41,2,1,0,9632,356,0.001475,4.32
0.0,0,0.0,0.0,temporal_cochange,voluntary,gpt_oss_120b,12.1489730534896,188900,yt-dlp/41,yt-dlp,41,3,11,0,103160,6234,0.007664,49.29
0.0,0,0.0,0.0,temporal_cochange,voluntary,gpt_oss_120b,12.198660241414718,198523,yt-dlp/45,yt-dlp,45,1,8,0,94654,2242,0.007825,27.48
0.6667,0,1.0,0.5,temporal_cochange,voluntary,gpt_oss_120b,12.198660241414718,198523,yt-dlp/45,yt-dlp,45,2,9,0,102378,2486,0.00902,26.68
0.6667,0,1.0,0.5,temporal_cochange,voluntary,gpt_oss_120b,12.198660241414718,198523,yt-dlp/45,yt-dlp,45,3,13,0,159099,3786,0.010164,41.68
1.0,1,1.0,1.0,temporal_cochange,voluntary,deepseek_flash,12.068688124847148,174327,core/16,core,16,1,16,0,235502,8893,0.005922,91.6
1.0,1,1.0,1.0,temporal_cochange,voluntary,deepseek_flash,12.068688124847148,174327,core/16,core,16,2,10,0,48876,2780,0.001808,29.04
1.0,1,1.0,1.0,temporal_cochange,voluntary,deepseek_flash,12.068688124847148,174327,core/16,core,16,3,9,0,49031,3349,0.002727,31.86
1.0,1,1.0,1.0,temporal_cochange,voluntary,deepseek_flash,11.506545154005941,99364,core/20,core,20,1,13,0,129518,4927,0.003145,42.49
1.0,1,1.0,1.0,temporal_cochange,voluntary,deepseek_flash,11.506545154005941,99364,core/20,core,20,2,6,0,42019,2412,0.001641,24.56
1.0,1,1.0,1.0,temporal_cochange,voluntary,deepseek_flash,11.506545154005941,99364,core/20,core,20,3,19,0,256114,5938,0.004995,70.68
0.0,0,0.0,0.0,temporal_cochange,voluntary,deepseek_flash,8.579980179515003,5324,fastapi/17,fastapi,17,1,30,1,1020036,24396,0.018697,232.16
0.0,0,0.0,0.0,temporal_cochange,voluntary,deepseek_flash,8.579980179515003,5324,fastapi/17,fastapi,17,2,30,1,401461,10841,0.007943,119.47
0.0,0,0.0,0.0,temporal_cochange,voluntary,deepseek_flash,8.579980179515003,5324,fastapi/17,fastapi,17,3,30,1,943827,26955,0.020826,237.45
0.5,1,0.3333,1.0,temporal_cochange,voluntary,deepseek_flash,8.518991573357617,5009,fastapi/20,fastapi,20,1,30,1,789865,7576,0.013198,108.41
0.0,0,0.0,0.0,temporal_cochange,voluntary,deepseek_flash,8.518991573357617,5009,fastapi/20,fastapi,20,2,30,1,595680,6987,0.010732,99.63
0.5,1,0.3333,1.0,temporal_cochange,voluntary,deepseek_flash,8.518991573357617,5009,fastapi/20,fastapi,20,3,30,1,711762,8327,0.012555,99.69
0.5,0,1.0,0.3333,temporal_cochange,voluntary,deepseek_flash,8.482187582217422,4828,fastapi/9,fastapi,9,1,19,0,123633,5069,0.002606,54.17
0.5,0,1.0,0.3333,temporal_cochange,voluntary,deepseek_flash,8.482187582217422,4828,fastapi/9,fastapi,9,2,20,0,131699,4911,0.002638,61.23
0.5,0,1.0,0.3333,temporal_cochange,voluntary,deepseek_flash,8.482187582217422,4828,fastapi/9,fastapi,9,3,19,0,264472,3760,0.003746,54.01
1.0,1,1.0,1.0,temporal_cochange,voluntary,deepseek_flash,8.808369153122275,6690,flask/18,flask,18,1,25,0,149509,4940,0.003102,55.94
0.6667,0,1.0,0.5,temporal_cochange,voluntary,deepseek_flash,8.808369153122275,6690,flask/18,flask,18,2,15,0,175583,4413,0.003672,50.7
0.6667,0,1.0,0.5,temporal_cochange,voluntary,deepseek_flash,8.808369153122275,6690,flask/18,flask,18,3,9,0,75372,2564,0.00263,28.94
0.0,0,0.0,0.0,temporal_cochange,voluntary,deepseek_flash,8.899457906353966,7328,flask/3,flask,3,1,30,1,210036,6489,0.004844,76.79
1.0,1,1.0,1.0,temporal_cochange,voluntary,deepseek_flash,8.899457906353966,7328,flask/3,flask,3,2,30,1,227553,12231,0.006323,131.22
1.0,1,1.0,1.0,temporal_cochange,voluntary,deepseek_flash,8.899457906353966,7328,flask/3,flask,3,3,30,0,216194,7399,0.005066,87.48
1.0,1,1.0,1.0,temporal_cochange,voluntary,deepseek_flash,8.827468112520654,6819,flask/6,flask,6,1,13,0,73413,3869,0.001878,36.74
1.0,1,1.0,1.0,temporal_cochange,voluntary,deepseek_flash,8.827468112520654,6819,flask/6,flask,6,2,9,0,42468,4324,0.001853,42.6
1.0,1,1.0,1.0,temporal_cochange,voluntary,deepseek_flash,8.827468112520654,6819,flask/6,flask,6,3,10,0,51917,5106,0.00206,44.56
0.5,1,0.3333,1.0,temporal_cochange,voluntary,deepseek_flash,8.341410211461865,4194,gpt-engineer/11,gpt-engineer,11,1,9,0,72535,3131,0.003041,33.99
0.5,1,0.3333,1.0,temporal_cochange,voluntary,deepseek_flash,8.341410211461865,4194,gpt-engineer/11,gpt-engineer,11,2,9,0,84021,3771,0.003265,34.85
0.6667,1,0.5,1.0,temporal_cochange,voluntary,deepseek_flash,8.341410211461865,4194,gpt-engineer/11,gpt-engineer,11,3,20,0,213042,5092,0.003891,67.97
0.6667,0,1.0,0.5,temporal_cochange,voluntary,deepseek_flash,8.029432840581244,3070,gpt-engineer/12,gpt-engineer,12,1,17,0,186165,9476,0.004797,82.47
0.6667,0,1.0,0.5,temporal_cochange,voluntary,deepseek_flash,8.029432840581244,3070,gpt-engineer/12,gpt-engineer,12,2,14,0,128048,6049,0.003657,62.42
0.4,0,1.0,0.25,temporal_cochange,voluntary,deepseek_flash,8.029432840581244,3070,gpt-engineer/12,gpt-engineer,12,3,19,0,179101,6183,0.003729,68.73
0.5,1,0.3333,1.0,temporal_cochange,voluntary,deepseek_flash,8.36380888451688,4289,gpt-engineer/9,gpt-engineer,9,1,30,1,564888,25091,0.01358,230.96
0.0,0,0.0,0.0,temporal_cochange,voluntary,deepseek_flash,8.36380888451688,4289,gpt-engineer/9,gpt-engineer,9,2,29,0,515062,22661,0.012457,231.44
0.0,0,0.0,0.0,temporal_cochange,voluntary,deepseek_flash,8.36380888451688,4289,gpt-engineer/9,gpt-engineer,9,3,30,1,543569,19233,0.011326,182.69
0.0,0,0.0,0.0,temporal_cochange,voluntary,deepseek_flash,10.196231790580173,26802,keras/12,keras,12,1,16,0,119057,4053,0.002717,46.03
0.0,0,0.0,0.0,temporal_cochange,voluntary,deepseek_flash,10.196231790580173,26802,keras/12,keras,12,2,18,0,142643,5167,0.003522,63.89
0.2857,0,0.5,0.2,temporal_cochange,voluntary,deepseek_flash,10.196231790580173,26802,keras/12,keras,12,3,22,0,345169,7649,0.006087,88.17
0.0,0,0.0,0.0,temporal_cochange,voluntary,deepseek_flash,10.349134450277123,31230,keras/5,keras,5,1,30,1,865007,18211,0.017002,171.14
0.0,0,0.0,0.0,temporal_cochange,voluntary,deepseek_flash,10.349134450277123,31230,keras/5,keras,5,2,30,1,555603,10675,0.01079,124.51
0.0,0,0.0,0.0,temporal_cochange,voluntary,deepseek_flash,10.349134450277123,31230,keras/5,keras,5,3,30,1,636051,25512,0.015741,233.18
1.0,1,1.0,1.0,temporal_cochange,voluntary,deepseek_flash,10.444153492313001,34343,keras/9,keras,9,1,14,0,195798,11905,0.005614,112.65
1.0,1,1.0,1.0,temporal_cochange,voluntary,deepseek_flash,10.444153492313001,34343,keras/9,keras,9,2,13,0,164479,7858,0.004715,79.7
1.0,1,1.0,1.0,temporal_cochange,voluntary,deepseek_flash,10.444153492313001,34343,keras/9,keras,9,3,9,0,96360,7450,0.00374,65.54
0.25,0,1.0,0.1429,temporal_cochange,voluntary,deepseek_flash,9.61953186182516,15056,localstack/19,localstack,19,1,23,0,285810,4655,0.005684,56.48
0.25,0,1.0,0.1429,temporal_cochange,voluntary,deepseek_flash,9.61953186182516,15056,localstack/19,localstack,19,2,28,0,312792,5767,0.007104,72.95
0.0,0,0.0,0.0,temporal_cochange,voluntary,deepseek_flash,9.61953186182516,15056,localstack/19,localstack,19,3,11,0,82179,1970,0.003153,24.61
0.0,0,0.0,0.0,temporal_cochange,voluntary,deepseek_flash,10.563155506021905,38683,localstack/2,localstack,2,1,30,1,630515,7961,0.011492,87.92
0.0,0,0.0,0.0,temporal_cochange,voluntary,deepseek_flash,10.563155506021905,38683,localstack/2,localstack,2,2,30,1,710855,9030,0.013063,101.29
0.0,0,0.0,0.0,temporal_cochange,voluntary,deepseek_flash,10.563155506021905,38683,localstack/2,localstack,2,3,30,1,615649,9588,0.011025,110.47
0.0,0,0.0,0.0,temporal_cochange,voluntary,deepseek_flash,9.860214640302662,19153,localstack/9,localstack,9,1,30,1,502878,29974,0.014626,222.21
1.0,1,1.0,1.0,temporal_cochange,voluntary,deepseek_flash,9.860214640302662,19153,localstack/9,localstack,9,2,29,0,323905,17440,0.009083,142.33
1.0,1,1.0,1.0,temporal_cochange,voluntary,deepseek_flash,9.860214640302662,19153,localstack/9,localstack,9,3,30,1,373408,29471,0.012428,235.83
0.0,0,0.0,0.0,temporal_cochange,voluntary,deepseek_flash,11.189312196300184,72353,pandas/26,pandas,26,1,30,1,295271,3782,0.005377,50.89
0.0,0,0.0,0.0,temporal_cochange,voluntary,deepseek_flash,11.189312196300184,72353,pandas/26,pandas,26,2,30,1,332460,3428,0.006621,56.74
0.0,0,0.0,0.0,temporal_cochange,voluntary,deepseek_flash,11.189312196300184,72353,pandas/26,pandas,26,3,30,1,269273,3337,0.00516,51.69
0.0,0,0.0,0.0,temporal_cochange,voluntary,deepseek_flash,11.270446177349276,78468,pandas/35,pandas,35,1,30,1,489902,7362,0.00934,86.14
0.0,0,0.0,0.0,temporal_cochange,voluntary,deepseek_flash,11.270446177349276,78468,pandas/35,pandas,35,2,30,1,387632,6849,0.007383,82.6
0.0,0,0.0,0.0,temporal_cochange,voluntary,deepseek_flash,11.270446177349276,78468,pandas/35,pandas,35,3,30,1,211374,4561,0.005019,58.52
0.5,0,0.5,0.5,temporal_cochange,voluntary,deepseek_flash,12.08721590866289,177587,pandas/38,pandas,38,1,21,0,301631,7378,0.005237,73.82
0.0,0,0.0,0.0,temporal_cochange,voluntary,deepseek_flash,12.08721590866289,177587,pandas/38,pandas,38,2,30,1,591519,8024,0.009931,97.71
0.5,0,0.5,0.5,temporal_cochange,voluntary,deepseek_flash,12.08721590866289,177587,pandas/38,pandas,38,3,30,1,509083,7744,0.009305,90.75
0.0,0,0.0,0.0,temporal_cochange,voluntary,deepseek_flash,10.883015959814806,53264,pandas/44,pandas,44,1,30,1,262094,7782,0.005769,101.91
0.0,0,0.0,0.0,temporal_cochange,voluntary,deepseek_flash,10.883015959814806,53264,pandas/44,pandas,44,2,30,1,312306,9794,0.007233,102.6
0.5,0,0.5,0.5,temporal_cochange,voluntary,deepseek_flash,10.883015959814806,53264,pandas/44,pandas,44,3,30,1,227966,9865,0.005402,116.02
0.8,0,1.0,0.6667,temporal_cochange,voluntary,deepseek_flash,9.346705246496699,11461,requests/12,requests,12,1,18,0,253955,5132,0.00487,51.54
1.0,1,1.0,1.0,temporal_cochange,voluntary,deepseek_flash,9.346705246496699,11461,requests/12,requests,12,2,14,0,107926,3536,0.002542,40.55
0.8,0,1.0,0.6667,temporal_cochange,voluntary,deepseek_flash,9.346705246496699,11461,requests/12,requests,12,3,15,0,232589,4824,0.004656,54.57
1.0,1,1.0,1.0,temporal_cochange,voluntary,deepseek_flash,9.348274558065496,11479,requests/13,requests,13,1,12,0,177414,10219,0.005431,103.62
1.0,1,1.0,1.0,temporal_cochange,voluntary,deepseek_flash,9.348274558065496,11479,requests/13,requests,13,2,18,0,330019,17157,0.008437,146.91
1.0,1,1.0,1.0,temporal_cochange,voluntary,deepseek_flash,9.348274558065496,11479,requests/13,requests,13,3,12,0,186658,4899,0.004762,48.54
1.0,1,1.0,1.0,temporal_cochange,voluntary,deepseek_flash,7.958576903813898,2860,requests/7,requests,7,1,10,0,59433,6637,0.002663,60.5
1.0,1,1.0,1.0,temporal_cochange,voluntary,deepseek_flash,7.958576903813898,2860,requests/7,requests,7,2,10,0,57123,6837,0.002694,60.68
1.0,1,1.0,1.0,temporal_cochange,voluntary,deepseek_flash,7.958576903813898,2860,requests/7,requests,7,3,9,0,49526,5693,0.002188,54.88
1.0,1,1.0,1.0,temporal_cochange,voluntary,deepseek_flash,10.031000872835088,22720,rich/1,rich,1,1,6,0,22567,1509,0.000913,15.65
1.0,1,1.0,1.0,temporal_cochange,voluntary,deepseek_flash,10.031000872835088,22720,rich/1,rich,1,2,6,0,24466,2716,0.001183,25.69
1.0,1,1.0,1.0,temporal_cochange,voluntary,deepseek_flash,10.031000872835088,22720,rich/1,rich,1,3,8,0,35678,3209,0.001485,35.34
0.4,0,1.0,0.25,temporal_cochange,voluntary,deepseek_flash,10.051648903516648,23194,rich/12,rich,12,1,23,0,533898,12748,0.008754,123.28
0.4,0,1.0,0.25,temporal_cochange,voluntary,deepseek_flash,10.051648903516648,23194,rich/12,rich,12,2,30,1,891246,24979,0.018145,230.36
0.0,0,0.0,0.0,temporal_cochange,voluntary,deepseek_flash,10.051648903516648,23194,rich/12,rich,12,3,30,1,991016,43974,0.023839,410.9
1.0,1,1.0,1.0,temporal_cochange,voluntary,deepseek_flash,10.039939675671627,22924,rich/8,rich,8,1,9,0,68934,2542,0.002056,26.45
1.0,1,1.0,1.0,temporal_cochange,voluntary,deepseek_flash,10.039939675671627,22924,rich/8,rich,8,2,12,0,94133,2496,0.002111,29.58
1.0,1,1.0,1.0,temporal_cochange,voluntary,deepseek_flash,10.039939675671627,22924,rich/8,rich,8,3,8,0,56181,1255,0.001578,17.76
0.6667,0,1.0,0.5,temporal_cochange,voluntary,deepseek_flash,11.620954417182327,111408,scikit-learn/45,scikit-learn,45,1,23,0,100725,3073,0.001738,39.07
0.6667,0,1.0,0.5,temporal_cochange,voluntary,deepseek_flash,11.620954417182327,111408,scikit-learn/45,scikit-learn,45,2,16,0,158240,3306,0.003164,38.71
0.6667,0,1.0,0.5,temporal_cochange,voluntary,deepseek_flash,11.620954417182327,111408,scikit-learn/45,scikit-learn,45,3,23,0,122714,2462,0.002117,39.81
1.0,1,1.0,1.0,temporal_cochange,voluntary,deepseek_flash,11.55076060327325,103856,scikit-learn/49,scikit-learn,49,1,22,0,313059,4848,0.004794,50.74
1.0,1,1.0,1.0,temporal_cochange,voluntary,deepseek_flash,11.55076060327325,103856,scikit-learn/49,scikit-learn,49,2,15,0,279615,3705,0.005183,39.22
1.0,1,1.0,1.0,temporal_cochange,voluntary,deepseek_flash,11.55076060327325,103856,scikit-learn/49,scikit-learn,49,3,14,0,244664,4285,0.004931,47.71
1.0,1,1.0,1.0,temporal_cochange,voluntary,deepseek_flash,11.525654110946952,101281,scikit-learn/5,scikit-learn,5,1,14,0,297443,36096,0.012604,314.63
1.0,1,1.0,1.0,temporal_cochange,voluntary,deepseek_flash,11.525654110946952,101281,scikit-learn/5,scikit-learn,5,2,20,0,766924,58952,0.021141,550.86
1.0,1,1.0,1.0,temporal_cochange,voluntary,deepseek_flash,11.525654110946952,101281,scikit-learn/5,scikit-learn,5,3,12,0,306909,39975,0.013769,366.41
1.0,1,1.0,1.0,temporal_cochange,voluntary,deepseek_flash,9.796458979777604,17970,scrapy/20,scrapy,20,1,4,0,18465,945,0.001216,8.77
1.0,1,1.0,1.0,temporal_cochange,voluntary,deepseek_flash,9.796458979777604,17970,scrapy/20,scrapy,20,2,6,0,36546,1679,0.001547,17.31
1.0,1,1.0,1.0,temporal_cochange,voluntary,deepseek_flash,9.796458979777604,17970,scrapy/20,scrapy,20,3,5,0,26945,1229,0.001342,58.12
0.6667,1,0.5,1.0,temporal_cochange,voluntary,deepseek_flash,9.655026193237628,15600,scrapy/26,scrapy,26,1,14,0,142800,2462,0.003137,30.68
0.6667,1,0.5,1.0,temporal_cochange,voluntary,deepseek_flash,9.655026193237628,15600,scrapy/26,scrapy,26,2,14,0,223864,2793,0.005236,35.23
0.6667,1,0.5,1.0,temporal_cochange,voluntary,deepseek_flash,9.655026193237628,15600,scrapy/26,scrapy,26,3,22,0,285612,5790,0.004991,65.7
0.0,0,0.0,0.0,temporal_cochange,voluntary,deepseek_flash,9.73477299914839,16895,scrapy/48,scrapy,48,1,30,1,312962,7110,0.006573,81.94
0.0,0,0.0,0.0,temporal_cochange,voluntary,deepseek_flash,9.73477299914839,16895,scrapy/48,scrapy,48,2,30,1,259477,5708,0.00519,81.53
0.6667,0,1.0,0.5,temporal_cochange,voluntary,deepseek_flash,9.73477299914839,16895,scrapy/48,scrapy,48,3,30,1,316196,8785,0.007143,93.2
1.0,1,1.0,1.0,temporal_cochange,voluntary,deepseek_flash,9.961803629358965,21201,stable-diffusion-webui/0,stable-diffusion-webui,0,1,3,0,51784,1341,0.002901,12.61
1.0,1,1.0,1.0,temporal_cochange,voluntary,deepseek_flash,9.961803629358965,21201,stable-diffusion-webui/0,stable-diffusion-webui,0,2,9,0,180292,2776,0.00433,32.74
1.0,1,1.0,1.0,temporal_cochange,voluntary,deepseek_flash,9.961803629358965,21201,stable-diffusion-webui/0,stable-diffusion-webui,0,3,12,0,227696,2223,0.003822,27.88
0.6667,1,0.5,1.0,temporal_cochange,voluntary,deepseek_flash,9.908425341565751,20099,stable-diffusion-webui/13,stable-diffusion-webui,13,1,24,0,603093,16424,0.009425,176.94
1.0,1,1.0,1.0,temporal_cochange,voluntary,deepseek_flash,9.908425341565751,20099,stable-diffusion-webui/13,stable-diffusion-webui,13,2,26,0,1225535,22273,0.023129,206.02
0.0,0,0.0,0.0,temporal_cochange,voluntary,deepseek_flash,9.908425341565751,20099,stable-diffusion-webui/13,stable-diffusion-webui,13,3,27,0,1399338,23336,0.024964,199.85
0.6667,0,1.0,0.5,temporal_cochange,voluntary,deepseek_flash,10.028797743501574,22670,stable-diffusion-webui/5,stable-diffusion-webui,5,1,22,0,477515,20964,0.010554,159.99
0.6667,0,1.0,0.5,temporal_cochange,voluntary,deepseek_flash,10.028797743501574,22670,stable-diffusion-webui/5,stable-diffusion-webui,5,2,17,0,218659,13743,0.006695,101.87
0.6667,0,1.0,0.5,temporal_cochange,voluntary,deepseek_flash,10.028797743501574,22670,stable-diffusion-webui/5,stable-diffusion-webui,5,3,27,0,660298,25260,0.018081,221.84
0.4,0,0.5,0.3333,temporal_cochange,voluntary,deepseek_flash,8.483636407887394,4835,thefuck/10,thefuck,10,1,27,0,452785,21068,0.012407,206.58
0.4,0,0.5,0.3333,temporal_cochange,voluntary,deepseek_flash,8.483636407887394,4835,thefuck/10,thefuck,10,2,30,0,493618,27619,0.016709,233.0
0.5,0,1.0,0.3333,temporal_cochange,voluntary,deepseek_flash,8.483636407887394,4835,thefuck/10,thefuck,10,3,30,0,951397,31556,0.022893,258.38
0.0,0,0.0,0.0,temporal_cochange,voluntary,deepseek_flash,8.270781013162674,3908,thefuck/20,thefuck,20,1,16,0,103916,4519,0.002836,45.02
0.0,0,0.0,0.0,temporal_cochange,voluntary,deepseek_flash,8.270781013162674,3908,thefuck/20,thefuck,20,2,13,0,72801,5454,0.002605,51.41
0.0,0,0.0,0.0,temporal_cochange,voluntary,deepseek_flash,8.270781013162674,3908,thefuck/20,thefuck,20,3,12,0,46083,2056,0.001302,25.35
1.0,1,1.0,1.0,temporal_cochange,voluntary,deepseek_flash,7.822845290279774,2497,thefuck/5,thefuck,5,1,10,0,60835,5052,0.002696,49.79
1.0,1,1.0,1.0,temporal_cochange,voluntary,deepseek_flash,7.822845290279774,2497,thefuck/5,thefuck,5,2,16,0,76733,2249,0.001801,31.53
1.0,1,1.0,1.0,temporal_cochange,voluntary,deepseek_flash,7.822845290279774,2497,thefuck/5,thefuck,5,3,13,0,104978,6259,0.002962,58.78
1.0,1,1.0,1.0,temporal_cochange,voluntary,deepseek_flash,12.430331574579306,250279,transformers/25,transformers,25,1,8,0,47850,4350,0.001928,44.14
1.0,1,1.0,1.0,temporal_cochange,voluntary,deepseek_flash,12.430331574579306,250279,transformers/25,transformers,25,2,6,0,31033,3146,0.001731,28.38
1.0,1,1.0,1.0,temporal_cochange,voluntary,deepseek_flash,12.430331574579306,250279,transformers/25,transformers,25,3,9,0,53054,4005,0.001911,41.27
0.1538,0,1.0,0.0833,temporal_cochange,voluntary,deepseek_flash,12.407424472605875,244611,transformers/27,transformers,27,1,10,0,62054,2178,0.001711,25.57
0.1538,0,1.0,0.0833,temporal_cochange,voluntary,deepseek_flash,12.407424472605875,244611,transformers/27,transformers,27,2,4,0,20011,1025,0.000981,10.14
0.1538,0,1.0,0.0833,temporal_cochange,voluntary,deepseek_flash,12.407424472605875,244611,transformers/27,transformers,27,3,4,0,24434,1048,0.001326,12.27
0.8889,0,1.0,0.8,temporal_cochange,voluntary,deepseek_flash,11.587420505060633,107734,transformers/5,transformers,5,1,30,1,809811,8446,0.016428,99.37
0.75,0,1.0,0.6,temporal_cochange,voluntary,deepseek_flash,11.587420505060633,107734,transformers/5,transformers,5,2,19,0,633738,5959,0.009837,64.11
0.8889,0,1.0,0.8,temporal_cochange,voluntary,deepseek_flash,11.587420505060633,107734,transformers/5,transformers,5,3,18,0,747857,6555,0.010912,73.66
1.0,1,1.0,1.0,temporal_cochange,voluntary,deepseek_flash,12.095096391086711,178992,yt-dlp/23,yt-dlp,23,1,15,0,212185,11174,0.005614,104.44
1.0,1,1.0,1.0,temporal_cochange,voluntary,deepseek_flash,12.095096391086711,178992,yt-dlp/23,yt-dlp,23,2,19,0,221861,9764,0.004748,108.03
1.0,1,1.0,1.0,temporal_cochange,voluntary,deepseek_flash,12.095096391086711,178992,yt-dlp/23,yt-dlp,23,3,20,0,290655,8376,0.005262,106.63
0.0,0,0.0,0.0,temporal_cochange,voluntary,deepseek_flash,12.1489730534896,188900,yt-dlp/41,yt-dlp,41,1,30,1,597448,10346,0.009918,118.22
0.5,1,0.3333,1.0,temporal_cochange,voluntary,deepseek_flash,12.1489730534896,188900,yt-dlp/41,yt-dlp,41,2,30,1,529295,15477,0.010823,155.72
0.0,0,0.0,0.0,temporal_cochange,voluntary,deepseek_flash,12.1489730534896,188900,yt-dlp/41,yt-dlp,41,3,26,0,493659,18498,0.012176,196.21
0.0,0,0.0,0.0,temporal_cochange,voluntary,deepseek_flash,12.198660241414718,198523,yt-dlp/45,yt-dlp,45,1,30,1,710609,6655,0.011082,87.05
0.0,0,0.0,0.0,temporal_cochange,voluntary,deepseek_flash,12.198660241414718,198523,yt-dlp/45,yt-dlp,45,2,30,1,471423,8305,0.008369,87.74
0.0,0,0.0,0.0,temporal_cochange,voluntary,deepseek_flash,12.198660241414718,198523,yt-dlp/45,yt-dlp,45,3,30,1,291378,5591,0.005725,73.01
1.0,1,1.0,1.0,temporal_cochange,voluntary,nemotron_super,12.068688124847148,174327,core/16,core,16,1,5,0,13547,9147,0.00481,122.81
1.0,1,1.0,1.0,temporal_cochange,voluntary,nemotron_super,12.068688124847148,174327,core/16,core,16,2,4,0,11637,5739,0.003285,76.97
1.0,1,1.0,1.0,temporal_cochange,voluntary,nemotron_super,12.068688124847148,174327,core/16,core,16,3,13,0,104482,31142,0.021338,296.85
1.0,1,1.0,1.0,temporal_cochange,voluntary,nemotron_super,11.506545154005941,99364,core/20,core,20,1,6,0,30562,13347,0.007937,273.22
1.0,1,1.0,1.0,temporal_cochange,voluntary,nemotron_super,11.506545154005941,99364,core/20,core,20,2,3,0,13648,9694,0.005038,98.74
1.0,1,1.0,1.0,temporal_cochange,voluntary,nemotron_super,11.506545154005941,99364,core/20,core,20,3,9,0,49390,18462,0.011583,169.37
0.0,0,0.0,0.0,temporal_cochange,voluntary,nemotron_super,8.579980179515003,5324,fastapi/17,fastapi,17,1,7,0,49803,16738,0.010928,213.58
0.0,0,0.0,0.0,temporal_cochange,voluntary,nemotron_super,8.579980179515003,5324,fastapi/17,fastapi,17,2,10,0,96649,40120,0.024263,586.62
0.0,0,0.0,0.0,temporal_cochange,voluntary,nemotron_super,8.579980179515003,5324,fastapi/17,fastapi,17,3,8,0,62212,16675,0.011958,166.33
0.0,0,0.0,0.0,temporal_cochange,voluntary,nemotron_super,8.518991573357617,5009,fastapi/20,fastapi,20,1,6,0,30040,12695,0.007631,452.23
0.0,0,0.0,0.0,temporal_cochange,voluntary,nemotron_super,8.518991573357617,5009,fastapi/20,fastapi,20,2,7,0,16817,14650,0.007289,489.56
0.0,0,0.0,0.0,temporal_cochange,voluntary,nemotron_super,8.518991573357617,5009,fastapi/20,fastapi,20,3,10,0,25659,16778,0.008892,112.69
0.5,0,1.0,0.3333,temporal_cochange,voluntary,nemotron_super,8.482187582217422,4828,fastapi/9,fastapi,9,1,4,0,18544,11775,0.006286,148.67
0.5,0,1.0,0.3333,temporal_cochange,voluntary,nemotron_super,8.482187582217422,4828,fastapi/9,fastapi,9,2,6,0,32475,10833,0.007094,147.21
0.5,0,1.0,0.3333,temporal_cochange,voluntary,nemotron_super,8.482187582217422,4828,fastapi/9,fastapi,9,3,6,0,23967,10023,0.006046,96.92
1.0,1,1.0,1.0,temporal_cochange,voluntary,nemotron_super,8.808369153122275,6690,flask/18,flask,18,1,8,0,45324,6995,0.006651,96.28
0.6667,0,1.0,0.5,temporal_cochange,voluntary,nemotron_super,8.808369153122275,6690,flask/18,flask,18,2,8,0,54746,5987,0.007048,78.95
1.0,1,1.0,1.0,temporal_cochange,voluntary,nemotron_super,8.808369153122275,6690,flask/18,flask,18,3,11,0,83975,23335,0.016472,383.3
1.0,1,1.0,1.0,temporal_cochange,voluntary,nemotron_super,8.899457906353966,7328,flask/3,flask,3,1,11,0,27040,7761,0.005403,102.75
1.0,1,1.0,1.0,temporal_cochange,voluntary,nemotron_super,8.899457906353966,7328,flask/3,flask,3,2,17,0,61645,32611,0.018284,426.94
1.0,1,1.0,1.0,temporal_cochange,voluntary,nemotron_super,8.899457906353966,7328,flask/3,flask,3,3,12,0,38618,23392,0.012639,264.41
1.0,1,1.0,1.0,temporal_cochange,voluntary,nemotron_super,8.827468112520654,6819,flask/6,flask,6,1,3,0,13524,4686,0.003024,72.6
1.0,1,1.0,1.0,temporal_cochange,voluntary,nemotron_super,8.827468112520654,6819,flask/6,flask,6,2,8,0,63628,15516,0.011615,306.96
1.0,1,1.0,1.0,temporal_cochange,voluntary,nemotron_super,8.827468112520654,6819,flask/6,flask,6,3,5,0,32897,14963,0.008781,208.23
0.0,0,0.0,0.0,temporal_cochange,voluntary,nemotron_super,8.341410211461865,4194,gpt-engineer/11,gpt-engineer,11,1,9,0,31312,22695,0.01174,293.4
0.0,0,0.0,0.0,temporal_cochange,voluntary,nemotron_super,8.341410211461865,4194,gpt-engineer/11,gpt-engineer,11,2,5,0,11666,10275,0.005102,115.77
0.6667,1,0.5,1.0,temporal_cochange,voluntary,nemotron_super,8.341410211461865,4194,gpt-engineer/11,gpt-engineer,11,3,10,0,52260,37006,0.019245,377.17
0.4,0,1.0,0.25,temporal_cochange,voluntary,nemotron_super,8.029432840581244,3070,gpt-engineer/12,gpt-engineer,12,1,13,0,62417,17280,0.012217,191.71
0.4,0,1.0,0.25,temporal_cochange,voluntary,nemotron_super,8.029432840581244,3070,gpt-engineer/12,gpt-engineer,12,2,24,0,143687,25704,0.022495,581.88
0.4,0,1.0,0.25,temporal_cochange,voluntary,nemotron_super,8.029432840581244,3070,gpt-engineer/12,gpt-engineer,12,3,21,0,122819,27018,0.021247,295.64
0.0,0,0.0,0.0,temporal_cochange,voluntary,nemotron_super,8.36380888451688,4289,gpt-engineer/9,gpt-engineer,9,1,13,0,113178,34515,0.023426,451.76
0.6667,1,0.5,1.0,temporal_cochange,voluntary,nemotron_super,8.36380888451688,4289,gpt-engineer/9,gpt-engineer,9,2,10,0,67472,16620,0.012383,261.89
0.0,0,0.0,0.0,temporal_cochange,voluntary,nemotron_super,8.36380888451688,4289,gpt-engineer/9,gpt-engineer,9,3,12,0,101146,16900,0.015357,225.42
0.0,0,0.0,0.0,temporal_cochange,voluntary,nemotron_super,10.196231790580173,26802,keras/12,keras,12,1,7,0,16409,16560,0.008019,231.48
0.0,0,0.0,0.0,temporal_cochange,voluntary,nemotron_super,10.196231790580173,26802,keras/12,keras,12,2,6,0,13767,6775,0.00388,74.1
0.0,0,0.0,0.0,temporal_cochange,voluntary,nemotron_super,10.196231790580173,26802,keras/12,keras,12,3,5,0,9724,5099,0.002866,66.74
0.0,0,0.0,0.0,temporal_cochange,voluntary,nemotron_super,10.349134450277123,31230,keras/5,keras,5,1,10,0,106516,25133,0.019107,441.26
1.0,1,1.0,1.0,temporal_cochange,voluntary,nemotron_super,10.349134450277123,31230,keras/5,keras,5,2,13,0,183930,45972,0.034023,572.46
0.0,0,0.0,0.0,temporal_cochange,voluntary,nemotron_super,10.349134450277123,31230,keras/5,keras,5,3,16,0,236807,54153,0.04179,480.7
1.0,1,1.0,1.0,temporal_cochange,voluntary,nemotron_super,10.444153492313001,34343,keras/9,keras,9,1,4,0,20711,16257,0.008263,168.71
1.0,1,1.0,1.0,temporal_cochange,voluntary,nemotron_super,10.444153492313001,34343,keras/9,keras,9,2,4,0,20787,14202,0.007448,236.91
0.0,0,0.0,0.0,temporal_cochange,voluntary,nemotron_super,10.444153492313001,34343,keras/9,keras,9,3,6,0,51939,29464,0.0162,404.71
0.0,0,0.0,0.0,temporal_cochange,voluntary,nemotron_super,9.61953186182516,15056,localstack/19,localstack,19,1,11,0,28872,4509,0.004258,110.52
0.0,0,0.0,0.0,temporal_cochange,voluntary,nemotron_super,9.61953186182516,15056,localstack/19,localstack,19,2,9,0,51905,3728,0.005903,64.23
0.0,0,0.0,0.0,temporal_cochange,voluntary,nemotron_super,9.61953186182516,15056,localstack/19,localstack,19,3,9,0,34172,2941,0.004081,75.54
1.0,1,1.0,1.0,temporal_cochange,voluntary,nemotron_super,10.563155506021905,38683,localstack/2,localstack,2,1,18,0,179935,24286,0.025009,394.11
1.0,1,1.0,1.0,temporal_cochange,voluntary,nemotron_super,10.563155506021905,38683,localstack/2,localstack,2,2,25,0,267093,36562,0.037328,759.93
1.0,1,1.0,1.0,temporal_cochange,voluntary,nemotron_super,10.563155506021905,38683,localstack/2,localstack,2,3,23,0,265702,50175,0.042655,494.86
1.0,1,1.0,1.0,temporal_cochange,voluntary,nemotron_super,9.860214640302662,19153,localstack/9,localstack,9,1,11,0,132436,47159,0.030121,609.53
1.0,1,1.0,1.0,temporal_cochange,voluntary,nemotron_super,9.860214640302662,19153,localstack/9,localstack,9,2,13,0,142134,62144,0.036939,545.97
1.0,1,1.0,1.0,temporal_cochange,voluntary,nemotron_super,9.860214640302662,19153,localstack/9,localstack,9,3,8,0,97570,13584,0.013727,140.12
0.6667,0,1.0,0.5,temporal_cochange,voluntary,nemotron_super,11.189312196300184,72353,pandas/26,pandas,26,1,30,1,347479,11433,0.034109,152.88
0.0,0,0.0,0.0,temporal_cochange,voluntary,nemotron_super,11.189312196300184,72353,pandas/26,pandas,26,2,30,1,770515,11165,0.06996,205.41
0.0,0,0.0,0.0,temporal_cochange,voluntary,nemotron_super,11.189312196300184,72353,pandas/26,pandas,26,3,30,1,435646,9032,0.040643,158.39
0.0,0,0.0,0.0,temporal_cochange,voluntary,nemotron_super,11.270446177349276,78468,pandas/35,pandas,35,1,30,1,195101,11968,0.021371,169.52
0.0,0,0.0,0.0,temporal_cochange,voluntary,nemotron_super,11.270446177349276,78468,pandas/35,pandas,35,2,30,1,315873,12603,0.03189,178.19
0.0,0,0.0,0.0,temporal_cochange,voluntary,nemotron_super,11.270446177349276,78468,pandas/35,pandas,35,3,30,1,234761,10247,0.024053,163.49
0.6667,0,1.0,0.5,temporal_cochange,voluntary,nemotron_super,12.08721590866289,177587,pandas/38,pandas,38,1,6,0,29276,12618,0.007536,202.11
0.6667,0,1.0,0.5,temporal_cochange,voluntary,nemotron_super,12.08721590866289,177587,pandas/38,pandas,38,2,6,0,28612,9527,0.006243,130.4
0.5,0,0.5,0.5,temporal_cochange,voluntary,nemotron_super,12.08721590866289,177587,pandas/38,pandas,38,3,10,0,79496,15525,0.012967,135.14
0.0,0,0.0,0.0,temporal_cochange,voluntary,nemotron_super,10.883015959814806,53264,pandas/44,pandas,44,1,12,0,177980,17352,0.022069,163.56
0.0,0,0.0,0.0,temporal_cochange,voluntary,nemotron_super,10.883015959814806,53264,pandas/44,pandas,44,2,17,0,76313,11704,0.011168,201.86
0.0,0,0.0,0.0,temporal_cochange,voluntary,nemotron_super,10.883015959814806,53264,pandas/44,pandas,44,3,9,0,82744,10781,0.011346,102.72
0.8,0,1.0,0.6667,temporal_cochange,voluntary,nemotron_super,9.346705246496699,11461,requests/12,requests,12,1,12,0,67717,22060,0.01458,266.15
0.8,0,1.0,0.6667,temporal_cochange,voluntary,nemotron_super,9.346705246496699,11461,requests/12,requests,12,2,7,0,24089,6232,0.00454,86.86
0.8,0,1.0,0.6667,temporal_cochange,voluntary,nemotron_super,9.346705246496699,11461,requests/12,requests,12,3,6,0,21880,5054,0.003881,71.87
1.0,1,1.0,1.0,temporal_cochange,voluntary,nemotron_super,9.348274558065496,11479,requests/13,requests,13,1,5,0,15104,3867,0.002831,46.51
1.0,1,1.0,1.0,temporal_cochange,voluntary,nemotron_super,9.348274558065496,11479,requests/13,requests,13,2,6,0,26573,11433,0.006832,127.15
0.0,0,0.0,0.0,temporal_cochange,voluntary,nemotron_super,9.348274558065496,11479,requests/13,requests,13,3,6,0,16978,7522,0.004452,105.06
0.0,0,0.0,0.0,temporal_cochange,voluntary,nemotron_super,7.958576903813898,2860,requests/7,requests,7,1,7,0,20583,16575,0.00838,225.98
1.0,1,1.0,1.0,temporal_cochange,voluntary,nemotron_super,7.958576903813898,2860,requests/7,requests,7,2,8,0,33524,26760,0.013554,308.4
1.0,1,1.0,1.0,temporal_cochange,voluntary,nemotron_super,7.958576903813898,2860,requests/7,requests,7,3,7,0,64830,20873,0.01386,202.61
1.0,1,1.0,1.0,temporal_cochange,voluntary,nemotron_super,10.031000872835088,22720,rich/1,rich,1,1,9,0,31560,10058,0.006706,163.17
1.0,1,1.0,1.0,temporal_cochange,voluntary,nemotron_super,10.031000872835088,22720,rich/1,rich,1,2,8,0,28147,9859,0.006336,129.86
1.0,1,1.0,1.0,temporal_cochange,voluntary,nemotron_super,10.031000872835088,22720,rich/1,rich,1,3,14,0,64436,20215,0.013563,231.92
0.4,0,1.0,0.25,temporal_cochange,voluntary,nemotron_super,10.051648903516648,23194,rich/12,rich,12,1,7,0,74703,31697,0.019029,322.39
0.4,0,1.0,0.25,temporal_cochange,voluntary,nemotron_super,10.051648903516648,23194,rich/12,rich,12,2,10,0,103736,34504,0.022619,395.26
0.4,0,1.0,0.25,temporal_cochange,voluntary,nemotron_super,10.051648903516648,23194,rich/12,rich,12,3,6,0,39174,10568,0.007557,100.46
1.0,1,1.0,1.0,temporal_cochange,voluntary,nemotron_super,10.039939675671627,22924,rich/8,rich,8,1,5,0,25313,5347,0.00429,74.35
1.0,1,1.0,1.0,temporal_cochange,voluntary,nemotron_super,10.039939675671627,22924,rich/8,rich,8,2,7,0,42633,11559,0.008247,191.44
1.0,1,1.0,1.0,temporal_cochange,voluntary,nemotron_super,10.039939675671627,22924,rich/8,rich,8,3,7,0,41005,9171,0.007154,70.59
0.6667,0,1.0,0.5,temporal_cochange,voluntary,nemotron_super,11.620954417182327,111408,scikit-learn/45,scikit-learn,45,1,11,0,32097,10594,0.006966,149.1
0.6667,0,1.0,0.5,temporal_cochange,voluntary,nemotron_super,11.620954417182327,111408,scikit-learn/45,scikit-learn,45,2,18,0,58647,17285,0.011899,245.85
0.6667,0,1.0,0.5,temporal_cochange,voluntary,nemotron_super,11.620954417182327,111408,scikit-learn/45,scikit-learn,45,3,15,0,45751,14531,0.009701,143.85
1.0,1,1.0,1.0,temporal_cochange,voluntary,nemotron_super,11.55076060327325,103856,scikit-learn/49,scikit-learn,49,1,23,0,348607,18231,0.036924,521.5
1.0,1,1.0,1.0,temporal_cochange,voluntary,nemotron_super,11.55076060327325,103856,scikit-learn/49,scikit-learn,49,2,7,0,81784,8914,0.010517,192.09
1.0,1,1.0,1.0,temporal_cochange,voluntary,nemotron_super,11.55076060327325,103856,scikit-learn/49,scikit-learn,49,3,15,0,147831,13602,0.018006,154.68
1.0,1,1.0,1.0,temporal_cochange,voluntary,nemotron_super,11.525654110946952,101281,scikit-learn/5,scikit-learn,5,1,10,0,61594,19644,0.013093,252.67
1.0,1,1.0,1.0,temporal_cochange,voluntary,nemotron_super,11.525654110946952,101281,scikit-learn/5,scikit-learn,5,2,7,0,45661,27139,0.014737,870.09
1.0,1,1.0,1.0,temporal_cochange,voluntary,nemotron_super,11.525654110946952,101281,scikit-learn/5,scikit-learn,5,3,5,0,27632,4910,0.004313,62.11
1.0,1,1.0,1.0,temporal_cochange,voluntary,nemotron_super,9.796458979777604,17970,scrapy/20,scrapy,20,1,4,0,13131,2520,0.002124,70.55
1.0,1,1.0,1.0,temporal_cochange,voluntary,nemotron_super,9.796458979777604,17970,scrapy/20,scrapy,20,2,4,0,13127,1558,0.001739,30.99
1.0,1,1.0,1.0,temporal_cochange,voluntary,nemotron_super,9.796458979777604,17970,scrapy/20,scrapy,20,3,7,0,39822,4123,0.005034,65.32
1.0,1,1.0,1.0,temporal_cochange,voluntary,nemotron_super,9.655026193237628,15600,scrapy/26,scrapy,26,1,5,0,22147,5141,0.003939,73.24
1.0,1,1.0,1.0,temporal_cochange,voluntary,nemotron_super,9.655026193237628,15600,scrapy/26,scrapy,26,2,4,0,15482,6906,0.004078,77.22
1.0,1,1.0,1.0,temporal_cochange,voluntary,nemotron_super,9.655026193237628,15600,scrapy/26,scrapy,26,3,5,0,22147,6231,0.004375,81.82
0.5,0,0.5,0.5,temporal_cochange,voluntary,nemotron_super,9.73477299914839,16895,scrapy/48,scrapy,48,1,12,0,41480,15607,0.009769,224.36
0.0,0,0.0,0.0,temporal_cochange,voluntary,nemotron_super,9.73477299914839,16895,scrapy/48,scrapy,48,2,11,0,33022,14405,0.008569,143.06
0.0,0,0.0,0.0,temporal_cochange,voluntary,nemotron_super,9.73477299914839,16895,scrapy/48,scrapy,48,3,8,0,21450,8680,0.005295,82.89
1.0,1,1.0,1.0,temporal_cochange,voluntary,nemotron_super,9.961803629358965,21201,stable-diffusion-webui/0,stable-diffusion-webui,0,1,5,0,89071,4703,0.009452,60.9
1.0,1,1.0,1.0,temporal_cochange,voluntary,nemotron_super,9.961803629358965,21201,stable-diffusion-webui/0,stable-diffusion-webui,0,2,2,0,33767,2018,0.003677,32.36
1.0,1,1.0,1.0,temporal_cochange,voluntary,nemotron_super,9.961803629358965,21201,stable-diffusion-webui/0,stable-diffusion-webui,0,3,2,0,33765,2057,0.003693,25.7
1.0,1,1.0,1.0,temporal_cochange,voluntary,nemotron_super,9.908425341565751,20099,stable-diffusion-webui/13,stable-diffusion-webui,13,1,25,0,446126,21174,0.04639,491.54
1.0,1,1.0,1.0,temporal_cochange,voluntary,nemotron_super,9.908425341565751,20099,stable-diffusion-webui/13,stable-diffusion-webui,13,2,17,0,429557,20232,0.044605,317.07
1.0,1,1.0,1.0,temporal_cochange,voluntary,nemotron_super,9.908425341565751,20099,stable-diffusion-webui/13,stable-diffusion-webui,13,3,25,0,394095,28687,0.044973,292.08
0.0,0,0.0,0.0,temporal_cochange,voluntary,nemotron_super,10.028797743501574,22670,stable-diffusion-webui/5,stable-diffusion-webui,5,1,18,0,278878,20623,0.031954,282.2
0.0,0,0.0,0.0,temporal_cochange,voluntary,nemotron_super,10.028797743501574,22670,stable-diffusion-webui/5,stable-diffusion-webui,5,2,9,0,67993,11262,0.010284,199.35
0.0,0,0.0,0.0,temporal_cochange,voluntary,nemotron_super,10.028797743501574,22670,stable-diffusion-webui/5,stable-diffusion-webui,5,3,9,0,131673,14869,0.01714,207.23
0.0,0,0.0,0.0,temporal_cochange,voluntary,nemotron_super,8.483636407887394,4835,thefuck/10,thefuck,10,1,9,0,32213,21966,0.011525,410.76
0.0,0,0.0,0.0,temporal_cochange,voluntary,nemotron_super,8.483636407887394,4835,thefuck/10,thefuck,10,2,7,0,22476,8616,0.005357,158.07
0.4,0,0.5,0.3333,temporal_cochange,voluntary,nemotron_super,8.483636407887394,4835,thefuck/10,thefuck,10,3,8,0,24718,14069,0.007729,240.84
0.0,0,0.0,0.0,temporal_cochange,voluntary,nemotron_super,8.270781013162674,3908,thefuck/20,thefuck,20,1,21,0,99902,32498,0.021491,417.73
0.0,0,0.0,0.0,temporal_cochange,voluntary,nemotron_super,8.270781013162674,3908,thefuck/20,thefuck,20,2,28,0,147128,34615,0.026352,670.93
0.0,0,0.0,0.0,temporal_cochange,voluntary,nemotron_super,8.270781013162674,3908,thefuck/20,thefuck,20,3,19,0,69390,31309,0.018422,333.81
1.0,1,1.0,1.0,temporal_cochange,voluntary,nemotron_super,7.822845290279774,2497,thefuck/5,thefuck,5,1,17,0,92788,41501,0.024487,622.62
0.0,0,0.0,0.0,temporal_cochange,voluntary,nemotron_super,7.822845290279774,2497,thefuck/5,thefuck,5,2,12,0,58688,17704,0.01207,163.0
1.0,1,1.0,1.0,temporal_cochange,voluntary,nemotron_super,7.822845290279774,2497,thefuck/5,thefuck,5,3,6,0,20624,9033,0.005366,92.34
1.0,1,1.0,1.0,temporal_cochange,voluntary,nemotron_super,12.430331574579306,250279,transformers/25,transformers,25,1,11,0,52635,9936,0.008448,204.68
1.0,1,1.0,1.0,temporal_cochange,voluntary,nemotron_super,12.430331574579306,250279,transformers/25,transformers,25,2,14,0,135825,11091,0.015982,177.17
1.0,1,1.0,1.0,temporal_cochange,voluntary,nemotron_super,12.430331574579306,250279,transformers/25,transformers,25,3,21,0,119822,28297,0.021504,218.92
0.1538,0,1.0,0.0833,temporal_cochange,voluntary,nemotron_super,12.407424472605875,244611,transformers/27,transformers,27,1,3,0,16213,548,0.001597,10.14
0.1538,0,1.0,0.0833,temporal_cochange,voluntary,nemotron_super,12.407424472605875,244611,transformers/27,transformers,27,2,3,0,10940,882,0.001283,12.16
0.1538,0,1.0,0.0833,temporal_cochange,voluntary,nemotron_super,12.407424472605875,244611,transformers/27,transformers,27,3,8,0,27497,2293,0.003254,25.4
0.3333,0,1.0,0.2,temporal_cochange,voluntary,nemotron_super,11.587420505060633,107734,transformers/5,transformers,5,1,16,0,191685,11793,0.02101,198.13
0.3333,0,1.0,0.2,temporal_cochange,voluntary,nemotron_super,11.587420505060633,107734,transformers/5,transformers,5,2,15,0,174626,10803,0.019164,177.45
0.3333,0,1.0,0.2,temporal_cochange,voluntary,nemotron_super,11.587420505060633,107734,transformers/5,transformers,5,3,26,0,534831,20020,0.053469,296.95
1.0,1,1.0,1.0,temporal_cochange,voluntary,nemotron_super,12.095096391086711,178992,yt-dlp/23,yt-dlp,23,1,2,0,7253,5743,0.002914,61.16
1.0,1,1.0,1.0,temporal_cochange,voluntary,nemotron_super,12.095096391086711,178992,yt-dlp/23,yt-dlp,23,2,8,0,68906,23618,0.015304,305.29
1.0,1,1.0,1.0,temporal_cochange,voluntary,nemotron_super,12.095096391086711,178992,yt-dlp/23,yt-dlp,23,3,5,0,38842,7634,0.006355,73.63
0.0,0,0.0,0.0,temporal_cochange,voluntary,nemotron_super,12.1489730534896,188900,yt-dlp/41,yt-dlp,41,1,30,1,292444,23830,0.03439,365.94
0.0,0,0.0,0.0,temporal_cochange,voluntary,nemotron_super,12.1489730534896,188900,yt-dlp/41,yt-dlp,41,2,26,0,227385,21138,0.027783,261.22
0.0,0,0.0,0.0,temporal_cochange,voluntary,nemotron_super,12.1489730534896,188900,yt-dlp/41,yt-dlp,41,3,17,0,147310,10927,0.016892,160.78
0.6667,0,1.0,0.5,temporal_cochange,voluntary,nemotron_super,12.198660241414718,198523,yt-dlp/45,yt-dlp,45,1,7,0,118523,11229,0.014566,214.88
0.0,0,0.0,0.0,temporal_cochange,voluntary,nemotron_super,12.198660241414718,198523,yt-dlp/45,yt-dlp,45,2,9,0,133799,12569,0.016401,101.56
0.6667,0,1.0,0.5,temporal_cochange,voluntary,nemotron_super,12.198660241414718,198523,yt-dlp/45,yt-dlp,45,3,10,0,84047,34233,0.020837,422.65
0.6667,1,0.5,1.0,all_tools,voluntary,ministral_3b,12.068688124847148,174327,core/16,core,16,1,16,0,115836,2244,0.004389,17.47
1.0,1,1.0,1.0,all_tools,voluntary,ministral_3b,12.068688124847148,174327,core/16,core,16,2,9,0,86527,1543,0.003565,9.86
1.0,1,1.0,1.0,all_tools,voluntary,ministral_3b,12.068688124847148,174327,core/16,core,16,3,8,0,37571,776,0.00183,5.93
0.0,0,0.0,0.0,all_tools,voluntary,ministral_3b,11.506545154005941,99364,core/20,core,20,1,5,0,32192,1911,0.001302,8.58
1.0,1,1.0,1.0,all_tools,voluntary,ministral_3b,11.506545154005941,99364,core/20,core,20,2,10,0,52431,2088,0.001524,9.78
0.0,0,0.0,0.0,all_tools,voluntary,ministral_3b,11.506545154005941,99364,core/20,core,20,3,15,0,123226,2712,0.00423,17.63
1.0,1,1.0,1.0,all_tools,voluntary,ministral_3b,8.579980179515003,5324,fastapi/17,fastapi,17,1,13,0,232057,4241,0.007629,21.63
0.0,0,0.0,0.0,all_tools,voluntary,ministral_3b,8.579980179515003,5324,fastapi/17,fastapi,17,2,15,0,157081,2823,0.004044,16.75
0.0,0,0.0,0.0,all_tools,voluntary,ministral_3b,8.579980179515003,5324,fastapi/17,fastapi,17,3,17,0,132628,2873,0.003689,16.04
0.0,0,0.0,0.0,all_tools,voluntary,ministral_3b,8.518991573357617,5009,fastapi/20,fastapi,20,1,19,0,190113,2207,0.004924,15.1
0.0,0,0.0,0.0,all_tools,voluntary,ministral_3b,8.518991573357617,5009,fastapi/20,fastapi,20,2,26,0,202816,17377,0.008195,81.0
0.0,0,0.0,0.0,all_tools,voluntary,ministral_3b,8.518991573357617,5009,fastapi/20,fastapi,20,3,26,0,156043,1670,0.004171,19.31
0.5,0,1.0,0.3333,all_tools,voluntary,ministral_3b,8.482187582217422,4828,fastapi/9,fastapi,9,1,9,0,54497,1104,0.001931,5.92
0.5,0,1.0,0.3333,all_tools,voluntary,ministral_3b,8.482187582217422,4828,fastapi/9,fastapi,9,2,11,0,79332,1805,0.00316,9.71
0.5,0,1.0,0.3333,all_tools,voluntary,ministral_3b,8.482187582217422,4828,fastapi/9,fastapi,9,3,9,0,42249,1137,0.001505,12.91
0.0,0,0.0,0.0,all_tools,voluntary,ministral_3b,8.808369153122275,6690,flask/18,flask,18,1,19,0,164597,2465,0.005797,17.93
1.0,1,1.0,1.0,all_tools,voluntary,ministral_3b,8.808369153122275,6690,flask/18,flask,18,2,11,0,87420,2009,0.004439,12.93
0.6667,0,1.0,0.5,all_tools,voluntary,ministral_3b,8.808369153122275,6690,flask/18,flask,18,3,26,0,200179,1533,0.004654,21.81
0.0,0,0.0,0.0,all_tools,voluntary,ministral_3b,8.899457906353966,7328,flask/3,flask,3,1,10,0,27895,1381,0.000716,6.99
0.0,0,0.0,0.0,all_tools,voluntary,ministral_3b,8.899457906353966,7328,flask/3,flask,3,2,30,1,97467,2406,0.001762,15.84
0.0,0,0.0,0.0,all_tools,voluntary,ministral_3b,8.899457906353966,7328,flask/3,flask,3,3,16,0,41616,1380,0.000821,9.49
1.0,1,1.0,1.0,all_tools,voluntary,ministral_3b,8.827468112520654,6819,flask/6,flask,6,1,13,0,76958,733,0.002136,6.21
1.0,1,1.0,1.0,all_tools,voluntary,ministral_3b,8.827468112520654,6819,flask/6,flask,6,2,9,0,49941,1645,0.001553,11.33
1.0,1,1.0,1.0,all_tools,voluntary,ministral_3b,8.827468112520654,6819,flask/6,flask,6,3,7,0,20123,491,0.000944,3.57
0.0,0,0.0,0.0,all_tools,voluntary,ministral_3b,8.341410211461865,4194,gpt-engineer/11,gpt-engineer,11,1,11,0,49516,1808,0.001607,9.03
0.0,0,0.0,0.0,all_tools,voluntary,ministral_3b,8.341410211461865,4194,gpt-engineer/11,gpt-engineer,11,2,8,0,26898,945,0.000987,7.88
0.0,0,0.0,0.0,all_tools,voluntary,ministral_3b,8.341410211461865,4194,gpt-engineer/11,gpt-engineer,11,3,9,0,40811,1181,0.001377,7.97
0.4,0,1.0,0.25,all_tools,voluntary,ministral_3b,8.029432840581244,3070,gpt-engineer/12,gpt-engineer,12,1,13,0,63332,1778,0.002179,10.19
0.4,0,1.0,0.25,all_tools,voluntary,ministral_3b,8.029432840581244,3070,gpt-engineer/12,gpt-engineer,12,2,9,0,56915,1370,0.001946,8.17
0.4,0,1.0,0.25,all_tools,voluntary,ministral_3b,8.029432840581244,3070,gpt-engineer/12,gpt-engineer,12,3,8,0,40188,1498,0.001542,9.71
1.0,1,1.0,1.0,all_tools,voluntary,ministral_3b,8.36380888451688,4289,gpt-engineer/9,gpt-engineer,9,1,17,0,99268,1775,0.002593,10.65
1.0,1,1.0,1.0,all_tools,voluntary,ministral_3b,8.36380888451688,4289,gpt-engineer/9,gpt-engineer,9,2,15,0,76624,1661,0.002241,10.13
1.0,1,1.0,1.0,all_tools,voluntary,ministral_3b,8.36380888451688,4289,gpt-engineer/9,gpt-engineer,9,3,13,0,56197,1365,0.001379,9.7
0.0,0,0.0,0.0,all_tools,voluntary,ministral_3b,10.196231790580173,26802,keras/12,keras,12,1,11,0,47386,2327,0.001492,11.28
0.0,0,0.0,0.0,all_tools,voluntary,ministral_3b,10.196231790580173,26802,keras/12,keras,12,2,8,0,27617,1243,0.001031,7.89
0.0,0,0.0,0.0,all_tools,voluntary,ministral_3b,10.196231790580173,26802,keras/12,keras,12,3,10,0,40090,2146,0.001447,9.84
0.0,0,0.0,0.0,all_tools,voluntary,ministral_3b,10.349134450277123,31230,keras/5,keras,5,1,15,0,35415,1033,0.000742,6.95
0.0,0,0.0,0.0,all_tools,voluntary,ministral_3b,10.349134450277123,31230,keras/5,keras,5,2,26,0,67569,1295,0.001184,11.17
0.6667,1,0.5,1.0,all_tools,voluntary,ministral_3b,10.349134450277123,31230,keras/5,keras,5,3,20,0,147702,2075,0.004126,19.84
1.0,1,1.0,1.0,all_tools,voluntary,ministral_3b,10.444153492313001,34343,keras/9,keras,9,1,12,0,78342,1828,0.001681,10.29
1.0,1,1.0,1.0,all_tools,voluntary,ministral_3b,10.444153492313001,34343,keras/9,keras,9,2,16,0,155381,1750,0.005748,30.54
1.0,1,1.0,1.0,all_tools,voluntary,ministral_3b,10.444153492313001,34343,keras/9,keras,9,3,12,0,92536,1892,0.003383,19.24
0.2222,0,0.5,0.1429,all_tools,voluntary,ministral_3b,9.61953186182516,15056,localstack/19,localstack,19,1,21,0,70197,1827,0.001581,12.14
0.0,0,0.0,0.0,all_tools,voluntary,ministral_3b,9.61953186182516,15056,localstack/19,localstack,19,2,21,0,145100,2289,0.004348,14.15
0.25,0,1.0,0.1429,all_tools,voluntary,ministral_3b,9.61953186182516,15056,localstack/19,localstack,19,3,26,0,243317,1995,0.005604,18.01
1.0,1,1.0,1.0,all_tools,voluntary,ministral_3b,10.563155506021905,38683,localstack/2,localstack,2,1,18,0,427917,3005,0.011631,19.58
1.0,1,1.0,1.0,all_tools,voluntary,ministral_3b,10.563155506021905,38683,localstack/2,localstack,2,2,17,0,330911,1736,0.010858,14.06
1.0,1,1.0,1.0,all_tools,voluntary,ministral_3b,10.563155506021905,38683,localstack/2,localstack,2,3,15,0,311299,3469,0.009243,19.97
1.0,1,1.0,1.0,all_tools,voluntary,ministral_3b,9.860214640302662,19153,localstack/9,localstack,9,1,16,0,111056,2023,0.003336,14.56
1.0,1,1.0,1.0,all_tools,voluntary,ministral_3b,9.860214640302662,19153,localstack/9,localstack,9,2,12,0,69911,1380,0.001438,8.22
1.0,1,1.0,1.0,all_tools,voluntary,ministral_3b,9.860214640302662,19153,localstack/9,localstack,9,3,19,0,170936,2853,0.004384,19.99
0.6667,0,1.0,0.5,all_tools,voluntary,ministral_3b,11.189312196300184,72353,pandas/26,pandas,26,1,8,0,91446,1050,0.00425,7.92
0.6667,0,1.0,0.5,all_tools,voluntary,ministral_3b,11.189312196300184,72353,pandas/26,pandas,26,2,9,0,49908,1107,0.001784,7.1
0.6667,0,1.0,0.5,all_tools,voluntary,ministral_3b,11.189312196300184,72353,pandas/26,pandas,26,3,17,0,151584,1566,0.004014,11.57
0.0,0,0.0,0.0,all_tools,voluntary,ministral_3b,11.270446177349276,78468,pandas/35,pandas,35,1,26,0,904199,2361,0.017516,21.48
0.0,0,0.0,0.0,all_tools,voluntary,ministral_3b,11.270446177349276,78468,pandas/35,pandas,35,2,21,0,385187,3179,0.008896,20.65
0.0,0,0.0,0.0,all_tools,voluntary,ministral_3b,11.270446177349276,78468,pandas/35,pandas,35,3,26,0,479438,2663,0.0091,23.59
0.0,0,0.0,0.0,all_tools,voluntary,ministral_3b,12.08721590866289,177587,pandas/38,pandas,38,1,17,0,361667,2850,0.009403,23.61
0.6667,0,1.0,0.5,all_tools,voluntary,ministral_3b,12.08721590866289,177587,pandas/38,pandas,38,2,10,0,101095,1032,0.004349,10.86
0.0,0,0.0,0.0,all_tools,voluntary,ministral_3b,12.08721590866289,177587,pandas/38,pandas,38,3,17,0,99469,2531,0.002735,21.55
0.0,0,0.0,0.0,all_tools,voluntary,ministral_3b,10.883015959814806,53264,pandas/44,pandas,44,1,10,0,34624,1373,0.000869,7.7
0.0,0,0.0,0.0,all_tools,voluntary,ministral_3b,10.883015959814806,53264,pandas/44,pandas,44,2,14,0,194932,1894,0.004902,12.21
0.0,0,0.0,0.0,all_tools,voluntary,ministral_3b,10.883015959814806,53264,pandas/44,pandas,44,3,15,0,359033,2274,0.011616,18.1
0.5,0,1.0,0.3333,all_tools,voluntary,ministral_3b,9.346705246496699,11461,requests/12,requests,12,1,12,0,37624,1168,0.001011,7.52
0.5,0,1.0,0.3333,all_tools,voluntary,ministral_3b,9.346705246496699,11461,requests/12,requests,12,2,13,0,44402,994,0.00113,6.91
0.5,0,1.0,0.3333,all_tools,voluntary,ministral_3b,9.346705246496699,11461,requests/12,requests,12,3,27,0,185535,2556,0.004213,21.66
0.0,0,0.0,0.0,all_tools,voluntary,ministral_3b,9.348274558065496,11479,requests/13,requests,13,1,22,0,67889,3138,0.001515,16.09
1.0,1,1.0,1.0,all_tools,voluntary,ministral_3b,9.348274558065496,11479,requests/13,requests,13,2,9,0,43361,1005,0.001476,6.95
0.5,1,0.3333,1.0,all_tools,voluntary,ministral_3b,9.348274558065496,11479,requests/13,requests,13,3,11,0,60215,1315,0.002271,7.62
1.0,1,1.0,1.0,all_tools,voluntary,ministral_3b,7.958576903813898,2860,requests/7,requests,7,1,11,0,57098,211,0.002068,4.48
1.0,1,1.0,1.0,all_tools,voluntary,ministral_3b,7.958576903813898,2860,requests/7,requests,7,2,7,0,28407,1552,0.00121,7.07
1.0,1,1.0,1.0,all_tools,voluntary,ministral_3b,7.958576903813898,2860,requests/7,requests,7,3,7,0,26980,886,0.001059,5.06
1.0,1,1.0,1.0,all_tools,voluntary,ministral_3b,10.031000872835088,22720,rich/1,rich,1,1,7,0,71868,969,0.003701,6.76
1.0,1,1.0,1.0,all_tools,voluntary,ministral_3b,10.031000872835088,22720,rich/1,rich,1,2,6,0,31855,721,0.001668,4.8
1.0,1,1.0,1.0,all_tools,voluntary,ministral_3b,10.031000872835088,22720,rich/1,rich,1,3,6,0,31351,799,0.001694,7.47
0.0,0,0.0,0.0,all_tools,voluntary,ministral_3b,10.051648903516648,23194,rich/12,rich,12,1,23,0,266270,3314,0.005762,21.59
0.4,0,1.0,0.25,all_tools,voluntary,ministral_3b,10.051648903516648,23194,rich/12,rich,12,2,22,0,448901,3576,0.010008,24.53
0.0,0,0.0,0.0,all_tools,voluntary,ministral_3b,10.051648903516648,23194,rich/12,rich,12,3,27,0,626883,2716,0.012168,33.04
1.0,1,1.0,1.0,all_tools,voluntary,ministral_3b,10.039939675671627,22924,rich/8,rich,8,1,7,0,41354,696,0.001613,5.41
1.0,1,1.0,1.0,all_tools,voluntary,ministral_3b,10.039939675671627,22924,rich/8,rich,8,2,8,0,41021,794,0.001647,5.71
0.0,0,0.0,0.0,all_tools,voluntary,ministral_3b,10.039939675671627,22924,rich/8,rich,8,3,18,0,107076,1299,0.002992,13.72
0.6667,0,1.0,0.5,all_tools,voluntary,ministral_3b,11.620954417182327,111408,scikit-learn/45,scikit-learn,45,1,13,0,73784,2295,0.002931,13.63
0.6667,0,1.0,0.5,all_tools,voluntary,ministral_3b,11.620954417182327,111408,scikit-learn/45,scikit-learn,45,2,7,0,19302,476,0.00063,3.69
0.6667,0,1.0,0.5,all_tools,voluntary,ministral_3b,11.620954417182327,111408,scikit-learn/45,scikit-learn,45,3,5,0,14306,816,0.000591,7.35
1.0,1,1.0,1.0,all_tools,voluntary,ministral_3b,11.55076060327325,103856,scikit-learn/49,scikit-learn,49,1,7,0,95641,1103,0.006264,7.56
1.0,1,1.0,1.0,all_tools,voluntary,ministral_3b,11.55076060327325,103856,scikit-learn/49,scikit-learn,49,2,6,0,61207,956,0.003025,6.82
1.0,1,1.0,1.0,all_tools,voluntary,ministral_3b,11.55076060327325,103856,scikit-learn/49,scikit-learn,49,3,8,0,60176,1122,0.002582,8.65
1.0,1,1.0,1.0,all_tools,voluntary,ministral_3b,11.525654110946952,101281,scikit-learn/5,scikit-learn,5,1,10,0,43278,982,0.001592,5.88
1.0,1,1.0,1.0,all_tools,voluntary,ministral_3b,11.525654110946952,101281,scikit-learn/5,scikit-learn,5,2,12,0,55702,1264,0.001711,9.82
1.0,1,1.0,1.0,all_tools,voluntary,ministral_3b,11.525654110946952,101281,scikit-learn/5,scikit-learn,5,3,9,0,65078,1259,0.002728,8.41
1.0,1,1.0,1.0,all_tools,voluntary,ministral_3b,9.796458979777604,17970,scrapy/20,scrapy,20,1,6,0,26366,416,0.001446,3.04
1.0,1,1.0,1.0,all_tools,voluntary,ministral_3b,9.796458979777604,17970,scrapy/20,scrapy,20,2,8,0,33446,491,0.001136,4.63
1.0,1,1.0,1.0,all_tools,voluntary,ministral_3b,9.796458979777604,17970,scrapy/20,scrapy,20,3,7,0,24322,430,0.001012,3.37
1.0,1,1.0,1.0,all_tools,voluntary,ministral_3b,9.655026193237628,15600,scrapy/26,scrapy,26,1,12,0,105622,1128,0.00359,7.42
0.6667,1,0.5,1.0,all_tools,voluntary,ministral_3b,9.655026193237628,15600,scrapy/26,scrapy,26,2,19,0,174811,1522,0.004501,13.52
1.0,1,1.0,1.0,all_tools,voluntary,ministral_3b,9.655026193237628,15600,scrapy/26,scrapy,26,3,12,0,96343,1438,0.003385,10.23
0.0,0,0.0,0.0,all_tools,voluntary,ministral_3b,9.73477299914839,16895,scrapy/48,scrapy,48,1,15,0,60446,1710,0.00155,10.27
0.0,0,0.0,0.0,all_tools,voluntary,ministral_3b,9.73477299914839,16895,scrapy/48,scrapy,48,2,26,0,223284,3587,0.005165,32.0
0.0,0,0.0,0.0,all_tools,voluntary,ministral_3b,9.73477299914839,16895,scrapy/48,scrapy,48,3,27,0,176872,2627,0.003746,25.14
1.0,1,1.0,1.0,all_tools,voluntary,ministral_3b,9.961803629358965,21201,stable-diffusion-webui/0,stable-diffusion-webui,0,1,4,0,72666,1002,0.003888,5.68
1.0,1,1.0,1.0,all_tools,voluntary,ministral_3b,9.961803629358965,21201,stable-diffusion-webui/0,stable-diffusion-webui,0,2,5,0,93455,1237,0.00447,7.79
1.0,1,1.0,1.0,all_tools,voluntary,ministral_3b,9.961803629358965,21201,stable-diffusion-webui/0,stable-diffusion-webui,0,3,6,0,109687,1401,0.004277,7.63
1.0,1,1.0,1.0,all_tools,voluntary,ministral_3b,9.908425341565751,20099,stable-diffusion-webui/13,stable-diffusion-webui,13,1,14,0,305826,2078,0.008522,14.67
0.0,0,0.0,0.0,all_tools,voluntary,ministral_3b,9.908425341565751,20099,stable-diffusion-webui/13,stable-diffusion-webui,13,2,14,0,225309,2450,0.006026,17.37
0.0,0,0.0,0.0,all_tools,voluntary,ministral_3b,9.908425341565751,20099,stable-diffusion-webui/13,stable-diffusion-webui,13,3,23,0,391164,2619,0.007733,21.15
0.6667,0,1.0,0.5,all_tools,voluntary,ministral_3b,10.028797743501574,22670,stable-diffusion-webui/5,stable-diffusion-webui,5,1,9,0,86439,1325,0.003604,7.57
0.0,0,0.0,0.0,all_tools,voluntary,ministral_3b,10.028797743501574,22670,stable-diffusion-webui/5,stable-diffusion-webui,5,2,25,0,239011,1765,0.005312,18.58
0.0,0,0.0,0.0,all_tools,voluntary,ministral_3b,10.028797743501574,22670,stable-diffusion-webui/5,stable-diffusion-webui,5,3,27,0,273272,2507,0.007994,24.23
0.0,0,0.0,0.0,all_tools,voluntary,ministral_3b,8.483636407887394,4835,thefuck/10,thefuck,10,1,26,0,69303,1632,0.001276,13.92
0.0,0,0.0,0.0,all_tools,voluntary,ministral_3b,8.483636407887394,4835,thefuck/10,thefuck,10,2,11,0,45903,1125,0.001477,9.86
0.0,0,0.0,0.0,all_tools,voluntary,ministral_3b,8.483636407887394,4835,thefuck/10,thefuck,10,3,7,0,20276,537,0.000883,5.52
0.0,0,0.0,0.0,all_tools,voluntary,ministral_3b,8.270781013162674,3908,thefuck/20,thefuck,20,1,17,0,94206,2469,0.002744,13.62
0.0,0,0.0,0.0,all_tools,voluntary,ministral_3b,8.270781013162674,3908,thefuck/20,thefuck,20,2,14,0,70834,2027,0.002459,11.86
0.0,0,0.0,0.0,all_tools,voluntary,ministral_3b,8.270781013162674,3908,thefuck/20,thefuck,20,3,6,0,17773,2619,0.000691,10.7
1.0,1,1.0,1.0,all_tools,voluntary,ministral_3b,7.822845290279774,2497,thefuck/5,thefuck,5,1,6,0,36482,1183,0.001751,5.77
0.0,0,0.0,0.0,all_tools,voluntary,ministral_3b,7.822845290279774,2497,thefuck/5,thefuck,5,2,30,1,119265,4465,0.002293,27.54
1.0,1,1.0,1.0,all_tools,voluntary,ministral_3b,7.822845290279774,2497,thefuck/5,thefuck,5,3,6,0,18117,901,0.000623,8.49
0.0,0,0.0,0.0,all_tools,voluntary,ministral_3b,12.430331574579306,250279,transformers/25,transformers,25,1,14,0,121988,3060,0.004095,15.64
1.0,1,1.0,1.0,all_tools,voluntary,ministral_3b,12.430331574579306,250279,transformers/25,transformers,25,2,13,0,185262,965,0.006458,9.35
1.0,1,1.0,1.0,all_tools,voluntary,ministral_3b,12.430331574579306,250279,transformers/25,transformers,25,3,16,0,214586,1865,0.005748,13.07
0.1538,0,1.0,0.0833,all_tools,voluntary,ministral_3b,12.407424472605875,244611,transformers/27,transformers,27,1,9,0,52608,1065,0.001877,6.48
0.1538,0,1.0,0.0833,all_tools,voluntary,ministral_3b,12.407424472605875,244611,transformers/27,transformers,27,2,5,0,19907,613,0.00067,3.74
0.1538,0,1.0,0.0833,all_tools,voluntary,ministral_3b,12.407424472605875,244611,transformers/27,transformers,27,3,5,0,26085,910,0.001052,4.52
0.0,0,0.0,0.0,all_tools,voluntary,ministral_3b,11.587420505060633,107734,transformers/5,transformers,5,1,30,1,116323,3730,0.002259,21.71
0.3333,0,1.0,0.2,all_tools,voluntary,ministral_3b,11.587420505060633,107734,transformers/5,transformers,5,2,17,0,219918,2810,0.007205,21.84
0.5,0,0.6667,0.4,all_tools,voluntary,ministral_3b,11.587420505060633,107734,transformers/5,transformers,5,3,17,0,282950,3161,0.008912,20.37
1.0,1,1.0,1.0,all_tools,voluntary,ministral_3b,12.095096391086711,178992,yt-dlp/23,yt-dlp,23,1,17,0,232008,2824,0.006583,16.87
1.0,1,1.0,1.0,all_tools,voluntary,ministral_3b,12.095096391086711,178992,yt-dlp/23,yt-dlp,23,2,12,0,113312,2508,0.003126,12.74
1.0,1,1.0,1.0,all_tools,voluntary,ministral_3b,12.095096391086711,178992,yt-dlp/23,yt-dlp,23,3,13,0,112419,1792,0.003346,15.03
0.0,0,0.0,0.0,all_tools,voluntary,ministral_3b,12.1489730534896,188900,yt-dlp/41,yt-dlp,41,1,27,0,832488,3586,0.015467,30.54
0.0,0,0.0,0.0,all_tools,voluntary,ministral_3b,12.1489730534896,188900,yt-dlp/41,yt-dlp,41,2,26,0,512733,2418,0.01078,21.23
0.0,0,0.0,0.0,all_tools,voluntary,ministral_3b,12.1489730534896,188900,yt-dlp/41,yt-dlp,41,3,21,0,440312,3611,0.009579,25.99
0.0,0,0.0,0.0,all_tools,voluntary,ministral_3b,12.198660241414718,198523,yt-dlp/45,yt-dlp,45,1,17,0,356094,3842,0.008714,21.98
0.4,0,0.3333,0.5,all_tools,voluntary,ministral_3b,12.198660241414718,198523,yt-dlp/45,yt-dlp,45,2,18,0,559191,3274,0.013427,27.11
0.0,0,0.0,0.0,all_tools,voluntary,ministral_3b,12.198660241414718,198523,yt-dlp/45,yt-dlp,45,3,12,0,312430,5447,0.010752,34.2
1.0,1,1.0,1.0,all_tools,voluntary,gpt_oss_120b,12.068688124847148,174327,core/16,core,16,1,7,0,42216,2503,0.004003,23.53
1.0,1,1.0,1.0,all_tools,voluntary,gpt_oss_120b,12.068688124847148,174327,core/16,core,16,2,5,0,21997,1047,0.002897,11.33
1.0,1,1.0,1.0,all_tools,voluntary,gpt_oss_120b,12.068688124847148,174327,core/16,core,16,3,8,0,38406,4551,0.004977,37.86
1.0,1,1.0,1.0,all_tools,voluntary,gpt_oss_120b,11.506545154005941,99364,core/20,core,20,1,6,0,28653,1673,0.003082,15.39
1.0,1,1.0,1.0,all_tools,voluntary,gpt_oss_120b,11.506545154005941,99364,core/20,core,20,2,7,0,38436,1598,0.00363,14.4
1.0,1,1.0,1.0,all_tools,voluntary,gpt_oss_120b,11.506545154005941,99364,core/20,core,20,3,5,0,18131,1124,0.001956,7.38
0.0,0,0.0,0.0,all_tools,voluntary,gpt_oss_120b,8.579980179515003,5324,fastapi/17,fastapi,17,1,12,0,76844,4974,0.007643,40.07
0.0,0,0.0,0.0,all_tools,voluntary,gpt_oss_120b,8.579980179515003,5324,fastapi/17,fastapi,17,2,27,0,389623,12714,0.023254,134.51
0.0,0,0.0,0.0,all_tools,voluntary,gpt_oss_120b,8.579980179515003,5324,fastapi/17,fastapi,17,3,23,0,193618,10100,0.014167,100.49
0.0,0,0.0,0.0,all_tools,voluntary,gpt_oss_120b,8.518991573357617,5009,fastapi/20,fastapi,20,1,10,0,23665,3524,0.003307,27.25
0.0,0,0.0,0.0,all_tools,voluntary,gpt_oss_120b,8.518991573357617,5009,fastapi/20,fastapi,20,2,17,0,52891,5625,0.005267,49.13
0.0,0,0.0,0.0,all_tools,voluntary,gpt_oss_120b,8.518991573357617,5009,fastapi/20,fastapi,20,3,17,0,79739,4993,0.007149,60.91
0.5,0,1.0,0.3333,all_tools,voluntary,gpt_oss_120b,8.482187582217422,4828,fastapi/9,fastapi,9,1,6,0,38510,2093,0.004539,15.8
0.5,0,1.0,0.3333,all_tools,voluntary,gpt_oss_120b,8.482187582217422,4828,fastapi/9,fastapi,9,2,6,0,44071,1338,0.00331,12.77
0.5,0,1.0,0.3333,all_tools,voluntary,gpt_oss_120b,8.482187582217422,4828,fastapi/9,fastapi,9,3,6,0,27229,993,0.002572,20.97
0.6667,0,1.0,0.5,all_tools,voluntary,gpt_oss_120b,8.808369153122275,6690,flask/18,flask,18,1,9,0,90662,1937,0.008488,19.31
0.6667,0,1.0,0.5,all_tools,voluntary,gpt_oss_120b,8.808369153122275,6690,flask/18,flask,18,2,16,0,60524,2973,0.004512,32.78
0.6667,0,1.0,0.5,all_tools,voluntary,gpt_oss_120b,8.808369153122275,6690,flask/18,flask,18,3,10,0,93134,2592,0.007551,38.33
1.0,1,1.0,1.0,all_tools,voluntary,gpt_oss_120b,8.899457906353966,7328,flask/3,flask,3,1,3,0,9693,909,0.00132,7.47
1.0,1,1.0,1.0,all_tools,voluntary,gpt_oss_120b,8.899457906353966,7328,flask/3,flask,3,2,5,0,36022,877,0.004539,39.73
1.0,1,1.0,1.0,all_tools,voluntary,gpt_oss_120b,8.899457906353966,7328,flask/3,flask,3,3,7,0,49032,1584,0.005873,22.97
1.0,1,1.0,1.0,all_tools,voluntary,gpt_oss_120b,8.827468112520654,6819,flask/6,flask,6,1,19,0,283818,8141,0.013365,87.3
1.0,1,1.0,1.0,all_tools,voluntary,gpt_oss_120b,8.827468112520654,6819,flask/6,flask,6,2,10,0,75027,3989,0.006803,41.82
1.0,1,1.0,1.0,all_tools,voluntary,gpt_oss_120b,8.827468112520654,6819,flask/6,flask,6,3,11,0,51949,3363,0.005785,32.91
0.0,0,0.0,0.0,all_tools,voluntary,gpt_oss_120b,8.341410211461865,4194,gpt-engineer/11,gpt-engineer,11,1,9,0,91438,1504,0.006981,17.79
0.0,0,0.0,0.0,all_tools,voluntary,gpt_oss_120b,8.341410211461865,4194,gpt-engineer/11,gpt-engineer,11,2,13,0,80720,3467,0.006239,31.96
0.0,0,0.0,0.0,all_tools,voluntary,gpt_oss_120b,8.341410211461865,4194,gpt-engineer/11,gpt-engineer,11,3,3,0,23510,977,0.002768,12.04
0.4,0,1.0,0.25,all_tools,voluntary,gpt_oss_120b,8.029432840581244,3070,gpt-engineer/12,gpt-engineer,12,1,3,0,11419,792,0.001336,6.67
0.4,0,1.0,0.25,all_tools,voluntary,gpt_oss_120b,8.029432840581244,3070,gpt-engineer/12,gpt-engineer,12,2,4,0,14334,752,0.001512,7.13
0.4,0,1.0,0.25,all_tools,voluntary,gpt_oss_120b,8.029432840581244,3070,gpt-engineer/12,gpt-engineer,12,3,9,0,52105,2982,0.004738,62.27
0.0,0,0.0,0.0,all_tools,voluntary,gpt_oss_120b,8.36380888451688,4289,gpt-engineer/9,gpt-engineer,9,1,4,0,20160,1753,0.003128,14.38
0.6667,1,0.5,1.0,all_tools,voluntary,gpt_oss_120b,8.36380888451688,4289,gpt-engineer/9,gpt-engineer,9,2,7,0,42100,5929,0.006434,44.1
0.0,0,0.0,0.0,all_tools,voluntary,gpt_oss_120b,8.36380888451688,4289,gpt-engineer/9,gpt-engineer,9,3,9,0,51921,3439,0.005203,32.02
0.0,0,0.0,0.0,all_tools,voluntary,gpt_oss_120b,10.196231790580173,26802,keras/12,keras,12,1,5,0,16391,2922,0.002688,24.97
0.0,0,0.0,0.0,all_tools,voluntary,gpt_oss_120b,10.196231790580173,26802,keras/12,keras,12,2,8,0,28126,2138,0.003244,18.22
0.0,0,0.0,0.0,all_tools,voluntary,gpt_oss_120b,10.196231790580173,26802,keras/12,keras,12,3,4,0,8266,554,0.000959,5.96
0.0,0,0.0,0.0,all_tools,voluntary,gpt_oss_120b,10.349134450277123,31230,keras/5,keras,5,1,14,0,117786,4665,0.009745,41.67
0.0,0,0.0,0.0,all_tools,voluntary,gpt_oss_120b,10.349134450277123,31230,keras/5,keras,5,2,15,0,95797,5192,0.007618,55.17
0.0,0,0.0,0.0,all_tools,voluntary,gpt_oss_120b,10.349134450277123,31230,keras/5,keras,5,3,22,0,174077,9063,0.01312,111.79
1.0,1,1.0,1.0,all_tools,voluntary,gpt_oss_120b,10.444153492313001,34343,keras/9,keras,9,1,8,0,24775,1309,0.001803,16.89
1.0,1,1.0,1.0,all_tools,voluntary,gpt_oss_120b,10.444153492313001,34343,keras/9,keras,9,2,6,0,19496,980,0.001689,11.99
1.0,1,1.0,1.0,all_tools,voluntary,gpt_oss_120b,10.444153492313001,34343,keras/9,keras,9,3,12,0,43522,2355,0.003282,21.46
0.0,0,0.0,0.0,all_tools,voluntary,gpt_oss_120b,9.61953186182516,15056,localstack/19,localstack,19,1,20,0,58585,3588,0.004495,26.71
0.0,0,0.0,0.0,all_tools,voluntary,gpt_oss_120b,9.61953186182516,15056,localstack/19,localstack,19,2,17,0,53688,3067,0.004215,28.94
0.0,0,0.0,0.0,all_tools,voluntary,gpt_oss_120b,9.61953186182516,15056,localstack/19,localstack,19,3,9,0,57748,1325,0.004557,14.52
1.0,1,1.0,1.0,all_tools,voluntary,gpt_oss_120b,10.563155506021905,38683,localstack/2,localstack,2,1,22,0,233932,5913,0.011715,55.1
1.0,1,1.0,1.0,all_tools,voluntary,gpt_oss_120b,10.563155506021905,38683,localstack/2,localstack,2,2,11,0,88080,2522,0.006284,37.35
1.0,1,1.0,1.0,all_tools,voluntary,gpt_oss_120b,10.563155506021905,38683,localstack/2,localstack,2,3,17,0,173581,3204,0.008945,47.45
1.0,1,1.0,1.0,all_tools,voluntary,gpt_oss_120b,9.860214640302662,19153,localstack/9,localstack,9,1,18,0,211102,16491,0.02044,135.95
1.0,1,1.0,1.0,all_tools,voluntary,gpt_oss_120b,9.860214640302662,19153,localstack/9,localstack,9,2,8,0,41464,4057,0.00528,44.39
1.0,1,1.0,1.0,all_tools,voluntary,gpt_oss_120b,9.860214640302662,19153,localstack/9,localstack,9,3,7,0,31418,1690,0.003127,22.88
0.8,1,0.6667,1.0,all_tools,voluntary,gpt_oss_120b,11.189312196300184,72353,pandas/26,pandas,26,1,30,0,597076,6274,0.029599,88.43
1.0,1,1.0,1.0,all_tools,voluntary,gpt_oss_120b,11.189312196300184,72353,pandas/26,pandas,26,2,30,1,334201,3743,0.014012,43.93
0.8,1,0.6667,1.0,all_tools,voluntary,gpt_oss_120b,11.189312196300184,72353,pandas/26,pandas,26,3,16,0,279732,6813,0.017827,84.09
0.0,0,0.0,0.0,all_tools,voluntary,gpt_oss_120b,11.270446177349276,78468,pandas/35,pandas,35,1,13,0,193922,3538,0.013162,42.97
0.0,0,0.0,0.0,all_tools,voluntary,gpt_oss_120b,11.270446177349276,78468,pandas/35,pandas,35,2,16,0,234573,3311,0.016266,45.86
0.0,0,0.0,0.0,all_tools,voluntary,gpt_oss_120b,11.270446177349276,78468,pandas/35,pandas,35,3,17,0,187500,3274,0.009952,53.9
0.6667,0,1.0,0.5,all_tools,voluntary,gpt_oss_120b,12.08721590866289,177587,pandas/38,pandas,38,1,5,0,19684,1002,0.002148,10.61
0.6667,0,1.0,0.5,all_tools,voluntary,gpt_oss_120b,12.08721590866289,177587,pandas/38,pandas,38,2,5,0,39663,991,0.003902,11.44
0.6667,0,1.0,0.5,all_tools,voluntary,gpt_oss_120b,12.08721590866289,177587,pandas/38,pandas,38,3,10,0,44691,2529,0.00406,31.4
0.0,0,0.0,0.0,all_tools,voluntary,gpt_oss_120b,10.883015959814806,53264,pandas/44,pandas,44,1,5,0,21386,1274,0.00224,11.62
0.0,0,0.0,0.0,all_tools,voluntary,gpt_oss_120b,10.883015959814806,53264,pandas/44,pandas,44,2,4,0,24205,1320,0.002781,14.44
0.0,0,0.0,0.0,all_tools,voluntary,gpt_oss_120b,10.883015959814806,53264,pandas/44,pandas,44,3,1,0,3872,440,0.000576,5.31
0.5,0,1.0,0.3333,all_tools,voluntary,gpt_oss_120b,9.346705246496699,11461,requests/12,requests,12,1,13,0,77113,2432,0.005982,25.0
0.8,0,1.0,0.6667,all_tools,voluntary,gpt_oss_120b,9.346705246496699,11461,requests/12,requests,12,2,21,0,102480,4206,0.007397,37.85
0.5,0,1.0,0.3333,all_tools,voluntary,gpt_oss_120b,9.346705246496699,11461,requests/12,requests,12,3,17,0,93322,3680,0.006642,40.0
1.0,1,1.0,1.0,all_tools,voluntary,gpt_oss_120b,9.348274558065496,11479,requests/13,requests,13,1,10,0,58370,2894,0.005234,31.5
1.0,1,1.0,1.0,all_tools,voluntary,gpt_oss_120b,9.348274558065496,11479,requests/13,requests,13,2,10,0,46629,3102,0.003841,33.52
1.0,1,1.0,1.0,all_tools,voluntary,gpt_oss_120b,9.348274558065496,11479,requests/13,requests,13,3,7,0,36229,1435,0.003424,15.66
1.0,1,1.0,1.0,all_tools,voluntary,gpt_oss_120b,7.958576903813898,2860,requests/7,requests,7,1,5,0,16868,717,0.001581,8.19
1.0,1,1.0,1.0,all_tools,voluntary,gpt_oss_120b,7.958576903813898,2860,requests/7,requests,7,2,9,0,27955,4467,0.003839,45.97
1.0,1,1.0,1.0,all_tools,voluntary,gpt_oss_120b,7.958576903813898,2860,requests/7,requests,7,3,10,0,51403,3531,0.004417,28.48
1.0,1,1.0,1.0,all_tools,voluntary,gpt_oss_120b,10.031000872835088,22720,rich/1,rich,1,1,5,0,16578,804,0.001469,10.15
1.0,1,1.0,1.0,all_tools,voluntary,gpt_oss_120b,10.031000872835088,22720,rich/1,rich,1,2,9,0,36321,1630,0.003058,17.58
1.0,1,1.0,1.0,all_tools,voluntary,gpt_oss_120b,10.031000872835088,22720,rich/1,rich,1,3,14,0,66613,2515,0.004995,26.42
0.0,0,0.0,0.0,all_tools,voluntary,gpt_oss_120b,10.051648903516648,23194,rich/12,rich,12,1,6,0,31302,1050,0.002915,11.71
0.0,0,0.0,0.0,all_tools,voluntary,gpt_oss_120b,10.051648903516648,23194,rich/12,rich,12,2,6,0,28634,1197,0.002571,14.76
0.0,0,0.0,0.0,all_tools,voluntary,gpt_oss_120b,10.051648903516648,23194,rich/12,rich,12,3,8,0,59262,2160,0.004772,22.59
1.0,1,1.0,1.0,all_tools,voluntary,gpt_oss_120b,10.039939675671627,22924,rich/8,rich,8,1,12,0,82556,2641,0.006624,22.65
1.0,1,1.0,1.0,all_tools,voluntary,gpt_oss_120b,10.039939675671627,22924,rich/8,rich,8,2,7,0,37672,1174,0.003807,12.16
1.0,1,1.0,1.0,all_tools,voluntary,gpt_oss_120b,10.039939675671627,22924,rich/8,rich,8,3,6,0,35364,1092,0.003643,15.93
0.6667,0,1.0,0.5,all_tools,voluntary,gpt_oss_120b,11.620954417182327,111408,scikit-learn/45,scikit-learn,45,1,6,0,29343,1192,0.002928,10.96
0.6667,0,1.0,0.5,all_tools,voluntary,gpt_oss_120b,11.620954417182327,111408,scikit-learn/45,scikit-learn,45,2,16,0,60458,2389,0.004448,25.55
0.6667,0,1.0,0.5,all_tools,voluntary,gpt_oss_120b,11.620954417182327,111408,scikit-learn/45,scikit-learn,45,3,9,0,51661,1525,0.004496,16.39
1.0,1,1.0,1.0,all_tools,voluntary,gpt_oss_120b,11.55076060327325,103856,scikit-learn/49,scikit-learn,49,1,19,0,267041,2872,0.015702,40.22
1.0,1,1.0,1.0,all_tools,voluntary,gpt_oss_120b,11.55076060327325,103856,scikit-learn/49,scikit-learn,49,2,12,0,271863,4064,0.019474,74.09
1.0,1,1.0,1.0,all_tools,voluntary,gpt_oss_120b,11.55076060327325,103856,scikit-learn/49,scikit-learn,49,3,9,0,213273,1888,0.015687,28.62
1.0,1,1.0,1.0,all_tools,voluntary,gpt_oss_120b,11.525654110946952,101281,scikit-learn/5,scikit-learn,5,1,10,0,62132,3197,0.00605,31.08
1.0,1,1.0,1.0,all_tools,voluntary,gpt_oss_120b,11.525654110946952,101281,scikit-learn/5,scikit-learn,5,2,12,0,77925,4262,0.005873,39.02
1.0,1,1.0,1.0,all_tools,voluntary,gpt_oss_120b,11.525654110946952,101281,scikit-learn/5,scikit-learn,5,3,10,0,55914,6681,0.007507,87.76
1.0,1,1.0,1.0,all_tools,voluntary,gpt_oss_120b,9.796458979777604,17970,scrapy/20,scrapy,20,1,9,0,58389,1532,0.005111,15.42
1.0,1,1.0,1.0,all_tools,voluntary,gpt_oss_120b,9.796458979777604,17970,scrapy/20,scrapy,20,2,26,0,344656,6703,0.016906,84.28
1.0,1,1.0,1.0,all_tools,voluntary,gpt_oss_120b,9.796458979777604,17970,scrapy/20,scrapy,20,3,18,0,169724,4301,0.008543,65.1
1.0,1,1.0,1.0,all_tools,voluntary,gpt_oss_120b,9.655026193237628,15600,scrapy/26,scrapy,26,1,18,0,119748,2489,0.007077,28.9
1.0,1,1.0,1.0,all_tools,voluntary,gpt_oss_120b,9.655026193237628,15600,scrapy/26,scrapy,26,2,21,0,147110,3569,0.009041,48.72
1.0,1,1.0,1.0,all_tools,voluntary,gpt_oss_120b,9.655026193237628,15600,scrapy/26,scrapy,26,3,19,0,116726,2302,0.006663,38.35
0.0,0,0.0,0.0,all_tools,voluntary,gpt_oss_120b,9.73477299914839,16895,scrapy/48,scrapy,48,1,11,0,50978,1725,0.004363,20.5
0.0,0,0.0,0.0,all_tools,voluntary,gpt_oss_120b,9.73477299914839,16895,scrapy/48,scrapy,48,2,22,0,132742,4415,0.007666,40.36
0.0,0,0.0,0.0,all_tools,voluntary,gpt_oss_120b,9.73477299914839,16895,scrapy/48,scrapy,48,3,11,0,41883,1448,0.003234,22.94
1.0,1,1.0,1.0,all_tools,voluntary,gpt_oss_120b,9.961803629358965,21201,stable-diffusion-webui/0,stable-diffusion-webui,0,1,10,0,162633,2523,0.008583,30.91
1.0,1,1.0,1.0,all_tools,voluntary,gpt_oss_120b,9.961803629358965,21201,stable-diffusion-webui/0,stable-diffusion-webui,0,2,2,0,25183,243,0.002105,7.59
1.0,1,1.0,1.0,all_tools,voluntary,gpt_oss_120b,9.961803629358965,21201,stable-diffusion-webui/0,stable-diffusion-webui,0,3,5,0,78250,929,0.006907,10.74
1.0,1,1.0,1.0,all_tools,voluntary,gpt_oss_120b,9.908425341565751,20099,stable-diffusion-webui/13,stable-diffusion-webui,13,1,25,0,362361,4911,0.016286,59.05
1.0,1,1.0,1.0,all_tools,voluntary,gpt_oss_120b,9.908425341565751,20099,stable-diffusion-webui/13,stable-diffusion-webui,13,2,21,0,317903,4155,0.015257,59.13
1.0,1,1.0,1.0,all_tools,voluntary,gpt_oss_120b,9.908425341565751,20099,stable-diffusion-webui/13,stable-diffusion-webui,13,3,19,0,256811,3441,0.012691,41.8
0.6667,0,1.0,0.5,all_tools,voluntary,gpt_oss_120b,10.028797743501574,22670,stable-diffusion-webui/5,stable-diffusion-webui,5,1,27,0,241076,5811,0.011868,75.92
0.6667,0,1.0,0.5,all_tools,voluntary,gpt_oss_120b,10.028797743501574,22670,stable-diffusion-webui/5,stable-diffusion-webui,5,2,30,1,369044,4298,0.014053,58.78
0.6667,0,1.0,0.5,all_tools,voluntary,gpt_oss_120b,10.028797743501574,22670,stable-diffusion-webui/5,stable-diffusion-webui,5,3,15,0,96286,2395,0.006475,39.86
0.0,0,0.0,0.0,all_tools,voluntary,gpt_oss_120b,8.483636407887394,4835,thefuck/10,thefuck,10,1,10,0,27457,2245,0.002856,24.97
0.0,0,0.0,0.0,all_tools,voluntary,gpt_oss_120b,8.483636407887394,4835,thefuck/10,thefuck,10,2,12,0,45265,4290,0.004855,31.26
0.0,0,0.0,0.0,all_tools,voluntary,gpt_oss_120b,8.483636407887394,4835,thefuck/10,thefuck,10,3,10,0,34261,3745,0.004352,29.79
0.0,0,0.0,0.0,all_tools,voluntary,gpt_oss_120b,8.270781013162674,3908,thefuck/20,thefuck,20,1,12,0,35953,3060,0.003546,27.3
0.0,0,0.0,0.0,all_tools,voluntary,gpt_oss_120b,8.270781013162674,3908,thefuck/20,thefuck,20,2,21,0,107867,7281,0.009016,62.36
0.0,0,0.0,0.0,all_tools,voluntary,gpt_oss_120b,8.270781013162674,3908,thefuck/20,thefuck,20,3,17,0,100806,6327,0.008316,49.28
1.0,1,1.0,1.0,all_tools,voluntary,gpt_oss_120b,7.822845290279774,2497,thefuck/5,thefuck,5,1,9,0,29724,2579,0.003494,20.22
0.0,0,0.0,0.0,all_tools,voluntary,gpt_oss_120b,7.822845290279774,2497,thefuck/5,thefuck,5,2,1,0,2516,537,0.000441,4.1
1.0,1,1.0,1.0,all_tools,voluntary,gpt_oss_120b,7.822845290279774,2497,thefuck/5,thefuck,5,3,13,0,52080,2890,0.004475,39.78
1.0,1,1.0,1.0,all_tools,voluntary,gpt_oss_120b,12.430331574579306,250279,transformers/25,transformers,25,1,7,0,29088,1623,0.002743,12.42
1.0,1,1.0,1.0,all_tools,voluntary,gpt_oss_120b,12.430331574579306,250279,transformers/25,transformers,25,2,4,0,10539,851,0.001147,12.38
1.0,1,1.0,1.0,all_tools,voluntary,gpt_oss_120b,12.430331574579306,250279,transformers/25,transformers,25,3,10,0,42556,2673,0.004577,21.5
0.1538,0,1.0,0.0833,all_tools,voluntary,gpt_oss_120b,12.407424472605875,244611,transformers/27,transformers,27,1,8,0,61478,1354,0.006648,12.0
0.1538,0,1.0,0.0833,all_tools,voluntary,gpt_oss_120b,12.407424472605875,244611,transformers/27,transformers,27,2,7,0,65050,1451,0.004165,14.85
0.1538,0,1.0,0.0833,all_tools,voluntary,gpt_oss_120b,12.407424472605875,244611,transformers/27,transformers,27,3,4,0,17180,464,0.00169,8.26
0.75,0,1.0,0.6,all_tools,voluntary,gpt_oss_120b,11.587420505060633,107734,transformers/5,transformers,5,1,17,0,198198,5551,0.012443,60.22
0.75,0,1.0,0.6,all_tools,voluntary,gpt_oss_120b,11.587420505060633,107734,transformers/5,transformers,5,2,17,0,261692,4527,0.014828,62.09
0.5714,0,1.0,0.4,all_tools,voluntary,gpt_oss_120b,11.587420505060633,107734,transformers/5,transformers,5,3,17,0,236278,3566,0.014519,50.74
1.0,1,1.0,1.0,all_tools,voluntary,gpt_oss_120b,12.095096391086711,178992,yt-dlp/23,yt-dlp,23,1,17,0,97956,4796,0.006654,48.76
1.0,1,1.0,1.0,all_tools,voluntary,gpt_oss_120b,12.095096391086711,178992,yt-dlp/23,yt-dlp,23,2,4,0,13255,905,0.001571,7.53
1.0,1,1.0,1.0,all_tools,voluntary,gpt_oss_120b,12.095096391086711,178992,yt-dlp/23,yt-dlp,23,3,6,0,22126,1847,0.002497,18.73
0.0,0,0.0,0.0,all_tools,voluntary,gpt_oss_120b,12.1489730534896,188900,yt-dlp/41,yt-dlp,41,1,1,0,5446,557,0.000971,6.13
0.0,0,0.0,0.0,all_tools,voluntary,gpt_oss_120b,12.1489730534896,188900,yt-dlp/41,yt-dlp,41,2,11,0,185431,5456,0.012903,64.41
0.0,0,0.0,0.0,all_tools,voluntary,gpt_oss_120b,12.1489730534896,188900,yt-dlp/41,yt-dlp,41,3,12,0,188922,5497,0.014072,68.03
0.5,0,0.5,0.5,all_tools,voluntary,gpt_oss_120b,12.198660241414718,198523,yt-dlp/45,yt-dlp,45,1,18,0,134119,4790,0.008547,52.09
0.0,0,0.0,0.0,all_tools,voluntary,gpt_oss_120b,12.198660241414718,198523,yt-dlp/45,yt-dlp,45,2,19,0,273200,5268,0.015792,62.12
0.6667,0,1.0,0.5,all_tools,voluntary,gpt_oss_120b,12.198660241414718,198523,yt-dlp/45,yt-dlp,45,3,13,0,165851,3448,0.010373,37.37
1.0,1,1.0,1.0,all_tools,voluntary,deepseek_flash,12.068688124847148,174327,core/16,core,16,1,10,0,118263,6301,0.004166,49.5
1.0,1,1.0,1.0,all_tools,voluntary,deepseek_flash,12.068688124847148,174327,core/16,core,16,2,17,0,439905,18835,0.010049,188.05
1.0,1,1.0,1.0,all_tools,voluntary,deepseek_flash,12.068688124847148,174327,core/16,core,16,3,12,0,206530,15197,0.007143,132.17
1.0,1,1.0,1.0,all_tools,voluntary,deepseek_flash,11.506545154005941,99364,core/20,core,20,1,4,0,27518,2079,0.001484,19.13
1.0,1,1.0,1.0,all_tools,voluntary,deepseek_flash,11.506545154005941,99364,core/20,core,20,2,25,0,428221,8678,0.006605,92.54
1.0,1,1.0,1.0,all_tools,voluntary,deepseek_flash,11.506545154005941,99364,core/20,core,20,3,20,0,181070,6466,0.003417,71.31
0.0,0,0.0,0.0,all_tools,voluntary,deepseek_flash,8.579980179515003,5324,fastapi/17,fastapi,17,1,30,1,336895,13567,0.007938,129.47
0.0,0,0.0,0.0,all_tools,voluntary,deepseek_flash,8.579980179515003,5324,fastapi/17,fastapi,17,2,30,1,557892,20864,0.011962,180.15
0.0,0,0.0,0.0,all_tools,voluntary,deepseek_flash,8.579980179515003,5324,fastapi/17,fastapi,17,3,30,1,524208,24872,0.01304,227.93
0.0,0,0.0,0.0,all_tools,voluntary,deepseek_flash,8.518991573357617,5009,fastapi/20,fastapi,20,1,30,1,472703,7487,0.008548,93.5
0.0,0,0.0,0.0,all_tools,voluntary,deepseek_flash,8.518991573357617,5009,fastapi/20,fastapi,20,2,30,1,642126,11027,0.01243,141.21
0.0,0,0.0,0.0,all_tools,voluntary,deepseek_flash,8.518991573357617,5009,fastapi/20,fastapi,20,3,30,1,338748,8444,0.006675,103.82
0.5,0,1.0,0.3333,all_tools,voluntary,deepseek_flash,8.482187582217422,4828,fastapi/9,fastapi,9,1,21,0,166485,3671,0.002788,47.91
0.5,0,1.0,0.3333,all_tools,voluntary,deepseek_flash,8.482187582217422,4828,fastapi/9,fastapi,9,2,17,0,122204,2599,0.002171,35.76
0.5,0,1.0,0.3333,all_tools,voluntary,deepseek_flash,8.482187582217422,4828,fastapi/9,fastapi,9,3,9,0,113750,3514,0.002983,40.58
0.6667,0,1.0,0.5,all_tools,voluntary,deepseek_flash,8.808369153122275,6690,flask/18,flask,18,1,12,0,132794,2237,0.002973,27.0
1.0,1,1.0,1.0,all_tools,voluntary,deepseek_flash,8.808369153122275,6690,flask/18,flask,18,2,14,0,157751,2973,0.003178,35.84
1.0,1,1.0,1.0,all_tools,voluntary,deepseek_flash,8.808369153122275,6690,flask/18,flask,18,3,12,0,57489,2540,0.001559,30.19
0.0,0,0.0,0.0,all_tools,voluntary,deepseek_flash,8.899457906353966,7328,flask/3,flask,3,1,30,1,244424,12010,0.006709,135.54
1.0,1,1.0,1.0,all_tools,voluntary,deepseek_flash,8.899457906353966,7328,flask/3,flask,3,2,30,1,272749,6440,0.006603,91.73
1.0,1,1.0,1.0,all_tools,voluntary,deepseek_flash,8.899457906353966,7328,flask/3,flask,3,3,30,1,437029,9808,0.010666,116.0
1.0,1,1.0,1.0,all_tools,voluntary,deepseek_flash,8.827468112520654,6819,flask/6,flask,6,1,9,0,158351,11993,0.00577,90.71
1.0,1,1.0,1.0,all_tools,voluntary,deepseek_flash,8.827468112520654,6819,flask/6,flask,6,2,8,0,67961,6426,0.002919,52.93
1.0,1,1.0,1.0,all_tools,voluntary,deepseek_flash,8.827468112520654,6819,flask/6,flask,6,3,14,0,92971,5608,0.002644,49.92
0.5,1,0.3333,1.0,all_tools,voluntary,deepseek_flash,8.341410211461865,4194,gpt-engineer/11,gpt-engineer,11,1,9,0,93335,2748,0.003176,31.07
0.5,1,0.3333,1.0,all_tools,voluntary,deepseek_flash,8.341410211461865,4194,gpt-engineer/11,gpt-engineer,11,2,9,0,64330,3072,0.002719,31.84
0.5,1,0.3333,1.0,all_tools,voluntary,deepseek_flash,8.341410211461865,4194,gpt-engineer/11,gpt-engineer,11,3,15,0,159028,4073,0.00428,46.14
0.4,0,1.0,0.25,all_tools,voluntary,deepseek_flash,8.029432840581244,3070,gpt-engineer/12,gpt-engineer,12,1,19,0,170133,5815,0.003442,61.3
0.4,0,1.0,0.25,all_tools,voluntary,deepseek_flash,8.029432840581244,3070,gpt-engineer/12,gpt-engineer,12,2,15,0,111562,6176,0.003474,60.39
0.6667,0,1.0,0.5,all_tools,voluntary,deepseek_flash,8.029432840581244,3070,gpt-engineer/12,gpt-engineer,12,3,11,0,102588,6888,0.003506,64.28
0.0,0,0.0,0.0,all_tools,voluntary,deepseek_flash,8.36380888451688,4289,gpt-engineer/9,gpt-engineer,9,1,30,1,735069,23395,0.017964,235.06
0.5,1,0.3333,1.0,all_tools,voluntary,deepseek_flash,8.36380888451688,4289,gpt-engineer/9,gpt-engineer,9,2,25,0,545957,32078,0.012974,311.54
0.5,1,0.3333,1.0,all_tools,voluntary,deepseek_flash,8.36380888451688,4289,gpt-engineer/9,gpt-engineer,9,3,19,0,491741,26064,0.011901,256.33
0.0,0,0.0,0.0,all_tools,voluntary,deepseek_flash,10.196231790580173,26802,keras/12,keras,12,1,14,0,145810,7240,0.004159,75.0
0.2857,0,0.5,0.2,all_tools,voluntary,deepseek_flash,10.196231790580173,26802,keras/12,keras,12,2,11,0,107385,5352,0.003502,58.28
0.0,0,0.0,0.0,all_tools,voluntary,deepseek_flash,10.196231790580173,26802,keras/12,keras,12,3,11,0,69365,4060,0.002172,45.01
0.0,0,0.0,0.0,all_tools,voluntary,deepseek_flash,10.349134450277123,31230,keras/5,keras,5,1,30,1,812159,26475,0.018872,215.82
0.0,0,0.0,0.0,all_tools,voluntary,deepseek_flash,10.349134450277123,31230,keras/5,keras,5,2,30,1,412598,10716,0.009063,106.37
0.0,0,0.0,0.0,all_tools,voluntary,deepseek_flash,10.349134450277123,31230,keras/5,keras,5,3,30,1,553397,19287,0.012577,172.65
1.0,1,1.0,1.0,all_tools,voluntary,deepseek_flash,10.444153492313001,34343,keras/9,keras,9,1,20,0,324952,15131,0.006897,141.62
1.0,1,1.0,1.0,all_tools,voluntary,deepseek_flash,10.444153492313001,34343,keras/9,keras,9,2,13,0,121451,6190,0.003704,57.65
1.0,1,1.0,1.0,all_tools,voluntary,deepseek_flash,10.444153492313001,34343,keras/9,keras,9,3,11,0,133605,7073,0.004019,68.02
0.0,0,0.0,0.0,all_tools,voluntary,deepseek_flash,9.61953186182516,15056,localstack/19,localstack,19,1,14,0,80797,2203,0.001795,26.38
0.0,0,0.0,0.0,all_tools,voluntary,deepseek_flash,9.61953186182516,15056,localstack/19,localstack,19,2,17,0,117078,2124,0.00262,30.87
0.0,0,0.0,0.0,all_tools,voluntary,deepseek_flash,9.61953186182516,15056,localstack/19,localstack,19,3,25,0,326937,5652,0.004855,74.5
0.6667,1,0.5,1.0,all_tools,voluntary,deepseek_flash,10.563155506021905,38683,localstack/2,localstack,2,1,30,1,516270,7802,0.009274,90.68
0.0,0,0.0,0.0,all_tools,voluntary,deepseek_flash,10.563155506021905,38683,localstack/2,localstack,2,2,30,1,446003,5598,0.006968,74.4
0.0,0,0.0,0.0,all_tools,voluntary,deepseek_flash,10.563155506021905,38683,localstack/2,localstack,2,3,30,1,768065,13744,0.013577,156.92
1.0,1,1.0,1.0,all_tools,voluntary,deepseek_flash,9.860214640302662,19153,localstack/9,localstack,9,1,23,0,403249,18090,0.008677,170.39
0.0,0,0.0,0.0,all_tools,voluntary,deepseek_flash,9.860214640302662,19153,localstack/9,localstack,9,2,30,1,547648,31427,0.01489,281.08
0.0,0,0.0,0.0,all_tools,voluntary,deepseek_flash,9.860214640302662,19153,localstack/9,localstack,9,3,30,1,612280,27533,0.014331,244.93
0.0,0,0.0,0.0,all_tools,voluntary,deepseek_flash,11.189312196300184,72353,pandas/26,pandas,26,1,30,1,302146,3674,0.005203,51.45
0.0,0,0.0,0.0,all_tools,voluntary,deepseek_flash,11.189312196300184,72353,pandas/26,pandas,26,2,30,1,374106,4441,0.00694,68.74
0.0,0,0.0,0.0,all_tools,voluntary,deepseek_flash,11.189312196300184,72353,pandas/26,pandas,26,3,30,1,340318,4272,0.006359,60.18
0.0,0,0.0,0.0,all_tools,voluntary,deepseek_flash,11.270446177349276,78468,pandas/35,pandas,35,1,30,1,263219,6448,0.005956,74.1
0.0,0,0.0,0.0,all_tools,voluntary,deepseek_flash,11.270446177349276,78468,pandas/35,pandas,35,2,30,1,337654,7754,0.007435,83.3
0.0,0,0.0,0.0,all_tools,voluntary,deepseek_flash,11.270446177349276,78468,pandas/35,pandas,35,3,30,1,523059,9449,0.009948,100.01
0.5,0,0.5,0.5,all_tools,voluntary,deepseek_flash,12.08721590866289,177587,pandas/38,pandas,38,1,28,0,553069,6906,0.01061,80.27
0.6667,0,1.0,0.5,all_tools,voluntary,deepseek_flash,12.08721590866289,177587,pandas/38,pandas,38,2,29,0,792258,12363,0.013644,126.58
0.5,0,0.5,0.5,all_tools,voluntary,deepseek_flash,12.08721590866289,177587,pandas/38,pandas,38,3,30,1,482654,5749,0.008278,78.57
0.0,0,0.0,0.0,all_tools,voluntary,deepseek_flash,10.883015959814806,53264,pandas/44,pandas,44,1,30,1,516150,9293,0.009727,106.51
0.5,0,0.5,0.5,all_tools,voluntary,deepseek_flash,10.883015959814806,53264,pandas/44,pandas,44,2,30,1,279206,9976,0.006127,105.5
0.0,0,0.0,0.0,all_tools,voluntary,deepseek_flash,10.883015959814806,53264,pandas/44,pandas,44,3,30,0,658180,10053,0.012789,122.02
0.8,0,1.0,0.6667,all_tools,voluntary,deepseek_flash,9.346705246496699,11461,requests/12,requests,12,1,15,0,123131,2665,0.002425,34.8
0.8,0,1.0,0.6667,all_tools,voluntary,deepseek_flash,9.346705246496699,11461,requests/12,requests,12,2,12,0,93646,2442,0.002326,31.51
0.8,0,1.0,0.6667,all_tools,voluntary,deepseek_flash,9.346705246496699,11461,requests/12,requests,12,3,13,0,117380,4343,0.003249,47.0
1.0,1,1.0,1.0,all_tools,voluntary,deepseek_flash,9.348274558065496,11479,requests/13,requests,13,1,28,0,381978,16005,0.010121,141.97
1.0,1,1.0,1.0,all_tools,voluntary,deepseek_flash,9.348274558065496,11479,requests/13,requests,13,2,27,0,370930,16360,0.009182,147.62
1.0,1,1.0,1.0,all_tools,voluntary,deepseek_flash,9.348274558065496,11479,requests/13,requests,13,3,18,0,330814,14452,0.007352,122.96
1.0,1,1.0,1.0,all_tools,voluntary,deepseek_flash,7.958576903813898,2860,requests/7,requests,7,1,11,0,55566,4520,0.001968,47.25
1.0,1,1.0,1.0,all_tools,voluntary,deepseek_flash,7.958576903813898,2860,requests/7,requests,7,2,10,0,78418,6314,0.002701,59.58
1.0,1,1.0,1.0,all_tools,voluntary,deepseek_flash,7.958576903813898,2860,requests/7,requests,7,3,9,0,75685,6698,0.002848,70.58
1.0,1,1.0,1.0,all_tools,voluntary,deepseek_flash,10.031000872835088,22720,rich/1,rich,1,1,6,0,24381,1203,0.0008,12.55
1.0,1,1.0,1.0,all_tools,voluntary,deepseek_flash,10.031000872835088,22720,rich/1,rich,1,2,5,0,18600,1063,0.000636,11.75
1.0,1,1.0,1.0,all_tools,voluntary,deepseek_flash,10.031000872835088,22720,rich/1,rich,1,3,7,0,28896,1141,0.000835,15.79
0.6667,0,1.0,0.5,all_tools,voluntary,deepseek_flash,10.051648903516648,23194,rich/12,rich,12,1,30,1,1095647,46131,0.024322,422.58
0.6667,0,1.0,0.5,all_tools,voluntary,deepseek_flash,10.051648903516648,23194,rich/12,rich,12,2,24,0,475062,17769,0.009702,183.95
0.4,0,1.0,0.25,all_tools,voluntary,deepseek_flash,10.051648903516648,23194,rich/12,rich,12,3,30,1,436694,13863,0.009981,137.6
1.0,1,1.0,1.0,all_tools,voluntary,deepseek_flash,10.039939675671627,22924,rich/8,rich,8,1,9,0,73091,2213,0.002107,21.9
1.0,1,1.0,1.0,all_tools,voluntary,deepseek_flash,10.039939675671627,22924,rich/8,rich,8,2,9,0,67789,1412,0.001685,17.09
1.0,1,1.0,1.0,all_tools,voluntary,deepseek_flash,10.039939675671627,22924,rich/8,rich,8,3,8,0,59743,1900,0.001784,22.32
0.6667,0,1.0,0.5,all_tools,voluntary,deepseek_flash,11.620954417182327,111408,scikit-learn/45,scikit-learn,45,1,11,0,51891,1978,0.001496,23.05
0.6667,0,1.0,0.5,all_tools,voluntary,deepseek_flash,11.620954417182327,111408,scikit-learn/45,scikit-learn,45,2,17,0,98214,2805,0.001803,34.3
0.6667,0,1.0,0.5,all_tools,voluntary,deepseek_flash,11.620954417182327,111408,scikit-learn/45,scikit-learn,45,3,30,1,288621,4450,0.006424,65.81
1.0,1,1.0,1.0,all_tools,voluntary,deepseek_flash,11.55076060327325,103856,scikit-learn/49,scikit-learn,49,1,11,0,187432,3049,0.004545,31.8
1.0,1,1.0,1.0,all_tools,voluntary,deepseek_flash,11.55076060327325,103856,scikit-learn/49,scikit-learn,49,2,15,0,333173,3972,0.00603,42.87
1.0,1,1.0,1.0,all_tools,voluntary,deepseek_flash,11.55076060327325,103856,scikit-learn/49,scikit-learn,49,3,14,0,348148,5769,0.006593,55.06
1.0,1,1.0,1.0,all_tools,voluntary,deepseek_flash,11.525654110946952,101281,scikit-learn/5,scikit-learn,5,1,10,0,184497,26007,0.009491,228.17
1.0,1,1.0,1.0,all_tools,voluntary,deepseek_flash,11.525654110946952,101281,scikit-learn/5,scikit-learn,5,2,19,0,437199,41565,0.014682,409.26
1.0,1,1.0,1.0,all_tools,voluntary,deepseek_flash,11.525654110946952,101281,scikit-learn/5,scikit-learn,5,3,13,0,302400,27812,0.01054,294.99
1.0,1,1.0,1.0,all_tools,voluntary,deepseek_flash,9.796458979777604,17970,scrapy/20,scrapy,20,1,3,0,11965,820,0.000921,9.35
1.0,1,1.0,1.0,all_tools,voluntary,deepseek_flash,9.796458979777604,17970,scrapy/20,scrapy,20,2,7,0,51424,1642,0.001934,20.02
1.0,1,1.0,1.0,all_tools,voluntary,deepseek_flash,9.796458979777604,17970,scrapy/20,scrapy,20,3,6,0,33503,920,0.00112,13.02
0.6667,1,0.5,1.0,all_tools,voluntary,deepseek_flash,9.655026193237628,15600,scrapy/26,scrapy,26,1,12,0,113765,2375,0.002525,29.26
0.6667,1,0.5,1.0,all_tools,voluntary,deepseek_flash,9.655026193237628,15600,scrapy/26,scrapy,26,2,16,0,188382,3339,0.003793,38.8
0.6667,1,0.5,1.0,all_tools,voluntary,deepseek_flash,9.655026193237628,15600,scrapy/26,scrapy,26,3,12,0,119411,3144,0.002969,35.87
0.6667,0,1.0,0.5,all_tools,voluntary,deepseek_flash,9.73477299914839,16895,scrapy/48,scrapy,48,1,30,1,235263,6630,0.004798,88.7
0.0,0,0.0,0.0,all_tools,voluntary,deepseek_flash,9.73477299914839,16895,scrapy/48,scrapy,48,2,30,1,270120,4977,0.005141,63.92
0.0,0,0.0,0.0,all_tools,voluntary,deepseek_flash,9.73477299914839,16895,scrapy/48,scrapy,48,3,30,1,244405,6251,0.004901,84.29
1.0,1,1.0,1.0,all_tools,voluntary,deepseek_flash,9.961803629358965,21201,stable-diffusion-webui/0,stable-diffusion-webui,0,1,8,0,156828,3788,0.00398,33.83
1.0,1,1.0,1.0,all_tools,voluntary,deepseek_flash,9.961803629358965,21201,stable-diffusion-webui/0,stable-diffusion-webui,0,2,9,0,164809,4209,0.004021,43.72
1.0,1,1.0,1.0,all_tools,voluntary,deepseek_flash,9.961803629358965,21201,stable-diffusion-webui/0,stable-diffusion-webui,0,3,12,0,261553,5156,0.00487,50.72
0.6667,1,0.5,1.0,all_tools,voluntary,deepseek_flash,9.908425341565751,20099,stable-diffusion-webui/13,stable-diffusion-webui,13,1,30,1,671853,18597,0.012741,194.94
0.5,1,0.3333,1.0,all_tools,voluntary,deepseek_flash,9.908425341565751,20099,stable-diffusion-webui/13,stable-diffusion-webui,13,2,30,0,806550,22223,0.013963,209.82
1.0,1,1.0,1.0,all_tools,voluntary,deepseek_flash,9.908425341565751,20099,stable-diffusion-webui/13,stable-diffusion-webui,13,3,20,0,431488,7524,0.006406,81.5
0.6667,0,1.0,0.5,all_tools,voluntary,deepseek_flash,10.028797743501574,22670,stable-diffusion-webui/5,stable-diffusion-webui,5,1,29,0,701974,21658,0.016462,191.0
0.6667,0,1.0,0.5,all_tools,voluntary,deepseek_flash,10.028797743501574,22670,stable-diffusion-webui/5,stable-diffusion-webui,5,2,17,0,263629,12950,0.006746,110.36
0.6667,0,1.0,0.5,all_tools,voluntary,deepseek_flash,10.028797743501574,22670,stable-diffusion-webui/5,stable-diffusion-webui,5,3,26,0,725404,22923,0.016988,197.51
0.4,0,0.5,0.3333,all_tools,voluntary,deepseek_flash,8.483636407887394,4835,thefuck/10,thefuck,10,1,26,0,452693,25983,0.013999,201.08
0.0,0,0.0,0.0,all_tools,voluntary,deepseek_flash,8.483636407887394,4835,thefuck/10,thefuck,10,2,14,0,100713,8006,0.003522,71.06
0.0,0,0.0,0.0,all_tools,voluntary,deepseek_flash,8.483636407887394,4835,thefuck/10,thefuck,10,3,22,0,735954,31796,0.016015,255.06
0.0,0,0.0,0.0,all_tools,voluntary,deepseek_flash,8.270781013162674,3908,thefuck/20,thefuck,20,1,9,0,60891,7346,0.003153,64.14
0.0,0,0.0,0.0,all_tools,voluntary,deepseek_flash,8.270781013162674,3908,thefuck/20,thefuck,20,2,11,0,53577,2690,0.001598,30.33
0.0,0,0.0,0.0,all_tools,voluntary,deepseek_flash,8.270781013162674,3908,thefuck/20,thefuck,20,3,7,0,28567,2624,0.00131,26.76
1.0,1,1.0,1.0,all_tools,voluntary,deepseek_flash,7.822845290279774,2497,thefuck/5,thefuck,5,1,15,0,118440,3385,0.002462,37.52
1.0,1,1.0,1.0,all_tools,voluntary,deepseek_flash,7.822845290279774,2497,thefuck/5,thefuck,5,2,11,0,77133,2840,0.001988,31.93
1.0,1,1.0,1.0,all_tools,voluntary,deepseek_flash,7.822845290279774,2497,thefuck/5,thefuck,5,3,18,0,138523,5346,0.002854,61.62
1.0,1,1.0,1.0,all_tools,voluntary,deepseek_flash,12.430331574579306,250279,transformers/25,transformers,25,1,14,0,76766,3454,0.003144,32.69
1.0,1,1.0,1.0,all_tools,voluntary,deepseek_flash,12.430331574579306,250279,transformers/25,transformers,25,2,6,0,29037,2628,0.001324,24.54
1.0,1,1.0,1.0,all_tools,voluntary,deepseek_flash,12.430331574579306,250279,transformers/25,transformers,25,3,6,0,45218,2638,0.002819,29.96
0.1538,0,1.0,0.0833,all_tools,voluntary,deepseek_flash,12.407424472605875,244611,transformers/27,transformers,27,1,5,0,38551,1599,0.001771,17.43
0.1538,0,1.0,0.0833,all_tools,voluntary,deepseek_flash,12.407424472605875,244611,transformers/27,transformers,27,2,4,0,26882,1109,0.00137,13.14
0.1538,0,1.0,0.0833,all_tools,voluntary,deepseek_flash,12.407424472605875,244611,transformers/27,transformers,27,3,5,0,34578,1721,0.0016,17.12
0.75,0,1.0,0.6,all_tools,voluntary,deepseek_flash,11.587420505060633,107734,transformers/5,transformers,5,1,28,0,813142,8838,0.017267,91.86
0.8889,0,1.0,0.8,all_tools,voluntary,deepseek_flash,11.587420505060633,107734,transformers/5,transformers,5,2,30,1,944835,8585,0.016386,114.32
0.75,0,1.0,0.6,all_tools,voluntary,deepseek_flash,11.587420505060633,107734,transformers/5,transformers,5,3,30,1,713940,7336,0.014321,88.24
1.0,1,1.0,1.0,all_tools,voluntary,deepseek_flash,12.095096391086711,178992,yt-dlp/23,yt-dlp,23,1,30,1,476492,18206,0.010429,172.87
1.0,1,1.0,1.0,all_tools,voluntary,deepseek_flash,12.095096391086711,178992,yt-dlp/23,yt-dlp,23,2,20,0,250310,13973,0.005993,127.55
1.0,1,1.0,1.0,all_tools,voluntary,deepseek_flash,12.095096391086711,178992,yt-dlp/23,yt-dlp,23,3,29,0,656401,13153,0.013777,137.61
0.0,0,0.0,0.0,all_tools,voluntary,deepseek_flash,12.1489730534896,188900,yt-dlp/41,yt-dlp,41,1,28,0,556756,16633,0.012251,173.31
0.0,0,0.0,0.0,all_tools,voluntary,deepseek_flash,12.1489730534896,188900,yt-dlp/41,yt-dlp,41,2,30,1,682229,31816,0.017192,310.76
0.4,1,0.25,1.0,all_tools,voluntary,deepseek_flash,12.1489730534896,188900,yt-dlp/41,yt-dlp,41,3,30,1,584298,14975,0.013026,161.58
0.6667,0,1.0,0.5,all_tools,voluntary,deepseek_flash,12.198660241414718,198523,yt-dlp/45,yt-dlp,45,1,30,1,466330,8495,0.00864,103.12
0.6667,0,1.0,0.5,all_tools,voluntary,deepseek_flash,12.198660241414718,198523,yt-dlp/45,yt-dlp,45,2,25,0,320801,5371,0.004338,66.85
0.6667,0,1.0,0.5,all_tools,voluntary,deepseek_flash,12.198660241414718,198523,yt-dlp/45,yt-dlp,45,3,28,0,634154,9010,0.010802,100.69
1.0,1,1.0,1.0,all_tools,voluntary,nemotron_super,12.068688124847148,174327,core/16,core,16,1,6,0,22515,15632,0.008167,227.56
1.0,1,1.0,1.0,all_tools,voluntary,nemotron_super,12.068688124847148,174327,core/16,core,16,2,7,0,42507,12426,0.008583,177.4
1.0,1,1.0,1.0,all_tools,voluntary,nemotron_super,12.068688124847148,174327,core/16,core,16,3,10,0,62301,17862,0.01244,198.61
0.0,0,0.0,0.0,all_tools,voluntary,nemotron_super,11.506545154005941,99364,core/20,core,20,1,4,0,36209,17741,0.010174,177.46
1.0,1,1.0,1.0,all_tools,voluntary,nemotron_super,11.506545154005941,99364,core/20,core,20,2,2,0,10926,8045,0.004147,61.39
1.0,1,1.0,1.0,all_tools,voluntary,nemotron_super,11.506545154005941,99364,core/20,core,20,3,4,0,19151,6972,0.004417,62.22
0.0,0,0.0,0.0,all_tools,voluntary,nemotron_super,8.579980179515003,5324,fastapi/17,fastapi,17,1,9,0,59821,21727,0.013776,251.96
0.0,0,0.0,0.0,all_tools,voluntary,nemotron_super,8.579980179515003,5324,fastapi/17,fastapi,17,2,6,0,35391,10551,0.007229,129.28
0.0,0,0.0,0.0,all_tools,voluntary,nemotron_super,8.579980179515003,5324,fastapi/17,fastapi,17,3,9,0,134070,36798,0.026115,585.04
0.0,0,0.0,0.0,all_tools,voluntary,nemotron_super,8.518991573357617,5009,fastapi/20,fastapi,20,1,11,0,61620,26206,0.01572,478.37
0.0,0,0.0,0.0,all_tools,voluntary,nemotron_super,8.518991573357617,5009,fastapi/20,fastapi,20,2,19,0,94485,43102,0.025272,624.0
0.0,0,0.0,0.0,all_tools,voluntary,nemotron_super,8.518991573357617,5009,fastapi/20,fastapi,20,3,17,0,86332,36001,0.021739,336.4
0.5,0,1.0,0.3333,all_tools,voluntary,nemotron_super,8.482187582217422,4828,fastapi/9,fastapi,9,1,9,0,79092,36187,0.021198,696.49
0.5,0,1.0,0.3333,all_tools,voluntary,nemotron_super,8.482187582217422,4828,fastapi/9,fastapi,9,2,12,0,68439,34782,0.01973,432.36
0.5,0,1.0,0.3333,all_tools,voluntary,nemotron_super,8.482187582217422,4828,fastapi/9,fastapi,9,3,7,0,29169,15001,0.00848,192.9
1.0,1,1.0,1.0,all_tools,voluntary,nemotron_super,8.808369153122275,6690,flask/18,flask,18,1,13,0,129527,14660,0.016874,434.97
0.0,0,0.0,0.0,all_tools,voluntary,nemotron_super,8.808369153122275,6690,flask/18,flask,18,2,10,0,90914,8489,0.011123,71.23
1.0,1,1.0,1.0,all_tools,voluntary,nemotron_super,8.808369153122275,6690,flask/18,flask,18,3,9,0,36982,10306,0.007266,120.6
1.0,1,1.0,1.0,all_tools,voluntary,nemotron_super,8.899457906353966,7328,flask/3,flask,3,1,10,0,65513,25764,0.015874,414.27
1.0,1,1.0,1.0,all_tools,voluntary,nemotron_super,8.899457906353966,7328,flask/3,flask,3,2,9,0,87539,23524,0.01685,336.73
1.0,1,1.0,1.0,all_tools,voluntary,nemotron_super,8.899457906353966,7328,flask/3,flask,3,3,12,0,90263,17495,0.01467,251.86
0.0,0,0.0,0.0,all_tools,voluntary,nemotron_super,8.827468112520654,6819,flask/6,flask,6,1,4,0,17812,5769,0.003822,80.21
1.0,1,1.0,1.0,all_tools,voluntary,nemotron_super,8.827468112520654,6819,flask/6,flask,6,2,7,0,84525,19561,0.015009,228.28
1.0,1,1.0,1.0,all_tools,voluntary,nemotron_super,8.827468112520654,6819,flask/6,flask,6,3,7,0,67458,11764,0.01044,162.99
0.0,0,0.0,0.0,all_tools,voluntary,nemotron_super,8.341410211461865,4194,gpt-engineer/11,gpt-engineer,11,1,7,0,23462,8229,0.005286,84.52
0.0,0,0.0,0.0,all_tools,voluntary,nemotron_super,8.341410211461865,4194,gpt-engineer/11,gpt-engineer,11,2,11,0,84896,17131,0.014069,267.63
0.0,0,0.0,0.0,all_tools,voluntary,nemotron_super,8.341410211461865,4194,gpt-engineer/11,gpt-engineer,11,3,14,0,94074,32674,0.021066,471.23
0.4,0,1.0,0.25,all_tools,voluntary,nemotron_super,8.029432840581244,3070,gpt-engineer/12,gpt-engineer,12,1,18,0,103456,13054,0.014015,180.85
0.4,0,1.0,0.25,all_tools,voluntary,nemotron_super,8.029432840581244,3070,gpt-engineer/12,gpt-engineer,12,2,3,0,11267,2940,0.002134,35.74
0.4,0,1.0,0.25,all_tools,voluntary,nemotron_super,8.029432840581244,3070,gpt-engineer/12,gpt-engineer,12,3,15,0,88424,24545,0.017334,240.34
1.0,1,1.0,1.0,all_tools,voluntary,nemotron_super,8.36380888451688,4289,gpt-engineer/9,gpt-engineer,9,1,10,0,73085,21211,0.014697,218.99
1.0,1,1.0,1.0,all_tools,voluntary,nemotron_super,8.36380888451688,4289,gpt-engineer/9,gpt-engineer,9,2,9,0,62793,13508,0.010741,145.19
1.0,1,1.0,1.0,all_tools,voluntary,nemotron_super,8.36380888451688,4289,gpt-engineer/9,gpt-engineer,9,3,7,0,28904,9391,0.006213,103.47
0.0,0,0.0,0.0,all_tools,voluntary,nemotron_super,10.196231790580173,26802,keras/12,keras,12,1,6,0,16745,15072,0.007452,251.24
0.0,0,0.0,0.0,all_tools,voluntary,nemotron_super,10.196231790580173,26802,keras/12,keras,12,2,6,0,17001,19542,0.009262,180.89
0.0,0,0.0,0.0,all_tools,voluntary,nemotron_super,10.196231790580173,26802,keras/12,keras,12,3,7,0,22948,9036,0.005565,123.07
1.0,1,1.0,1.0,all_tools,voluntary,nemotron_super,10.349134450277123,31230,keras/5,keras,5,1,9,0,83275,25847,0.017417,424.21
1.0,1,1.0,1.0,all_tools,voluntary,nemotron_super,10.349134450277123,31230,keras/5,keras,5,2,6,0,32192,9849,0.006676,105.94
1.0,1,1.0,1.0,all_tools,voluntary,nemotron_super,10.349134450277123,31230,keras/5,keras,5,3,6,0,23456,9868,0.005941,79.63
1.0,1,1.0,1.0,all_tools,voluntary,nemotron_super,10.444153492313001,34343,keras/9,keras,9,1,12,0,60370,15164,0.011197,216.96
1.0,1,1.0,1.0,all_tools,voluntary,nemotron_super,10.444153492313001,34343,keras/9,keras,9,2,5,0,19589,3652,0.003126,46.33
1.0,1,1.0,1.0,all_tools,voluntary,nemotron_super,10.444153492313001,34343,keras/9,keras,9,3,9,0,44052,12100,0.008584,157.82
0.0,0,0.0,0.0,all_tools,voluntary,nemotron_super,9.61953186182516,15056,localstack/19,localstack,19,1,23,0,226367,12581,0.024274,254.83
0.0,0,0.0,0.0,all_tools,voluntary,nemotron_super,9.61953186182516,15056,localstack/19,localstack,19,2,8,0,18155,2310,0.002467,53.42
0.0,0,0.0,0.0,all_tools,voluntary,nemotron_super,9.61953186182516,15056,localstack/19,localstack,19,3,18,0,95023,8600,0.011517,95.28
1.0,1,1.0,1.0,all_tools,voluntary,nemotron_super,10.563155506021905,38683,localstack/2,localstack,2,1,18,0,192419,27711,0.02744,517.97
1.0,1,1.0,1.0,all_tools,voluntary,nemotron_super,10.563155506021905,38683,localstack/2,localstack,2,2,19,0,220488,34173,0.032411,624.31
1.0,1,1.0,1.0,all_tools,voluntary,nemotron_super,10.563155506021905,38683,localstack/2,localstack,2,3,20,0,426176,41628,0.052876,593.12
1.0,1,1.0,1.0,all_tools,voluntary,nemotron_super,9.860214640302662,19153,localstack/9,localstack,9,1,15,0,114662,25834,0.02008,444.01
1.0,1,1.0,1.0,all_tools,voluntary,nemotron_super,9.860214640302662,19153,localstack/9,localstack,9,2,15,0,90839,21342,0.016258,266.0
1.0,1,1.0,1.0,all_tools,voluntary,nemotron_super,9.860214640302662,19153,localstack/9,localstack,9,3,18,0,125379,56490,0.033253,864.02
0.0,0,0.0,0.0,all_tools,voluntary,nemotron_super,11.189312196300184,72353,pandas/26,pandas,26,1,30,1,480631,9923,0.044823,170.17
0.6667,0,1.0,0.5,all_tools,voluntary,nemotron_super,11.189312196300184,72353,pandas/26,pandas,26,2,30,1,431064,18016,0.043847,243.11
0.6667,0,1.0,0.5,all_tools,voluntary,nemotron_super,11.189312196300184,72353,pandas/26,pandas,26,3,30,1,377198,9250,0.035762,97.88
0.0,0,0.0,0.0,all_tools,voluntary,nemotron_super,11.270446177349276,78468,pandas/35,pandas,35,1,30,1,278103,5427,0.02581,75.7
0.0,0,0.0,0.0,all_tools,voluntary,nemotron_super,11.270446177349276,78468,pandas/35,pandas,35,2,30,0,309904,22091,0.035178,236.74
0.0,0,0.0,0.0,all_tools,voluntary,nemotron_super,11.270446177349276,78468,pandas/35,pandas,35,3,30,1,212072,9449,0.021806,163.09
0.6667,0,1.0,0.5,all_tools,voluntary,nemotron_super,12.08721590866289,177587,pandas/38,pandas,38,1,7,0,46156,8556,0.007346,125.22
0.6667,0,1.0,0.5,all_tools,voluntary,nemotron_super,12.08721590866289,177587,pandas/38,pandas,38,2,5,0,35381,10822,0.007336,156.62
0.6667,0,1.0,0.5,all_tools,voluntary,nemotron_super,12.08721590866289,177587,pandas/38,pandas,38,3,3,0,15513,4484,0.003112,52.48
0.0,0,0.0,0.0,all_tools,voluntary,nemotron_super,10.883015959814806,53264,pandas/44,pandas,44,1,9,0,95993,13676,0.01363,245.53
0.0,0,0.0,0.0,all_tools,voluntary,nemotron_super,10.883015959814806,53264,pandas/44,pandas,44,2,13,0,161192,21654,0.022363,490.88
0.0,0,0.0,0.0,all_tools,voluntary,nemotron_super,10.883015959814806,53264,pandas/44,pandas,44,3,9,0,36045,9436,0.006838,114.46
0.8,0,1.0,0.6667,all_tools,voluntary,nemotron_super,9.346705246496699,11461,requests/12,requests,12,1,7,0,27809,6152,0.004825,91.69
0.8,0,1.0,0.6667,all_tools,voluntary,nemotron_super,9.346705246496699,11461,requests/12,requests,12,2,8,0,38886,8837,0.00684,84.26
0.8,0,1.0,0.6667,all_tools,voluntary,nemotron_super,9.346705246496699,11461,requests/12,requests,12,3,10,0,46190,9488,0.007721,99.36
1.0,1,1.0,1.0,all_tools,voluntary,nemotron_super,9.348274558065496,11479,requests/13,requests,13,1,7,0,26146,5489,0.004418,55.94
0.0,0,0.0,0.0,all_tools,voluntary,nemotron_super,9.348274558065496,11479,requests/13,requests,13,2,12,0,100721,38735,0.024055,504.17
1.0,1,1.0,1.0,all_tools,voluntary,nemotron_super,9.348274558065496,11479,requests/13,requests,13,3,5,0,20991,10363,0.005929,101.58
0.0,0,0.0,0.0,all_tools,voluntary,nemotron_super,7.958576903813898,2860,requests/7,requests,7,1,1,0,4805,564,0.000634,10.98
1.0,1,1.0,1.0,all_tools,voluntary,nemotron_super,7.958576903813898,2860,requests/7,requests,7,2,12,0,40985,25327,0.013615,274.35
1.0,1,1.0,1.0,all_tools,voluntary,nemotron_super,7.958576903813898,2860,requests/7,requests,7,3,5,0,17433,5530,0.003694,64.95
1.0,1,1.0,1.0,all_tools,voluntary,nemotron_super,10.031000872835088,22720,rich/1,rich,1,1,5,0,36041,3402,0.004424,44.18
1.0,1,1.0,1.0,all_tools,voluntary,nemotron_super,10.031000872835088,22720,rich/1,rich,1,2,12,0,52397,13962,0.010039,179.03
1.0,1,1.0,1.0,all_tools,voluntary,nemotron_super,10.031000872835088,22720,rich/1,rich,1,3,13,0,61990,15726,0.01156,269.76
0.4,0,1.0,0.25,all_tools,voluntary,nemotron_super,10.051648903516648,23194,rich/12,rich,12,1,13,0,103192,30002,0.020772,577.49
0.4,0,1.0,0.25,all_tools,voluntary,nemotron_super,10.051648903516648,23194,rich/12,rich,12,2,20,0,182590,66049,0.04194,621.98
0.6667,0,1.0,0.5,all_tools,voluntary,nemotron_super,10.051648903516648,23194,rich/12,rich,12,3,8,0,98463,22202,0.01725,215.94
1.0,1,1.0,1.0,all_tools,voluntary,nemotron_super,10.039939675671627,22924,rich/8,rich,8,1,6,0,36339,10167,0.007156,115.12
1.0,1,1.0,1.0,all_tools,voluntary,nemotron_super,10.039939675671627,22924,rich/8,rich,8,2,7,0,40718,7539,0.006477,107.41
1.0,1,1.0,1.0,all_tools,voluntary,nemotron_super,10.039939675671627,22924,rich/8,rich,8,3,6,0,36538,5242,0.005203,50.2
0.6667,0,1.0,0.5,all_tools,voluntary,nemotron_super,11.620954417182327,111408,scikit-learn/45,scikit-learn,45,1,7,0,21351,6977,0.004606,87.61
0.6667,0,1.0,0.5,all_tools,voluntary,nemotron_super,11.620954417182327,111408,scikit-learn/45,scikit-learn,45,2,8,0,25800,6575,0.004823,75.09
0.6667,0,1.0,0.5,all_tools,voluntary,nemotron_super,11.620954417182327,111408,scikit-learn/45,scikit-learn,45,3,7,0,20724,5439,0.003937,81.45
1.0,1,1.0,1.0,all_tools,voluntary,nemotron_super,11.55076060327325,103856,scikit-learn/49,scikit-learn,49,1,13,0,228574,14507,0.025232,161.05
1.0,1,1.0,1.0,all_tools,voluntary,nemotron_super,11.55076060327325,103856,scikit-learn/49,scikit-learn,49,2,11,0,227147,12796,0.024426,226.78
1.0,1,1.0,1.0,all_tools,voluntary,nemotron_super,11.55076060327325,103856,scikit-learn/49,scikit-learn,49,3,13,0,224488,14965,0.025067,161.39
1.0,1,1.0,1.0,all_tools,voluntary,nemotron_super,11.525654110946952,101281,scikit-learn/5,scikit-learn,5,1,4,0,21265,3173,0.003077,34.04
1.0,1,1.0,1.0,all_tools,voluntary,nemotron_super,11.525654110946952,101281,scikit-learn/5,scikit-learn,5,2,5,0,24013,8903,0.005602,118.45
1.0,1,1.0,1.0,all_tools,voluntary,nemotron_super,11.525654110946952,101281,scikit-learn/5,scikit-learn,5,3,6,0,27413,2833,0.003463,32.18
1.0,1,1.0,1.0,all_tools,voluntary,nemotron_super,9.796458979777604,17970,scrapy/20,scrapy,20,1,6,0,36884,4416,0.004902,61.07
1.0,1,1.0,1.0,all_tools,voluntary,nemotron_super,9.796458979777604,17970,scrapy/20,scrapy,20,2,4,0,15351,2611,0.002349,34.13
1.0,1,1.0,1.0,all_tools,voluntary,nemotron_super,9.796458979777604,17970,scrapy/20,scrapy,20,3,6,0,33755,7433,0.005842,112.83
0.6667,1,0.5,1.0,all_tools,voluntary,nemotron_super,9.655026193237628,15600,scrapy/26,scrapy,26,1,5,0,23435,6092,0.004429,73.38
1.0,1,1.0,1.0,all_tools,voluntary,nemotron_super,9.655026193237628,15600,scrapy/26,scrapy,26,2,3,0,21104,9229,0.005485,124.76
1.0,1,1.0,1.0,all_tools,voluntary,nemotron_super,9.655026193237628,15600,scrapy/26,scrapy,26,3,5,0,22863,6630,0.004595,61.03
0.6667,0,1.0,0.5,all_tools,voluntary,nemotron_super,9.73477299914839,16895,scrapy/48,scrapy,48,1,10,0,28800,4100,0.004088,48.25
0.0,0,0.0,0.0,all_tools,voluntary,nemotron_super,9.73477299914839,16895,scrapy/48,scrapy,48,2,10,0,33164,6650,0.005479,63.28
0.0,0,0.0,0.0,all_tools,voluntary,nemotron_super,9.73477299914839,16895,scrapy/48,scrapy,48,3,8,0,24955,9559,0.005945,86.01
1.0,1,1.0,1.0,all_tools,voluntary,nemotron_super,9.961803629358965,21201,stable-diffusion-webui/0,stable-diffusion-webui,0,1,3,0,52699,8331,0.007812,135.19
1.0,1,1.0,1.0,all_tools,voluntary,nemotron_super,9.961803629358965,21201,stable-diffusion-webui/0,stable-diffusion-webui,0,2,2,0,34875,2721,0.004053,50.48
1.0,1,1.0,1.0,all_tools,voluntary,nemotron_super,9.961803629358965,21201,stable-diffusion-webui/0,stable-diffusion-webui,0,3,3,0,51953,2115,0.005262,35.4
1.0,1,1.0,1.0,all_tools,voluntary,nemotron_super,9.908425341565751,20099,stable-diffusion-webui/13,stable-diffusion-webui,13,1,28,0,577785,45411,0.067276,779.19
0.0,0,0.0,0.0,all_tools,voluntary,nemotron_super,9.908425341565751,20099,stable-diffusion-webui/13,stable-diffusion-webui,13,2,30,1,560765,42211,0.064549,724.95
0.0,0,0.0,0.0,all_tools,voluntary,nemotron_super,9.908425341565751,20099,stable-diffusion-webui/13,stable-diffusion-webui,13,3,20,0,423147,17388,0.042923,227.06
0.6667,0,1.0,0.5,all_tools,voluntary,nemotron_super,10.028797743501574,22670,stable-diffusion-webui/5,stable-diffusion-webui,5,1,23,0,166357,26397,0.024699,528.49
0.0,0,0.0,0.0,all_tools,voluntary,nemotron_super,10.028797743501574,22670,stable-diffusion-webui/5,stable-diffusion-webui,5,2,11,0,70011,9092,0.009588,99.65
0.6667,0,1.0,0.5,all_tools,voluntary,nemotron_super,10.028797743501574,22670,stable-diffusion-webui/5,stable-diffusion-webui,5,3,11,0,108993,11807,0.013987,196.78
0.0,0,0.0,0.0,all_tools,voluntary,nemotron_super,8.483636407887394,4835,thefuck/10,thefuck,10,1,9,0,39580,23812,0.012889,337.33
0.0,0,0.0,0.0,all_tools,voluntary,nemotron_super,8.483636407887394,4835,thefuck/10,thefuck,10,2,7,0,22937,6412,0.004514,114.46
0.0,0,0.0,0.0,all_tools,voluntary,nemotron_super,8.483636407887394,4835,thefuck/10,thefuck,10,3,6,0,23848,13739,0.007523,234.88
0.0,0,0.0,0.0,all_tools,voluntary,nemotron_super,8.270781013162674,3908,thefuck/20,thefuck,20,1,30,1,182011,36692,0.030148,554.07
0.0,0,0.0,0.0,all_tools,voluntary,nemotron_super,8.270781013162674,3908,thefuck/20,thefuck,20,2,24,0,183633,37582,0.030642,505.77
0.0,0,0.0,0.0,all_tools,voluntary,nemotron_super,8.270781013162674,3908,thefuck/20,thefuck,20,3,29,0,206990,58820,0.041122,792.12
1.0,1,1.0,1.0,all_tools,voluntary,nemotron_super,7.822845290279774,2497,thefuck/5,thefuck,5,1,17,0,90133,13815,0.013187,211.45
1.0,1,1.0,1.0,all_tools,voluntary,nemotron_super,7.822845290279774,2497,thefuck/5,thefuck,5,2,11,0,53199,12513,0.009527,162.32
1.0,1,1.0,1.0,all_tools,voluntary,nemotron_super,7.822845290279774,2497,thefuck/5,thefuck,5,3,16,0,49203,4279,0.005894,44.79
1.0,1,1.0,1.0,all_tools,voluntary,nemotron_super,12.430331574579306,250279,transformers/25,transformers,25,1,10,0,41776,10505,0.007753,93.52
1.0,1,1.0,1.0,all_tools,voluntary,nemotron_super,12.430331574579306,250279,transformers/25,transformers,25,2,15,0,110659,32925,0.022576,367.3
1.0,1,1.0,1.0,all_tools,voluntary,nemotron_super,12.430331574579306,250279,transformers/25,transformers,25,3,10,0,39784,4437,0.005156,69.66
0.1538,0,1.0,0.0833,all_tools,voluntary,nemotron_super,12.407424472605875,244611,transformers/27,transformers,27,1,3,0,14707,993,0.001647,12.91
0.1538,0,1.0,0.0833,all_tools,voluntary,nemotron_super,12.407424472605875,244611,transformers/27,transformers,27,2,3,0,13002,1475,0.001695,16.47
0.1538,0,1.0,0.0833,all_tools,voluntary,nemotron_super,12.407424472605875,244611,transformers/27,transformers,27,3,3,0,12608,901,0.001432,11.99
0.0,0,0.0,0.0,all_tools,voluntary,nemotron_super,11.587420505060633,107734,transformers/5,transformers,5,1,30,1,542562,22496,0.055116,344.96
0.8889,0,1.0,0.8,all_tools,voluntary,nemotron_super,11.587420505060633,107734,transformers/5,transformers,5,2,30,0,573110,22619,0.057762,270.05
0.8889,0,1.0,0.8,all_tools,voluntary,nemotron_super,11.587420505060633,107734,transformers/5,transformers,5,3,27,0,434923,23930,0.04654,382.86
1.0,1,1.0,1.0,all_tools,voluntary,nemotron_super,12.095096391086711,178992,yt-dlp/23,yt-dlp,23,1,4,0,31697,11518,0.007301,165.51
1.0,1,1.0,1.0,all_tools,voluntary,nemotron_super,12.095096391086711,178992,yt-dlp/23,yt-dlp,23,2,4,0,31712,8093,0.005933,105.28
1.0,1,1.0,1.0,all_tools,voluntary,nemotron_super,12.095096391086711,178992,yt-dlp/23,yt-dlp,23,3,4,0,18311,6746,0.004255,106.5
0.0,0,0.0,0.0,all_tools,voluntary,nemotron_super,12.1489730534896,188900,yt-dlp/41,yt-dlp,41,1,12,0,114383,12488,0.014718,157.54
0.0,0,0.0,0.0,all_tools,voluntary,nemotron_super,12.1489730534896,188900,yt-dlp/41,yt-dlp,41,2,13,0,195060,15609,0.022824,224.84
0.0,0,0.0,0.0,all_tools,voluntary,nemotron_super,12.1489730534896,188900,yt-dlp/41,yt-dlp,41,3,26,0,243289,17746,0.027778,239.79
0.0,0,0.0,0.0,all_tools,voluntary,nemotron_super,12.198660241414718,198523,yt-dlp/45,yt-dlp,45,1,13,0,303166,22727,0.03486,289.73
0.6667,0,1.0,0.5,all_tools,voluntary,nemotron_super,12.198660241414718,198523,yt-dlp/45,yt-dlp,45,2,9,0,134872,8898,0.015023,209.73
0.6667,0,1.0,0.5,all_tools,voluntary,nemotron_super,12.198660241414718,198523,yt-dlp/45,yt-dlp,45,3,10,0,62205,12533,0.010301,126.91
1.0,1,1.0,1.0,structural,required,ministral_3b,12.068688124847148,174327,core/16,core,16,1,6,0,17210,702,0.000824,3.91
1.0,1,1.0,1.0,structural,required,ministral_3b,12.068688124847148,174327,core/16,core,16,2,23,0,94619,2743,0.001822,18.49
1.0,1,1.0,1.0,structural,required,ministral_3b,12.068688124847148,174327,core/16,core,16,3,24,0,261742,2546,0.00734,17.85
1.0,1,1.0,1.0,structural,required,ministral_3b,11.506545154005941,99364,core/20,core,20,1,8,0,56116,2456,0.002816,11.48
1.0,1,1.0,1.0,structural,required,ministral_3b,11.506545154005941,99364,core/20,core,20,2,10,0,62041,1925,0.002319,11.1
0.0,0,0.0,0.0,structural,required,ministral_3b,11.506545154005941,99364,core/20,core,20,3,8,0,34210,1917,0.00124,8.81
0.0,0,0.0,0.0,structural,required,ministral_3b,8.579980179515003,5324,fastapi/17,fastapi,17,1,18,0,159095,4496,0.004332,23.66
0.0,0,0.0,0.0,structural,required,ministral_3b,8.579980179515003,5324,fastapi/17,fastapi,17,2,19,0,291255,4770,0.007784,28.5
0.0,0,0.0,0.0,structural,required,ministral_3b,8.579980179515003,5324,fastapi/17,fastapi,17,3,26,0,371962,5075,0.008155,29.96
0.0,0,0.0,0.0,structural,required,ministral_3b,8.518991573357617,5009,fastapi/20,fastapi,20,1,29,0,121657,1861,0.003021,21.02
0.0,0,0.0,0.0,structural,required,ministral_3b,8.518991573357617,5009,fastapi/20,fastapi,20,2,17,0,78968,1630,0.002127,10.96
0.0,0,0.0,0.0,structural,required,ministral_3b,8.518991573357617,5009,fastapi/20,fastapi,20,3,9,0,37197,2020,0.001629,12.83
0.5,0,1.0,0.3333,structural,required,ministral_3b,8.482187582217422,4828,fastapi/9,fastapi,9,1,13,0,110264,1065,0.00497,8.25
0.5,0,1.0,0.3333,structural,required,ministral_3b,8.482187582217422,4828,fastapi/9,fastapi,9,2,8,0,38636,1202,0.001231,6.45
0.5,0,1.0,0.3333,structural,required,ministral_3b,8.482187582217422,4828,fastapi/9,fastapi,9,3,15,0,105692,1661,0.003674,13.0
0.6667,0,1.0,0.5,structural,required,ministral_3b,8.808369153122275,6690,flask/18,flask,18,1,17,0,226730,2085,0.006258,13.8
0.6667,0,1.0,0.5,structural,required,ministral_3b,8.808369153122275,6690,flask/18,flask,18,2,15,0,156697,1948,0.005842,17.96
0.6667,0,1.0,0.5,structural,required,ministral_3b,8.808369153122275,6690,flask/18,flask,18,3,12,0,104745,1558,0.003615,11.2
1.0,1,1.0,1.0,structural,required,ministral_3b,8.899457906353966,7328,flask/3,flask,3,1,17,0,182791,2232,0.005796,15.19
0.0,0,0.0,0.0,structural,required,ministral_3b,8.899457906353966,7328,flask/3,flask,3,2,30,1,90294,1941,0.001655,20.22
1.0,1,1.0,1.0,structural,required,ministral_3b,8.899457906353966,7328,flask/3,flask,3,3,22,0,220390,3119,0.006108,22.7
1.0,1,1.0,1.0,structural,required,ministral_3b,8.827468112520654,6819,flask/6,flask,6,1,5,0,20796,758,0.001107,4.47
1.0,1,1.0,1.0,structural,required,ministral_3b,8.827468112520654,6819,flask/6,flask,6,2,7,0,29656,818,0.001273,9.29
1.0,1,1.0,1.0,structural,required,ministral_3b,8.827468112520654,6819,flask/6,flask,6,3,6,0,27308,910,0.001416,6.48
0.6667,1,0.5,1.0,structural,required,ministral_3b,8.341410211461865,4194,gpt-engineer/11,gpt-engineer,11,1,9,0,26615,1242,0.001,8.07
0.0,0,0.0,0.0,structural,required,ministral_3b,8.341410211461865,4194,gpt-engineer/11,gpt-engineer,11,2,14,0,58096,1746,0.001814,10.33
0.0,0,0.0,0.0,structural,required,ministral_3b,8.341410211461865,4194,gpt-engineer/11,gpt-engineer,11,3,8,0,22419,1080,0.001152,7.37
0.4,0,1.0,0.25,structural,required,ministral_3b,8.029432840581244,3070,gpt-engineer/12,gpt-engineer,12,1,9,0,36550,1411,0.001665,7.03
0.4,0,1.0,0.25,structural,required,ministral_3b,8.029432840581244,3070,gpt-engineer/12,gpt-engineer,12,2,5,0,19693,1163,0.000934,6.98
0.4,0,1.0,0.25,structural,required,ministral_3b,8.029432840581244,3070,gpt-engineer/12,gpt-engineer,12,3,11,0,71539,2614,0.002704,43.42
1.0,1,1.0,1.0,structural,required,ministral_3b,8.36380888451688,4289,gpt-engineer/9,gpt-engineer,9,1,17,0,115386,1651,0.003202,14.74
1.0,1,1.0,1.0,structural,required,ministral_3b,8.36380888451688,4289,gpt-engineer/9,gpt-engineer,9,2,15,0,72292,1746,0.001701,9.45
1.0,1,1.0,1.0,structural,required,ministral_3b,8.36380888451688,4289,gpt-engineer/9,gpt-engineer,9,3,9,0,27554,1098,0.000976,7.53
0.0,0,0.0,0.0,structural,required,ministral_3b,10.196231790580173,26802,keras/12,keras,12,1,6,0,28335,1969,0.001982,13.91
0.0,0,0.0,0.0,structural,required,ministral_3b,10.196231790580173,26802,keras/12,keras,12,2,12,0,38666,1699,0.00103,8.25
0.0,0,0.0,0.0,structural,required,ministral_3b,10.196231790580173,26802,keras/12,keras,12,3,8,0,22586,1458,0.000941,9.04
1.0,1,1.0,1.0,structural,required,ministral_3b,10.349134450277123,31230,keras/5,keras,5,1,18,0,73065,1740,0.001916,18.73
1.0,1,1.0,1.0,structural,required,ministral_3b,10.349134450277123,31230,keras/5,keras,5,2,17,0,201171,2123,0.005872,16.5
1.0,1,1.0,1.0,structural,required,ministral_3b,10.349134450277123,31230,keras/5,keras,5,3,16,0,218610,1623,0.008107,14.92
1.0,1,1.0,1.0,structural,required,ministral_3b,10.444153492313001,34343,keras/9,keras,9,1,13,0,130081,2041,0.004399,12.19
1.0,1,1.0,1.0,structural,required,ministral_3b,10.444153492313001,34343,keras/9,keras,9,2,13,0,87092,2700,0.004129,15.39
1.0,1,1.0,1.0,structural,required,ministral_3b,10.444153492313001,34343,keras/9,keras,9,3,12,0,86684,3120,0.004004,18.35
0.2222,0,0.5,0.1429,structural,required,ministral_3b,9.61953186182516,15056,localstack/19,localstack,19,1,26,0,580197,3044,0.012901,26.01
0.25,0,1.0,0.1429,structural,required,ministral_3b,9.61953186182516,15056,localstack/19,localstack,19,2,26,0,100776,1932,0.002287,13.32
0.0,0,0.0,0.0,structural,required,ministral_3b,9.61953186182516,15056,localstack/19,localstack,19,3,15,0,144563,1531,0.006914,14.5
1.0,1,1.0,1.0,structural,required,ministral_3b,10.563155506021905,38683,localstack/2,localstack,2,1,26,0,402206,3018,0.008094,22.23
0.0,0,0.0,0.0,structural,required,ministral_3b,10.563155506021905,38683,localstack/2,localstack,2,2,21,0,445495,4004,0.010194,26.12
1.0,1,1.0,1.0,structural,required,ministral_3b,10.563155506021905,38683,localstack/2,localstack,2,3,18,0,242984,2710,0.005884,23.23
1.0,1,1.0,1.0,structural,required,ministral_3b,9.860214640302662,19153,localstack/9,localstack,9,1,12,0,56315,1269,0.001335,8.17
1.0,1,1.0,1.0,structural,required,ministral_3b,9.860214640302662,19153,localstack/9,localstack,9,2,17,0,152942,2602,0.004011,18.94
1.0,1,1.0,1.0,structural,required,ministral_3b,9.860214640302662,19153,localstack/9,localstack,9,3,11,0,70055,1402,0.003275,11.55
0.6667,0,1.0,0.5,structural,required,ministral_3b,11.189312196300184,72353,pandas/26,pandas,26,1,26,0,438260,1653,0.009489,17.78
0.6667,0,1.0,0.5,structural,required,ministral_3b,11.189312196300184,72353,pandas/26,pandas,26,2,27,0,246808,1557,0.006093,18.0
0.6667,0,1.0,0.5,structural,required,ministral_3b,11.189312196300184,72353,pandas/26,pandas,26,3,26,0,239184,1808,0.006612,19.37
0.0,0,0.0,0.0,structural,required,ministral_3b,11.270446177349276,78468,pandas/35,pandas,35,1,20,0,331899,2432,0.007686,19.02
0.0,0,0.0,0.0,structural,required,ministral_3b,11.270446177349276,78468,pandas/35,pandas,35,2,25,0,596785,2238,0.01214,19.48
0.0,0,0.0,0.0,structural,required,ministral_3b,11.270446177349276,78468,pandas/35,pandas,35,3,20,0,306670,2320,0.008953,24.84
0.6667,0,1.0,0.5,structural,required,ministral_3b,12.08721590866289,177587,pandas/38,pandas,38,1,13,0,265262,1069,0.009434,10.87
0.6667,0,1.0,0.5,structural,required,ministral_3b,12.08721590866289,177587,pandas/38,pandas,38,2,14,0,76127,1245,0.002922,8.98
0.6667,0,1.0,0.5,structural,required,ministral_3b,12.08721590866289,177587,pandas/38,pandas,38,3,15,0,239932,2148,0.010649,19.68
0.0,0,0.0,0.0,structural,required,ministral_3b,10.883015959814806,53264,pandas/44,pandas,44,1,25,0,842597,2763,0.016407,23.44
0.5,0,0.5,0.5,structural,required,ministral_3b,10.883015959814806,53264,pandas/44,pandas,44,2,16,0,343262,2332,0.010252,81.09
0.5,0,0.5,0.5,structural,required,ministral_3b,10.883015959814806,53264,pandas/44,pandas,44,3,12,0,122088,2847,0.005109,17.49
0.5,0,1.0,0.3333,structural,required,ministral_3b,9.346705246496699,11461,requests/12,requests,12,1,11,0,30597,828,0.000908,6.08
0.5,0,1.0,0.3333,structural,required,ministral_3b,9.346705246496699,11461,requests/12,requests,12,2,16,0,76732,1322,0.002207,13.94
0.5,0,1.0,0.3333,structural,required,ministral_3b,9.346705246496699,11461,requests/12,requests,12,3,11,0,29839,1181,0.00127,9.27
1.0,1,1.0,1.0,structural,required,ministral_3b,9.348274558065496,11479,requests/13,requests,13,1,7,0,25384,892,0.000877,4.61
1.0,1,1.0,1.0,structural,required,ministral_3b,9.348274558065496,11479,requests/13,requests,13,2,10,0,50215,1809,0.001366,10.37
1.0,1,1.0,1.0,structural,required,ministral_3b,9.348274558065496,11479,requests/13,requests,13,3,15,0,79788,1484,0.002886,11.09
1.0,1,1.0,1.0,structural,required,ministral_3b,7.958576903813898,2860,requests/7,requests,7,1,9,0,39827,970,0.001614,7.08
0.0,0,0.0,0.0,structural,required,ministral_3b,7.958576903813898,2860,requests/7,requests,7,2,7,0,25144,1710,0.001199,7.57
1.0,1,1.0,1.0,structural,required,ministral_3b,7.958576903813898,2860,requests/7,requests,7,3,8,0,28531,998,0.001329,7.89
1.0,1,1.0,1.0,structural,required,ministral_3b,10.031000872835088,22720,rich/1,rich,1,1,5,0,32205,458,0.002345,4.18
1.0,1,1.0,1.0,structural,required,ministral_3b,10.031000872835088,22720,rich/1,rich,1,2,12,0,123420,1178,0.00352,9.16
1.0,1,1.0,1.0,structural,required,ministral_3b,10.031000872835088,22720,rich/1,rich,1,3,9,0,82880,886,0.003204,9.74
0.0,0,0.0,0.0,structural,required,ministral_3b,10.051648903516648,23194,rich/12,rich,12,1,11,0,152244,1387,0.005905,10.18
0.4,0,1.0,0.25,structural,required,ministral_3b,10.051648903516648,23194,rich/12,rich,12,2,22,0,241221,2273,0.005261,47.57
0.4,0,1.0,0.25,structural,required,ministral_3b,10.051648903516648,23194,rich/12,rich,12,3,26,0,531383,4132,0.011492,30.0
0.0,0,0.0,0.0,structural,required,ministral_3b,10.039939675671627,22924,rich/8,rich,8,1,11,0,88591,2020,0.004027,12.69
1.0,1,1.0,1.0,structural,required,ministral_3b,10.039939675671627,22924,rich/8,rich,8,2,9,0,53125,1457,0.001369,8.71
1.0,1,1.0,1.0,structural,required,ministral_3b,10.039939675671627,22924,rich/8,rich,8,3,8,0,46476,931,0.00246,7.54
0.6667,0,1.0,0.5,structural,required,ministral_3b,11.620954417182327,111408,scikit-learn/45,scikit-learn,45,1,8,0,17302,704,0.000591,4.8
0.6667,0,1.0,0.5,structural,required,ministral_3b,11.620954417182327,111408,scikit-learn/45,scikit-learn,45,2,9,0,22047,918,0.000718,6.77
0.6667,0,1.0,0.5,structural,required,ministral_3b,11.620954417182327,111408,scikit-learn/45,scikit-learn,45,3,4,0,7040,496,0.000477,4.06
1.0,1,1.0,1.0,structural,required,ministral_3b,11.55076060327325,103856,scikit-learn/49,scikit-learn,49,1,6,0,31459,782,0.002475,4.82
1.0,1,1.0,1.0,structural,required,ministral_3b,11.55076060327325,103856,scikit-learn/49,scikit-learn,49,2,5,0,30274,595,0.001509,3.88
1.0,1,1.0,1.0,structural,required,ministral_3b,11.55076060327325,103856,scikit-learn/49,scikit-learn,49,3,7,0,63541,668,0.003679,5.65
1.0,1,1.0,1.0,structural,required,ministral_3b,11.525654110946952,101281,scikit-learn/5,scikit-learn,5,1,11,0,56808,1661,0.002045,8.32
1.0,1,1.0,1.0,structural,required,ministral_3b,11.525654110946952,101281,scikit-learn/5,scikit-learn,5,2,8,0,35583,1205,0.001882,6.59
1.0,1,1.0,1.0,structural,required,ministral_3b,11.525654110946952,101281,scikit-learn/5,scikit-learn,5,3,9,0,38019,1161,0.002213,9.63
1.0,1,1.0,1.0,structural,required,ministral_3b,9.796458979777604,17970,scrapy/20,scrapy,20,1,8,0,37883,589,0.002165,4.48
1.0,1,1.0,1.0,structural,required,ministral_3b,9.796458979777604,17970,scrapy/20,scrapy,20,2,7,0,24652,590,0.001107,6.98
1.0,1,1.0,1.0,structural,required,ministral_3b,9.796458979777604,17970,scrapy/20,scrapy,20,3,6,0,23377,365,0.001234,5.26
0.6667,1,0.5,1.0,structural,required,ministral_3b,9.655026193237628,15600,scrapy/26,scrapy,26,1,18,0,128657,1695,0.003232,12.91
0.0,0,0.0,0.0,structural,required,ministral_3b,9.655026193237628,15600,scrapy/26,scrapy,26,2,30,1,128991,2190,0.003165,39.66
0.0,0,0.0,0.0,structural,required,ministral_3b,9.655026193237628,15600,scrapy/26,scrapy,26,3,14,0,53495,1264,0.001928,11.53
0.0,0,0.0,0.0,structural,required,ministral_3b,9.73477299914839,16895,scrapy/48,scrapy,48,1,9,0,26429,1059,0.001032,7.92
0.0,0,0.0,0.0,structural,required,ministral_3b,9.73477299914839,16895,scrapy/48,scrapy,48,2,26,0,132688,2130,0.003171,19.64
0.0,0,0.0,0.0,structural,required,ministral_3b,9.73477299914839,16895,scrapy/48,scrapy,48,3,23,0,122672,1883,0.002744,18.12
1.0,1,1.0,1.0,structural,required,ministral_3b,9.961803629358965,21201,stable-diffusion-webui/0,stable-diffusion-webui,0,1,7,0,122271,1463,0.004471,11.8
1.0,1,1.0,1.0,structural,required,ministral_3b,9.961803629358965,21201,stable-diffusion-webui/0,stable-diffusion-webui,0,2,6,0,112051,822,0.004698,5.84
1.0,1,1.0,1.0,structural,required,ministral_3b,9.961803629358965,21201,stable-diffusion-webui/0,stable-diffusion-webui,0,3,10,0,178556,1234,0.006966,10.89
0.0,0,0.0,0.0,structural,required,ministral_3b,9.908425341565751,20099,stable-diffusion-webui/13,stable-diffusion-webui,13,1,21,0,331477,4212,0.006946,23.08
1.0,1,1.0,1.0,structural,required,ministral_3b,9.908425341565751,20099,stable-diffusion-webui/13,stable-diffusion-webui,13,2,17,0,360621,2147,0.009182,15.29
0.0,0,0.0,0.0,structural,required,ministral_3b,9.908425341565751,20099,stable-diffusion-webui/13,stable-diffusion-webui,13,3,9,0,175586,3043,0.009039,20.23
0.0,0,0.0,0.0,structural,required,ministral_3b,10.028797743501574,22670,stable-diffusion-webui/5,stable-diffusion-webui,5,1,26,0,180483,2148,0.004047,18.77
0.0,0,0.0,0.0,structural,required,ministral_3b,10.028797743501574,22670,stable-diffusion-webui/5,stable-diffusion-webui,5,2,21,0,162263,2368,0.004828,17.76
0.6667,0,1.0,0.5,structural,required,ministral_3b,10.028797743501574,22670,stable-diffusion-webui/5,stable-diffusion-webui,5,3,13,0,82914,1677,0.003655,19.8
0.5,0,1.0,0.3333,structural,required,ministral_3b,8.483636407887394,4835,thefuck/10,thefuck,10,1,12,0,48805,1788,0.001695,13.02
0.0,0,0.0,0.0,structural,required,ministral_3b,8.483636407887394,4835,thefuck/10,thefuck,10,2,14,0,58474,2257,0.001661,14.02
0.0,0,0.0,0.0,structural,required,ministral_3b,8.483636407887394,4835,thefuck/10,thefuck,10,3,12,0,36958,1137,0.001091,8.19
0.0,0,0.0,0.0,structural,required,ministral_3b,8.270781013162674,3908,thefuck/20,thefuck,20,1,12,0,40600,2081,0.000985,10.72
0.0,0,0.0,0.0,structural,required,ministral_3b,8.270781013162674,3908,thefuck/20,thefuck,20,2,17,0,70540,1922,0.002108,10.52
0.0,0,0.0,0.0,structural,required,ministral_3b,8.270781013162674,3908,thefuck/20,thefuck,20,3,10,0,28255,1058,0.00171,309.4
1.0,1,1.0,1.0,structural,required,ministral_3b,7.822845290279774,2497,thefuck/5,thefuck,5,1,11,0,83307,1071,0.002747,8.04
0.0,0,0.0,0.0,structural,required,ministral_3b,7.822845290279774,2497,thefuck/5,thefuck,5,2,9,0,48685,2037,0.001317,9.23
1.0,1,1.0,1.0,structural,required,ministral_3b,7.822845290279774,2497,thefuck/5,thefuck,5,3,8,0,48821,1075,0.002651,8.45
1.0,1,1.0,1.0,structural,required,ministral_3b,12.430331574579306,250279,transformers/25,transformers,25,1,13,0,239475,1608,0.007819,14.57
1.0,1,1.0,1.0,structural,required,ministral_3b,12.430331574579306,250279,transformers/25,transformers,25,2,7,0,68679,750,0.002865,5.74
1.0,1,1.0,1.0,structural,required,ministral_3b,12.430331574579306,250279,transformers/25,transformers,25,3,19,0,241198,1446,0.005936,13.34
0.1538,0,1.0,0.0833,structural,required,ministral_3b,12.407424472605875,244611,transformers/27,transformers,27,1,6,0,20039,538,0.000952,4.09
0.1538,0,1.0,0.0833,structural,required,ministral_3b,12.407424472605875,244611,transformers/27,transformers,27,2,5,0,16657,659,0.000706,3.52
0.1538,0,1.0,0.0833,structural,required,ministral_3b,12.407424472605875,244611,transformers/27,transformers,27,3,8,0,36191,1251,0.001313,10.98
0.3333,0,1.0,0.2,structural,required,ministral_3b,11.587420505060633,107734,transformers/5,transformers,5,1,26,0,197022,3044,0.00404,18.75
0.3333,0,1.0,0.2,structural,required,ministral_3b,11.587420505060633,107734,transformers/5,transformers,5,2,15,0,134281,2813,0.004966,15.09
0.0,0,0.0,0.0,structural,required,ministral_3b,11.587420505060633,107734,transformers/5,transformers,5,3,15,0,139569,2089,0.005595,27.34
1.0,1,1.0,1.0,structural,required,ministral_3b,12.095096391086711,178992,yt-dlp/23,yt-dlp,23,1,12,0,150453,1372,0.005056,8.87
1.0,1,1.0,1.0,structural,required,ministral_3b,12.095096391086711,178992,yt-dlp/23,yt-dlp,23,2,9,0,34794,1598,0.001208,7.73
1.0,1,1.0,1.0,structural,required,ministral_3b,12.095096391086711,178992,yt-dlp/23,yt-dlp,23,3,11,0,103324,1576,0.004891,12.05
0.0,0,0.0,0.0,structural,required,ministral_3b,12.1489730534896,188900,yt-dlp/41,yt-dlp,41,1,20,0,505928,4229,0.012044,33.14
0.0,0,0.0,0.0,structural,required,ministral_3b,12.1489730534896,188900,yt-dlp/41,yt-dlp,41,2,11,0,201525,2786,0.007886,15.24
0.0,0,0.0,0.0,structural,required,ministral_3b,12.1489730534896,188900,yt-dlp/41,yt-dlp,41,3,30,1,791616,3913,0.016861,38.78
0.0,0,0.0,0.0,structural,required,ministral_3b,12.198660241414718,198523,yt-dlp/45,yt-dlp,45,1,16,0,318713,4594,0.008323,26.8
0.6667,0,1.0,0.5,structural,required,ministral_3b,12.198660241414718,198523,yt-dlp/45,yt-dlp,45,2,13,0,197706,2971,0.00682,21.59
0.0,0,0.0,0.0,structural,required,ministral_3b,12.198660241414718,198523,yt-dlp/45,yt-dlp,45,3,9,0,100306,2272,0.004463,12.42
1.0,1,1.0,1.0,structural,required,gpt_oss_120b,12.068688124847148,174327,core/16,core,16,1,5,0,23274,1595,0.003149,19.47
1.0,1,1.0,1.0,structural,required,gpt_oss_120b,12.068688124847148,174327,core/16,core,16,2,7,0,28659,3192,0.004152,30.19
1.0,1,1.0,1.0,structural,required,gpt_oss_120b,12.068688124847148,174327,core/16,core,16,3,5,0,17668,1136,0.001632,23.1
1.0,1,1.0,1.0,structural,required,gpt_oss_120b,11.506545154005941,99364,core/20,core,20,1,16,0,67625,5088,0.006734,68.71
1.0,1,1.0,1.0,structural,required,gpt_oss_120b,11.506545154005941,99364,core/20,core,20,2,18,0,81113,4931,0.007668,78.11
1.0,1,1.0,1.0,structural,required,gpt_oss_120b,11.506545154005941,99364,core/20,core,20,3,5,0,19440,1420,0.00233,29.61
0.0,0,0.0,0.0,structural,required,gpt_oss_120b,8.579980179515003,5324,fastapi/17,fastapi,17,1,30,1,272478,8847,0.015262,138.38
0.0,0,0.0,0.0,structural,required,gpt_oss_120b,8.579980179515003,5324,fastapi/17,fastapi,17,2,27,0,265468,19942,0.025264,282.17
0.0,0,0.0,0.0,structural,required,gpt_oss_120b,8.579980179515003,5324,fastapi/17,fastapi,17,3,30,1,261327,8122,0.016249,146.45
0.0,0,0.0,0.0,structural,required,gpt_oss_120b,8.518991573357617,5009,fastapi/20,fastapi,20,1,12,0,37995,5189,0.005265,52.84
0.0,0,0.0,0.0,structural,required,gpt_oss_120b,8.518991573357617,5009,fastapi/20,fastapi,20,2,23,0,104282,8790,0.010806,141.49
0.0,0,0.0,0.0,structural,required,gpt_oss_120b,8.518991573357617,5009,fastapi/20,fastapi,20,3,18,0,59973,5643,0.006359,48.35
0.5,0,1.0,0.3333,structural,required,gpt_oss_120b,8.482187582217422,4828,fastapi/9,fastapi,9,1,9,0,40955,2414,0.004096,57.14
0.5,0,1.0,0.3333,structural,required,gpt_oss_120b,8.482187582217422,4828,fastapi/9,fastapi,9,2,16,0,109488,6424,0.009737,88.3
0.5,0,1.0,0.3333,structural,required,gpt_oss_120b,8.482187582217422,4828,fastapi/9,fastapi,9,3,24,0,159083,9441,0.012154,87.14
1.0,1,1.0,1.0,structural,required,gpt_oss_120b,8.808369153122275,6690,flask/18,flask,18,1,19,0,228003,3818,0.014225,84.23
0.6667,0,1.0,0.5,structural,required,gpt_oss_120b,8.808369153122275,6690,flask/18,flask,18,2,18,0,176153,3088,0.012826,52.07
0.6667,0,1.0,0.5,structural,required,gpt_oss_120b,8.808369153122275,6690,flask/18,flask,18,3,14,0,119500,2782,0.007015,36.48
1.0,1,1.0,1.0,structural,required,gpt_oss_120b,8.899457906353966,7328,flask/3,flask,3,1,28,0,408822,15047,0.026245,201.97
0.6667,1,0.5,1.0,structural,required,gpt_oss_120b,8.899457906353966,7328,flask/3,flask,3,2,8,0,37013,2765,0.005698,42.02
1.0,1,1.0,1.0,structural,required,gpt_oss_120b,8.899457906353966,7328,flask/3,flask,3,3,21,0,209701,6863,0.01398,89.59
1.0,1,1.0,1.0,structural,required,gpt_oss_120b,8.827468112520654,6819,flask/6,flask,6,1,10,0,44734,3865,0.006151,63.99
1.0,1,1.0,1.0,structural,required,gpt_oss_120b,8.827468112520654,6819,flask/6,flask,6,2,27,0,188321,13789,0.017505,191.72
1.0,1,1.0,1.0,structural,required,gpt_oss_120b,8.827468112520654,6819,flask/6,flask,6,3,15,0,87388,2998,0.007174,35.37
0.0,0,0.0,0.0,structural,required,gpt_oss_120b,8.341410211461865,4194,gpt-engineer/11,gpt-engineer,11,1,24,0,321284,15153,0.023281,292.41
0.0,0,0.0,0.0,structural,required,gpt_oss_120b,8.341410211461865,4194,gpt-engineer/11,gpt-engineer,11,2,11,0,71636,1689,0.007795,25.86
0.0,0,0.0,0.0,structural,required,gpt_oss_120b,8.341410211461865,4194,gpt-engineer/11,gpt-engineer,11,3,12,0,62528,4583,0.006642,44.21
0.4,0,1.0,0.25,structural,required,gpt_oss_120b,8.029432840581244,3070,gpt-engineer/12,gpt-engineer,12,1,10,0,60730,6014,0.007909,83.06
0.4,0,1.0,0.25,structural,required,gpt_oss_120b,8.029432840581244,3070,gpt-engineer/12,gpt-engineer,12,2,18,0,150637,7008,0.012363,124.8
0.4,0,1.0,0.25,structural,required,gpt_oss_120b,8.029432840581244,3070,gpt-engineer/12,gpt-engineer,12,3,15,0,94835,6726,0.007836,67.1
0.6667,1,0.5,1.0,structural,required,gpt_oss_120b,8.36380888451688,4289,gpt-engineer/9,gpt-engineer,9,1,13,0,65344,6132,0.007444,76.86
0.6667,1,0.5,1.0,structural,required,gpt_oss_120b,8.36380888451688,4289,gpt-engineer/9,gpt-engineer,9,2,15,0,99737,14799,0.015217,200.59
0.6667,1,0.5,1.0,structural,required,gpt_oss_120b,8.36380888451688,4289,gpt-engineer/9,gpt-engineer,9,3,10,0,47133,4525,0.006047,78.62
0.0,0,0.0,0.0,structural,required,gpt_oss_120b,10.196231790580173,26802,keras/12,keras,12,1,13,0,76981,5117,0.008343,53.14
0.0,0,0.0,0.0,structural,required,gpt_oss_120b,10.196231790580173,26802,keras/12,keras,12,2,5,0,11536,1576,0.001816,38.4
0.0,0,0.0,0.0,structural,required,gpt_oss_120b,10.196231790580173,26802,keras/12,keras,12,3,6,0,17902,1600,0.002161,16.17
0.0,0,0.0,0.0,structural,required,gpt_oss_120b,10.349134450277123,31230,keras/5,keras,5,1,20,0,145943,9681,0.013825,173.83
0.0,0,0.0,0.0,structural,required,gpt_oss_120b,10.349134450277123,31230,keras/5,keras,5,2,13,0,89332,5869,0.009533,64.96
0.0,0,0.0,0.0,structural,required,gpt_oss_120b,10.349134450277123,31230,keras/5,keras,5,3,17,0,98926,6346,0.008866,91.21
1.0,1,1.0,1.0,structural,required,gpt_oss_120b,10.444153492313001,34343,keras/9,keras,9,1,10,0,43867,1598,0.004106,30.28
1.0,1,1.0,1.0,structural,required,gpt_oss_120b,10.444153492313001,34343,keras/9,keras,9,2,12,0,55330,1368,0.00496,42.65
1.0,1,1.0,1.0,structural,required,gpt_oss_120b,10.444153492313001,34343,keras/9,keras,9,3,16,0,112363,7201,0.010029,80.81
0.0,0,0.0,0.0,structural,required,gpt_oss_120b,9.61953186182516,15056,localstack/19,localstack,19,1,12,0,20012,2243,0.002314,25.2
0.0,0,0.0,0.0,structural,required,gpt_oss_120b,9.61953186182516,15056,localstack/19,localstack,19,2,24,0,53571,4684,0.005592,58.76
0.0,0,0.0,0.0,structural,required,gpt_oss_120b,9.61953186182516,15056,localstack/19,localstack,19,3,17,0,42872,3436,0.004179,33.86
1.0,1,1.0,1.0,structural,required,gpt_oss_120b,10.563155506021905,38683,localstack/2,localstack,2,1,17,0,154891,3363,0.010126,90.2
1.0,1,1.0,1.0,structural,required,gpt_oss_120b,10.563155506021905,38683,localstack/2,localstack,2,2,26,0,285338,6554,0.015578,102.63
1.0,1,1.0,1.0,structural,required,gpt_oss_120b,10.563155506021905,38683,localstack/2,localstack,2,3,20,0,200136,5710,0.012321,86.4
1.0,1,1.0,1.0,structural,required,gpt_oss_120b,9.860214640302662,19153,localstack/9,localstack,9,1,13,0,69176,8323,0.008365,106.23
1.0,1,1.0,1.0,structural,required,gpt_oss_120b,9.860214640302662,19153,localstack/9,localstack,9,2,14,0,83694,7838,0.009572,103.19
1.0,1,1.0,1.0,structural,required,gpt_oss_120b,9.860214640302662,19153,localstack/9,localstack,9,3,26,0,201035,22483,0.021267,209.18
1.0,1,1.0,1.0,structural,required,gpt_oss_120b,11.189312196300184,72353,pandas/26,pandas,26,1,10,0,79600,3978,0.007697,59.65
0.8,1,0.6667,1.0,structural,required,gpt_oss_120b,11.189312196300184,72353,pandas/26,pandas,26,2,30,1,330698,8261,0.017715,140.35
0.8,1,0.6667,1.0,structural,required,gpt_oss_120b,11.189312196300184,72353,pandas/26,pandas,26,3,25,0,127904,5845,0.009236,64.47
0.0,0,0.0,0.0,structural,required,gpt_oss_120b,11.270446177349276,78468,pandas/35,pandas,35,1,13,0,133869,5497,0.014186,72.0
0.0,0,0.0,0.0,structural,required,gpt_oss_120b,11.270446177349276,78468,pandas/35,pandas,35,2,19,0,486203,5374,0.031978,114.45
0.0,0,0.0,0.0,structural,required,gpt_oss_120b,11.270446177349276,78468,pandas/35,pandas,35,3,22,0,613565,9059,0.032194,189.89
0.6667,0,1.0,0.5,structural,required,gpt_oss_120b,12.08721590866289,177587,pandas/38,pandas,38,1,10,0,100636,4113,0.008383,47.15
0.6667,0,1.0,0.5,structural,required,gpt_oss_120b,12.08721590866289,177587,pandas/38,pandas,38,2,6,0,52430,1547,0.00615,25.14
0.6667,0,1.0,0.5,structural,required,gpt_oss_120b,12.08721590866289,177587,pandas/38,pandas,38,3,14,0,137520,4616,0.009726,35.52
0.0,0,0.0,0.0,structural,required,gpt_oss_120b,10.883015959814806,53264,pandas/44,pandas,44,1,14,0,246499,4749,0.016853,80.7
0.0,0,0.0,0.0,structural,required,gpt_oss_120b,10.883015959814806,53264,pandas/44,pandas,44,2,6,0,72367,2022,0.008382,29.75
0.0,0,0.0,0.0,structural,required,gpt_oss_120b,10.883015959814806,53264,pandas/44,pandas,44,3,10,0,145654,2642,0.008464,39.17
0.8,0,1.0,0.6667,structural,required,gpt_oss_120b,9.346705246496699,11461,requests/12,requests,12,1,13,0,47392,6243,0.006826,97.51
0.5,0,1.0,0.3333,structural,required,gpt_oss_120b,9.346705246496699,11461,requests/12,requests,12,2,12,0,59547,1611,0.005611,21.17
0.8,0,1.0,0.6667,structural,required,gpt_oss_120b,9.346705246496699,11461,requests/12,requests,12,3,11,0,40556,2050,0.003862,20.8
1.0,1,1.0,1.0,structural,required,gpt_oss_120b,9.348274558065496,11479,requests/13,requests,13,1,8,0,40160,3105,0.004496,35.08
1.0,1,1.0,1.0,structural,required,gpt_oss_120b,9.348274558065496,11479,requests/13,requests,13,2,10,0,43842,4100,0.00522,69.41
1.0,1,1.0,1.0,structural,required,gpt_oss_120b,9.348274558065496,11479,requests/13,requests,13,3,11,0,56647,5093,0.006695,115.49
1.0,1,1.0,1.0,structural,required,gpt_oss_120b,7.958576903813898,2860,requests/7,requests,7,1,8,0,40684,2505,0.004442,27.68
1.0,1,1.0,1.0,structural,required,gpt_oss_120b,7.958576903813898,2860,requests/7,requests,7,2,7,0,29124,3621,0.004175,61.28
1.0,1,1.0,1.0,structural,required,gpt_oss_120b,7.958576903813898,2860,requests/7,requests,7,3,11,0,57691,5867,0.006265,85.66
1.0,1,1.0,1.0,structural,required,gpt_oss_120b,10.031000872835088,22720,rich/1,rich,1,1,12,0,129580,2936,0.008899,32.6
1.0,1,1.0,1.0,structural,required,gpt_oss_120b,10.031000872835088,22720,rich/1,rich,1,2,13,0,84521,2951,0.008276,48.0
0.0,0,0.0,0.0,structural,required,gpt_oss_120b,10.031000872835088,22720,rich/1,rich,1,3,9,0,57140,1692,0.005678,20.13
0.0,0,0.0,0.0,structural,required,gpt_oss_120b,10.051648903516648,23194,rich/12,rich,12,1,8,0,42318,1923,0.004741,24.39
0.0,0,0.0,0.0,structural,required,gpt_oss_120b,10.051648903516648,23194,rich/12,rich,12,2,8,0,60583,1760,0.006736,30.49
0.0,0,0.0,0.0,structural,required,gpt_oss_120b,10.051648903516648,23194,rich/12,rich,12,3,14,0,95605,3386,0.007632,31.72
1.0,1,1.0,1.0,structural,required,gpt_oss_120b,10.039939675671627,22924,rich/8,rich,8,1,18,0,131486,5162,0.009215,76.88
1.0,1,1.0,1.0,structural,required,gpt_oss_120b,10.039939675671627,22924,rich/8,rich,8,2,10,0,52132,2375,0.006117,36.23
1.0,1,1.0,1.0,structural,required,gpt_oss_120b,10.039939675671627,22924,rich/8,rich,8,3,10,0,59750,2583,0.00522,27.11
0.6667,0,1.0,0.5,structural,required,gpt_oss_120b,11.620954417182327,111408,scikit-learn/45,scikit-learn,45,1,8,0,46463,1111,0.00587,20.99
0.6667,0,1.0,0.5,structural,required,gpt_oss_120b,11.620954417182327,111408,scikit-learn/45,scikit-learn,45,2,24,0,175391,5534,0.010387,84.34
0.6667,0,1.0,0.5,structural,required,gpt_oss_120b,11.620954417182327,111408,scikit-learn/45,scikit-learn,45,3,17,0,102562,3182,0.004491,37.7
1.0,1,1.0,1.0,structural,required,gpt_oss_120b,11.55076060327325,103856,scikit-learn/49,scikit-learn,49,1,8,0,142779,2640,0.014173,49.79
1.0,1,1.0,1.0,structural,required,gpt_oss_120b,11.55076060327325,103856,scikit-learn/49,scikit-learn,49,2,20,0,509146,9444,0.028622,145.46
1.0,1,1.0,1.0,structural,required,gpt_oss_120b,11.55076060327325,103856,scikit-learn/49,scikit-learn,49,3,17,0,197810,3673,0.012601,41.49
1.0,1,1.0,1.0,structural,required,gpt_oss_120b,11.525654110946952,101281,scikit-learn/5,scikit-learn,5,1,15,0,153247,14588,0.019789,220.12
1.0,1,1.0,1.0,structural,required,gpt_oss_120b,11.525654110946952,101281,scikit-learn/5,scikit-learn,5,2,19,0,171515,13830,0.015555,160.97
1.0,1,1.0,1.0,structural,required,gpt_oss_120b,11.525654110946952,101281,scikit-learn/5,scikit-learn,5,3,11,0,73850,8446,0.009883,92.76
1.0,1,1.0,1.0,structural,required,gpt_oss_120b,9.796458979777604,17970,scrapy/20,scrapy,20,1,14,0,80083,3361,0.006875,39.85
1.0,1,1.0,1.0,structural,required,gpt_oss_120b,9.796458979777604,17970,scrapy/20,scrapy,20,2,12,0,98442,3563,0.010965,53.99
1.0,1,1.0,1.0,structural,required,gpt_oss_120b,9.796458979777604,17970,scrapy/20,scrapy,20,3,8,0,43365,1056,0.003671,10.87
1.0,1,1.0,1.0,structural,required,gpt_oss_120b,9.655026193237628,15600,scrapy/26,scrapy,26,1,18,0,111347,3486,0.007949,63.56
0.6667,1,0.5,1.0,structural,required,gpt_oss_120b,9.655026193237628,15600,scrapy/26,scrapy,26,2,21,0,96929,7755,0.009658,95.55
1.0,1,1.0,1.0,structural,required,gpt_oss_120b,9.655026193237628,15600,scrapy/26,scrapy,26,3,14,0,76538,2911,0.005592,34.02
0.0,0,0.0,0.0,structural,required,gpt_oss_120b,9.73477299914839,16895,scrapy/48,scrapy,48,1,15,0,83431,3528,0.006731,53.38
0.0,0,0.0,0.0,structural,required,gpt_oss_120b,9.73477299914839,16895,scrapy/48,scrapy,48,2,23,0,101720,4353,0.006716,66.76
0.0,0,0.0,0.0,structural,required,gpt_oss_120b,9.73477299914839,16895,scrapy/48,scrapy,48,3,8,0,26927,938,0.002686,31.43
1.0,1,1.0,1.0,structural,required,gpt_oss_120b,9.961803629358965,21201,stable-diffusion-webui/0,stable-diffusion-webui,0,1,5,0,81677,1073,0.007475,18.31
1.0,1,1.0,1.0,structural,required,gpt_oss_120b,9.961803629358965,21201,stable-diffusion-webui/0,stable-diffusion-webui,0,2,6,0,99279,2132,0.008822,32.95
1.0,1,1.0,1.0,structural,required,gpt_oss_120b,9.961803629358965,21201,stable-diffusion-webui/0,stable-diffusion-webui,0,3,5,0,64470,943,0.005149,20.21
1.0,1,1.0,1.0,structural,required,gpt_oss_120b,9.908425341565751,20099,stable-diffusion-webui/13,stable-diffusion-webui,13,1,15,0,215626,3422,0.013506,51.3
1.0,1,1.0,1.0,structural,required,gpt_oss_120b,9.908425341565751,20099,stable-diffusion-webui/13,stable-diffusion-webui,13,2,20,0,311896,6184,0.020015,109.9
1.0,1,1.0,1.0,structural,required,gpt_oss_120b,9.908425341565751,20099,stable-diffusion-webui/13,stable-diffusion-webui,13,3,28,0,383983,5611,0.015663,106.43
0.6667,0,1.0,0.5,structural,required,gpt_oss_120b,10.028797743501574,22670,stable-diffusion-webui/5,stable-diffusion-webui,5,1,32,1,347402,5480,0.01419,78.81
0.6667,0,1.0,0.5,structural,required,gpt_oss_120b,10.028797743501574,22670,stable-diffusion-webui/5,stable-diffusion-webui,5,2,19,0,130893,4350,0.008228,47.08
0.6667,0,1.0,0.5,structural,required,gpt_oss_120b,10.028797743501574,22670,stable-diffusion-webui/5,stable-diffusion-webui,5,3,21,0,143859,4926,0.008654,53.03
0.0,0,0.0,0.0,structural,required,gpt_oss_120b,8.483636407887394,4835,thefuck/10,thefuck,10,1,16,0,59514,7182,0.00727,58.53
0.0,0,0.0,0.0,structural,required,gpt_oss_120b,8.483636407887394,4835,thefuck/10,thefuck,10,2,22,0,107189,10183,0.010232,72.46
0.0,0,0.0,0.0,structural,required,gpt_oss_120b,8.483636407887394,4835,thefuck/10,thefuck,10,3,18,0,69763,9068,0.008297,55.78
0.0,0,0.0,0.0,structural,required,gpt_oss_120b,8.270781013162674,3908,thefuck/20,thefuck,20,1,19,0,91445,6580,0.008883,101.72
0.0,0,0.0,0.0,structural,required,gpt_oss_120b,8.270781013162674,3908,thefuck/20,thefuck,20,2,21,0,81149,7957,0.008445,89.55
0.0,0,0.0,0.0,structural,required,gpt_oss_120b,8.270781013162674,3908,thefuck/20,thefuck,20,3,30,1,221160,13487,0.017804,117.04
1.0,1,1.0,1.0,structural,required,gpt_oss_120b,7.822845290279774,2497,thefuck/5,thefuck,5,1,8,0,24973,3258,0.003544,32.38
1.0,1,1.0,1.0,structural,required,gpt_oss_120b,7.822845290279774,2497,thefuck/5,thefuck,5,2,7,0,21788,2501,0.003103,27.26
1.0,1,1.0,1.0,structural,required,gpt_oss_120b,7.822845290279774,2497,thefuck/5,thefuck,5,3,13,0,54247,5460,0.005596,45.53
1.0,1,1.0,1.0,structural,required,gpt_oss_120b,12.430331574579306,250279,transformers/25,transformers,25,1,8,0,39381,966,0.004706,13.7
1.0,1,1.0,1.0,structural,required,gpt_oss_120b,12.430331574579306,250279,transformers/25,transformers,25,2,14,0,72524,3223,0.008896,35.83
1.0,1,1.0,1.0,structural,required,gpt_oss_120b,12.430331574579306,250279,transformers/25,transformers,25,3,7,0,49831,1507,0.007039,17.61
0.1538,0,1.0,0.0833,structural,required,gpt_oss_120b,12.407424472605875,244611,transformers/27,transformers,27,1,7,0,47574,954,0.00537,12.14
0.1538,0,1.0,0.0833,structural,required,gpt_oss_120b,12.407424472605875,244611,transformers/27,transformers,27,2,8,0,57845,1697,0.006353,19.88
0.1538,0,1.0,0.0833,structural,required,gpt_oss_120b,12.407424472605875,244611,transformers/27,transformers,27,3,7,0,52831,1272,0.004622,11.49
0.75,0,1.0,0.6,structural,required,gpt_oss_120b,11.587420505060633,107734,transformers/5,transformers,5,1,13,0,155720,5343,0.013961,96.2
0.0,0,0.0,0.0,structural,required,gpt_oss_120b,11.587420505060633,107734,transformers/5,transformers,5,2,25,0,392394,5903,0.022149,135.9
0.75,0,1.0,0.6,structural,required,gpt_oss_120b,11.587420505060633,107734,transformers/5,transformers,5,3,20,0,247917,4452,0.015337,78.53
1.0,1,1.0,1.0,structural,required,gpt_oss_120b,12.095096391086711,178992,yt-dlp/23,yt-dlp,23,1,6,0,20367,1154,0.002309,12.28
1.0,1,1.0,1.0,structural,required,gpt_oss_120b,12.095096391086711,178992,yt-dlp/23,yt-dlp,23,2,24,0,134058,10969,0.013725,146.19
1.0,1,1.0,1.0,structural,required,gpt_oss_120b,12.095096391086711,178992,yt-dlp/23,yt-dlp,23,3,11,0,42621,3833,0.004174,24.38
0.0,0,0.0,0.0,structural,required,gpt_oss_120b,12.1489730534896,188900,yt-dlp/41,yt-dlp,41,1,15,0,128329,5479,0.010412,78.5
0.0,0,0.0,0.0,structural,required,gpt_oss_120b,12.1489730534896,188900,yt-dlp/41,yt-dlp,41,2,15,0,431942,11723,0.036368,242.4
0.0,0,0.0,0.0,structural,required,gpt_oss_120b,12.1489730534896,188900,yt-dlp/41,yt-dlp,41,3,16,0,328929,7956,0.020981,189.53
0.6667,0,1.0,0.5,structural,required,gpt_oss_120b,12.198660241414718,198523,yt-dlp/45,yt-dlp,45,1,12,0,185374,5916,0.014933,130.44
0.6667,0,1.0,0.5,structural,required,gpt_oss_120b,12.198660241414718,198523,yt-dlp/45,yt-dlp,45,2,24,0,462686,9842,0.026439,149.78
0.6667,0,1.0,0.5,structural,required,gpt_oss_120b,12.198660241414718,198523,yt-dlp/45,yt-dlp,45,3,15,0,87222,2849,0.007844,54.93
1.0,1,1.0,1.0,structural,required,deepseek_flash,12.068688124847148,174327,core/16,core,16,1,13,0,136522,5111,0.004036,50.65
1.0,1,1.0,1.0,structural,required,deepseek_flash,12.068688124847148,174327,core/16,core,16,2,17,0,158378,5214,0.003507,50.9
1.0,1,1.0,1.0,structural,required,deepseek_flash,12.068688124847148,174327,core/16,core,16,3,25,0,354962,10573,0.006345,97.57
1.0,1,1.0,1.0,structural,required,deepseek_flash,11.506545154005941,99364,core/20,core,20,1,16,0,121434,5245,0.002699,55.07
1.0,1,1.0,1.0,structural,required,deepseek_flash,11.506545154005941,99364,core/20,core,20,2,12,0,70820,3039,0.001792,35.95
1.0,1,1.0,1.0,structural,required,deepseek_flash,11.506545154005941,99364,core/20,core,20,3,8,0,48191,1933,0.001598,20.92
0.0,0,0.0,0.0,structural,required,deepseek_flash,8.579980179515003,5324,fastapi/17,fastapi,17,1,28,0,521123,20227,0.011992,158.9
0.0,0,0.0,0.0,structural,required,deepseek_flash,8.579980179515003,5324,fastapi/17,fastapi,17,2,30,1,571186,24328,0.013932,211.98
0.0,0,0.0,0.0,structural,required,deepseek_flash,8.579980179515003,5324,fastapi/17,fastapi,17,3,30,1,568788,20279,0.011813,170.33
0.5,1,0.3333,1.0,structural,required,deepseek_flash,8.518991573357617,5009,fastapi/20,fastapi,20,1,30,1,346948,8182,0.007364,102.7
0.0,0,0.0,0.0,structural,required,deepseek_flash,8.518991573357617,5009,fastapi/20,fastapi,20,2,30,1,222712,6512,0.005537,77.89
0.5,1,0.3333,1.0,structural,required,deepseek_flash,8.518991573357617,5009,fastapi/20,fastapi,20,3,30,1,558717,7887,0.010639,98.4
0.5,0,1.0,0.3333,structural,required,deepseek_flash,8.482187582217422,4828,fastapi/9,fastapi,9,1,12,0,84854,2494,0.002269,32.86
0.5,0,1.0,0.3333,structural,required,deepseek_flash,8.482187582217422,4828,fastapi/9,fastapi,9,2,16,0,130810,3726,0.002726,46.72
0.5,0,1.0,0.3333,structural,required,deepseek_flash,8.482187582217422,4828,fastapi/9,fastapi,9,3,20,0,195254,7206,0.004117,79.35
0.6667,0,1.0,0.5,structural,required,deepseek_flash,8.808369153122275,6690,flask/18,flask,18,1,14,0,159279,3654,0.003513,39.79
1.0,1,1.0,1.0,structural,required,deepseek_flash,8.808369153122275,6690,flask/18,flask,18,2,13,0,156420,4338,0.004182,49.32
1.0,1,1.0,1.0,structural,required,deepseek_flash,8.808369153122275,6690,flask/18,flask,18,3,14,0,188555,3680,0.003825,38.5
1.0,1,1.0,1.0,structural,required,deepseek_flash,8.899457906353966,7328,flask/3,flask,3,1,30,1,289803,8832,0.007518,101.48
0.0,0,0.0,0.0,structural,required,deepseek_flash,8.899457906353966,7328,flask/3,flask,3,2,30,1,482292,9182,0.009381,112.5
1.0,1,1.0,1.0,structural,required,deepseek_flash,8.899457906353966,7328,flask/3,flask,3,3,30,1,703469,23022,0.016316,247.56
1.0,1,1.0,1.0,structural,required,deepseek_flash,8.827468112520654,6819,flask/6,flask,6,1,7,0,38648,5399,0.002514,48.8
1.0,1,1.0,1.0,structural,required,deepseek_flash,8.827468112520654,6819,flask/6,flask,6,2,11,0,71503,4075,0.002353,40.04
1.0,1,1.0,1.0,structural,required,deepseek_flash,8.827468112520654,6819,flask/6,flask,6,3,11,0,90593,5900,0.002867,49.56
0.5,1,0.3333,1.0,structural,required,deepseek_flash,8.341410211461865,4194,gpt-engineer/11,gpt-engineer,11,1,9,0,85525,5014,0.003719,47.15
0.5,1,0.3333,1.0,structural,required,deepseek_flash,8.341410211461865,4194,gpt-engineer/11,gpt-engineer,11,2,13,0,169155,4072,0.003959,42.25
0.5,1,0.3333,1.0,structural,required,deepseek_flash,8.341410211461865,4194,gpt-engineer/11,gpt-engineer,11,3,16,0,171780,4321,0.003834,51.55
0.6667,0,1.0,0.5,structural,required,deepseek_flash,8.029432840581244,3070,gpt-engineer/12,gpt-engineer,12,1,22,0,240597,10158,0.005321,96.89
0.6667,0,1.0,0.5,structural,required,deepseek_flash,8.029432840581244,3070,gpt-engineer/12,gpt-engineer,12,2,14,0,118410,7890,0.003947,75.22
0.4,0,1.0,0.25,structural,required,deepseek_flash,8.029432840581244,3070,gpt-engineer/12,gpt-engineer,12,3,14,0,104828,5197,0.002977,51.59
0.6667,1,0.5,1.0,structural,required,deepseek_flash,8.36380888451688,4289,gpt-engineer/9,gpt-engineer,9,1,29,0,468372,20774,0.011609,175.66
0.5,1,0.3333,1.0,structural,required,deepseek_flash,8.36380888451688,4289,gpt-engineer/9,gpt-engineer,9,2,15,0,215146,10713,0.006005,112.12
0.0,0,0.0,0.0,structural,required,deepseek_flash,8.36380888451688,4289,gpt-engineer/9,gpt-engineer,9,3,28,0,475838,24016,0.014036,227.74
0.2857,0,0.5,0.2,structural,required,deepseek_flash,10.196231790580173,26802,keras/12,keras,12,1,14,0,156577,4744,0.003756,53.96
0.0,0,0.0,0.0,structural,required,deepseek_flash,10.196231790580173,26802,keras/12,keras,12,2,14,0,133371,6334,0.004096,70.77
0.0,0,0.0,0.0,structural,required,deepseek_flash,10.196231790580173,26802,keras/12,keras,12,3,16,0,175754,3401,0.003852,42.25
0.0,0,0.0,0.0,structural,required,deepseek_flash,10.349134450277123,31230,keras/5,keras,5,1,30,1,489873,8585,0.010258,89.74
0.0,0,0.0,0.0,structural,required,deepseek_flash,10.349134450277123,31230,keras/5,keras,5,2,30,1,457204,12394,0.011615,115.06
0.0,0,0.0,0.0,structural,required,deepseek_flash,10.349134450277123,31230,keras/5,keras,5,3,30,1,529393,13122,0.010897,138.17
1.0,1,1.0,1.0,structural,required,deepseek_flash,10.444153492313001,34343,keras/9,keras,9,1,13,0,110431,8080,0.003902,84.41
1.0,1,1.0,1.0,structural,required,deepseek_flash,10.444153492313001,34343,keras/9,keras,9,2,10,0,107868,7116,0.004344,73.73
1.0,1,1.0,1.0,structural,required,deepseek_flash,10.444153492313001,34343,keras/9,keras,9,3,9,0,95777,7422,0.004107,67.18
0.25,0,1.0,0.1429,structural,required,deepseek_flash,9.61953186182516,15056,localstack/19,localstack,19,1,19,0,137902,3286,0.003104,39.51
0.0,0,0.0,0.0,structural,required,deepseek_flash,9.61953186182516,15056,localstack/19,localstack,19,2,14,0,78806,2117,0.002177,26.44
0.25,0,1.0,0.1429,structural,required,deepseek_flash,9.61953186182516,15056,localstack/19,localstack,19,3,21,0,150369,5279,0.003212,58.65
0.0,0,0.0,0.0,structural,required,deepseek_flash,10.563155506021905,38683,localstack/2,localstack,2,1,30,1,614803,10452,0.011184,119.61
1.0,1,1.0,1.0,structural,required,deepseek_flash,10.563155506021905,38683,localstack/2,localstack,2,2,30,1,741939,10694,0.013807,118.22
0.6667,1,0.5,1.0,structural,required,deepseek_flash,10.563155506021905,38683,localstack/2,localstack,2,3,26,0,559012,8498,0.010834,85.98
0.0,0,0.0,0.0,structural,required,deepseek_flash,9.860214640302662,19153,localstack/9,localstack,9,1,30,1,603914,42239,0.018314,349.59
1.0,1,1.0,1.0,structural,required,deepseek_flash,9.860214640302662,19153,localstack/9,localstack,9,2,14,0,204170,12182,0.005916,99.3
0.0,0,0.0,0.0,structural,required,deepseek_flash,9.860214640302662,19153,localstack/9,localstack,9,3,30,1,665167,38028,0.018316,290.11
0.0,0,0.0,0.0,structural,required,deepseek_flash,11.189312196300184,72353,pandas/26,pandas,26,1,30,1,354445,4445,0.005927,58.4
0.0,0,0.0,0.0,structural,required,deepseek_flash,11.189312196300184,72353,pandas/26,pandas,26,2,30,1,500629,3596,0.008751,55.2
0.8,1,0.6667,1.0,structural,required,deepseek_flash,11.189312196300184,72353,pandas/26,pandas,26,3,25,0,580684,3483,0.007195,48.99
0.0,0,0.0,0.0,structural,required,deepseek_flash,11.270446177349276,78468,pandas/35,pandas,35,1,30,1,313060,8251,0.007117,84.58
0.0,0,0.0,0.0,structural,required,deepseek_flash,11.270446177349276,78468,pandas/35,pandas,35,2,30,1,588328,6539,0.010403,75.61
0.0,0,0.0,0.0,structural,required,deepseek_flash,11.270446177349276,78468,pandas/35,pandas,35,3,30,1,469182,10223,0.010788,107.37
0.5,0,0.5,0.5,structural,required,deepseek_flash,12.08721590866289,177587,pandas/38,pandas,38,1,30,1,573154,6905,0.009505,81.86
0.5,0,0.5,0.5,structural,required,deepseek_flash,12.08721590866289,177587,pandas/38,pandas,38,2,23,0,350655,7689,0.005725,83.83
0.0,0,0.0,0.0,structural,required,deepseek_flash,12.08721590866289,177587,pandas/38,pandas,38,3,30,1,930956,15729,0.017163,146.32
0.0,0,0.0,0.0,structural,required,deepseek_flash,10.883015959814806,53264,pandas/44,pandas,44,1,30,0,598427,8345,0.010356,100.52
0.5,0,0.5,0.5,structural,required,deepseek_flash,10.883015959814806,53264,pandas/44,pandas,44,2,30,1,306766,12603,0.009807,116.3
0.0,0,0.0,0.0,structural,required,deepseek_flash,10.883015959814806,53264,pandas/44,pandas,44,3,30,1,735376,9527,0.013703,129.52
0.8,0,1.0,0.6667,structural,required,deepseek_flash,9.346705246496699,11461,requests/12,requests,12,1,7,0,46796,3591,0.002991,28.23
0.8,0,1.0,0.6667,structural,required,deepseek_flash,9.346705246496699,11461,requests/12,requests,12,2,11,0,70902,2129,0.002268,25.22
0.8,0,1.0,0.6667,structural,required,deepseek_flash,9.346705246496699,11461,requests/12,requests,12,3,12,0,114954,5115,0.003406,47.2
1.0,1,1.0,1.0,structural,required,deepseek_flash,9.348274558065496,11479,requests/13,requests,13,1,12,0,127188,7476,0.004129,65.58
1.0,1,1.0,1.0,structural,required,deepseek_flash,9.348274558065496,11479,requests/13,requests,13,2,20,0,260630,14526,0.006574,143.41
1.0,1,1.0,1.0,structural,required,deepseek_flash,9.348274558065496,11479,requests/13,requests,13,3,27,0,390980,18019,0.010311,181.2
1.0,1,1.0,1.0,structural,required,deepseek_flash,7.958576903813898,2860,requests/7,requests,7,1,13,0,84711,7197,0.003162,75.21
1.0,1,1.0,1.0,structural,required,deepseek_flash,7.958576903813898,2860,requests/7,requests,7,2,10,0,52939,4876,0.002244,49.52
1.0,1,1.0,1.0,structural,required,deepseek_flash,7.958576903813898,2860,requests/7,requests,7,3,8,0,40567,3484,0.001755,38.35
1.0,1,1.0,1.0,structural,required,deepseek_flash,10.031000872835088,22720,rich/1,rich,1,1,5,0,24493,1107,0.001842,11.51
1.0,1,1.0,1.0,structural,required,deepseek_flash,10.031000872835088,22720,rich/1,rich,1,2,5,0,33122,1793,0.002083,18.89
1.0,1,1.0,1.0,structural,required,deepseek_flash,10.031000872835088,22720,rich/1,rich,1,3,6,0,30958,2086,0.002161,21.66
0.4,0,1.0,0.25,structural,required,deepseek_flash,10.051648903516648,23194,rich/12,rich,12,1,29,0,841138,27588,0.018323,244.56
0.4,0,1.0,0.25,structural,required,deepseek_flash,10.051648903516648,23194,rich/12,rich,12,2,30,1,479811,29952,0.013743,248.41
0.4,0,1.0,0.25,structural,required,deepseek_flash,10.051648903516648,23194,rich/12,rich,12,3,30,1,459599,22688,0.013024,187.63
1.0,1,1.0,1.0,structural,required,deepseek_flash,10.039939675671627,22924,rich/8,rich,8,1,8,0,56005,2723,0.002123,25.27
1.0,1,1.0,1.0,structural,required,deepseek_flash,10.039939675671627,22924,rich/8,rich,8,2,9,0,65268,1558,0.001829,19.7
1.0,1,1.0,1.0,structural,required,deepseek_flash,10.039939675671627,22924,rich/8,rich,8,3,11,0,155935,2036,0.003487,25.58
0.6667,0,1.0,0.5,structural,required,deepseek_flash,11.620954417182327,111408,scikit-learn/45,scikit-learn,45,1,22,0,169949,2621,0.002663,38.42
0.0,0,0.0,0.0,structural,required,deepseek_flash,11.620954417182327,111408,scikit-learn/45,scikit-learn,45,2,30,1,270751,3722,0.005457,54.63
0.6667,0,1.0,0.5,structural,required,deepseek_flash,11.620954417182327,111408,scikit-learn/45,scikit-learn,45,3,25,0,206914,4050,0.002934,48.45
1.0,1,1.0,1.0,structural,required,deepseek_flash,11.55076060327325,103856,scikit-learn/49,scikit-learn,49,1,16,0,266185,3574,0.004619,43.55
1.0,1,1.0,1.0,structural,required,deepseek_flash,11.55076060327325,103856,scikit-learn/49,scikit-learn,49,2,11,0,225661,3631,0.004932,33.79
1.0,1,1.0,1.0,structural,required,deepseek_flash,11.55076060327325,103856,scikit-learn/49,scikit-learn,49,3,17,0,271202,3641,0.005392,46.14
1.0,1,1.0,1.0,structural,required,deepseek_flash,11.525654110946952,101281,scikit-learn/5,scikit-learn,5,1,15,0,245778,29742,0.010476,307.88
1.0,1,1.0,1.0,structural,required,deepseek_flash,11.525654110946952,101281,scikit-learn/5,scikit-learn,5,2,23,0,326234,18268,0.007797,155.38
1.0,1,1.0,1.0,structural,required,deepseek_flash,11.525654110946952,101281,scikit-learn/5,scikit-learn,5,3,15,0,304158,32741,0.011744,252.4
1.0,1,1.0,1.0,structural,required,deepseek_flash,9.796458979777604,17970,scrapy/20,scrapy,20,1,5,0,19691,982,0.000872,10.86
1.0,1,1.0,1.0,structural,required,deepseek_flash,9.796458979777604,17970,scrapy/20,scrapy,20,2,6,0,40103,1358,0.001727,14.55
1.0,1,1.0,1.0,structural,required,deepseek_flash,9.796458979777604,17970,scrapy/20,scrapy,20,3,7,0,44114,1305,0.001765,14.69
0.6667,1,0.5,1.0,structural,required,deepseek_flash,9.655026193237628,15600,scrapy/26,scrapy,26,1,14,0,131500,3011,0.002886,32.44
0.6667,1,0.5,1.0,structural,required,deepseek_flash,9.655026193237628,15600,scrapy/26,scrapy,26,2,15,0,124655,2846,0.002707,32.45
0.6667,1,0.5,1.0,structural,required,deepseek_flash,9.655026193237628,15600,scrapy/26,scrapy,26,3,15,0,104682,2602,0.002143,29.46
0.0,0,0.0,0.0,structural,required,deepseek_flash,9.73477299914839,16895,scrapy/48,scrapy,48,1,30,1,273030,5793,0.005197,72.57
0.0,0,0.0,0.0,structural,required,deepseek_flash,9.73477299914839,16895,scrapy/48,scrapy,48,2,32,1,253393,7154,0.005516,87.2
0.0,0,0.0,0.0,structural,required,deepseek_flash,9.73477299914839,16895,scrapy/48,scrapy,48,3,30,1,214928,5868,0.004671,66.19
1.0,1,1.0,1.0,structural,required,deepseek_flash,9.961803629358965,21201,stable-diffusion-webui/0,stable-diffusion-webui,0,1,10,0,198209,3113,0.00407,31.83
1.0,1,1.0,1.0,structural,required,deepseek_flash,9.961803629358965,21201,stable-diffusion-webui/0,stable-diffusion-webui,0,2,5,0,90018,1500,0.00317,16.13
1.0,1,1.0,1.0,structural,required,deepseek_flash,9.961803629358965,21201,stable-diffusion-webui/0,stable-diffusion-webui,0,3,4,0,72542,1808,0.003163,18.85
1.0,1,1.0,1.0,structural,required,deepseek_flash,9.908425341565751,20099,stable-diffusion-webui/13,stable-diffusion-webui,13,1,27,0,654401,17056,0.012026,155.91
1.0,1,1.0,1.0,structural,required,deepseek_flash,9.908425341565751,20099,stable-diffusion-webui/13,stable-diffusion-webui,13,2,30,1,863026,21667,0.016217,215.44
1.0,1,1.0,1.0,structural,required,deepseek_flash,9.908425341565751,20099,stable-diffusion-webui/13,stable-diffusion-webui,13,3,30,0,886881,21539,0.016378,196.31
0.6667,0,1.0,0.5,structural,required,deepseek_flash,10.028797743501574,22670,stable-diffusion-webui/5,stable-diffusion-webui,5,1,30,1,708110,29883,0.018132,252.43
1.0,1,1.0,1.0,structural,required,deepseek_flash,10.028797743501574,22670,stable-diffusion-webui/5,stable-diffusion-webui,5,2,23,0,738816,29774,0.016166,232.5
0.6667,0,1.0,0.5,structural,required,deepseek_flash,10.028797743501574,22670,stable-diffusion-webui/5,stable-diffusion-webui,5,3,18,0,347794,18065,0.009459,152.38
0.5,0,1.0,0.3333,structural,required,deepseek_flash,8.483636407887394,4835,thefuck/10,thefuck,10,1,18,0,198492,11292,0.00596,93.23
0.0,0,0.0,0.0,structural,required,deepseek_flash,8.483636407887394,4835,thefuck/10,thefuck,10,2,27,0,330001,15877,0.010658,143.91
0.0,0,0.0,0.0,structural,required,deepseek_flash,8.483636407887394,4835,thefuck/10,thefuck,10,3,22,0,422245,21785,0.010756,181.32
0.0,0,0.0,0.0,structural,required,deepseek_flash,8.270781013162674,3908,thefuck/20,thefuck,20,1,14,0,58584,3286,0.001764,32.35
0.0,0,0.0,0.0,structural,required,deepseek_flash,8.270781013162674,3908,thefuck/20,thefuck,20,2,10,0,47806,6783,0.002797,56.84
0.0,0,0.0,0.0,structural,required,deepseek_flash,8.270781013162674,3908,thefuck/20,thefuck,20,3,17,0,94069,4598,0.00255,46.0
1.0,1,1.0,1.0,structural,required,deepseek_flash,7.822845290279774,2497,thefuck/5,thefuck,5,1,22,0,153615,5241,0.003164,63.38
1.0,1,1.0,1.0,structural,required,deepseek_flash,7.822845290279774,2497,thefuck/5,thefuck,5,2,7,0,33910,2421,0.001579,20.6
1.0,1,1.0,1.0,structural,required,deepseek_flash,7.822845290279774,2497,thefuck/5,thefuck,5,3,8,0,31314,2204,0.001524,24.27
1.0,1,1.0,1.0,structural,required,deepseek_flash,12.430331574579306,250279,transformers/25,transformers,25,1,8,0,65497,2217,0.003503,25.87
1.0,1,1.0,1.0,structural,required,deepseek_flash,12.430331574579306,250279,transformers/25,transformers,25,2,8,0,85456,2000,0.002742,25.03
1.0,1,1.0,1.0,structural,required,deepseek_flash,12.430331574579306,250279,transformers/25,transformers,25,3,10,0,86644,3886,0.003419,35.5
0.1538,0,1.0,0.0833,structural,required,deepseek_flash,12.407424472605875,244611,transformers/27,transformers,27,1,3,0,13933,521,0.00085,6.82
0.1538,0,1.0,0.0833,structural,required,deepseek_flash,12.407424472605875,244611,transformers/27,transformers,27,2,8,0,64176,1871,0.002326,19.56
0.1538,0,1.0,0.0833,structural,required,deepseek_flash,12.407424472605875,244611,transformers/27,transformers,27,3,10,0,80929,1908,0.002047,22.8
0.75,0,1.0,0.6,structural,required,deepseek_flash,11.587420505060633,107734,transformers/5,transformers,5,1,27,0,669193,7073,0.014761,91.57
0.75,0,1.0,0.6,structural,required,deepseek_flash,11.587420505060633,107734,transformers/5,transformers,5,2,28,0,944726,9001,0.016926,118.53
0.8889,0,1.0,0.8,structural,required,deepseek_flash,11.587420505060633,107734,transformers/5,transformers,5,3,30,1,560120,6756,0.01245,87.66
1.0,1,1.0,1.0,structural,required,deepseek_flash,12.095096391086711,178992,yt-dlp/23,yt-dlp,23,1,21,0,208626,8429,0.004277,92.54
1.0,1,1.0,1.0,structural,required,deepseek_flash,12.095096391086711,178992,yt-dlp/23,yt-dlp,23,2,18,0,195162,11636,0.005134,103.42
1.0,1,1.0,1.0,structural,required,deepseek_flash,12.095096391086711,178992,yt-dlp/23,yt-dlp,23,3,22,0,336045,9192,0.006173,93.11
0.3333,1,0.2,1.0,structural,required,deepseek_flash,12.1489730534896,188900,yt-dlp/41,yt-dlp,41,1,23,0,715978,15713,0.010822,146.31
0.0,0,0.0,0.0,structural,required,deepseek_flash,12.1489730534896,188900,yt-dlp/41,yt-dlp,41,2,30,1,541826,11519,0.01254,112.07
0.0,0,0.0,0.0,structural,required,deepseek_flash,12.1489730534896,188900,yt-dlp/41,yt-dlp,41,3,30,1,893621,18034,0.01634,179.64
0.0,0,0.0,0.0,structural,required,deepseek_flash,12.198660241414718,198523,yt-dlp/45,yt-dlp,45,1,30,1,498072,7651,0.00844,86.18
0.0,0,0.0,0.0,structural,required,deepseek_flash,12.198660241414718,198523,yt-dlp/45,yt-dlp,45,2,17,0,198872,5032,0.004595,52.97
1.0,1,1.0,1.0,structural,required,deepseek_flash,12.198660241414718,198523,yt-dlp/45,yt-dlp,45,3,30,1,542728,10038,0.010829,106.87
1.0,1,1.0,1.0,structural,required,nemotron_super,12.068688124847148,174327,core/16,core,16,1,14,0,145598,44937,0.030351,585.4
0.0,0,0.0,0.0,structural,required,nemotron_super,12.068688124847148,174327,core/16,core,16,2,18,0,95986,17423,0.015128,212.82
1.0,1,1.0,1.0,structural,required,nemotron_super,12.068688124847148,174327,core/16,core,16,3,19,0,125079,13142,0.015889,215.55
1.0,1,1.0,1.0,structural,required,nemotron_super,11.506545154005941,99364,core/20,core,20,1,3,0,14183,7011,0.00401,94.94
1.0,1,1.0,1.0,structural,required,nemotron_super,11.506545154005941,99364,core/20,core,20,2,4,0,18284,11967,0.006341,189.88
1.0,1,1.0,1.0,structural,required,nemotron_super,11.506545154005941,99364,core/20,core,20,3,13,0,75420,14413,0.012176,177.59
0.0,0,0.0,0.0,structural,required,nemotron_super,8.579980179515003,5324,fastapi/17,fastapi,17,1,25,0,173104,79225,0.046404,854.68
0.0,0,0.0,0.0,structural,required,nemotron_super,8.579980179515003,5324,fastapi/17,fastapi,17,2,14,0,207410,54573,0.039459,722.41
0.0,0,0.0,0.0,structural,required,nemotron_super,8.579980179515003,5324,fastapi/17,fastapi,17,3,17,0,125925,20815,0.01903,335.53
0.0,0,0.0,0.0,structural,required,nemotron_super,8.518991573357617,5009,fastapi/20,fastapi,20,1,9,0,44902,18736,0.011311,291.68
0.0,0,0.0,0.0,structural,required,nemotron_super,8.518991573357617,5009,fastapi/20,fastapi,20,2,18,0,97067,41327,0.024781,609.07
0.0,0,0.0,0.0,structural,required,nemotron_super,8.518991573357617,5009,fastapi/20,fastapi,20,3,21,0,200149,54583,0.038846,589.12
0.5,0,1.0,0.3333,structural,required,nemotron_super,8.482187582217422,4828,fastapi/9,fastapi,9,1,6,0,37725,12070,0.008035,188.35
0.5,0,1.0,0.3333,structural,required,nemotron_super,8.482187582217422,4828,fastapi/9,fastapi,9,2,13,0,133473,54331,0.033078,665.93
0.5,0,1.0,0.3333,structural,required,nemotron_super,8.482187582217422,4828,fastapi/9,fastapi,9,3,11,0,160189,46680,0.032288,448.44
1.0,1,1.0,1.0,structural,required,nemotron_super,8.808369153122275,6690,flask/18,flask,18,1,15,0,129532,31915,0.023776,532.6
1.0,1,1.0,1.0,structural,required,nemotron_super,8.808369153122275,6690,flask/18,flask,18,2,12,0,98555,11735,0.013071,138.77
1.0,1,1.0,1.0,structural,required,nemotron_super,8.808369153122275,6690,flask/18,flask,18,3,9,0,73443,20971,0.014631,273.61
1.0,1,1.0,1.0,structural,required,nemotron_super,8.899457906353966,7328,flask/3,flask,3,1,14,0,104285,23143,0.018121,444.42
1.0,1,1.0,1.0,structural,required,nemotron_super,8.899457906353966,7328,flask/3,flask,3,2,12,0,91110,25412,0.017909,243.41
1.0,1,1.0,1.0,structural,required,nemotron_super,8.899457906353966,7328,flask/3,flask,3,3,19,0,304375,37705,0.040954,458.99
1.0,1,1.0,1.0,structural,required,nemotron_super,8.827468112520654,6819,flask/6,flask,6,1,12,0,97085,19082,0.015885,210.09
1.0,1,1.0,1.0,structural,required,nemotron_super,8.827468112520654,6819,flask/6,flask,6,2,7,0,55759,17667,0.011806,236.5
1.0,1,1.0,1.0,structural,required,nemotron_super,8.827468112520654,6819,flask/6,flask,6,3,13,0,151357,38021,0.028074,386.54
0.0,0,0.0,0.0,structural,required,nemotron_super,8.341410211461865,4194,gpt-engineer/11,gpt-engineer,11,1,12,0,43198,24070,0.0133,501.45
0.0,0,0.0,0.0,structural,required,nemotron_super,8.341410211461865,4194,gpt-engineer/11,gpt-engineer,11,2,13,0,94055,32532,0.021007,501.5
0.0,0,0.0,0.0,structural,required,nemotron_super,8.341410211461865,4194,gpt-engineer/11,gpt-engineer,11,3,11,0,75119,18787,0.0139,217.45
0.4,0,1.0,0.25,structural,required,nemotron_super,8.029432840581244,3070,gpt-engineer/12,gpt-engineer,12,1,12,0,62711,20175,0.0134,240.04
0.4,0,1.0,0.25,structural,required,nemotron_super,8.029432840581244,3070,gpt-engineer/12,gpt-engineer,12,2,6,0,19899,6478,0.004283,90.69
0.4,0,1.0,0.25,structural,required,nemotron_super,8.029432840581244,3070,gpt-engineer/12,gpt-engineer,12,3,9,0,43630,15874,0.010058,323.14
0.0,0,0.0,0.0,structural,required,nemotron_super,8.36380888451688,4289,gpt-engineer/9,gpt-engineer,9,1,13,0,127221,36512,0.025419,468.13
0.6667,1,0.5,1.0,structural,required,nemotron_super,8.36380888451688,4289,gpt-engineer/9,gpt-engineer,9,2,9,0,61614,19815,0.013163,237.84
1.0,1,1.0,1.0,structural,required,nemotron_super,8.36380888451688,4289,gpt-engineer/9,gpt-engineer,9,3,14,0,109084,17637,0.016327,212.66
0.0,0,0.0,0.0,structural,required,nemotron_super,10.196231790580173,26802,keras/12,keras,12,1,6,0,17894,14758,0.007424,170.42
0.0,0,0.0,0.0,structural,required,nemotron_super,10.196231790580173,26802,keras/12,keras,12,2,8,0,23577,13585,0.007438,169.22
0.0,0,0.0,0.0,structural,required,nemotron_super,10.196231790580173,26802,keras/12,keras,12,3,11,0,58696,30505,0.017191,598.78
0.0,0,0.0,0.0,structural,required,nemotron_super,10.349134450277123,31230,keras/5,keras,5,1,13,0,159083,26480,0.024114,294.15
0.0,0,0.0,0.0,structural,required,nemotron_super,10.349134450277123,31230,keras/5,keras,5,2,30,1,322615,51452,0.048003,698.88
0.0,0,0.0,0.0,structural,required,nemotron_super,10.349134450277123,31230,keras/5,keras,5,3,9,0,65895,18757,0.013104,141.47
1.0,1,1.0,1.0,structural,required,nemotron_super,10.444153492313001,34343,keras/9,keras,9,1,5,0,25870,17408,0.009162,197.08
1.0,1,1.0,1.0,structural,required,nemotron_super,10.444153492313001,34343,keras/9,keras,9,2,7,0,30719,12992,0.007808,153.82
1.0,1,1.0,1.0,structural,required,nemotron_super,10.444153492313001,34343,keras/9,keras,9,3,7,0,31078,14033,0.008255,227.94
0.0,0,0.0,0.0,structural,required,nemotron_super,9.61953186182516,15056,localstack/19,localstack,19,1,18,0,70820,15732,0.012313,237.74
0.0,0,0.0,0.0,structural,required,nemotron_super,9.61953186182516,15056,localstack/19,localstack,19,2,21,0,92177,15449,0.014015,208.74
0.0,0,0.0,0.0,structural,required,nemotron_super,9.61953186182516,15056,localstack/19,localstack,19,3,16,0,41511,9463,0.007314,161.27
1.0,1,1.0,1.0,structural,required,nemotron_super,10.563155506021905,38683,localstack/2,localstack,2,1,10,0,86266,9059,0.010956,175.1
1.0,1,1.0,1.0,structural,required,nemotron_super,10.563155506021905,38683,localstack/2,localstack,2,2,11,0,98736,8593,0.01183,112.21
1.0,1,1.0,1.0,structural,required,nemotron_super,10.563155506021905,38683,localstack/2,localstack,2,3,10,0,90719,14916,0.013678,178.06
1.0,1,1.0,1.0,structural,required,nemotron_super,9.860214640302662,19153,localstack/9,localstack,9,1,21,0,174013,55988,0.037186,722.6
1.0,1,1.0,1.0,structural,required,nemotron_super,9.860214640302662,19153,localstack/9,localstack,9,2,18,0,129978,68688,0.038523,819.02
1.0,1,1.0,1.0,structural,required,nemotron_super,9.860214640302662,19153,localstack/9,localstack,9,3,10,0,116093,38048,0.025087,660.21
0.6667,0,1.0,0.5,structural,required,nemotron_super,11.189312196300184,72353,pandas/26,pandas,26,1,30,1,389961,15823,0.039476,255.39
0.0,0,0.0,0.0,structural,required,nemotron_super,11.189312196300184,72353,pandas/26,pandas,26,2,30,1,727142,10489,0.066003,189.86
1.0,1,1.0,1.0,structural,required,nemotron_super,11.189312196300184,72353,pandas/26,pandas,26,3,25,0,507774,16138,0.049616,400.5
0.0,0,0.0,0.0,structural,required,nemotron_super,11.270446177349276,78468,pandas/35,pandas,35,1,29,0,261713,56015,0.044652,743.39
0.0,0,0.0,0.0,structural,required,nemotron_super,11.270446177349276,78468,pandas/35,pandas,35,2,30,1,237422,17564,0.027206,351.74
0.0,0,0.0,0.0,structural,required,nemotron_super,11.270446177349276,78468,pandas/35,pandas,35,3,30,1,215483,6871,0.021064,128.72
0.6667,0,1.0,0.5,structural,required,nemotron_super,12.08721590866289,177587,pandas/38,pandas,38,1,8,0,52958,16798,0.011221,203.58
0.6667,0,1.0,0.5,structural,required,nemotron_super,12.08721590866289,177587,pandas/38,pandas,38,2,9,0,38718,17419,0.010259,208.23
0.6667,0,1.0,0.5,structural,required,nemotron_super,12.08721590866289,177587,pandas/38,pandas,38,3,13,0,135595,32112,0.02437,351.3
0.0,0,0.0,0.0,structural,required,nemotron_super,10.883015959814806,53264,pandas/44,pandas,44,1,13,0,141072,18521,0.0194,346.14
0.0,0,0.0,0.0,structural,required,nemotron_super,10.883015959814806,53264,pandas/44,pandas,44,2,13,0,135745,24484,0.021332,298.69
0.0,0,0.0,0.0,structural,required,nemotron_super,10.883015959814806,53264,pandas/44,pandas,44,3,11,0,104188,17257,0.015759,143.79
0.8,0,1.0,0.6667,structural,required,nemotron_super,9.346705246496699,11461,requests/12,requests,12,1,16,0,103768,31005,0.021222,486.37
0.8,0,1.0,0.6667,structural,required,nemotron_super,9.346705246496699,11461,requests/12,requests,12,2,14,0,102895,31859,0.02149,743.71
0.8,0,1.0,0.6667,structural,required,nemotron_super,9.346705246496699,11461,requests/12,requests,12,3,18,0,146380,33795,0.02596,663.74
1.0,1,1.0,1.0,structural,required,nemotron_super,9.348274558065496,11479,requests/13,requests,13,1,12,0,83054,22183,0.015933,247.29
1.0,1,1.0,1.0,structural,required,nemotron_super,9.348274558065496,11479,requests/13,requests,13,2,16,0,93899,46828,0.026713,570.81
1.0,1,1.0,1.0,structural,required,nemotron_super,9.348274558065496,11479,requests/13,requests,13,3,5,0,18301,6055,0.003978,121.27
1.0,1,1.0,1.0,structural,required,nemotron_super,7.958576903813898,2860,requests/7,requests,7,1,7,0,30118,17376,0.00951,221.44
1.0,1,1.0,1.0,structural,required,nemotron_super,7.958576903813898,2860,requests/7,requests,7,2,8,0,84163,9373,0.010903,99.69
1.0,1,1.0,1.0,structural,required,nemotron_super,7.958576903813898,2860,requests/7,requests,7,3,7,0,65034,5930,0.0079,100.94
1.0,1,1.0,1.0,structural,required,nemotron_super,10.031000872835088,22720,rich/1,rich,1,1,6,0,47200,6413,0.006577,69.1
1.0,1,1.0,1.0,structural,required,nemotron_super,10.031000872835088,22720,rich/1,rich,1,2,12,0,71757,21061,0.014524,235.19
1.0,1,1.0,1.0,structural,required,nemotron_super,10.031000872835088,22720,rich/1,rich,1,3,4,0,39193,4699,0.005211,61.39
0.4,0,1.0,0.25,structural,required,nemotron_super,10.051648903516648,23194,rich/12,rich,12,1,10,0,68632,19682,0.013707,266.69
0.4,0,1.0,0.25,structural,required,nemotron_super,10.051648903516648,23194,rich/12,rich,12,2,13,0,96463,30440,0.020375,562.03
0.4,0,1.0,0.25,structural,required,nemotron_super,10.051648903516648,23194,rich/12,rich,12,3,8,0,95654,33412,0.021495,383.12
1.0,1,1.0,1.0,structural,required,nemotron_super,10.039939675671627,22924,rich/8,rich,8,1,12,0,85282,22296,0.016167,266.13
1.0,1,1.0,1.0,structural,required,nemotron_super,10.039939675671627,22924,rich/8,rich,8,2,9,0,52110,9020,0.008037,103.02
1.0,1,1.0,1.0,structural,required,nemotron_super,10.039939675671627,22924,rich/8,rich,8,3,6,0,31368,3710,0.00415,54.97
0.6667,0,1.0,0.5,structural,required,nemotron_super,11.620954417182327,111408,scikit-learn/45,scikit-learn,45,1,13,0,37778,10759,0.007515,152.4
0.6667,0,1.0,0.5,structural,required,nemotron_super,11.620954417182327,111408,scikit-learn/45,scikit-learn,45,2,13,0,44433,16781,0.010489,240.08
0.6667,0,1.0,0.5,structural,required,nemotron_super,11.620954417182327,111408,scikit-learn/45,scikit-learn,45,3,13,0,41240,23226,0.012796,275.97
1.0,1,1.0,1.0,structural,required,nemotron_super,11.55076060327325,103856,scikit-learn/49,scikit-learn,49,1,16,0,330640,28536,0.039519,325.59
1.0,1,1.0,1.0,structural,required,nemotron_super,11.55076060327325,103856,scikit-learn/49,scikit-learn,49,2,18,0,253104,16746,0.028212,220.09
1.0,1,1.0,1.0,structural,required,nemotron_super,11.55076060327325,103856,scikit-learn/49,scikit-learn,49,3,16,0,271261,16994,0.029855,251.23
1.0,1,1.0,1.0,structural,required,nemotron_super,11.525654110946952,101281,scikit-learn/5,scikit-learn,5,1,8,0,54417,18263,0.011931,422.36
1.0,1,1.0,1.0,structural,required,nemotron_super,11.525654110946952,101281,scikit-learn/5,scikit-learn,5,2,14,0,90247,24393,0.017428,329.69
1.0,1,1.0,1.0,structural,required,nemotron_super,11.525654110946952,101281,scikit-learn/5,scikit-learn,5,3,11,0,98794,49850,0.028337,635.98
1.0,1,1.0,1.0,structural,required,nemotron_super,9.796458979777604,17970,scrapy/20,scrapy,20,1,7,0,25082,3289,0.003448,48.49
1.0,1,1.0,1.0,structural,required,nemotron_super,9.796458979777604,17970,scrapy/20,scrapy,20,2,7,0,38103,5816,0.005565,89.05
1.0,1,1.0,1.0,structural,required,nemotron_super,9.796458979777604,17970,scrapy/20,scrapy,20,3,11,0,71026,5705,0.008319,101.25
1.0,1,1.0,1.0,structural,required,nemotron_super,9.655026193237628,15600,scrapy/26,scrapy,26,1,8,0,34738,8808,0.006476,134.74
1.0,1,1.0,1.0,structural,required,nemotron_super,9.655026193237628,15600,scrapy/26,scrapy,26,2,5,0,23301,9960,0.005965,117.8
1.0,1,1.0,1.0,structural,required,nemotron_super,9.655026193237628,15600,scrapy/26,scrapy,26,3,13,0,131403,37731,0.026262,594.27
0.5,0,0.5,0.5,structural,required,nemotron_super,9.73477299914839,16895,scrapy/48,scrapy,48,1,15,0,53150,30026,0.016528,306.35
0.6667,0,1.0,0.5,structural,required,nemotron_super,9.73477299914839,16895,scrapy/48,scrapy,48,2,9,0,20657,8627,0.005207,105.51
0.6667,0,1.0,0.5,structural,required,nemotron_super,9.73477299914839,16895,scrapy/48,scrapy,48,3,12,0,43362,10061,0.00771,130.84
1.0,1,1.0,1.0,structural,required,nemotron_super,9.961803629358965,21201,stable-diffusion-webui/0,stable-diffusion-webui,0,1,5,0,89252,4136,0.009241,48.51
1.0,1,1.0,1.0,structural,required,nemotron_super,9.961803629358965,21201,stable-diffusion-webui/0,stable-diffusion-webui,0,2,6,0,101100,2795,0.009711,37.8
1.0,1,1.0,1.0,structural,required,nemotron_super,9.961803629358965,21201,stable-diffusion-webui/0,stable-diffusion-webui,0,3,5,0,89219,7579,0.010615,127.78
0.0,0,0.0,0.0,structural,required,nemotron_super,9.908425341565751,20099,stable-diffusion-webui/13,stable-diffusion-webui,13,1,30,1,905820,41871,0.093743,468.78
0.0,0,0.0,0.0,structural,required,nemotron_super,9.908425341565751,20099,stable-diffusion-webui/13,stable-diffusion-webui,13,2,30,1,1068883,44474,0.108645,793.37
1.0,1,1.0,1.0,structural,required,nemotron_super,9.908425341565751,20099,stable-diffusion-webui/13,stable-diffusion-webui,13,3,23,0,503446,34988,0.056788,422.58
0.6667,0,1.0,0.5,structural,required,nemotron_super,10.028797743501574,22670,stable-diffusion-webui/5,stable-diffusion-webui,5,1,16,0,102793,18043,0.015955,266.99
0.6667,0,1.0,0.5,structural,required,nemotron_super,10.028797743501574,22670,stable-diffusion-webui/5,stable-diffusion-webui,5,2,26,0,244201,15191,0.026833,351.38
0.0,0,0.0,0.0,structural,required,nemotron_super,10.028797743501574,22670,stable-diffusion-webui/5,stable-diffusion-webui,5,3,21,0,164723,7928,0.017173,107.09
0.5,0,1.0,0.3333,structural,required,nemotron_super,8.483636407887394,4835,thefuck/10,thefuck,10,1,12,0,56335,34678,0.01866,449.61
0.0,0,0.0,0.0,structural,required,nemotron_super,8.483636407887394,4835,thefuck/10,thefuck,10,2,11,0,35213,29566,0.01482,393.56
0.4,0,0.5,0.3333,structural,required,nemotron_super,8.483636407887394,4835,thefuck/10,thefuck,10,3,10,0,41439,42704,0.020604,547.45
0.0,0,0.0,0.0,structural,required,nemotron_super,8.270781013162674,3908,thefuck/20,thefuck,20,1,15,0,50296,14888,0.01023,207.75
0.0,0,0.0,0.0,structural,required,nemotron_super,8.270781013162674,3908,thefuck/20,thefuck,20,2,30,1,191940,54529,0.038127,808.02
0.0,0,0.0,0.0,structural,required,nemotron_super,8.270781013162674,3908,thefuck/20,thefuck,20,3,30,1,190661,31892,0.028963,468.66
1.0,1,1.0,1.0,structural,required,nemotron_super,7.822845290279774,2497,thefuck/5,thefuck,5,1,15,0,81610,22051,0.015757,280.66
1.0,1,1.0,1.0,structural,required,nemotron_super,7.822845290279774,2497,thefuck/5,thefuck,5,2,25,0,103205,12878,0.013924,191.21
1.0,1,1.0,1.0,structural,required,nemotron_super,7.822845290279774,2497,thefuck/5,thefuck,5,3,18,0,85482,19296,0.014984,294.73
1.0,1,1.0,1.0,structural,required,nemotron_super,12.430331574579306,250279,transformers/25,transformers,25,1,14,0,98763,23373,0.017744,470.59
1.0,1,1.0,1.0,structural,required,nemotron_super,12.430331574579306,250279,transformers/25,transformers,25,2,19,0,367110,49586,0.051039,795.65
1.0,1,1.0,1.0,structural,required,nemotron_super,12.430331574579306,250279,transformers/25,transformers,25,3,9,0,57612,8055,0.008119,71.26
0.1538,0,1.0,0.0833,structural,required,nemotron_super,12.407424472605875,244611,transformers/27,transformers,27,1,3,0,9577,818,0.001141,11.15
0.1538,0,1.0,0.0833,structural,required,nemotron_super,12.407424472605875,244611,transformers/27,transformers,27,2,4,0,13919,1154,0.001645,17.06
0.1538,0,1.0,0.0833,structural,required,nemotron_super,12.407424472605875,244611,transformers/27,transformers,27,3,4,0,15880,1512,0.001955,35.9
0.8889,0,1.0,0.8,structural,required,nemotron_super,11.587420505060633,107734,transformers/5,transformers,5,1,30,1,556627,28008,0.058516,390.3
0.8889,0,1.0,0.8,structural,required,nemotron_super,11.587420505060633,107734,transformers/5,transformers,5,2,23,0,514084,24419,0.053465,358.07
0.5714,0,1.0,0.4,structural,required,nemotron_super,11.587420505060633,107734,transformers/5,transformers,5,3,26,0,714562,23471,0.070126,369.0
1.0,1,1.0,1.0,structural,required,nemotron_super,12.095096391086711,178992,yt-dlp/23,yt-dlp,23,1,4,0,29337,14856,0.008436,141.04
1.0,1,1.0,1.0,structural,required,nemotron_super,12.095096391086711,178992,yt-dlp/23,yt-dlp,23,2,5,0,37619,9710,0.007082,155.71
1.0,1,1.0,1.0,structural,required,nemotron_super,12.095096391086711,178992,yt-dlp/23,yt-dlp,23,3,8,0,68474,20060,0.013844,133.61
0.0,0,0.0,0.0,structural,required,nemotron_super,12.1489730534896,188900,yt-dlp/41,yt-dlp,41,1,15,0,183203,9633,0.019425,128.07
0.0,0,0.0,0.0,structural,required,nemotron_super,12.1489730534896,188900,yt-dlp/41,yt-dlp,41,2,23,0,203919,17336,0.024268,282.06
0.0,0,0.0,0.0,structural,required,nemotron_super,12.1489730534896,188900,yt-dlp/41,yt-dlp,41,3,27,0,323849,23761,0.037032,364.26
0.6667,0,1.0,0.5,structural,required,nemotron_super,12.198660241414718,198523,yt-dlp/45,yt-dlp,45,1,20,0,441759,33445,0.050928,715.15
0.6667,0,1.0,0.5,structural,required,nemotron_super,12.198660241414718,198523,yt-dlp/45,yt-dlp,45,2,11,0,214384,18086,0.025457,297.91
0.0,0,0.0,0.0,structural,required,nemotron_super,12.198660241414718,198523,yt-dlp/45,yt-dlp,45,3,10,0,220048,17623,0.025753,171.28
1.0,1,1.0,1.0,temporal_frequency,required,ministral_3b,12.068688124847148,174327,core/16,core,16,1,19,0,547793,7952,0.01507,52.83
1.0,1,1.0,1.0,temporal_frequency,required,ministral_3b,12.068688124847148,174327,core/16,core,16,2,15,0,66368,1445,0.002024,9.02
1.0,1,1.0,1.0,temporal_frequency,required,ministral_3b,12.068688124847148,174327,core/16,core,16,3,12,0,168403,1941,0.008129,20.24
1.0,1,1.0,1.0,temporal_frequency,required,ministral_3b,11.506545154005941,99364,core/20,core,20,1,18,0,139612,2075,0.003179,12.27
1.0,1,1.0,1.0,temporal_frequency,required,ministral_3b,11.506545154005941,99364,core/20,core,20,2,12,0,113448,1457,0.003012,9.05
1.0,1,1.0,1.0,temporal_frequency,required,ministral_3b,11.506545154005941,99364,core/20,core,20,3,21,0,141921,1710,0.003615,15.33
0.0,0,0.0,0.0,temporal_frequency,required,ministral_3b,8.579980179515003,5324,fastapi/17,fastapi,17,1,26,0,273733,3239,0.005337,24.62
0.0,0,0.0,0.0,temporal_frequency,required,ministral_3b,8.579980179515003,5324,fastapi/17,fastapi,17,2,15,0,193302,2937,0.005708,17.31
0.0,0,0.0,0.0,temporal_frequency,required,ministral_3b,8.579980179515003,5324,fastapi/17,fastapi,17,3,19,0,231978,3014,0.007164,21.86
0.0,0,0.0,0.0,temporal_frequency,required,ministral_3b,8.518991573357617,5009,fastapi/20,fastapi,20,1,15,0,100140,1072,0.002691,8.05
1.0,1,1.0,1.0,temporal_frequency,required,ministral_3b,8.518991573357617,5009,fastapi/20,fastapi,20,2,21,0,101417,2581,0.002866,19.12
1.0,1,1.0,1.0,temporal_frequency,required,ministral_3b,8.518991573357617,5009,fastapi/20,fastapi,20,3,19,0,152423,1179,0.004693,13.89
0.5,0,1.0,0.3333,temporal_frequency,required,ministral_3b,8.482187582217422,4828,fastapi/9,fastapi,9,1,16,0,76044,1397,0.001443,9.14
0.5,0,1.0,0.3333,temporal_frequency,required,ministral_3b,8.482187582217422,4828,fastapi/9,fastapi,9,2,13,0,74227,1591,0.002559,9.34
0.5,0,1.0,0.3333,temporal_frequency,required,ministral_3b,8.482187582217422,4828,fastapi/9,fastapi,9,3,13,0,125297,1137,0.003543,8.4
0.6667,0,1.0,0.5,temporal_frequency,required,ministral_3b,8.808369153122275,6690,flask/18,flask,18,1,12,0,130383,2113,0.005266,11.59
0.6667,0,1.0,0.5,temporal_frequency,required,ministral_3b,8.808369153122275,6690,flask/18,flask,18,2,17,0,75414,2395,0.002102,14.59
1.0,1,1.0,1.0,temporal_frequency,required,ministral_3b,8.808369153122275,6690,flask/18,flask,18,3,18,0,194927,2547,0.006131,19.75
1.0,1,1.0,1.0,temporal_frequency,required,ministral_3b,8.899457906353966,7328,flask/3,flask,3,1,10,0,23001,499,0.000657,4.07
1.0,1,1.0,1.0,temporal_frequency,required,ministral_3b,8.899457906353966,7328,flask/3,flask,3,2,9,0,19000,292,0.000501,3.07
1.0,1,1.0,1.0,temporal_frequency,required,ministral_3b,8.899457906353966,7328,flask/3,flask,3,3,12,0,29418,1027,0.001213,7.82
1.0,1,1.0,1.0,temporal_frequency,required,ministral_3b,8.827468112520654,6819,flask/6,flask,6,1,9,0,23945,837,0.0009,6.83
1.0,1,1.0,1.0,temporal_frequency,required,ministral_3b,8.827468112520654,6819,flask/6,flask,6,2,12,0,55232,889,0.001764,6.92
1.0,1,1.0,1.0,temporal_frequency,required,ministral_3b,8.827468112520654,6819,flask/6,flask,6,3,8,0,46042,322,0.002954,15.08
0.6667,1,0.5,1.0,temporal_frequency,required,ministral_3b,8.341410211461865,4194,gpt-engineer/11,gpt-engineer,11,1,15,0,131305,2357,0.004162,13.04
0.0,0,0.0,0.0,temporal_frequency,required,ministral_3b,8.341410211461865,4194,gpt-engineer/11,gpt-engineer,11,2,12,0,65111,1453,0.002025,14.5
0.0,0,0.0,0.0,temporal_frequency,required,ministral_3b,8.341410211461865,4194,gpt-engineer/11,gpt-engineer,11,3,13,0,95673,1947,0.003852,13.73
0.4,0,1.0,0.25,temporal_frequency,required,ministral_3b,8.029432840581244,3070,gpt-engineer/12,gpt-engineer,12,1,22,0,124759,2219,0.003033,16.51
0.4,0,1.0,0.25,temporal_frequency,required,ministral_3b,8.029432840581244,3070,gpt-engineer/12,gpt-engineer,12,2,23,0,131460,2251,0.002761,16.69
0.4,0,1.0,0.25,temporal_frequency,required,ministral_3b,8.029432840581244,3070,gpt-engineer/12,gpt-engineer,12,3,17,0,84211,1806,0.002208,11.91
1.0,1,1.0,1.0,temporal_frequency,required,ministral_3b,8.36380888451688,4289,gpt-engineer/9,gpt-engineer,9,1,12,0,75382,1729,0.001778,9.89
1.0,1,1.0,1.0,temporal_frequency,required,ministral_3b,8.36380888451688,4289,gpt-engineer/9,gpt-engineer,9,2,10,0,24251,1248,0.00073,8.7
1.0,1,1.0,1.0,temporal_frequency,required,ministral_3b,8.36380888451688,4289,gpt-engineer/9,gpt-engineer,9,3,14,0,74364,1282,0.002127,8.89
0.2857,0,0.5,0.2,temporal_frequency,required,ministral_3b,10.196231790580173,26802,keras/12,keras,12,1,9,0,26429,1377,0.000834,8.09
0.0,0,0.0,0.0,temporal_frequency,required,ministral_3b,10.196231790580173,26802,keras/12,keras,12,2,6,0,16735,1318,0.000792,15.97
0.0,0,0.0,0.0,temporal_frequency,required,ministral_3b,10.196231790580173,26802,keras/12,keras,12,3,11,0,28082,1223,0.000949,9.99
0.0,0,0.0,0.0,temporal_frequency,required,ministral_3b,10.349134450277123,31230,keras/5,keras,5,1,30,0,84951,1650,0.001575,13.93
1.0,1,1.0,1.0,temporal_frequency,required,ministral_3b,10.349134450277123,31230,keras/5,keras,5,2,14,0,156605,2752,0.004612,19.98
1.0,1,1.0,1.0,temporal_frequency,required,ministral_3b,10.349134450277123,31230,keras/5,keras,5,3,13,0,162776,2159,0.006506,19.6
1.0,1,1.0,1.0,temporal_frequency,required,ministral_3b,10.444153492313001,34343,keras/9,keras,9,1,10,0,61302,1998,0.002459,9.64
1.0,1,1.0,1.0,temporal_frequency,required,ministral_3b,10.444153492313001,34343,keras/9,keras,9,2,9,0,77252,1325,0.00295,8.24
1.0,1,1.0,1.0,temporal_frequency,required,ministral_3b,10.444153492313001,34343,keras/9,keras,9,3,8,0,53856,1095,0.002534,11.99
0.0,0,0.0,0.0,temporal_frequency,required,ministral_3b,9.61953186182516,15056,localstack/19,localstack,19,1,21,0,301577,1790,0.006617,15.12
0.0,0,0.0,0.0,temporal_frequency,required,ministral_3b,9.61953186182516,15056,localstack/19,localstack,19,2,12,0,168660,2053,0.005448,12.86
0.0,0,0.0,0.0,temporal_frequency,required,ministral_3b,9.61953186182516,15056,localstack/19,localstack,19,3,17,0,113861,1276,0.005811,13.67
1.0,1,1.0,1.0,temporal_frequency,required,ministral_3b,10.563155506021905,38683,localstack/2,localstack,2,1,11,0,187768,932,0.005242,11.0
1.0,1,1.0,1.0,temporal_frequency,required,ministral_3b,10.563155506021905,38683,localstack/2,localstack,2,2,8,0,137278,2204,0.006391,13.33
1.0,1,1.0,1.0,temporal_frequency,required,ministral_3b,10.563155506021905,38683,localstack/2,localstack,2,3,13,0,150779,945,0.004378,12.5
1.0,1,1.0,1.0,temporal_frequency,required,ministral_3b,9.860214640302662,19153,localstack/9,localstack,9,1,20,0,344696,2117,0.008888,21.07
1.0,1,1.0,1.0,temporal_frequency,required,ministral_3b,9.860214640302662,19153,localstack/9,localstack,9,2,12,0,165611,1357,0.005234,10.24
1.0,1,1.0,1.0,temporal_frequency,required,ministral_3b,9.860214640302662,19153,localstack/9,localstack,9,3,10,0,105031,1061,0.003778,8.16
0.6667,0,1.0,0.5,temporal_frequency,required,ministral_3b,11.189312196300184,72353,pandas/26,pandas,26,1,27,0,137831,1581,0.002606,13.21
0.6667,0,1.0,0.5,temporal_frequency,required,ministral_3b,11.189312196300184,72353,pandas/26,pandas,26,2,16,0,103041,1310,0.002682,11.65
0.6667,0,1.0,0.5,temporal_frequency,required,ministral_3b,11.189312196300184,72353,pandas/26,pandas,26,3,12,0,180375,855,0.008665,13.44
0.0,0,0.0,0.0,temporal_frequency,required,ministral_3b,11.270446177349276,78468,pandas/35,pandas,35,1,28,0,212649,1803,0.003578,15.85
0.0,0,0.0,0.0,temporal_frequency,required,ministral_3b,11.270446177349276,78468,pandas/35,pandas,35,2,13,0,268994,1848,0.011267,15.07
0.0,0,0.0,0.0,temporal_frequency,required,ministral_3b,11.270446177349276,78468,pandas/35,pandas,35,3,26,0,465958,2610,0.016709,25.99
0.0,0,0.0,0.0,temporal_frequency,required,ministral_3b,12.08721590866289,177587,pandas/38,pandas,38,1,12,0,64102,1080,0.002002,7.43
0.6667,0,1.0,0.5,temporal_frequency,required,ministral_3b,12.08721590866289,177587,pandas/38,pandas,38,2,10,0,87215,908,0.003571,6.28
0.6667,0,1.0,0.5,temporal_frequency,required,ministral_3b,12.08721590866289,177587,pandas/38,pandas,38,3,14,0,186382,1983,0.007432,14.92
0.6667,0,1.0,0.5,temporal_frequency,required,ministral_3b,10.883015959814806,53264,pandas/44,pandas,44,1,28,0,620659,2476,0.013895,24.9
0.0,0,0.0,0.0,temporal_frequency,required,ministral_3b,10.883015959814806,53264,pandas/44,pandas,44,2,26,0,198395,5431,0.004462,31.7
0.0,0,0.0,0.0,temporal_frequency,required,ministral_3b,10.883015959814806,53264,pandas/44,pandas,44,3,26,0,127031,2376,0.002688,16.08
0.5,0,1.0,0.3333,temporal_frequency,required,ministral_3b,9.346705246496699,11461,requests/12,requests,12,1,7,0,16373,397,0.000709,2.99
0.8,0,1.0,0.6667,temporal_frequency,required,ministral_3b,9.346705246496699,11461,requests/12,requests,12,2,7,0,22285,667,0.00104,4.77
0.5,0,1.0,0.3333,temporal_frequency,required,ministral_3b,9.346705246496699,11461,requests/12,requests,12,3,12,0,43781,914,0.002119,20.9
1.0,1,1.0,1.0,temporal_frequency,required,ministral_3b,9.348274558065496,11479,requests/13,requests,13,1,7,0,92545,1324,0.002498,7.17
1.0,1,1.0,1.0,temporal_frequency,required,ministral_3b,9.348274558065496,11479,requests/13,requests,13,2,8,0,56932,1458,0.00213,7.07
1.0,1,1.0,1.0,temporal_frequency,required,ministral_3b,9.348274558065496,11479,requests/13,requests,13,3,11,0,109227,1166,0.004346,10.51
1.0,1,1.0,1.0,temporal_frequency,required,ministral_3b,7.958576903813898,2860,requests/7,requests,7,1,7,0,16210,947,0.000598,5.07
1.0,1,1.0,1.0,temporal_frequency,required,ministral_3b,7.958576903813898,2860,requests/7,requests,7,2,10,0,28346,1860,0.000935,9.08
1.0,1,1.0,1.0,temporal_frequency,required,ministral_3b,7.958576903813898,2860,requests/7,requests,7,3,14,0,38241,1721,0.001335,11.34
1.0,1,1.0,1.0,temporal_frequency,required,ministral_3b,10.031000872835088,22720,rich/1,rich,1,1,8,0,72919,769,0.002991,8.97
1.0,1,1.0,1.0,temporal_frequency,required,ministral_3b,10.031000872835088,22720,rich/1,rich,1,2,8,0,25452,961,0.000856,5.25
1.0,1,1.0,1.0,temporal_frequency,required,ministral_3b,10.031000872835088,22720,rich/1,rich,1,3,5,0,23163,294,0.000998,3.18
0.4,0,1.0,0.25,temporal_frequency,required,ministral_3b,10.051648903516648,23194,rich/12,rich,12,1,15,0,337493,2370,0.010209,21.18
0.4,0,1.0,0.25,temporal_frequency,required,ministral_3b,10.051648903516648,23194,rich/12,rich,12,2,10,0,152796,1313,0.006759,9.21
0.4,0,1.0,0.25,temporal_frequency,required,ministral_3b,10.051648903516648,23194,rich/12,rich,12,3,14,0,286123,1078,0.011336,12.94
1.0,1,1.0,1.0,temporal_frequency,required,ministral_3b,10.039939675671627,22924,rich/8,rich,8,1,6,0,31570,607,0.00096,5.55
1.0,1,1.0,1.0,temporal_frequency,required,ministral_3b,10.039939675671627,22924,rich/8,rich,8,2,7,0,35157,661,0.001209,5.27
1.0,1,1.0,1.0,temporal_frequency,required,ministral_3b,10.039939675671627,22924,rich/8,rich,8,3,12,0,115264,1445,0.004759,10.03
0.6667,0,1.0,0.5,temporal_frequency,required,ministral_3b,11.620954417182327,111408,scikit-learn/45,scikit-learn,45,1,8,0,15894,118,0.000403,2.5
0.6667,0,1.0,0.5,temporal_frequency,required,ministral_3b,11.620954417182327,111408,scikit-learn/45,scikit-learn,45,2,6,0,15115,694,0.00059,4.0
0.6667,0,1.0,0.5,temporal_frequency,required,ministral_3b,11.620954417182327,111408,scikit-learn/45,scikit-learn,45,3,5,0,10163,1306,0.000467,6.06
1.0,1,1.0,1.0,temporal_frequency,required,ministral_3b,11.55076060327325,103856,scikit-learn/49,scikit-learn,49,1,7,0,32946,577,0.001348,3.81
1.0,1,1.0,1.0,temporal_frequency,required,ministral_3b,11.55076060327325,103856,scikit-learn/49,scikit-learn,49,2,8,0,97238,750,0.005479,6.56
1.0,1,1.0,1.0,temporal_frequency,required,ministral_3b,11.55076060327325,103856,scikit-learn/49,scikit-learn,49,3,8,0,60220,902,0.004638,8.01
1.0,1,1.0,1.0,temporal_frequency,required,ministral_3b,11.525654110946952,101281,scikit-learn/5,scikit-learn,5,1,26,0,125127,2295,0.002939,14.78
1.0,1,1.0,1.0,temporal_frequency,required,ministral_3b,11.525654110946952,101281,scikit-learn/5,scikit-learn,5,2,11,0,65241,1243,0.002605,7.75
1.0,1,1.0,1.0,temporal_frequency,required,ministral_3b,11.525654110946952,101281,scikit-learn/5,scikit-learn,5,3,12,0,68869,1426,0.002767,10.68
1.0,1,1.0,1.0,temporal_frequency,required,ministral_3b,9.796458979777604,17970,scrapy/20,scrapy,20,1,7,0,26160,392,0.000881,3.39
1.0,1,1.0,1.0,temporal_frequency,required,ministral_3b,9.796458979777604,17970,scrapy/20,scrapy,20,2,8,0,32284,271,0.000952,2.88
1.0,1,1.0,1.0,temporal_frequency,required,ministral_3b,9.796458979777604,17970,scrapy/20,scrapy,20,3,8,0,34134,447,0.0012,6.48
1.0,1,1.0,1.0,temporal_frequency,required,ministral_3b,9.655026193237628,15600,scrapy/26,scrapy,26,1,10,0,68978,1325,0.002664,7.48
0.0,0,0.0,0.0,temporal_frequency,required,ministral_3b,9.655026193237628,15600,scrapy/26,scrapy,26,2,21,0,255588,1628,0.005838,13.25
1.0,1,1.0,1.0,temporal_frequency,required,ministral_3b,9.655026193237628,15600,scrapy/26,scrapy,26,3,18,0,214623,1570,0.006367,19.73
0.0,0,0.0,0.0,temporal_frequency,required,ministral_3b,9.73477299914839,16895,scrapy/48,scrapy,48,1,29,0,62602,1525,0.001183,11.94
0.0,0,0.0,0.0,temporal_frequency,required,ministral_3b,9.73477299914839,16895,scrapy/48,scrapy,48,2,27,0,255108,4045,0.006251,22.73
0.0,0,0.0,0.0,temporal_frequency,required,ministral_3b,9.73477299914839,16895,scrapy/48,scrapy,48,3,26,0,185181,2204,0.00473,18.39
1.0,1,1.0,1.0,temporal_frequency,required,ministral_3b,9.961803629358965,21201,stable-diffusion-webui/0,stable-diffusion-webui,0,1,8,0,137952,1108,0.00454,7.51
1.0,1,1.0,1.0,temporal_frequency,required,ministral_3b,9.961803629358965,21201,stable-diffusion-webui/0,stable-diffusion-webui,0,2,8,0,143713,1357,0.004853,9.49
1.0,1,1.0,1.0,temporal_frequency,required,ministral_3b,9.961803629358965,21201,stable-diffusion-webui/0,stable-diffusion-webui,0,3,7,0,123674,1094,0.004862,10.56
1.0,1,1.0,1.0,temporal_frequency,required,ministral_3b,9.908425341565751,20099,stable-diffusion-webui/13,stable-diffusion-webui,13,1,13,0,215246,1044,0.006584,10.39
0.0,0,0.0,0.0,temporal_frequency,required,ministral_3b,9.908425341565751,20099,stable-diffusion-webui/13,stable-diffusion-webui,13,2,11,0,185232,1435,0.005062,9.98
0.0,0,0.0,0.0,temporal_frequency,required,ministral_3b,9.908425341565751,20099,stable-diffusion-webui/13,stable-diffusion-webui,13,3,26,0,402400,2077,0.008699,22.34
0.6667,0,1.0,0.5,temporal_frequency,required,ministral_3b,10.028797743501574,22670,stable-diffusion-webui/5,stable-diffusion-webui,5,1,12,0,129087,1333,0.002847,10.63
0.0,0,0.0,0.0,temporal_frequency,required,ministral_3b,10.028797743501574,22670,stable-diffusion-webui/5,stable-diffusion-webui,5,2,13,0,59386,1583,0.001984,12.6
0.6667,0,1.0,0.5,temporal_frequency,required,ministral_3b,10.028797743501574,22670,stable-diffusion-webui/5,stable-diffusion-webui,5,3,13,0,125059,1002,0.004853,15.95
0.5,0,1.0,0.3333,temporal_frequency,required,ministral_3b,8.483636407887394,4835,thefuck/10,thefuck,10,1,11,0,41701,1147,0.001451,8.18
0.5,0,1.0,0.3333,temporal_frequency,required,ministral_3b,8.483636407887394,4835,thefuck/10,thefuck,10,2,8,0,25941,1005,0.001209,10.52
0.0,0,0.0,0.0,temporal_frequency,required,ministral_3b,8.483636407887394,4835,thefuck/10,thefuck,10,3,10,0,28248,1312,0.000986,9.65
0.0,0,0.0,0.0,temporal_frequency,required,ministral_3b,8.270781013162674,3908,thefuck/20,thefuck,20,1,13,0,50815,2453,0.001491,14.45
0.0,0,0.0,0.0,temporal_frequency,required,ministral_3b,8.270781013162674,3908,thefuck/20,thefuck,20,2,10,0,62974,2514,0.002252,11.3
0.0,0,0.0,0.0,temporal_frequency,required,ministral_3b,8.270781013162674,3908,thefuck/20,thefuck,20,3,11,0,33029,1525,0.00129,11.06
0.0,0,0.0,0.0,temporal_frequency,required,ministral_3b,7.822845290279774,2497,thefuck/5,thefuck,5,1,12,0,89623,1971,0.002708,10.97
1.0,1,1.0,1.0,temporal_frequency,required,ministral_3b,7.822845290279774,2497,thefuck/5,thefuck,5,2,10,0,56731,1059,0.001943,9.56
1.0,1,1.0,1.0,temporal_frequency,required,ministral_3b,7.822845290279774,2497,thefuck/5,thefuck,5,3,7,0,12005,531,0.00039,3.67
1.0,1,1.0,1.0,temporal_frequency,required,ministral_3b,12.430331574579306,250279,transformers/25,transformers,25,1,20,0,264234,1367,0.006515,17.61
1.0,1,1.0,1.0,temporal_frequency,required,ministral_3b,12.430331574579306,250279,transformers/25,transformers,25,2,6,0,15315,390,0.000591,2.91
1.0,1,1.0,1.0,temporal_frequency,required,ministral_3b,12.430331574579306,250279,transformers/25,transformers,25,3,12,0,190093,1278,0.0084,28.0
0.1538,0,1.0,0.0833,temporal_frequency,required,ministral_3b,12.407424472605875,244611,transformers/27,transformers,27,1,7,0,24951,399,0.000865,3.3
0.1538,0,1.0,0.0833,temporal_frequency,required,ministral_3b,12.407424472605875,244611,transformers/27,transformers,27,2,7,0,24973,448,0.000918,3.23
0.1538,0,1.0,0.0833,temporal_frequency,required,ministral_3b,12.407424472605875,244611,transformers/27,transformers,27,3,5,0,18106,489,0.001134,3.02
0.0,0,0.0,0.0,temporal_frequency,required,ministral_3b,11.587420505060633,107734,transformers/5,transformers,5,1,20,0,165235,2301,0.004565,14.9
0.5714,0,1.0,0.4,temporal_frequency,required,ministral_3b,11.587420505060633,107734,transformers/5,transformers,5,2,20,0,189016,2437,0.005609,20.08
0.0,0,0.0,0.0,temporal_frequency,required,ministral_3b,11.587420505060633,107734,transformers/5,transformers,5,3,14,0,123279,1065,0.004117,12.76
1.0,1,1.0,1.0,temporal_frequency,required,ministral_3b,12.095096391086711,178992,yt-dlp/23,yt-dlp,23,1,10,0,150506,2463,0.00357,12.88
1.0,1,1.0,1.0,temporal_frequency,required,ministral_3b,12.095096391086711,178992,yt-dlp/23,yt-dlp,23,2,11,0,72821,2109,0.003553,16.47
1.0,1,1.0,1.0,temporal_frequency,required,ministral_3b,12.095096391086711,178992,yt-dlp/23,yt-dlp,23,3,13,0,167408,1406,0.007493,15.3
0.0,0,0.0,0.0,temporal_frequency,required,ministral_3b,12.1489730534896,188900,yt-dlp/41,yt-dlp,41,1,15,0,370083,688,0.011146,11.31
0.0,0,0.0,0.0,temporal_frequency,required,ministral_3b,12.1489730534896,188900,yt-dlp/41,yt-dlp,41,2,19,0,302897,2047,0.007109,21.35
0.0,0,0.0,0.0,temporal_frequency,required,ministral_3b,12.1489730534896,188900,yt-dlp/41,yt-dlp,41,3,17,0,256824,2261,0.009112,22.45
0.0,0,0.0,0.0,temporal_frequency,required,ministral_3b,12.198660241414718,198523,yt-dlp/45,yt-dlp,45,1,6,0,54963,3526,0.002658,15.39
0.6667,0,1.0,0.5,temporal_frequency,required,ministral_3b,12.198660241414718,198523,yt-dlp/45,yt-dlp,45,2,13,0,235705,2492,0.009097,15.68
0.5,0,0.5,0.5,temporal_frequency,required,ministral_3b,12.198660241414718,198523,yt-dlp/45,yt-dlp,45,3,13,0,258326,2242,0.010344,24.34
1.0,1,1.0,1.0,temporal_frequency,required,gpt_oss_120b,12.068688124847148,174327,core/16,core,16,1,13,0,70801,6498,0.007924,84.28
1.0,1,1.0,1.0,temporal_frequency,required,gpt_oss_120b,12.068688124847148,174327,core/16,core,16,2,15,0,162900,5048,0.012138,104.88
1.0,1,1.0,1.0,temporal_frequency,required,gpt_oss_120b,12.068688124847148,174327,core/16,core,16,3,11,0,66748,5481,0.006369,62.99
1.0,1,1.0,1.0,temporal_frequency,required,gpt_oss_120b,11.506545154005941,99364,core/20,core,20,1,14,0,57266,3560,0.005474,55.33
1.0,1,1.0,1.0,temporal_frequency,required,gpt_oss_120b,11.506545154005941,99364,core/20,core,20,2,12,0,41346,2710,0.003678,68.03
1.0,1,1.0,1.0,temporal_frequency,required,gpt_oss_120b,11.506545154005941,99364,core/20,core,20,3,14,0,59566,3043,0.004556,28.04
0.0,0,0.0,0.0,temporal_frequency,required,gpt_oss_120b,8.579980179515003,5324,fastapi/17,fastapi,17,1,30,1,262923,21179,0.023039,232.9
0.0,0,0.0,0.0,temporal_frequency,required,gpt_oss_120b,8.579980179515003,5324,fastapi/17,fastapi,17,2,30,1,232425,11882,0.016434,137.21
0.0,0,0.0,0.0,temporal_frequency,required,gpt_oss_120b,8.579980179515003,5324,fastapi/17,fastapi,17,3,30,1,189596,8657,0.011704,120.72
0.0,0,0.0,0.0,temporal_frequency,required,gpt_oss_120b,8.518991573357617,5009,fastapi/20,fastapi,20,1,20,0,69750,7559,0.008467,110.09
0.0,0,0.0,0.0,temporal_frequency,required,gpt_oss_120b,8.518991573357617,5009,fastapi/20,fastapi,20,2,24,0,74132,10526,0.009409,119.33
0.0,0,0.0,0.0,temporal_frequency,required,gpt_oss_120b,8.518991573357617,5009,fastapi/20,fastapi,20,3,14,0,49601,4274,0.005053,37.39
0.5,0,1.0,0.3333,temporal_frequency,required,gpt_oss_120b,8.482187582217422,4828,fastapi/9,fastapi,9,1,5,0,14800,896,0.001678,13.5
0.5,0,1.0,0.3333,temporal_frequency,required,gpt_oss_120b,8.482187582217422,4828,fastapi/9,fastapi,9,2,8,0,48050,1912,0.004121,19.23
0.5,0,1.0,0.3333,temporal_frequency,required,gpt_oss_120b,8.482187582217422,4828,fastapi/9,fastapi,9,3,13,0,47778,2891,0.004306,47.23
1.0,1,1.0,1.0,temporal_frequency,required,gpt_oss_120b,8.808369153122275,6690,flask/18,flask,18,1,9,0,26202,3798,0.003658,84.48
0.6667,0,1.0,0.5,temporal_frequency,required,gpt_oss_120b,8.808369153122275,6690,flask/18,flask,18,2,16,0,64568,2505,0.005037,39.0
0.6667,0,1.0,0.5,temporal_frequency,required,gpt_oss_120b,8.808369153122275,6690,flask/18,flask,18,3,11,0,28817,2080,0.002997,30.49
1.0,1,1.0,1.0,temporal_frequency,required,gpt_oss_120b,8.899457906353966,7328,flask/3,flask,3,1,12,0,35587,3837,0.004188,55.58
1.0,1,1.0,1.0,temporal_frequency,required,gpt_oss_120b,8.899457906353966,7328,flask/3,flask,3,2,7,0,21507,1859,0.00312,26.45
1.0,1,1.0,1.0,temporal_frequency,required,gpt_oss_120b,8.899457906353966,7328,flask/3,flask,3,3,12,0,63462,4047,0.005806,64.75
1.0,1,1.0,1.0,temporal_frequency,required,gpt_oss_120b,8.827468112520654,6819,flask/6,flask,6,1,18,0,61586,5104,0.005921,108.44
1.0,1,1.0,1.0,temporal_frequency,required,gpt_oss_120b,8.827468112520654,6819,flask/6,flask,6,2,12,0,45638,2597,0.004879,40.26
1.0,1,1.0,1.0,temporal_frequency,required,gpt_oss_120b,8.827468112520654,6819,flask/6,flask,6,3,6,0,14170,2097,0.001959,12.56
0.0,0,0.0,0.0,temporal_frequency,required,gpt_oss_120b,8.341410211461865,4194,gpt-engineer/11,gpt-engineer,11,1,9,0,44949,2303,0.005714,30.27
0.0,0,0.0,0.0,temporal_frequency,required,gpt_oss_120b,8.341410211461865,4194,gpt-engineer/11,gpt-engineer,11,2,22,0,208801,11842,0.015269,182.98
0.0,0,0.0,0.0,temporal_frequency,required,gpt_oss_120b,8.341410211461865,4194,gpt-engineer/11,gpt-engineer,11,3,10,0,74701,3053,0.005966,26.1
0.4,0,1.0,0.25,temporal_frequency,required,gpt_oss_120b,8.029432840581244,3070,gpt-engineer/12,gpt-engineer,12,1,12,0,62837,2887,0.005173,32.78
0.4,0,1.0,0.25,temporal_frequency,required,gpt_oss_120b,8.029432840581244,3070,gpt-engineer/12,gpt-engineer,12,2,10,0,42479,2116,0.003913,40.34
0.4,0,1.0,0.25,temporal_frequency,required,gpt_oss_120b,8.029432840581244,3070,gpt-engineer/12,gpt-engineer,12,3,19,0,145340,5905,0.011548,113.41
0.6667,1,0.5,1.0,temporal_frequency,required,gpt_oss_120b,8.36380888451688,4289,gpt-engineer/9,gpt-engineer,9,1,8,0,26655,4048,0.004594,62.0
0.6667,1,0.5,1.0,temporal_frequency,required,gpt_oss_120b,8.36380888451688,4289,gpt-engineer/9,gpt-engineer,9,2,12,0,69627,11671,0.011739,142.77
1.0,1,1.0,1.0,temporal_frequency,required,gpt_oss_120b,8.36380888451688,4289,gpt-engineer/9,gpt-engineer,9,3,11,0,68614,9814,0.010223,117.29
0.0,0,0.0,0.0,temporal_frequency,required,gpt_oss_120b,10.196231790580173,26802,keras/12,keras,12,1,12,0,42180,3586,0.004939,35.53
0.0,0,0.0,0.0,temporal_frequency,required,gpt_oss_120b,10.196231790580173,26802,keras/12,keras,12,2,9,0,25426,1600,0.002711,28.0
0.0,0,0.0,0.0,temporal_frequency,required,gpt_oss_120b,10.196231790580173,26802,keras/12,keras,12,3,9,0,21914,2408,0.002362,28.16
0.0,0,0.0,0.0,temporal_frequency,required,gpt_oss_120b,10.349134450277123,31230,keras/5,keras,5,1,28,0,155974,12565,0.01627,186.58
0.6667,1,0.5,1.0,temporal_frequency,required,gpt_oss_120b,10.349134450277123,31230,keras/5,keras,5,2,17,0,107885,14531,0.014582,151.93
0.0,0,0.0,0.0,temporal_frequency,required,gpt_oss_120b,10.349134450277123,31230,keras/5,keras,5,3,23,0,176179,16789,0.017787,203.33
1.0,1,1.0,1.0,temporal_frequency,required,gpt_oss_120b,10.444153492313001,34343,keras/9,keras,9,1,9,0,42015,3298,0.004915,65.12
1.0,1,1.0,1.0,temporal_frequency,required,gpt_oss_120b,10.444153492313001,34343,keras/9,keras,9,2,16,0,75370,7498,0.008449,161.23
1.0,1,1.0,1.0,temporal_frequency,required,gpt_oss_120b,10.444153492313001,34343,keras/9,keras,9,3,13,0,48738,2515,0.004345,22.58
0.0,0,0.0,0.0,temporal_frequency,required,gpt_oss_120b,9.61953186182516,15056,localstack/19,localstack,19,1,19,0,35781,4152,0.003927,45.57
0.0,0,0.0,0.0,temporal_frequency,required,gpt_oss_120b,9.61953186182516,15056,localstack/19,localstack,19,2,15,0,31949,3499,0.004251,58.65
0.0,0,0.0,0.0,temporal_frequency,required,gpt_oss_120b,9.61953186182516,15056,localstack/19,localstack,19,3,30,1,71584,5702,0.006045,49.97
1.0,1,1.0,1.0,temporal_frequency,required,gpt_oss_120b,10.563155506021905,38683,localstack/2,localstack,2,1,30,0,233191,6409,0.010666,82.31
1.0,1,1.0,1.0,temporal_frequency,required,gpt_oss_120b,10.563155506021905,38683,localstack/2,localstack,2,2,17,0,147396,3792,0.009026,50.98
1.0,1,1.0,1.0,temporal_frequency,required,gpt_oss_120b,10.563155506021905,38683,localstack/2,localstack,2,3,26,0,245264,8298,0.012703,120.77
1.0,1,1.0,1.0,temporal_frequency,required,gpt_oss_120b,9.860214640302662,19153,localstack/9,localstack,9,1,19,0,112735,20480,0.017402,220.85
1.0,1,1.0,1.0,temporal_frequency,required,gpt_oss_120b,9.860214640302662,19153,localstack/9,localstack,9,2,10,0,41290,4384,0.005142,53.48
1.0,1,1.0,1.0,temporal_frequency,required,gpt_oss_120b,9.860214640302662,19153,localstack/9,localstack,9,3,14,0,83347,8660,0.009804,111.09
0.8,1,0.6667,1.0,temporal_frequency,required,gpt_oss_120b,11.189312196300184,72353,pandas/26,pandas,26,1,32,1,258981,6267,0.012721,121.95
1.0,1,1.0,1.0,temporal_frequency,required,gpt_oss_120b,11.189312196300184,72353,pandas/26,pandas,26,2,17,0,110667,8639,0.010877,93.86
1.0,1,1.0,1.0,temporal_frequency,required,gpt_oss_120b,11.189312196300184,72353,pandas/26,pandas,26,3,22,0,161840,3087,0.00746,54.22
0.0,0,0.0,0.0,temporal_frequency,required,gpt_oss_120b,11.270446177349276,78468,pandas/35,pandas,35,1,30,1,499213,9058,0.024149,161.34
0.0,0,0.0,0.0,temporal_frequency,required,gpt_oss_120b,11.270446177349276,78468,pandas/35,pandas,35,2,22,0,278926,10084,0.018619,138.99
0.0,0,0.0,0.0,temporal_frequency,required,gpt_oss_120b,11.270446177349276,78468,pandas/35,pandas,35,3,16,0,216046,7537,0.015826,88.13
0.6667,0,1.0,0.5,temporal_frequency,required,gpt_oss_120b,12.08721590866289,177587,pandas/38,pandas,38,1,8,0,54151,2221,0.005389,28.02
0.6667,0,1.0,0.5,temporal_frequency,required,gpt_oss_120b,12.08721590866289,177587,pandas/38,pandas,38,2,9,0,91337,3492,0.007393,72.55
0.6667,0,1.0,0.5,temporal_frequency,required,gpt_oss_120b,12.08721590866289,177587,pandas/38,pandas,38,3,6,0,46734,1504,0.005726,16.66
0.0,0,0.0,0.0,temporal_frequency,required,gpt_oss_120b,10.883015959814806,53264,pandas/44,pandas,44,1,11,0,35152,3166,0.003814,51.92
0.0,0,0.0,0.0,temporal_frequency,required,gpt_oss_120b,10.883015959814806,53264,pandas/44,pandas,44,2,10,0,47315,2749,0.006122,41.45
0.0,0,0.0,0.0,temporal_frequency,required,gpt_oss_120b,10.883015959814806,53264,pandas/44,pandas,44,3,9,0,63668,3387,0.005979,41.64
0.5,0,1.0,0.3333,temporal_frequency,required,gpt_oss_120b,9.346705246496699,11461,requests/12,requests,12,1,9,0,31014,6516,0.006372,66.52
0.5,0,1.0,0.3333,temporal_frequency,required,gpt_oss_120b,9.346705246496699,11461,requests/12,requests,12,2,17,0,58823,3739,0.004984,45.26
0.8,0,1.0,0.6667,temporal_frequency,required,gpt_oss_120b,9.346705246496699,11461,requests/12,requests,12,3,16,0,62236,7279,0.007777,69.11
1.0,1,1.0,1.0,temporal_frequency,required,gpt_oss_120b,9.348274558065496,11479,requests/13,requests,13,1,10,0,40386,2563,0.003706,36.18
1.0,1,1.0,1.0,temporal_frequency,required,gpt_oss_120b,9.348274558065496,11479,requests/13,requests,13,2,8,0,23435,4940,0.004767,77.79
1.0,1,1.0,1.0,temporal_frequency,required,gpt_oss_120b,9.348274558065496,11479,requests/13,requests,13,3,13,0,56588,4709,0.004756,44.18
1.0,1,1.0,1.0,temporal_frequency,required,gpt_oss_120b,7.958576903813898,2860,requests/7,requests,7,1,11,0,32573,3904,0.004215,57.8
1.0,1,1.0,1.0,temporal_frequency,required,gpt_oss_120b,7.958576903813898,2860,requests/7,requests,7,2,11,0,34080,2578,0.003267,44.47
1.0,1,1.0,1.0,temporal_frequency,required,gpt_oss_120b,7.958576903813898,2860,requests/7,requests,7,3,8,0,19232,2653,0.002407,29.27
1.0,1,1.0,1.0,temporal_frequency,required,gpt_oss_120b,10.031000872835088,22720,rich/1,rich,1,1,11,0,44437,2120,0.003492,29.51
1.0,1,1.0,1.0,temporal_frequency,required,gpt_oss_120b,10.031000872835088,22720,rich/1,rich,1,2,7,0,20827,1553,0.001982,20.99
0.0,0,0.0,0.0,temporal_frequency,required,gpt_oss_120b,10.031000872835088,22720,rich/1,rich,1,3,18,0,78557,4430,0.005574,94.03
0.0,0,0.0,0.0,temporal_frequency,required,gpt_oss_120b,10.051648903516648,23194,rich/12,rich,12,1,13,0,66571,3361,0.005837,75.86
0.0,0,0.0,0.0,temporal_frequency,required,gpt_oss_120b,10.051648903516648,23194,rich/12,rich,12,2,17,0,98923,4427,0.007036,121.97
0.0,0,0.0,0.0,temporal_frequency,required,gpt_oss_120b,10.051648903516648,23194,rich/12,rich,12,3,6,0,18508,1236,0.00181,17.2
1.0,1,1.0,1.0,temporal_frequency,required,gpt_oss_120b,10.039939675671627,22924,rich/8,rich,8,1,6,0,23448,791,0.001671,16.22
1.0,1,1.0,1.0,temporal_frequency,required,gpt_oss_120b,10.039939675671627,22924,rich/8,rich,8,2,9,0,65947,2202,0.006007,33.65
1.0,1,1.0,1.0,temporal_frequency,required,gpt_oss_120b,10.039939675671627,22924,rich/8,rich,8,3,8,0,47282,2195,0.00455,30.6
0.6667,0,1.0,0.5,temporal_frequency,required,gpt_oss_120b,11.620954417182327,111408,scikit-learn/45,scikit-learn,45,1,19,0,122602,4284,0.009315,44.22
0.6667,0,1.0,0.5,temporal_frequency,required,gpt_oss_120b,11.620954417182327,111408,scikit-learn/45,scikit-learn,45,2,13,0,47971,2100,0.004036,45.75
0.6667,0,1.0,0.5,temporal_frequency,required,gpt_oss_120b,11.620954417182327,111408,scikit-learn/45,scikit-learn,45,3,15,0,34040,2329,0.00273,53.03
1.0,1,1.0,1.0,temporal_frequency,required,gpt_oss_120b,11.55076060327325,103856,scikit-learn/49,scikit-learn,49,1,30,1,402387,7965,0.023938,127.57
1.0,1,1.0,1.0,temporal_frequency,required,gpt_oss_120b,11.55076060327325,103856,scikit-learn/49,scikit-learn,49,2,18,0,216725,7585,0.013866,83.32
1.0,1,1.0,1.0,temporal_frequency,required,gpt_oss_120b,11.55076060327325,103856,scikit-learn/49,scikit-learn,49,3,11,0,88705,3377,0.007542,27.44
1.0,1,1.0,1.0,temporal_frequency,required,gpt_oss_120b,11.525654110946952,101281,scikit-learn/5,scikit-learn,5,1,11,0,82607,6813,0.009946,83.56
1.0,1,1.0,1.0,temporal_frequency,required,gpt_oss_120b,11.525654110946952,101281,scikit-learn/5,scikit-learn,5,2,13,0,79086,11116,0.011604,103.96
1.0,1,1.0,1.0,temporal_frequency,required,gpt_oss_120b,11.525654110946952,101281,scikit-learn/5,scikit-learn,5,3,7,0,33913,3106,0.003284,26.98
1.0,1,1.0,1.0,temporal_frequency,required,gpt_oss_120b,9.796458979777604,17970,scrapy/20,scrapy,20,1,6,0,23821,994,0.002696,23.75
1.0,1,1.0,1.0,temporal_frequency,required,gpt_oss_120b,9.796458979777604,17970,scrapy/20,scrapy,20,2,6,0,25779,832,0.002977,22.36
1.0,1,1.0,1.0,temporal_frequency,required,gpt_oss_120b,9.796458979777604,17970,scrapy/20,scrapy,20,3,19,0,152842,4301,0.009237,65.15
1.0,1,1.0,1.0,temporal_frequency,required,gpt_oss_120b,9.655026193237628,15600,scrapy/26,scrapy,26,1,15,0,93879,3193,0.007012,39.75
1.0,1,1.0,1.0,temporal_frequency,required,gpt_oss_120b,9.655026193237628,15600,scrapy/26,scrapy,26,2,29,0,170807,4638,0.010812,78.42
1.0,1,1.0,1.0,temporal_frequency,required,gpt_oss_120b,9.655026193237628,15600,scrapy/26,scrapy,26,3,13,0,75530,5265,0.007757,43.96
0.0,0,0.0,0.0,temporal_frequency,required,gpt_oss_120b,9.73477299914839,16895,scrapy/48,scrapy,48,1,9,0,27025,2494,0.002973,25.71
0.0,0,0.0,0.0,temporal_frequency,required,gpt_oss_120b,9.73477299914839,16895,scrapy/48,scrapy,48,2,27,0,126259,5548,0.008147,75.04
0.0,0,0.0,0.0,temporal_frequency,required,gpt_oss_120b,9.73477299914839,16895,scrapy/48,scrapy,48,3,20,0,113808,3812,0.006333,63.59
1.0,1,1.0,1.0,temporal_frequency,required,gpt_oss_120b,9.961803629358965,21201,stable-diffusion-webui/0,stable-diffusion-webui,0,1,5,0,82616,923,0.00737,20.59
1.0,1,1.0,1.0,temporal_frequency,required,gpt_oss_120b,9.961803629358965,21201,stable-diffusion-webui/0,stable-diffusion-webui,0,2,6,0,96060,1741,0.008073,37.08
1.0,1,1.0,1.0,temporal_frequency,required,gpt_oss_120b,9.961803629358965,21201,stable-diffusion-webui/0,stable-diffusion-webui,0,3,9,0,149136,2223,0.010127,30.34
1.0,1,1.0,1.0,temporal_frequency,required,gpt_oss_120b,9.908425341565751,20099,stable-diffusion-webui/13,stable-diffusion-webui,13,1,29,0,394403,7506,0.019959,111.4
1.0,1,1.0,1.0,temporal_frequency,required,gpt_oss_120b,9.908425341565751,20099,stable-diffusion-webui/13,stable-diffusion-webui,13,2,24,0,305697,4131,0.016136,75.05
1.0,1,1.0,1.0,temporal_frequency,required,gpt_oss_120b,9.908425341565751,20099,stable-diffusion-webui/13,stable-diffusion-webui,13,3,30,1,446275,10197,0.020742,129.06
0.6667,0,1.0,0.5,temporal_frequency,required,gpt_oss_120b,10.028797743501574,22670,stable-diffusion-webui/5,stable-diffusion-webui,5,1,19,0,117263,4334,0.007368,57.73
0.6667,0,1.0,0.5,temporal_frequency,required,gpt_oss_120b,10.028797743501574,22670,stable-diffusion-webui/5,stable-diffusion-webui,5,2,24,0,166459,6902,0.010173,54.96
0.0,0,0.0,0.0,temporal_frequency,required,gpt_oss_120b,10.028797743501574,22670,stable-diffusion-webui/5,stable-diffusion-webui,5,3,20,0,158781,11383,0.013376,114.81
0.0,0,0.0,0.0,temporal_frequency,required,gpt_oss_120b,8.483636407887394,4835,thefuck/10,thefuck,10,1,14,0,63815,7528,0.007235,51.98
0.0,0,0.0,0.0,temporal_frequency,required,gpt_oss_120b,8.483636407887394,4835,thefuck/10,thefuck,10,2,9,0,25778,2675,0.003401,36.92
0.0,0,0.0,0.0,temporal_frequency,required,gpt_oss_120b,8.483636407887394,4835,thefuck/10,thefuck,10,3,6,0,15236,3141,0.003129,22.2
0.0,0,0.0,0.0,temporal_frequency,required,gpt_oss_120b,8.270781013162674,3908,thefuck/20,thefuck,20,1,13,0,54808,7946,0.009769,81.2
0.0,0,0.0,0.0,temporal_frequency,required,gpt_oss_120b,8.270781013162674,3908,thefuck/20,thefuck,20,2,30,1,192148,16467,0.018391,217.14
0.0,0,0.0,0.0,temporal_frequency,required,gpt_oss_120b,8.270781013162674,3908,thefuck/20,thefuck,20,3,23,0,139684,7177,0.011075,55.44
1.0,1,1.0,1.0,temporal_frequency,required,gpt_oss_120b,7.822845290279774,2497,thefuck/5,thefuck,5,1,9,0,26853,3216,0.003798,39.06
1.0,1,1.0,1.0,temporal_frequency,required,gpt_oss_120b,7.822845290279774,2497,thefuck/5,thefuck,5,2,18,0,68480,6669,0.007155,207.9
1.0,1,1.0,1.0,temporal_frequency,required,gpt_oss_120b,7.822845290279774,2497,thefuck/5,thefuck,5,3,6,0,15040,1036,0.00225,34.98
1.0,1,1.0,1.0,temporal_frequency,required,gpt_oss_120b,12.430331574579306,250279,transformers/25,transformers,25,1,15,0,116551,5999,0.009551,121.69
1.0,1,1.0,1.0,temporal_frequency,required,gpt_oss_120b,12.430331574579306,250279,transformers/25,transformers,25,2,10,0,32239,3369,0.00455,65.69
1.0,1,1.0,1.0,temporal_frequency,required,gpt_oss_120b,12.430331574579306,250279,transformers/25,transformers,25,3,7,0,16216,2150,0.002245,36.18
0.1538,0,1.0,0.0833,temporal_frequency,required,gpt_oss_120b,12.407424472605875,244611,transformers/27,transformers,27,1,6,0,26093,2014,0.002998,28.75
0.1538,0,1.0,0.0833,temporal_frequency,required,gpt_oss_120b,12.407424472605875,244611,transformers/27,transformers,27,2,6,0,44635,1279,0.004968,15.37
0.1538,0,1.0,0.0833,temporal_frequency,required,gpt_oss_120b,12.407424472605875,244611,transformers/27,transformers,27,3,5,0,31043,856,0.003202,10.55
0.6667,0,0.75,0.6,temporal_frequency,required,gpt_oss_120b,11.587420505060633,107734,transformers/5,transformers,5,1,19,0,220858,5083,0.013387,83.3
0.3333,0,1.0,0.2,temporal_frequency,required,gpt_oss_120b,11.587420505060633,107734,transformers/5,transformers,5,2,10,0,75136,3558,0.007614,55.26
0.75,0,1.0,0.6,temporal_frequency,required,gpt_oss_120b,11.587420505060633,107734,transformers/5,transformers,5,3,14,0,192177,5151,0.015072,57.31
1.0,1,1.0,1.0,temporal_frequency,required,gpt_oss_120b,12.095096391086711,178992,yt-dlp/23,yt-dlp,23,1,10,0,38833,3167,0.00385,47.11
1.0,1,1.0,1.0,temporal_frequency,required,gpt_oss_120b,12.095096391086711,178992,yt-dlp/23,yt-dlp,23,2,5,0,15205,1760,0.002202,24.19
1.0,1,1.0,1.0,temporal_frequency,required,gpt_oss_120b,12.095096391086711,178992,yt-dlp/23,yt-dlp,23,3,9,0,34984,2718,0.003159,22.48
0.0,0,0.0,0.0,temporal_frequency,required,gpt_oss_120b,12.1489730534896,188900,yt-dlp/41,yt-dlp,41,1,26,0,247680,9978,0.01738,134.39
0.0,0,0.0,0.0,temporal_frequency,required,gpt_oss_120b,12.1489730534896,188900,yt-dlp/41,yt-dlp,41,2,11,0,81737,4903,0.007197,48.8
0.0,0,0.0,0.0,temporal_frequency,required,gpt_oss_120b,12.1489730534896,188900,yt-dlp/41,yt-dlp,41,3,19,0,166835,9817,0.014131,100.54
0.6667,0,1.0,0.5,temporal_frequency,required,gpt_oss_120b,12.198660241414718,198523,yt-dlp/45,yt-dlp,45,1,21,0,264109,6541,0.015635,93.32
0.6667,0,1.0,0.5,temporal_frequency,required,gpt_oss_120b,12.198660241414718,198523,yt-dlp/45,yt-dlp,45,2,23,0,376418,8663,0.018433,126.87
0.0,0,0.0,0.0,temporal_frequency,required,gpt_oss_120b,12.198660241414718,198523,yt-dlp/45,yt-dlp,45,3,21,0,267138,7445,0.014077,122.94
1.0,1,1.0,1.0,temporal_frequency,required,deepseek_flash,12.068688124847148,174327,core/16,core,16,1,9,0,101297,5581,0.00396,42.86
1.0,1,1.0,1.0,temporal_frequency,required,deepseek_flash,12.068688124847148,174327,core/16,core,16,2,11,0,131994,5240,0.004334,49.47
1.0,1,1.0,1.0,temporal_frequency,required,deepseek_flash,12.068688124847148,174327,core/16,core,16,3,15,0,214641,7101,0.005169,64.79
1.0,1,1.0,1.0,temporal_frequency,required,deepseek_flash,11.506545154005941,99364,core/20,core,20,1,21,0,287540,5603,0.005296,61.57
1.0,1,1.0,1.0,temporal_frequency,required,deepseek_flash,11.506545154005941,99364,core/20,core,20,2,8,0,59509,3042,0.002071,29.55
1.0,1,1.0,1.0,temporal_frequency,required,deepseek_flash,11.506545154005941,99364,core/20,core,20,3,8,0,54829,2269,0.001726,27.65
0.0,0,0.0,0.0,temporal_frequency,required,deepseek_flash,8.579980179515003,5324,fastapi/17,fastapi,17,1,30,1,473454,15816,0.011424,146.02
0.0,0,0.0,0.0,temporal_frequency,required,deepseek_flash,8.579980179515003,5324,fastapi/17,fastapi,17,2,30,1,1136674,27437,0.020827,272.59
0.0,0,0.0,0.0,temporal_frequency,required,deepseek_flash,8.579980179515003,5324,fastapi/17,fastapi,17,3,30,1,1124296,28013,0.022346,248.56
0.5,1,0.3333,1.0,temporal_frequency,required,deepseek_flash,8.518991573357617,5009,fastapi/20,fastapi,20,1,28,0,589942,11011,0.012267,123.52
0.0,0,0.0,0.0,temporal_frequency,required,deepseek_flash,8.518991573357617,5009,fastapi/20,fastapi,20,2,30,1,677014,8657,0.011259,107.37
0.0,0,0.0,0.0,temporal_frequency,required,deepseek_flash,8.518991573357617,5009,fastapi/20,fastapi,20,3,30,0,840760,11120,0.014379,120.13
0.5,0,1.0,0.3333,temporal_frequency,required,deepseek_flash,8.482187582217422,4828,fastapi/9,fastapi,9,1,19,0,285479,9781,0.006283,90.18
0.5,0,1.0,0.3333,temporal_frequency,required,deepseek_flash,8.482187582217422,4828,fastapi/9,fastapi,9,2,30,1,453994,8919,0.008068,100.68
0.5,0,1.0,0.3333,temporal_frequency,required,deepseek_flash,8.482187582217422,4828,fastapi/9,fastapi,9,3,15,0,174367,4221,0.003518,43.48
1.0,1,1.0,1.0,temporal_frequency,required,deepseek_flash,8.808369153122275,6690,flask/18,flask,18,1,15,0,68212,3097,0.001794,37.99
0.6667,0,1.0,0.5,temporal_frequency,required,deepseek_flash,8.808369153122275,6690,flask/18,flask,18,2,23,0,174345,6691,0.003785,77.46
0.6667,0,1.0,0.5,temporal_frequency,required,deepseek_flash,8.808369153122275,6690,flask/18,flask,18,3,26,0,194929,7102,0.005342,75.16
0.0,0,0.0,0.0,temporal_frequency,required,deepseek_flash,8.899457906353966,7328,flask/3,flask,3,1,32,1,234289,6226,0.005181,70.62
1.0,1,1.0,1.0,temporal_frequency,required,deepseek_flash,8.899457906353966,7328,flask/3,flask,3,2,30,1,375371,13170,0.008156,137.85
1.0,1,1.0,1.0,temporal_frequency,required,deepseek_flash,8.899457906353966,7328,flask/3,flask,3,3,30,1,313919,12414,0.007121,145.94
1.0,1,1.0,1.0,temporal_frequency,required,deepseek_flash,8.827468112520654,6819,flask/6,flask,6,1,10,0,114647,5603,0.003377,45.91
1.0,1,1.0,1.0,temporal_frequency,required,deepseek_flash,8.827468112520654,6819,flask/6,flask,6,2,10,0,45310,3795,0.001786,35.2
1.0,1,1.0,1.0,temporal_frequency,required,deepseek_flash,8.827468112520654,6819,flask/6,flask,6,3,11,0,57059,2955,0.001773,30.03
0.5,1,0.3333,1.0,temporal_frequency,required,deepseek_flash,8.341410211461865,4194,gpt-engineer/11,gpt-engineer,11,1,16,0,195372,5288,0.004563,53.4
0.5,1,0.3333,1.0,temporal_frequency,required,deepseek_flash,8.341410211461865,4194,gpt-engineer/11,gpt-engineer,11,2,18,0,231793,4836,0.00467,59.33
0.5,1,0.3333,1.0,temporal_frequency,required,deepseek_flash,8.341410211461865,4194,gpt-engineer/11,gpt-engineer,11,3,15,0,140795,4042,0.003229,43.98
0.6667,0,1.0,0.5,temporal_frequency,required,deepseek_flash,8.029432840581244,3070,gpt-engineer/12,gpt-engineer,12,1,11,0,78838,5838,0.002925,55.73
0.6667,0,1.0,0.5,temporal_frequency,required,deepseek_flash,8.029432840581244,3070,gpt-engineer/12,gpt-engineer,12,2,18,0,124792,5874,0.00317,57.69
0.6667,0,1.0,0.5,temporal_frequency,required,deepseek_flash,8.029432840581244,3070,gpt-engineer/12,gpt-engineer,12,3,14,0,111218,7977,0.003597,72.77
0.6667,1,0.5,1.0,temporal_frequency,required,deepseek_flash,8.36380888451688,4289,gpt-engineer/9,gpt-engineer,9,1,30,0,553164,27223,0.01373,265.56
0.0,0,0.0,0.0,temporal_frequency,required,deepseek_flash,8.36380888451688,4289,gpt-engineer/9,gpt-engineer,9,2,20,0,398339,15917,0.007891,151.27
0.5,1,0.3333,1.0,temporal_frequency,required,deepseek_flash,8.36380888451688,4289,gpt-engineer/9,gpt-engineer,9,3,30,0,665773,29684,0.014976,284.14
0.0,0,0.0,0.0,temporal_frequency,required,deepseek_flash,10.196231790580173,26802,keras/12,keras,12,1,15,0,93064,4442,0.00284,48.83
0.2857,0,0.5,0.2,temporal_frequency,required,deepseek_flash,10.196231790580173,26802,keras/12,keras,12,2,15,0,129301,5891,0.003349,63.7
0.2857,0,0.5,0.2,temporal_frequency,required,deepseek_flash,10.196231790580173,26802,keras/12,keras,12,3,16,0,109647,5834,0.003128,62.24
0.0,0,0.0,0.0,temporal_frequency,required,deepseek_flash,10.349134450277123,31230,keras/5,keras,5,1,32,1,630006,14721,0.012734,154.65
0.0,0,0.0,0.0,temporal_frequency,required,deepseek_flash,10.349134450277123,31230,keras/5,keras,5,2,32,1,707398,17825,0.013778,155.54
0.0,0,0.0,0.0,temporal_frequency,required,deepseek_flash,10.349134450277123,31230,keras/5,keras,5,3,32,1,832925,23267,0.017561,211.47
1.0,1,1.0,1.0,temporal_frequency,required,deepseek_flash,10.444153492313001,34343,keras/9,keras,9,1,14,0,110845,8642,0.003748,79.25
1.0,1,1.0,1.0,temporal_frequency,required,deepseek_flash,10.444153492313001,34343,keras/9,keras,9,2,11,0,131319,10435,0.004781,96.37
1.0,1,1.0,1.0,temporal_frequency,required,deepseek_flash,10.444153492313001,34343,keras/9,keras,9,3,12,0,147012,9642,0.004807,83.42
0.0,0,0.0,0.0,temporal_frequency,required,deepseek_flash,9.61953186182516,15056,localstack/19,localstack,19,1,20,0,183137,4592,0.003902,50.15
0.25,0,1.0,0.1429,temporal_frequency,required,deepseek_flash,9.61953186182516,15056,localstack/19,localstack,19,2,22,0,260096,4214,0.005298,53.78
0.25,0,1.0,0.1429,temporal_frequency,required,deepseek_flash,9.61953186182516,15056,localstack/19,localstack,19,3,20,0,129422,4918,0.003111,52.02
1.0,1,1.0,1.0,temporal_frequency,required,deepseek_flash,10.563155506021905,38683,localstack/2,localstack,2,1,30,1,483257,9708,0.009699,100.26
0.0,0,0.0,0.0,temporal_frequency,required,deepseek_flash,10.563155506021905,38683,localstack/2,localstack,2,2,32,1,539989,6883,0.00893,84.08
1.0,1,1.0,1.0,temporal_frequency,required,deepseek_flash,10.563155506021905,38683,localstack/2,localstack,2,3,30,1,681429,8282,0.012422,92.35
0.0,0,0.0,0.0,temporal_frequency,required,deepseek_flash,9.860214640302662,19153,localstack/9,localstack,9,1,30,1,465181,33077,0.01768,249.35
1.0,1,1.0,1.0,temporal_frequency,required,deepseek_flash,9.860214640302662,19153,localstack/9,localstack,9,2,26,0,315721,15714,0.008754,151.4
1.0,1,1.0,1.0,temporal_frequency,required,deepseek_flash,9.860214640302662,19153,localstack/9,localstack,9,3,19,0,246018,14608,0.006658,124.66
0.0,0,0.0,0.0,temporal_frequency,required,deepseek_flash,11.189312196300184,72353,pandas/26,pandas,26,1,32,1,491097,3743,0.007844,57.8
0.0,0,0.0,0.0,temporal_frequency,required,deepseek_flash,11.189312196300184,72353,pandas/26,pandas,26,2,32,1,300768,3609,0.005765,57.48
0.0,0,0.0,0.0,temporal_frequency,required,deepseek_flash,11.189312196300184,72353,pandas/26,pandas,26,3,32,1,468220,4407,0.009007,64.85
0.0,0,0.0,0.0,temporal_frequency,required,deepseek_flash,11.270446177349276,78468,pandas/35,pandas,35,1,32,1,286170,8256,0.006778,88.53
0.0,0,0.0,0.0,temporal_frequency,required,deepseek_flash,11.270446177349276,78468,pandas/35,pandas,35,2,30,1,287759,11835,0.008055,115.3
0.0,0,0.0,0.0,temporal_frequency,required,deepseek_flash,11.270446177349276,78468,pandas/35,pandas,35,3,32,1,282504,5672,0.005928,70.26
0.5,0,0.5,0.5,temporal_frequency,required,deepseek_flash,12.08721590866289,177587,pandas/38,pandas,38,1,32,1,663917,10817,0.011927,118.76
0.0,0,0.0,0.0,temporal_frequency,required,deepseek_flash,12.08721590866289,177587,pandas/38,pandas,38,2,32,1,495363,8382,0.008687,96.01
0.5,0,0.5,0.5,temporal_frequency,required,deepseek_flash,12.08721590866289,177587,pandas/38,pandas,38,3,27,0,380847,7611,0.007542,90.29
0.0,0,0.0,0.0,temporal_frequency,required,deepseek_flash,10.883015959814806,53264,pandas/44,pandas,44,1,30,1,293402,8922,0.006695,104.72
0.5,0,0.5,0.5,temporal_frequency,required,deepseek_flash,10.883015959814806,53264,pandas/44,pandas,44,2,30,1,228101,8564,0.005285,97.84
0.0,0,0.0,0.0,temporal_frequency,required,deepseek_flash,10.883015959814806,53264,pandas/44,pandas,44,3,32,1,336398,8545,0.007288,86.26
0.8,0,1.0,0.6667,temporal_frequency,required,deepseek_flash,9.346705246496699,11461,requests/12,requests,12,1,9,0,107798,4481,0.004036,37.13
0.8,0,1.0,0.6667,temporal_frequency,required,deepseek_flash,9.346705246496699,11461,requests/12,requests,12,2,10,0,60340,2716,0.002008,26.88
1.0,1,1.0,1.0,temporal_frequency,required,deepseek_flash,9.346705246496699,11461,requests/12,requests,12,3,9,0,88164,3488,0.002941,36.22
1.0,1,1.0,1.0,temporal_frequency,required,deepseek_flash,9.348274558065496,11479,requests/13,requests,13,1,24,0,250771,10461,0.00539,107.48
1.0,1,1.0,1.0,temporal_frequency,required,deepseek_flash,9.348274558065496,11479,requests/13,requests,13,2,22,0,296683,10159,0.005393,92.48
1.0,1,1.0,1.0,temporal_frequency,required,deepseek_flash,9.348274558065496,11479,requests/13,requests,13,3,17,0,270761,10870,0.006178,107.29
1.0,1,1.0,1.0,temporal_frequency,required,deepseek_flash,7.958576903813898,2860,requests/7,requests,7,1,11,0,67958,6417,0.002565,60.13
1.0,1,1.0,1.0,temporal_frequency,required,deepseek_flash,7.958576903813898,2860,requests/7,requests,7,2,12,0,72290,5877,0.0023,60.78
1.0,1,1.0,1.0,temporal_frequency,required,deepseek_flash,7.958576903813898,2860,requests/7,requests,7,3,11,0,58516,5316,0.002287,55.32
1.0,1,1.0,1.0,temporal_frequency,required,deepseek_flash,10.031000872835088,22720,rich/1,rich,1,1,5,0,17758,1847,0.000878,17.8
1.0,1,1.0,1.0,temporal_frequency,required,deepseek_flash,10.031000872835088,22720,rich/1,rich,1,2,4,0,13574,2030,0.000958,18.41
1.0,1,1.0,1.0,temporal_frequency,required,deepseek_flash,10.031000872835088,22720,rich/1,rich,1,3,4,0,11438,716,0.000502,8.94
0.4,0,1.0,0.25,temporal_frequency,required,deepseek_flash,10.051648903516648,23194,rich/12,rich,12,1,19,0,564290,17180,0.012283,171.23
0.4,0,1.0,0.25,temporal_frequency,required,deepseek_flash,10.051648903516648,23194,rich/12,rich,12,2,17,0,396763,14813,0.008573,152.31
0.4,0,1.0,0.25,temporal_frequency,required,deepseek_flash,10.051648903516648,23194,rich/12,rich,12,3,30,1,975185,27576,0.018313,255.92
1.0,1,1.0,1.0,temporal_frequency,required,deepseek_flash,10.039939675671627,22924,rich/8,rich,8,1,7,0,48714,1783,0.001629,21.75
1.0,1,1.0,1.0,temporal_frequency,required,deepseek_flash,10.039939675671627,22924,rich/8,rich,8,2,10,0,78044,1965,0.001905,23.3
1.0,1,1.0,1.0,temporal_frequency,required,deepseek_flash,10.039939675671627,22924,rich/8,rich,8,3,11,0,81440,2266,0.002008,25.27
0.6667,0,1.0,0.5,temporal_frequency,required,deepseek_flash,11.620954417182327,111408,scikit-learn/45,scikit-learn,45,1,10,0,31042,1523,0.000874,16.66
0.6667,0,1.0,0.5,temporal_frequency,required,deepseek_flash,11.620954417182327,111408,scikit-learn/45,scikit-learn,45,2,28,0,222888,4861,0.004256,60.47
0.6667,0,1.0,0.5,temporal_frequency,required,deepseek_flash,11.620954417182327,111408,scikit-learn/45,scikit-learn,45,3,9,0,27798,1432,0.000798,16.8
1.0,1,1.0,1.0,temporal_frequency,required,deepseek_flash,11.55076060327325,103856,scikit-learn/49,scikit-learn,49,1,12,0,178443,4677,0.004392,40.55
1.0,1,1.0,1.0,temporal_frequency,required,deepseek_flash,11.55076060327325,103856,scikit-learn/49,scikit-learn,49,2,19,0,310233,3714,0.004854,46.59
1.0,1,1.0,1.0,temporal_frequency,required,deepseek_flash,11.55076060327325,103856,scikit-learn/49,scikit-learn,49,3,9,0,113920,2148,0.003028,23.0
1.0,1,1.0,1.0,temporal_frequency,required,deepseek_flash,11.525654110946952,101281,scikit-learn/5,scikit-learn,5,1,10,0,188844,24415,0.008934,208.79
1.0,1,1.0,1.0,temporal_frequency,required,deepseek_flash,11.525654110946952,101281,scikit-learn/5,scikit-learn,5,2,18,0,241910,23718,0.008441,196.48
1.0,1,1.0,1.0,temporal_frequency,required,deepseek_flash,11.525654110946952,101281,scikit-learn/5,scikit-learn,5,3,13,0,228042,24478,0.009048,235.75
1.0,1,1.0,1.0,temporal_frequency,required,deepseek_flash,9.796458979777604,17970,scrapy/20,scrapy,20,1,9,0,61738,1688,0.002355,19.34
1.0,1,1.0,1.0,temporal_frequency,required,deepseek_flash,9.796458979777604,17970,scrapy/20,scrapy,20,2,9,0,72714,2035,0.002426,23.99
1.0,1,1.0,1.0,temporal_frequency,required,deepseek_flash,9.796458979777604,17970,scrapy/20,scrapy,20,3,7,0,51129,1571,0.002066,19.51
0.6667,1,0.5,1.0,temporal_frequency,required,deepseek_flash,9.655026193237628,15600,scrapy/26,scrapy,26,1,29,0,433721,4939,0.007452,65.2
0.6667,1,0.5,1.0,temporal_frequency,required,deepseek_flash,9.655026193237628,15600,scrapy/26,scrapy,26,2,17,0,220037,2719,0.0041,32.81
0.6667,1,0.5,1.0,temporal_frequency,required,deepseek_flash,9.655026193237628,15600,scrapy/26,scrapy,26,3,18,0,210178,4493,0.003796,47.41
0.0,0,0.0,0.0,temporal_frequency,required,deepseek_flash,9.73477299914839,16895,scrapy/48,scrapy,48,1,32,1,410059,7151,0.007937,78.58
0.0,0,0.0,0.0,temporal_frequency,required,deepseek_flash,9.73477299914839,16895,scrapy/48,scrapy,48,2,30,1,280314,8314,0.006097,89.92
0.0,0,0.0,0.0,temporal_frequency,required,deepseek_flash,9.73477299914839,16895,scrapy/48,scrapy,48,3,32,1,257509,6036,0.005691,71.63
1.0,1,1.0,1.0,temporal_frequency,required,deepseek_flash,9.961803629358965,21201,stable-diffusion-webui/0,stable-diffusion-webui,0,1,12,0,249214,4046,0.004517,41.12
1.0,1,1.0,1.0,temporal_frequency,required,deepseek_flash,9.961803629358965,21201,stable-diffusion-webui/0,stable-diffusion-webui,0,2,7,0,129913,1851,0.00334,19.48
1.0,1,1.0,1.0,temporal_frequency,required,deepseek_flash,9.961803629358965,21201,stable-diffusion-webui/0,stable-diffusion-webui,0,3,21,0,444680,7403,0.00634,73.05
1.0,1,1.0,1.0,temporal_frequency,required,deepseek_flash,9.908425341565751,20099,stable-diffusion-webui/13,stable-diffusion-webui,13,1,29,0,686964,16159,0.011012,153.9
1.0,1,1.0,1.0,temporal_frequency,required,deepseek_flash,9.908425341565751,20099,stable-diffusion-webui/13,stable-diffusion-webui,13,2,23,0,815787,15159,0.011469,141.53
1.0,1,1.0,1.0,temporal_frequency,required,deepseek_flash,9.908425341565751,20099,stable-diffusion-webui/13,stable-diffusion-webui,13,3,21,0,518586,11110,0.008188,109.94
1.0,1,1.0,1.0,temporal_frequency,required,deepseek_flash,10.028797743501574,22670,stable-diffusion-webui/5,stable-diffusion-webui,5,1,16,0,233452,13466,0.00695,114.34
0.6667,0,1.0,0.5,temporal_frequency,required,deepseek_flash,10.028797743501574,22670,stable-diffusion-webui/5,stable-diffusion-webui,5,2,15,0,237772,15694,0.007266,131.93
1.0,1,1.0,1.0,temporal_frequency,required,deepseek_flash,10.028797743501574,22670,stable-diffusion-webui/5,stable-diffusion-webui,5,3,13,0,241218,11902,0.008039,98.21
0.0,0,0.0,0.0,temporal_frequency,required,deepseek_flash,8.483636407887394,4835,thefuck/10,thefuck,10,1,27,0,685092,36526,0.023706,311.89
0.0,0,0.0,0.0,temporal_frequency,required,deepseek_flash,8.483636407887394,4835,thefuck/10,thefuck,10,2,26,0,524738,22713,0.018129,206.67
0.0,0,0.0,0.0,temporal_frequency,required,deepseek_flash,8.483636407887394,4835,thefuck/10,thefuck,10,3,28,0,806778,32667,0.02296,274.49
0.0,0,0.0,0.0,temporal_frequency,required,deepseek_flash,8.270781013162674,3908,thefuck/20,thefuck,20,1,19,0,162895,8249,0.003865,75.28
0.0,0,0.0,0.0,temporal_frequency,required,deepseek_flash,8.270781013162674,3908,thefuck/20,thefuck,20,2,9,0,47812,4117,0.002104,36.35
0.0,0,0.0,0.0,temporal_frequency,required,deepseek_flash,8.270781013162674,3908,thefuck/20,thefuck,20,3,17,0,146110,6872,0.003518,62.38
1.0,1,1.0,1.0,temporal_frequency,required,deepseek_flash,7.822845290279774,2497,thefuck/5,thefuck,5,1,13,0,66846,2351,0.001587,28.99
1.0,1,1.0,1.0,temporal_frequency,required,deepseek_flash,7.822845290279774,2497,thefuck/5,thefuck,5,2,12,0,68641,3668,0.002067,37.32
1.0,1,1.0,1.0,temporal_frequency,required,deepseek_flash,7.822845290279774,2497,thefuck/5,thefuck,5,3,10,0,65968,2950,0.002264,34.07
1.0,1,1.0,1.0,temporal_frequency,required,deepseek_flash,12.430331574579306,250279,transformers/25,transformers,25,1,12,0,59612,4494,0.002298,47.52
1.0,1,1.0,1.0,temporal_frequency,required,deepseek_flash,12.430331574579306,250279,transformers/25,transformers,25,2,10,0,52694,2829,0.001689,28.35
1.0,1,1.0,1.0,temporal_frequency,required,deepseek_flash,12.430331574579306,250279,transformers/25,transformers,25,3,11,0,45868,2858,0.001462,32.45
0.1538,0,1.0,0.0833,temporal_frequency,required,deepseek_flash,12.407424472605875,244611,transformers/27,transformers,27,1,4,0,19693,875,0.00093,9.65
0.1538,0,1.0,0.0833,temporal_frequency,required,deepseek_flash,12.407424472605875,244611,transformers/27,transformers,27,2,4,0,15728,820,0.000781,8.79
0.1538,0,1.0,0.0833,temporal_frequency,required,deepseek_flash,12.407424472605875,244611,transformers/27,transformers,27,3,8,0,51486,1929,0.00183,22.99
0.8889,0,1.0,0.8,temporal_frequency,required,deepseek_flash,11.587420505060633,107734,transformers/5,transformers,5,1,24,0,798090,7158,0.010492,79.86
0.0,0,0.0,0.0,temporal_frequency,required,deepseek_flash,11.587420505060633,107734,transformers/5,transformers,5,2,30,1,569609,6539,0.010627,91.22
0.8889,0,1.0,0.8,temporal_frequency,required,deepseek_flash,11.587420505060633,107734,transformers/5,transformers,5,3,25,0,1004514,5102,0.012579,68.4
1.0,1,1.0,1.0,temporal_frequency,required,deepseek_flash,12.095096391086711,178992,yt-dlp/23,yt-dlp,23,1,26,0,310694,11921,0.008147,110.22
1.0,1,1.0,1.0,temporal_frequency,required,deepseek_flash,12.095096391086711,178992,yt-dlp/23,yt-dlp,23,2,30,0,447004,16709,0.009745,169.08
1.0,1,1.0,1.0,temporal_frequency,required,deepseek_flash,12.095096391086711,178992,yt-dlp/23,yt-dlp,23,3,25,0,441231,14943,0.007652,135.93
0.0,0,0.0,0.0,temporal_frequency,required,deepseek_flash,12.1489730534896,188900,yt-dlp/41,yt-dlp,41,1,27,0,380059,10651,0.007931,111.85
0.0,0,0.0,0.0,temporal_frequency,required,deepseek_flash,12.1489730534896,188900,yt-dlp/41,yt-dlp,41,2,30,1,565837,17438,0.012677,159.96
0.0,0,0.0,0.0,temporal_frequency,required,deepseek_flash,12.1489730534896,188900,yt-dlp/41,yt-dlp,41,3,30,1,471720,10664,0.008984,106.8
0.6667,0,1.0,0.5,temporal_frequency,required,deepseek_flash,12.198660241414718,198523,yt-dlp/45,yt-dlp,45,1,32,1,427908,7670,0.007298,93.16
0.6667,0,1.0,0.5,temporal_frequency,required,deepseek_flash,12.198660241414718,198523,yt-dlp/45,yt-dlp,45,2,30,1,565284,10408,0.010051,104.11
0.6667,0,1.0,0.5,temporal_frequency,required,deepseek_flash,12.198660241414718,198523,yt-dlp/45,yt-dlp,45,3,30,1,378086,11017,0.008267,126.53
0.0,0,0.0,0.0,temporal_frequency,required,nemotron_super,12.068688124847148,174327,core/16,core,16,1,16,0,157110,37603,0.028396,457.43
1.0,1,1.0,1.0,temporal_frequency,required,nemotron_super,12.068688124847148,174327,core/16,core,16,2,9,0,47880,21768,0.012777,297.49
1.0,1,1.0,1.0,temporal_frequency,required,nemotron_super,12.068688124847148,174327,core/16,core,16,3,11,0,89075,38795,0.023089,346.53
1.0,1,1.0,1.0,temporal_frequency,required,nemotron_super,11.506545154005941,99364,core/20,core,20,1,5,0,29552,18014,0.009718,217.13
1.0,1,1.0,1.0,temporal_frequency,required,nemotron_super,11.506545154005941,99364,core/20,core,20,2,6,0,34488,15178,0.009003,189.79
1.0,1,1.0,1.0,temporal_frequency,required,nemotron_super,11.506545154005941,99364,core/20,core,20,3,6,0,42954,14476,0.009441,249.82
0.0,0,0.0,0.0,temporal_frequency,required,nemotron_super,8.579980179515003,5324,fastapi/17,fastapi,17,1,8,0,51633,17707,0.011472,321.58
0.0,0,0.0,0.0,temporal_frequency,required,nemotron_super,8.579980179515003,5324,fastapi/17,fastapi,17,2,12,0,142618,35937,0.026497,429.59
0.0,0,0.0,0.0,temporal_frequency,required,nemotron_super,8.579980179515003,5324,fastapi/17,fastapi,17,3,15,0,149506,41521,0.029316,742.47
0.0,0,0.0,0.0,temporal_frequency,required,nemotron_super,8.518991573357617,5009,fastapi/20,fastapi,20,1,13,0,128903,30448,0.023136,397.49
0.0,0,0.0,0.0,temporal_frequency,required,nemotron_super,8.518991573357617,5009,fastapi/20,fastapi,20,2,14,0,125260,52759,0.031751,763.79
0.0,0,0.0,0.0,temporal_frequency,required,nemotron_super,8.518991573357617,5009,fastapi/20,fastapi,20,3,12,0,103747,91672,0.045487,713.8
0.5,0,1.0,0.3333,temporal_frequency,required,nemotron_super,8.482187582217422,4828,fastapi/9,fastapi,9,1,6,0,31807,16717,0.00939,227.74
0.5,0,1.0,0.3333,temporal_frequency,required,nemotron_super,8.482187582217422,4828,fastapi/9,fastapi,9,2,8,0,63093,28332,0.016696,534.71
0.5,0,1.0,0.3333,temporal_frequency,required,nemotron_super,8.482187582217422,4828,fastapi/9,fastapi,9,3,10,0,77015,25054,0.016568,280.07
1.0,1,1.0,1.0,temporal_frequency,required,nemotron_super,8.808369153122275,6690,flask/18,flask,18,1,16,0,64467,32979,0.018671,368.28
0.6667,0,1.0,0.5,temporal_frequency,required,nemotron_super,8.808369153122275,6690,flask/18,flask,18,2,10,0,69644,18755,0.013422,380.91
1.0,1,1.0,1.0,temporal_frequency,required,nemotron_super,8.808369153122275,6690,flask/18,flask,18,3,11,0,93484,27444,0.018924,346.36
1.0,1,1.0,1.0,temporal_frequency,required,nemotron_super,8.899457906353966,7328,flask/3,flask,3,1,11,0,90077,21673,0.016326,392.22
1.0,1,1.0,1.0,temporal_frequency,required,nemotron_super,8.899457906353966,7328,flask/3,flask,3,2,9,0,56220,15273,0.010888,195.67
1.0,1,1.0,1.0,temporal_frequency,required,nemotron_super,8.899457906353966,7328,flask/3,flask,3,3,10,0,82590,24303,0.016741,418.33
1.0,1,1.0,1.0,temporal_frequency,required,nemotron_super,8.827468112520654,6819,flask/6,flask,6,1,6,0,42243,16324,0.01012,255.28
1.0,1,1.0,1.0,temporal_frequency,required,nemotron_super,8.827468112520654,6819,flask/6,flask,6,2,5,0,32455,21761,0.011463,226.43
1.0,1,1.0,1.0,temporal_frequency,required,nemotron_super,8.827468112520654,6819,flask/6,flask,6,3,10,0,85287,18078,0.014481,189.39
0.0,0,0.0,0.0,temporal_frequency,required,nemotron_super,8.341410211461865,4194,gpt-engineer/11,gpt-engineer,11,1,15,0,111658,26314,0.020017,499.97
0.0,0,0.0,0.0,temporal_frequency,required,nemotron_super,8.341410211461865,4194,gpt-engineer/11,gpt-engineer,11,2,19,0,151265,39665,0.028724,460.87
0.6667,1,0.5,1.0,temporal_frequency,required,nemotron_super,8.341410211461865,4194,gpt-engineer/11,gpt-engineer,11,3,16,0,130922,37446,0.026107,313.61
0.4,0,1.0,0.25,temporal_frequency,required,nemotron_super,8.029432840581244,3070,gpt-engineer/12,gpt-engineer,12,1,24,0,185597,42865,0.032922,544.92
0.0,0,0.0,0.0,temporal_frequency,required,nemotron_super,8.029432840581244,3070,gpt-engineer/12,gpt-engineer,12,2,24,0,144504,41490,0.028879,467.11
0.4,0,1.0,0.25,temporal_frequency,required,nemotron_super,8.029432840581244,3070,gpt-engineer/12,gpt-engineer,12,3,7,0,25848,19867,0.010144,388.27
0.6667,1,0.5,1.0,temporal_frequency,required,nemotron_super,8.36380888451688,4289,gpt-engineer/9,gpt-engineer,9,1,11,0,69030,23034,0.015081,311.27
0.0,0,0.0,0.0,temporal_frequency,required,nemotron_super,8.36380888451688,4289,gpt-engineer/9,gpt-engineer,9,2,12,0,81874,20239,0.015055,375.36
0.0,0,0.0,0.0,temporal_frequency,required,nemotron_super,8.36380888451688,4289,gpt-engineer/9,gpt-engineer,9,3,14,0,155853,25562,0.023472,240.06
0.0,0,0.0,0.0,temporal_frequency,required,nemotron_super,10.196231790580173,26802,keras/12,keras,12,1,9,0,33552,21878,0.011603,382.17
0.0,0,0.0,0.0,temporal_frequency,required,nemotron_super,10.196231790580173,26802,keras/12,keras,12,2,13,0,35524,14976,0.00901,162.93
0.0,0,0.0,0.0,temporal_frequency,required,nemotron_super,10.196231790580173,26802,keras/12,keras,12,3,9,0,27007,12110,0.00714,180.09
0.0,0,0.0,0.0,temporal_frequency,required,nemotron_super,10.349134450277123,31230,keras/5,keras,5,1,14,0,221071,62048,0.04361,751.73
1.0,1,1.0,1.0,temporal_frequency,required,nemotron_super,10.349134450277123,31230,keras/5,keras,5,2,9,0,81411,44815,0.024846,505.52
0.6667,1,0.5,1.0,temporal_frequency,required,nemotron_super,10.349134450277123,31230,keras/5,keras,5,3,18,0,269933,37345,0.037882,553.33
1.0,1,1.0,1.0,temporal_frequency,required,nemotron_super,10.444153492313001,34343,keras/9,keras,9,1,6,0,24993,12984,0.007318,209.86
1.0,1,1.0,1.0,temporal_frequency,required,nemotron_super,10.444153492313001,34343,keras/9,keras,9,2,10,0,59699,48081,0.024307,625.99
1.0,1,1.0,1.0,temporal_frequency,required,nemotron_super,10.444153492313001,34343,keras/9,keras,9,3,8,0,41990,28738,0.015064,383.18
0.0,0,0.0,0.0,temporal_frequency,required,nemotron_super,9.61953186182516,15056,localstack/19,localstack,19,1,22,0,205716,16084,0.023919,195.17
0.0,0,0.0,0.0,temporal_frequency,required,nemotron_super,9.61953186182516,15056,localstack/19,localstack,19,2,15,0,46255,7730,0.007024,123.73
0.0,0,0.0,0.0,temporal_frequency,required,nemotron_super,9.61953186182516,15056,localstack/19,localstack,19,3,18,0,69874,18804,0.013461,333.02
1.0,1,1.0,1.0,temporal_frequency,required,nemotron_super,10.563155506021905,38683,localstack/2,localstack,2,1,14,0,195942,25669,0.026923,477.72
1.0,1,1.0,1.0,temporal_frequency,required,nemotron_super,10.563155506021905,38683,localstack/2,localstack,2,2,10,0,118000,16813,0.016755,178.87
1.0,1,1.0,1.0,temporal_frequency,required,nemotron_super,10.563155506021905,38683,localstack/2,localstack,2,3,20,0,191066,63999,0.04184,848.71
1.0,1,1.0,1.0,temporal_frequency,required,nemotron_super,9.860214640302662,19153,localstack/9,localstack,9,1,14,0,131621,30051,0.023208,382.27
1.0,1,1.0,1.0,temporal_frequency,required,nemotron_super,9.860214640302662,19153,localstack/9,localstack,9,2,17,0,189413,53457,0.037483,655.93
1.0,1,1.0,1.0,temporal_frequency,required,nemotron_super,9.860214640302662,19153,localstack/9,localstack,9,3,15,0,166996,68863,0.04174,647.32
0.0,0,0.0,0.0,temporal_frequency,required,nemotron_super,11.189312196300184,72353,pandas/26,pandas,26,1,30,1,434093,15097,0.042937,258.1
0.0,0,0.0,0.0,temporal_frequency,required,nemotron_super,11.189312196300184,72353,pandas/26,pandas,26,2,32,1,427282,10967,0.040706,171.99
0.0,0,0.0,0.0,temporal_frequency,required,nemotron_super,11.189312196300184,72353,pandas/26,pandas,26,3,32,1,153757,7409,0.016033,149.56
0.0,0,0.0,0.0,temporal_frequency,required,nemotron_super,11.270446177349276,78468,pandas/35,pandas,35,1,30,1,455672,49820,0.05866,634.22
0.0,0,0.0,0.0,temporal_frequency,required,nemotron_super,11.270446177349276,78468,pandas/35,pandas,35,2,23,0,315285,21225,0.035289,251.99
0.0,0,0.0,0.0,temporal_frequency,required,nemotron_super,11.270446177349276,78468,pandas/35,pandas,35,3,32,1,196895,11140,0.021192,168.81
0.6667,0,1.0,0.5,temporal_frequency,required,nemotron_super,12.08721590866289,177587,pandas/38,pandas,38,1,7,0,58007,20673,0.0132,293.76
0.6667,0,1.0,0.5,temporal_frequency,required,nemotron_super,12.08721590866289,177587,pandas/38,pandas,38,2,10,0,66741,26712,0.016358,346.01
0.6667,0,1.0,0.5,temporal_frequency,required,nemotron_super,12.08721590866289,177587,pandas/38,pandas,38,3,9,0,99654,24736,0.018365,302.49
0.0,0,0.0,0.0,temporal_frequency,required,nemotron_super,10.883015959814806,53264,pandas/44,pandas,44,1,30,0,173867,53500,0.036179,701.75
0.0,0,0.0,0.0,temporal_frequency,required,nemotron_super,10.883015959814806,53264,pandas/44,pandas,44,2,13,0,47235,20772,0.012324,329.23
0.0,0,0.0,0.0,temporal_frequency,required,nemotron_super,10.883015959814806,53264,pandas/44,pandas,44,3,16,0,61236,17242,0.012102,324.5
0.8,0,1.0,0.6667,temporal_frequency,required,nemotron_super,9.346705246496699,11461,requests/12,requests,12,1,21,0,161725,51161,0.034211,621.61
0.0,0,0.0,0.0,temporal_frequency,required,nemotron_super,9.346705246496699,11461,requests/12,requests,12,2,30,1,402237,72957,0.063373,767.98
0.8,0,1.0,0.6667,temporal_frequency,required,nemotron_super,9.346705246496699,11461,requests/12,requests,12,3,20,0,136968,34961,0.025627,395.33
1.0,1,1.0,1.0,temporal_frequency,required,nemotron_super,9.348274558065496,11479,requests/13,requests,13,1,9,0,38130,19176,0.010911,255.95
1.0,1,1.0,1.0,temporal_frequency,required,nemotron_super,9.348274558065496,11479,requests/13,requests,13,2,7,0,28273,26003,0.012804,494.15
1.0,1,1.0,1.0,temporal_frequency,required,nemotron_super,9.348274558065496,11479,requests/13,requests,13,3,11,0,96957,29364,0.019987,348.75
1.0,1,1.0,1.0,temporal_frequency,required,nemotron_super,7.958576903813898,2860,requests/7,requests,7,1,9,0,112881,33024,0.022804,603.82
1.0,1,1.0,1.0,temporal_frequency,required,nemotron_super,7.958576903813898,2860,requests/7,requests,7,2,7,0,78907,17800,0.013827,238.52
1.0,1,1.0,1.0,temporal_frequency,required,nemotron_super,7.958576903813898,2860,requests/7,requests,7,3,7,0,26954,19342,0.010028,325.77
1.0,1,1.0,1.0,temporal_frequency,required,nemotron_super,10.031000872835088,22720,rich/1,rich,1,1,6,0,55460,9885,0.008668,258.65
1.0,1,1.0,1.0,temporal_frequency,required,nemotron_super,10.031000872835088,22720,rich/1,rich,1,2,17,0,67905,21981,0.014564,426.77
1.0,1,1.0,1.0,temporal_frequency,required,nemotron_super,10.031000872835088,22720,rich/1,rich,1,3,15,0,63275,16199,0.011858,216.24
0.4,0,1.0,0.25,temporal_frequency,required,nemotron_super,10.051648903516648,23194,rich/12,rich,12,1,13,0,169190,60377,0.038532,642.95
0.4,0,1.0,0.25,temporal_frequency,required,nemotron_super,10.051648903516648,23194,rich/12,rich,12,2,10,0,103761,37403,0.023781,494.76
0.4,0,1.0,0.25,temporal_frequency,required,nemotron_super,10.051648903516648,23194,rich/12,rich,12,3,9,0,127231,35594,0.025052,349.42
1.0,1,1.0,1.0,temporal_frequency,required,nemotron_super,10.039939675671627,22924,rich/8,rich,8,1,6,0,32336,9030,0.006361,114.74
1.0,1,1.0,1.0,temporal_frequency,required,nemotron_super,10.039939675671627,22924,rich/8,rich,8,2,10,0,60900,20413,0.013342,266.23
1.0,1,1.0,1.0,temporal_frequency,required,nemotron_super,10.039939675671627,22924,rich/8,rich,8,3,7,0,40214,13895,0.008976,192.87
0.6667,0,1.0,0.5,temporal_frequency,required,nemotron_super,11.620954417182327,111408,scikit-learn/45,scikit-learn,45,1,19,0,67595,34333,0.019479,377.06
0.6667,0,1.0,0.5,temporal_frequency,required,nemotron_super,11.620954417182327,111408,scikit-learn/45,scikit-learn,45,2,19,0,158765,25749,0.023795,366.29
0.6667,0,1.0,0.5,temporal_frequency,required,nemotron_super,11.620954417182327,111408,scikit-learn/45,scikit-learn,45,3,20,0,88176,26246,0.017993,267.34
1.0,1,1.0,1.0,temporal_frequency,required,nemotron_super,11.55076060327325,103856,scikit-learn/49,scikit-learn,49,1,19,0,230784,17419,0.026584,192.95
1.0,1,1.0,1.0,temporal_frequency,required,nemotron_super,11.55076060327325,103856,scikit-learn/49,scikit-learn,49,2,14,0,210991,23756,0.027437,320.36
1.0,1,1.0,1.0,temporal_frequency,required,nemotron_super,11.55076060327325,103856,scikit-learn/49,scikit-learn,49,3,5,0,46740,5973,0.006362,88.98
1.0,1,1.0,1.0,temporal_frequency,required,nemotron_super,11.525654110946952,101281,scikit-learn/5,scikit-learn,5,1,8,0,33849,25386,0.013032,327.75
1.0,1,1.0,1.0,temporal_frequency,required,nemotron_super,11.525654110946952,101281,scikit-learn/5,scikit-learn,5,2,8,0,75041,32978,0.01957,410.14
1.0,1,1.0,1.0,temporal_frequency,required,nemotron_super,11.525654110946952,101281,scikit-learn/5,scikit-learn,5,3,9,0,42123,16270,0.010088,159.45
1.0,1,1.0,1.0,temporal_frequency,required,nemotron_super,9.796458979777604,17970,scrapy/20,scrapy,20,1,7,0,33723,4442,0.004643,52.34
1.0,1,1.0,1.0,temporal_frequency,required,nemotron_super,9.796458979777604,17970,scrapy/20,scrapy,20,2,7,0,34931,5290,0.005085,72.66
1.0,1,1.0,1.0,temporal_frequency,required,nemotron_super,9.796458979777604,17970,scrapy/20,scrapy,20,3,5,0,22054,4128,0.003526,63.07
1.0,1,1.0,1.0,temporal_frequency,required,nemotron_super,9.655026193237628,15600,scrapy/26,scrapy,26,1,6,0,28871,13993,0.008051,192.75
1.0,1,1.0,1.0,temporal_frequency,required,nemotron_super,9.655026193237628,15600,scrapy/26,scrapy,26,2,7,0,45517,13750,0.009369,155.14
1.0,1,1.0,1.0,temporal_frequency,required,nemotron_super,9.655026193237628,15600,scrapy/26,scrapy,26,3,8,0,65568,27857,0.016716,315.57
0.0,0,0.0,0.0,temporal_frequency,required,nemotron_super,9.73477299914839,16895,scrapy/48,scrapy,48,1,20,0,89004,33452,0.020946,509.64
0.6667,0,1.0,0.5,temporal_frequency,required,nemotron_super,9.73477299914839,16895,scrapy/48,scrapy,48,2,27,0,200308,51866,0.037773,665.66
0.6667,0,1.0,0.5,temporal_frequency,required,nemotron_super,9.73477299914839,16895,scrapy/48,scrapy,48,3,12,0,203857,63305,0.04265,769.93
1.0,1,1.0,1.0,temporal_frequency,required,nemotron_super,9.961803629358965,21201,stable-diffusion-webui/0,stable-diffusion-webui,0,1,4,0,70386,6999,0.008782,80.21
1.0,1,1.0,1.0,temporal_frequency,required,nemotron_super,9.961803629358965,21201,stable-diffusion-webui/0,stable-diffusion-webui,0,2,6,0,106051,8522,0.012423,107.13
1.0,1,1.0,1.0,temporal_frequency,required,nemotron_super,9.961803629358965,21201,stable-diffusion-webui/0,stable-diffusion-webui,0,3,4,0,69656,5336,0.008055,50.04
0.0,0,0.0,0.0,temporal_frequency,required,nemotron_super,9.908425341565751,20099,stable-diffusion-webui/13,stable-diffusion-webui,13,1,30,1,803804,41333,0.084857,779.1
1.0,1,1.0,1.0,temporal_frequency,required,nemotron_super,9.908425341565751,20099,stable-diffusion-webui/13,stable-diffusion-webui,13,2,18,0,359094,39336,0.046257,592.52
0.0,0,0.0,0.0,temporal_frequency,required,nemotron_super,9.908425341565751,20099,stable-diffusion-webui/13,stable-diffusion-webui,13,3,32,1,811931,40438,0.085189,620.75
0.0,0,0.0,0.0,temporal_frequency,required,nemotron_super,10.028797743501574,22670,stable-diffusion-webui/5,stable-diffusion-webui,5,1,30,1,191280,59080,0.039891,743.95
0.0,0,0.0,0.0,temporal_frequency,required,nemotron_super,10.028797743501574,22670,stable-diffusion-webui/5,stable-diffusion-webui,5,2,9,0,70509,11022,0.010402,163.72
0.0,0,0.0,0.0,temporal_frequency,required,nemotron_super,10.028797743501574,22670,stable-diffusion-webui/5,stable-diffusion-webui,5,3,12,0,137614,21997,0.020496,229.58
0.0,0,0.0,0.0,temporal_frequency,required,nemotron_super,8.483636407887394,4835,thefuck/10,thefuck,10,1,10,0,35489,38354,0.018358,364.51
0.0,0,0.0,0.0,temporal_frequency,required,nemotron_super,8.483636407887394,4835,thefuck/10,thefuck,10,2,7,0,21900,24167,0.011528,297.81
0.0,0,0.0,0.0,temporal_frequency,required,nemotron_super,8.483636407887394,4835,thefuck/10,thefuck,10,3,8,0,27591,27107,0.013188,367.3
0.0,0,0.0,0.0,temporal_frequency,required,nemotron_super,8.270781013162674,3908,thefuck/20,thefuck,20,1,24,0,142878,39404,0.027906,498.63
0.0,0,0.0,0.0,temporal_frequency,required,nemotron_super,8.270781013162674,3908,thefuck/20,thefuck,20,2,30,1,135662,41823,0.02826,503.58
0.0,0,0.0,0.0,temporal_frequency,required,nemotron_super,8.270781013162674,3908,thefuck/20,thefuck,20,3,32,1,192066,56094,0.038763,873.12
1.0,1,1.0,1.0,temporal_frequency,required,nemotron_super,7.822845290279774,2497,thefuck/5,thefuck,5,1,19,0,98195,38073,0.023576,453.8
1.0,1,1.0,1.0,temporal_frequency,required,nemotron_super,7.822845290279774,2497,thefuck/5,thefuck,5,2,12,0,99635,24934,0.018443,289.09
1.0,1,1.0,1.0,temporal_frequency,required,nemotron_super,7.822845290279774,2497,thefuck/5,thefuck,5,3,22,0,80694,27832,0.017992,292.5
1.0,1,1.0,1.0,temporal_frequency,required,nemotron_super,12.430331574579306,250279,transformers/25,transformers,25,1,16,0,174441,18587,0.022262,259.45
1.0,1,1.0,1.0,temporal_frequency,required,nemotron_super,12.430331574579306,250279,transformers/25,transformers,25,2,13,0,126231,19647,0.018588,290.3
1.0,1,1.0,1.0,temporal_frequency,required,nemotron_super,12.430331574579306,250279,transformers/25,transformers,25,3,15,0,59938,25935,0.015469,229.71
0.1538,0,1.0,0.0833,temporal_frequency,required,nemotron_super,12.407424472605875,244611,transformers/27,transformers,27,1,3,0,12840,1581,0.001724,44.5
0.1538,0,1.0,0.0833,temporal_frequency,required,nemotron_super,12.407424472605875,244611,transformers/27,transformers,27,2,4,0,15904,2191,0.002228,41.63
0.1538,0,1.0,0.0833,temporal_frequency,required,nemotron_super,12.407424472605875,244611,transformers/27,transformers,27,3,8,0,45066,5749,0.00613,93.57
0.75,0,1.0,0.6,temporal_frequency,required,nemotron_super,11.587420505060633,107734,transformers/5,transformers,5,1,23,0,448211,34334,0.051832,363.66
0.3333,0,1.0,0.2,temporal_frequency,required,nemotron_super,11.587420505060633,107734,transformers/5,transformers,5,2,28,0,576897,29132,0.060689,327.52
0.0,0,0.0,0.0,temporal_frequency,required,nemotron_super,11.587420505060633,107734,transformers/5,transformers,5,3,32,1,717842,19960,0.069001,331.66
1.0,1,1.0,1.0,temporal_frequency,required,nemotron_super,12.095096391086711,178992,yt-dlp/23,yt-dlp,23,1,8,0,70808,23112,0.015263,306.6
1.0,1,1.0,1.0,temporal_frequency,required,nemotron_super,12.095096391086711,178992,yt-dlp/23,yt-dlp,23,2,7,0,57634,25112,0.014944,336.48
1.0,1,1.0,1.0,temporal_frequency,required,nemotron_super,12.095096391086711,178992,yt-dlp/23,yt-dlp,23,3,6,0,47548,13612,0.009486,289.52
0.0,0,0.0,0.0,temporal_frequency,required,nemotron_super,12.1489730534896,188900,yt-dlp/41,yt-dlp,41,1,29,0,233978,23917,0.029455,366.92
0.0,0,0.0,0.0,temporal_frequency,required,nemotron_super,12.1489730534896,188900,yt-dlp/41,yt-dlp,41,2,29,0,478449,18946,0.048247,423.82
0.0,0,0.0,0.0,temporal_frequency,required,nemotron_super,12.1489730534896,188900,yt-dlp/41,yt-dlp,41,3,26,0,226735,29033,0.030886,447.88
0.6667,0,1.0,0.5,temporal_frequency,required,nemotron_super,12.198660241414718,198523,yt-dlp/45,yt-dlp,45,1,25,0,535132,29382,0.057239,291.77
0.6667,0,1.0,0.5,temporal_frequency,required,nemotron_super,12.198660241414718,198523,yt-dlp/45,yt-dlp,45,2,19,0,253877,24732,0.031472,302.61
0.6667,0,1.0,0.5,temporal_frequency,required,nemotron_super,12.198660241414718,198523,yt-dlp/45,yt-dlp,45,3,17,0,282198,17842,0.031124,337.17
1.0,1,1.0,1.0,temporal_cochange,required,ministral_3b,12.068688124847148,174327,core/16,core,16,1,10,0,57175,1055,0.00254,7.32
1.0,1,1.0,1.0,temporal_cochange,required,ministral_3b,12.068688124847148,174327,core/16,core,16,2,9,0,52767,1087,0.002886,8.0
1.0,1,1.0,1.0,temporal_cochange,required,ministral_3b,12.068688124847148,174327,core/16,core,16,3,17,0,113181,2294,0.006018,24.65
1.0,1,1.0,1.0,temporal_cochange,required,ministral_3b,11.506545154005941,99364,core/20,core,20,1,6,0,42800,1826,0.001375,8.39
1.0,1,1.0,1.0,temporal_cochange,required,ministral_3b,11.506545154005941,99364,core/20,core,20,2,12,0,78144,3001,0.002493,17.05
1.0,1,1.0,1.0,temporal_cochange,required,ministral_3b,11.506545154005941,99364,core/20,core,20,3,22,0,246253,2706,0.007466,29.42
0.0,0,0.0,0.0,temporal_cochange,required,ministral_3b,8.579980179515003,5324,fastapi/17,fastapi,17,1,26,0,285803,1874,0.005509,18.2
0.0,0,0.0,0.0,temporal_cochange,required,ministral_3b,8.579980179515003,5324,fastapi/17,fastapi,17,2,13,0,116407,2613,0.004783,20.56
0.0,0,0.0,0.0,temporal_cochange,required,ministral_3b,8.579980179515003,5324,fastapi/17,fastapi,17,3,26,0,321844,3305,0.007056,23.83
0.0,0,0.0,0.0,temporal_cochange,required,ministral_3b,8.518991573357617,5009,fastapi/20,fastapi,20,1,24,0,97739,1839,0.002378,16.63
0.0,0,0.0,0.0,temporal_cochange,required,ministral_3b,8.518991573357617,5009,fastapi/20,fastapi,20,2,28,0,118903,1352,0.002406,16.59
0.0,0,0.0,0.0,temporal_cochange,required,ministral_3b,8.518991573357617,5009,fastapi/20,fastapi,20,3,12,0,30836,1335,0.001178,9.46
0.5,0,1.0,0.3333,temporal_cochange,required,ministral_3b,8.482187582217422,4828,fastapi/9,fastapi,9,1,11,0,53249,990,0.001542,7.22
0.5,0,1.0,0.3333,temporal_cochange,required,ministral_3b,8.482187582217422,4828,fastapi/9,fastapi,9,2,15,0,170958,1414,0.005268,12.69
0.5,0,1.0,0.3333,temporal_cochange,required,ministral_3b,8.482187582217422,4828,fastapi/9,fastapi,9,3,16,0,164068,1506,0.004957,13.17
0.5,0,0.5,0.5,temporal_cochange,required,ministral_3b,8.808369153122275,6690,flask/18,flask,18,1,18,0,116401,3222,0.003599,18.32
0.5,0,0.5,0.5,temporal_cochange,required,ministral_3b,8.808369153122275,6690,flask/18,flask,18,2,26,0,208802,3001,0.004787,20.91
0.6667,0,1.0,0.5,temporal_cochange,required,ministral_3b,8.808369153122275,6690,flask/18,flask,18,3,17,0,190098,2387,0.005897,16.42
1.0,1,1.0,1.0,temporal_cochange,required,ministral_3b,8.899457906353966,7328,flask/3,flask,3,1,13,0,110190,1167,0.003556,7.83
1.0,1,1.0,1.0,temporal_cochange,required,ministral_3b,8.899457906353966,7328,flask/3,flask,3,2,11,0,38644,1284,0.001839,8.07
1.0,1,1.0,1.0,temporal_cochange,required,ministral_3b,8.899457906353966,7328,flask/3,flask,3,3,13,0,37740,1584,0.001605,11.98
1.0,1,1.0,1.0,temporal_cochange,required,ministral_3b,8.827468112520654,6819,flask/6,flask,6,1,12,0,64626,648,0.002461,7.76
1.0,1,1.0,1.0,temporal_cochange,required,ministral_3b,8.827468112520654,6819,flask/6,flask,6,2,14,0,59713,741,0.002002,6.39
1.0,1,1.0,1.0,temporal_cochange,required,ministral_3b,8.827468112520654,6819,flask/6,flask,6,3,14,0,100299,826,0.00517,9.59
0.6667,1,0.5,1.0,temporal_cochange,required,ministral_3b,8.341410211461865,4194,gpt-engineer/11,gpt-engineer,11,1,9,0,48988,1659,0.002311,9.83
0.0,0,0.0,0.0,temporal_cochange,required,ministral_3b,8.341410211461865,4194,gpt-engineer/11,gpt-engineer,11,2,13,0,86143,1592,0.002749,10.69
1.0,1,1.0,1.0,temporal_cochange,required,ministral_3b,8.341410211461865,4194,gpt-engineer/11,gpt-engineer,11,3,13,0,85601,2182,0.002845,11.87
0.4,0,1.0,0.25,temporal_cochange,required,ministral_3b,8.029432840581244,3070,gpt-engineer/12,gpt-engineer,12,1,6,0,24983,1023,0.001241,5.33
0.6667,0,1.0,0.5,temporal_cochange,required,ministral_3b,8.029432840581244,3070,gpt-engineer/12,gpt-engineer,12,2,8,0,29169,783,0.001221,6.08
0.4,0,1.0,0.25,temporal_cochange,required,ministral_3b,8.029432840581244,3070,gpt-engineer/12,gpt-engineer,12,3,16,0,96710,2017,0.002638,12.07
0.6667,1,0.5,1.0,temporal_cochange,required,ministral_3b,8.36380888451688,4289,gpt-engineer/9,gpt-engineer,9,1,14,0,58420,1528,0.002147,8.75
1.0,1,1.0,1.0,temporal_cochange,required,ministral_3b,8.36380888451688,4289,gpt-engineer/9,gpt-engineer,9,2,9,0,42066,887,0.002141,9.15
1.0,1,1.0,1.0,temporal_cochange,required,ministral_3b,8.36380888451688,4289,gpt-engineer/9,gpt-engineer,9,3,27,0,217759,1748,0.006813,18.01
0.2857,0,0.5,0.2,temporal_cochange,required,ministral_3b,10.196231790580173,26802,keras/12,keras,12,1,10,0,54689,1797,0.001916,9.72
0.0,0,0.0,0.0,temporal_cochange,required,ministral_3b,10.196231790580173,26802,keras/12,keras,12,2,9,0,37529,1658,0.001062,9.23
0.0,0,0.0,0.0,temporal_cochange,required,ministral_3b,10.196231790580173,26802,keras/12,keras,12,3,9,0,36620,1714,0.00161,11.0
0.0,0,0.0,0.0,temporal_cochange,required,ministral_3b,10.349134450277123,31230,keras/5,keras,5,1,27,0,478492,2925,0.012107,27.86
0.0,0,0.0,0.0,temporal_cochange,required,ministral_3b,10.349134450277123,31230,keras/5,keras,5,2,27,0,512949,2775,0.010377,22.54
0.6667,1,0.5,1.0,temporal_cochange,required,ministral_3b,10.349134450277123,31230,keras/5,keras,5,3,17,0,296974,2652,0.011749,27.0
1.0,1,1.0,1.0,temporal_cochange,required,ministral_3b,10.444153492313001,34343,keras/9,keras,9,1,10,0,70731,1094,0.001952,9.46
1.0,1,1.0,1.0,temporal_cochange,required,ministral_3b,10.444153492313001,34343,keras/9,keras,9,2,9,0,61950,717,0.002488,6.69
1.0,1,1.0,1.0,temporal_cochange,required,ministral_3b,10.444153492313001,34343,keras/9,keras,9,3,17,0,215365,2719,0.00666,18.93
0.0,0,0.0,0.0,temporal_cochange,required,ministral_3b,9.61953186182516,15056,localstack/19,localstack,19,1,15,0,33994,1328,0.000963,10.67
0.0,0,0.0,0.0,temporal_cochange,required,ministral_3b,9.61953186182516,15056,localstack/19,localstack,19,2,19,0,237332,1627,0.006858,12.45
0.0,0,0.0,0.0,temporal_cochange,required,ministral_3b,9.61953186182516,15056,localstack/19,localstack,19,3,13,0,111364,1962,0.003188,14.06
1.0,1,1.0,1.0,temporal_cochange,required,ministral_3b,10.563155506021905,38683,localstack/2,localstack,2,1,15,0,252348,1289,0.008049,12.04
0.6667,1,0.5,1.0,temporal_cochange,required,ministral_3b,10.563155506021905,38683,localstack/2,localstack,2,2,18,0,295569,1988,0.008121,19.04
0.6667,1,0.5,1.0,temporal_cochange,required,ministral_3b,10.563155506021905,38683,localstack/2,localstack,2,3,17,0,340373,2308,0.012829,20.88
1.0,1,1.0,1.0,temporal_cochange,required,ministral_3b,9.860214640302662,19153,localstack/9,localstack,9,1,25,0,217807,4498,0.006379,23.85
1.0,1,1.0,1.0,temporal_cochange,required,ministral_3b,9.860214640302662,19153,localstack/9,localstack,9,2,15,0,199447,1347,0.005265,10.49
1.0,1,1.0,1.0,temporal_cochange,required,ministral_3b,9.860214640302662,19153,localstack/9,localstack,9,3,24,0,409383,2714,0.010728,26.98
0.6667,0,1.0,0.5,temporal_cochange,required,ministral_3b,11.189312196300184,72353,pandas/26,pandas,26,1,14,0,67772,1579,0.001382,9.18
0.6667,0,1.0,0.5,temporal_cochange,required,ministral_3b,11.189312196300184,72353,pandas/26,pandas,26,2,26,0,459745,2365,0.013321,26.91
0.6667,0,1.0,0.5,temporal_cochange,required,ministral_3b,11.189312196300184,72353,pandas/26,pandas,26,3,22,0,407971,2350,0.015446,24.35
0.0,0,0.0,0.0,temporal_cochange,required,ministral_3b,11.270446177349276,78468,pandas/35,pandas,35,1,27,0,511613,1988,0.010545,18.63
0.0,0,0.0,0.0,temporal_cochange,required,ministral_3b,11.270446177349276,78468,pandas/35,pandas,35,2,20,0,635702,2693,0.017011,26.03
0.0,0,0.0,0.0,temporal_cochange,required,ministral_3b,11.270446177349276,78468,pandas/35,pandas,35,3,23,0,482923,2512,0.01176,20.9
0.6667,0,1.0,0.5,temporal_cochange,required,ministral_3b,12.08721590866289,177587,pandas/38,pandas,38,1,15,0,146013,1090,0.004492,10.37
0.6667,0,1.0,0.5,temporal_cochange,required,ministral_3b,12.08721590866289,177587,pandas/38,pandas,38,2,16,0,102504,1968,0.002383,12.51
0.6667,0,1.0,0.5,temporal_cochange,required,ministral_3b,12.08721590866289,177587,pandas/38,pandas,38,3,21,0,336149,1778,0.010545,17.74
0.0,0,0.0,0.0,temporal_cochange,required,ministral_3b,10.883015959814806,53264,pandas/44,pandas,44,1,28,0,184088,2708,0.004072,19.85
0.0,0,0.0,0.0,temporal_cochange,required,ministral_3b,10.883015959814806,53264,pandas/44,pandas,44,2,26,0,441766,3693,0.009007,32.42
0.0,0,0.0,0.0,temporal_cochange,required,ministral_3b,10.883015959814806,53264,pandas/44,pandas,44,3,23,0,130084,3373,0.003565,23.48
0.5,0,1.0,0.3333,temporal_cochange,required,ministral_3b,9.346705246496699,11461,requests/12,requests,12,1,7,0,19548,729,0.000818,4.45
0.5,0,1.0,0.3333,temporal_cochange,required,ministral_3b,9.346705246496699,11461,requests/12,requests,12,2,10,0,40362,859,0.001449,7.34
0.8,0,1.0,0.6667,temporal_cochange,required,ministral_3b,9.346705246496699,11461,requests/12,requests,12,3,24,0,170390,1579,0.004548,14.71
1.0,1,1.0,1.0,temporal_cochange,required,ministral_3b,9.348274558065496,11479,requests/13,requests,13,1,13,0,112914,1161,0.003539,10.9
1.0,1,1.0,1.0,temporal_cochange,required,ministral_3b,9.348274558065496,11479,requests/13,requests,13,2,21,0,170904,2195,0.003981,14.39
0.6667,1,0.5,1.0,temporal_cochange,required,ministral_3b,9.348274558065496,11479,requests/13,requests,13,3,10,0,68422,1185,0.002514,9.29
1.0,1,1.0,1.0,temporal_cochange,required,ministral_3b,7.958576903813898,2860,requests/7,requests,7,1,27,0,82301,2027,0.001901,15.45
1.0,1,1.0,1.0,temporal_cochange,required,ministral_3b,7.958576903813898,2860,requests/7,requests,7,2,12,0,34726,1171,0.001078,6.91
1.0,1,1.0,1.0,temporal_cochange,required,ministral_3b,7.958576903813898,2860,requests/7,requests,7,3,6,0,23124,862,0.001373,5.54
1.0,1,1.0,1.0,temporal_cochange,required,ministral_3b,10.031000872835088,22720,rich/1,rich,1,1,8,0,44524,838,0.002002,5.46
1.0,1,1.0,1.0,temporal_cochange,required,ministral_3b,10.031000872835088,22720,rich/1,rich,1,2,9,0,34016,694,0.00104,4.36
1.0,1,1.0,1.0,temporal_cochange,required,ministral_3b,10.031000872835088,22720,rich/1,rich,1,3,7,0,59010,558,0.002962,5.48
0.4,0,1.0,0.25,temporal_cochange,required,ministral_3b,10.051648903516648,23194,rich/12,rich,12,1,25,0,224758,2667,0.004875,18.72
0.4,0,1.0,0.25,temporal_cochange,required,ministral_3b,10.051648903516648,23194,rich/12,rich,12,2,16,0,396984,1873,0.012491,15.88
0.4,0,1.0,0.25,temporal_cochange,required,ministral_3b,10.051648903516648,23194,rich/12,rich,12,3,28,0,175945,2239,0.003545,18.26
1.0,1,1.0,1.0,temporal_cochange,required,ministral_3b,10.039939675671627,22924,rich/8,rich,8,1,9,0,56520,875,0.001903,6.01
1.0,1,1.0,1.0,temporal_cochange,required,ministral_3b,10.039939675671627,22924,rich/8,rich,8,2,8,0,44480,978,0.001781,6.94
1.0,1,1.0,1.0,temporal_cochange,required,ministral_3b,10.039939675671627,22924,rich/8,rich,8,3,9,0,57694,1015,0.002749,9.27
0.6667,0,1.0,0.5,temporal_cochange,required,ministral_3b,11.620954417182327,111408,scikit-learn/45,scikit-learn,45,1,7,0,15651,494,0.000555,3.13
0.6667,0,1.0,0.5,temporal_cochange,required,ministral_3b,11.620954417182327,111408,scikit-learn/45,scikit-learn,45,2,10,0,23504,317,0.000585,5.08
0.6667,0,1.0,0.5,temporal_cochange,required,ministral_3b,11.620954417182327,111408,scikit-learn/45,scikit-learn,45,3,8,0,38763,818,0.001124,6.47
1.0,1,1.0,1.0,temporal_cochange,required,ministral_3b,11.55076060327325,103856,scikit-learn/49,scikit-learn,49,1,9,0,74083,829,0.003356,5.85
1.0,1,1.0,1.0,temporal_cochange,required,ministral_3b,11.55076060327325,103856,scikit-learn/49,scikit-learn,49,2,10,0,119055,691,0.003818,6.34
1.0,1,1.0,1.0,temporal_cochange,required,ministral_3b,11.55076060327325,103856,scikit-learn/49,scikit-learn,49,3,9,0,80155,949,0.00515,7.91
1.0,1,1.0,1.0,temporal_cochange,required,ministral_3b,11.525654110946952,101281,scikit-learn/5,scikit-learn,5,1,10,0,46603,1134,0.001802,8.1
1.0,1,1.0,1.0,temporal_cochange,required,ministral_3b,11.525654110946952,101281,scikit-learn/5,scikit-learn,5,2,10,0,62265,951,0.002382,14.64
1.0,1,1.0,1.0,temporal_cochange,required,ministral_3b,11.525654110946952,101281,scikit-learn/5,scikit-learn,5,3,9,0,52722,777,0.003046,14.95
1.0,1,1.0,1.0,temporal_cochange,required,ministral_3b,9.796458979777604,17970,scrapy/20,scrapy,20,1,7,0,27690,539,0.001279,4.89
1.0,1,1.0,1.0,temporal_cochange,required,ministral_3b,9.796458979777604,17970,scrapy/20,scrapy,20,2,9,0,42776,443,0.001649,4.56
1.0,1,1.0,1.0,temporal_cochange,required,ministral_3b,9.796458979777604,17970,scrapy/20,scrapy,20,3,7,0,33595,466,0.001263,5.06
0.0,0,0.0,0.0,temporal_cochange,required,ministral_3b,9.655026193237628,15600,scrapy/26,scrapy,26,1,15,0,150300,1866,0.004641,12.41
0.6667,1,0.5,1.0,temporal_cochange,required,ministral_3b,9.655026193237628,15600,scrapy/26,scrapy,26,2,13,0,86520,2424,0.003054,15.19
0.5,1,0.3333,1.0,temporal_cochange,required,ministral_3b,9.655026193237628,15600,scrapy/26,scrapy,26,3,17,0,206263,2001,0.005839,14.25
0.0,0,0.0,0.0,temporal_cochange,required,ministral_3b,9.73477299914839,16895,scrapy/48,scrapy,48,1,26,0,186611,2804,0.004334,19.32
0.0,0,0.0,0.0,temporal_cochange,required,ministral_3b,9.73477299914839,16895,scrapy/48,scrapy,48,2,21,0,182402,2377,0.004447,15.57
0.0,0,0.0,0.0,temporal_cochange,required,ministral_3b,9.73477299914839,16895,scrapy/48,scrapy,48,3,12,0,47671,1146,0.002267,9.77
1.0,1,1.0,1.0,temporal_cochange,required,ministral_3b,9.961803629358965,21201,stable-diffusion-webui/0,stable-diffusion-webui,0,1,6,0,108970,950,0.004529,7.25
1.0,1,1.0,1.0,temporal_cochange,required,ministral_3b,9.961803629358965,21201,stable-diffusion-webui/0,stable-diffusion-webui,0,2,7,0,131199,903,0.004893,7.96
1.0,1,1.0,1.0,temporal_cochange,required,ministral_3b,9.961803629358965,21201,stable-diffusion-webui/0,stable-diffusion-webui,0,3,10,0,192894,1691,0.005842,11.35
1.0,1,1.0,1.0,temporal_cochange,required,ministral_3b,9.908425341565751,20099,stable-diffusion-webui/13,stable-diffusion-webui,13,1,18,0,360729,1094,0.008373,13.83
0.0,0,0.0,0.0,temporal_cochange,required,ministral_3b,9.908425341565751,20099,stable-diffusion-webui/13,stable-diffusion-webui,13,2,28,0,719992,3234,0.016819,28.32
1.0,1,1.0,1.0,temporal_cochange,required,ministral_3b,9.908425341565751,20099,stable-diffusion-webui/13,stable-diffusion-webui,13,3,12,0,178879,2007,0.004564,15.08
0.0,0,0.0,0.0,temporal_cochange,required,ministral_3b,10.028797743501574,22670,stable-diffusion-webui/5,stable-diffusion-webui,5,1,27,0,204559,2626,0.004717,21.47
0.0,0,0.0,0.0,temporal_cochange,required,ministral_3b,10.028797743501574,22670,stable-diffusion-webui/5,stable-diffusion-webui,5,2,18,0,174368,1792,0.004863,16.7
0.0,0,0.0,0.0,temporal_cochange,required,ministral_3b,10.028797743501574,22670,stable-diffusion-webui/5,stable-diffusion-webui,5,3,20,0,274348,1772,0.008051,16.41
0.5,0,1.0,0.3333,temporal_cochange,required,ministral_3b,8.483636407887394,4835,thefuck/10,thefuck,10,1,20,0,102330,1421,0.002588,12.57
0.5,0,1.0,0.3333,temporal_cochange,required,ministral_3b,8.483636407887394,4835,thefuck/10,thefuck,10,2,18,0,152431,1972,0.0043,14.71
0.0,0,0.0,0.0,temporal_cochange,required,ministral_3b,8.483636407887394,4835,thefuck/10,thefuck,10,3,8,0,20575,655,0.000499,5.15
0.0,0,0.0,0.0,temporal_cochange,required,ministral_3b,8.270781013162674,3908,thefuck/20,thefuck,20,1,11,0,44657,1631,0.001495,8.64
0.0,0,0.0,0.0,temporal_cochange,required,ministral_3b,8.270781013162674,3908,thefuck/20,thefuck,20,2,11,0,34130,1617,0.000914,8.35
0.0,0,0.0,0.0,temporal_cochange,required,ministral_3b,8.270781013162674,3908,thefuck/20,thefuck,20,3,32,1,85641,1488,0.001847,23.51
1.0,1,1.0,1.0,temporal_cochange,required,ministral_3b,7.822845290279774,2497,thefuck/5,thefuck,5,1,11,0,66903,767,0.002078,6.1
1.0,1,1.0,1.0,temporal_cochange,required,ministral_3b,7.822845290279774,2497,thefuck/5,thefuck,5,2,8,0,38699,1279,0.001659,6.84
1.0,1,1.0,1.0,temporal_cochange,required,ministral_3b,7.822845290279774,2497,thefuck/5,thefuck,5,3,12,0,25195,671,0.001124,6.73
1.0,1,1.0,1.0,temporal_cochange,required,ministral_3b,12.430331574579306,250279,transformers/25,transformers,25,1,14,0,131495,1253,0.003828,10.26
1.0,1,1.0,1.0,temporal_cochange,required,ministral_3b,12.430331574579306,250279,transformers/25,transformers,25,2,11,0,186596,1221,0.0071,9.75
1.0,1,1.0,1.0,temporal_cochange,required,ministral_3b,12.430331574579306,250279,transformers/25,transformers,25,3,19,0,236875,1394,0.008079,34.48
0.1538,0,1.0,0.0833,temporal_cochange,required,ministral_3b,12.407424472605875,244611,transformers/27,transformers,27,1,6,0,27650,704,0.001453,4.91
0.1538,0,1.0,0.0833,temporal_cochange,required,ministral_3b,12.407424472605875,244611,transformers/27,transformers,27,2,10,0,66511,1190,0.00283,8.48
0.1538,0,1.0,0.0833,temporal_cochange,required,ministral_3b,12.407424472605875,244611,transformers/27,transformers,27,3,6,0,26301,616,0.001459,5.11
0.0,0,0.0,0.0,temporal_cochange,required,ministral_3b,11.587420505060633,107734,transformers/5,transformers,5,1,20,0,395350,1548,0.010878,15.81
0.2857,0,0.5,0.2,temporal_cochange,required,ministral_3b,11.587420505060633,107734,transformers/5,transformers,5,2,13,0,111249,3069,0.004877,16.47
0.3333,0,1.0,0.2,temporal_cochange,required,ministral_3b,11.587420505060633,107734,transformers/5,transformers,5,3,19,0,247319,1758,0.007708,16.56
1.0,1,1.0,1.0,temporal_cochange,required,ministral_3b,12.095096391086711,178992,yt-dlp/23,yt-dlp,23,1,18,0,184220,3127,0.004312,21.86
1.0,1,1.0,1.0,temporal_cochange,required,ministral_3b,12.095096391086711,178992,yt-dlp/23,yt-dlp,23,2,14,0,137650,3406,0.003818,24.45
1.0,1,1.0,1.0,temporal_cochange,required,ministral_3b,12.095096391086711,178992,yt-dlp/23,yt-dlp,23,3,7,0,63305,1638,0.002727,13.2
0.0,0,0.0,0.0,temporal_cochange,required,ministral_3b,12.1489730534896,188900,yt-dlp/41,yt-dlp,41,1,27,0,553740,2586,0.01188,22.58
0.0,0,0.0,0.0,temporal_cochange,required,ministral_3b,12.1489730534896,188900,yt-dlp/41,yt-dlp,41,2,17,0,357121,2564,0.011581,23.79
0.0,0,0.0,0.0,temporal_cochange,required,ministral_3b,12.1489730534896,188900,yt-dlp/41,yt-dlp,41,3,19,0,513603,2148,0.016255,35.65
0.5,0,0.5,0.5,temporal_cochange,required,ministral_3b,12.198660241414718,198523,yt-dlp/45,yt-dlp,45,1,16,0,497436,3173,0.013577,27.23
0.5,0,0.5,0.5,temporal_cochange,required,ministral_3b,12.198660241414718,198523,yt-dlp/45,yt-dlp,45,2,15,0,246155,1423,0.007328,13.23
0.0,0,0.0,0.0,temporal_cochange,required,ministral_3b,12.198660241414718,198523,yt-dlp/45,yt-dlp,45,3,19,0,567163,3408,0.014606,25.96
1.0,1,1.0,1.0,temporal_cochange,required,gpt_oss_120b,12.068688124847148,174327,core/16,core,16,1,5,0,16967,1649,0.002774,29.18
1.0,1,1.0,1.0,temporal_cochange,required,gpt_oss_120b,12.068688124847148,174327,core/16,core,16,2,5,0,20649,1920,0.002966,21.29
1.0,1,1.0,1.0,temporal_cochange,required,gpt_oss_120b,12.068688124847148,174327,core/16,core,16,3,8,0,34328,2101,0.00271,25.56
1.0,1,1.0,1.0,temporal_cochange,required,gpt_oss_120b,11.506545154005941,99364,core/20,core,20,1,14,0,52039,4408,0.005132,95.54
1.0,1,1.0,1.0,temporal_cochange,required,gpt_oss_120b,11.506545154005941,99364,core/20,core,20,2,15,0,82932,5609,0.00895,76.02
1.0,1,1.0,1.0,temporal_cochange,required,gpt_oss_120b,11.506545154005941,99364,core/20,core,20,3,13,0,51269,4027,0.00536,31.72
0.0,0,0.0,0.0,temporal_cochange,required,gpt_oss_120b,8.579980179515003,5324,fastapi/17,fastapi,17,1,20,0,124536,9186,0.011031,101.09
0.0,0,0.0,0.0,temporal_cochange,required,gpt_oss_120b,8.579980179515003,5324,fastapi/17,fastapi,17,2,26,0,301693,21646,0.026414,323.79
0.0,0,0.0,0.0,temporal_cochange,required,gpt_oss_120b,8.579980179515003,5324,fastapi/17,fastapi,17,3,32,1,334516,15397,0.022002,242.34
0.0,0,0.0,0.0,temporal_cochange,required,gpt_oss_120b,8.518991573357617,5009,fastapi/20,fastapi,20,1,17,0,69085,6114,0.007401,88.04
0.0,0,0.0,0.0,temporal_cochange,required,gpt_oss_120b,8.518991573357617,5009,fastapi/20,fastapi,20,2,13,0,67306,5249,0.007794,120.44
0.0,0,0.0,0.0,temporal_cochange,required,gpt_oss_120b,8.518991573357617,5009,fastapi/20,fastapi,20,3,14,0,56753,3814,0.006027,39.83
0.5,0,1.0,0.3333,temporal_cochange,required,gpt_oss_120b,8.482187582217422,4828,fastapi/9,fastapi,9,1,9,0,31418,3556,0.004443,45.24
0.5,0,1.0,0.3333,temporal_cochange,required,gpt_oss_120b,8.482187582217422,4828,fastapi/9,fastapi,9,2,7,0,20232,2300,0.002785,26.34
0.5,0,1.0,0.3333,temporal_cochange,required,gpt_oss_120b,8.482187582217422,4828,fastapi/9,fastapi,9,3,7,0,38822,1972,0.003674,32.0
1.0,1,1.0,1.0,temporal_cochange,required,gpt_oss_120b,8.808369153122275,6690,flask/18,flask,18,1,15,0,61696,4390,0.005735,78.98
0.6667,0,1.0,0.5,temporal_cochange,required,gpt_oss_120b,8.808369153122275,6690,flask/18,flask,18,2,22,0,73952,5199,0.00627,60.69
0.6667,0,1.0,0.5,temporal_cochange,required,gpt_oss_120b,8.808369153122275,6690,flask/18,flask,18,3,26,0,103590,9017,0.010964,140.47
1.0,1,1.0,1.0,temporal_cochange,required,gpt_oss_120b,8.899457906353966,7328,flask/3,flask,3,1,9,0,20479,1906,0.002408,50.64
1.0,1,1.0,1.0,temporal_cochange,required,gpt_oss_120b,8.899457906353966,7328,flask/3,flask,3,2,16,0,71842,5157,0.006837,54.33
1.0,1,1.0,1.0,temporal_cochange,required,gpt_oss_120b,8.899457906353966,7328,flask/3,flask,3,3,16,0,73234,4794,0.00605,57.04
1.0,1,1.0,1.0,temporal_cochange,required,gpt_oss_120b,8.827468112520654,6819,flask/6,flask,6,1,12,0,42752,2842,0.004237,42.16
1.0,1,1.0,1.0,temporal_cochange,required,gpt_oss_120b,8.827468112520654,6819,flask/6,flask,6,2,11,0,39276,3164,0.004098,37.59
1.0,1,1.0,1.0,temporal_cochange,required,gpt_oss_120b,8.827468112520654,6819,flask/6,flask,6,3,17,0,69558,5149,0.006039,59.9
0.0,0,0.0,0.0,temporal_cochange,required,gpt_oss_120b,8.341410211461865,4194,gpt-engineer/11,gpt-engineer,11,1,6,0,46256,1933,0.004943,24.08
0.0,0,0.0,0.0,temporal_cochange,required,gpt_oss_120b,8.341410211461865,4194,gpt-engineer/11,gpt-engineer,11,2,17,0,158874,6682,0.012156,108.71
0.0,0,0.0,0.0,temporal_cochange,required,gpt_oss_120b,8.341410211461865,4194,gpt-engineer/11,gpt-engineer,11,3,19,0,145304,7659,0.013517,94.2
0.4,0,1.0,0.25,temporal_cochange,required,gpt_oss_120b,8.029432840581244,3070,gpt-engineer/12,gpt-engineer,12,1,4,0,10583,1230,0.001591,21.32
0.4,0,1.0,0.25,temporal_cochange,required,gpt_oss_120b,8.029432840581244,3070,gpt-engineer/12,gpt-engineer,12,2,7,0,21807,1135,0.002054,14.39
0.4,0,1.0,0.25,temporal_cochange,required,gpt_oss_120b,8.029432840581244,3070,gpt-engineer/12,gpt-engineer,12,3,10,0,50817,4533,0.005841,55.8
0.6667,1,0.5,1.0,temporal_cochange,required,gpt_oss_120b,8.36380888451688,4289,gpt-engineer/9,gpt-engineer,9,1,10,0,60076,9832,0.009385,137.48
1.0,1,1.0,1.0,temporal_cochange,required,gpt_oss_120b,8.36380888451688,4289,gpt-engineer/9,gpt-engineer,9,2,13,0,56811,10910,0.00878,106.43
0.0,0,0.0,0.0,temporal_cochange,required,gpt_oss_120b,8.36380888451688,4289,gpt-engineer/9,gpt-engineer,9,3,7,0,34450,4565,0.004947,88.26
0.2857,0,0.5,0.2,temporal_cochange,required,gpt_oss_120b,10.196231790580173,26802,keras/12,keras,12,1,16,0,87632,4762,0.008126,84.18
0.0,0,0.0,0.0,temporal_cochange,required,gpt_oss_120b,10.196231790580173,26802,keras/12,keras,12,2,8,0,28057,3054,0.004017,48.13
0.0,0,0.0,0.0,temporal_cochange,required,gpt_oss_120b,10.196231790580173,26802,keras/12,keras,12,3,7,0,17932,2273,0.002469,34.86
0.6667,1,0.5,1.0,temporal_cochange,required,gpt_oss_120b,10.349134450277123,31230,keras/5,keras,5,1,21,0,131920,12075,0.013522,199.39
1.0,1,1.0,1.0,temporal_cochange,required,gpt_oss_120b,10.349134450277123,31230,keras/5,keras,5,2,18,0,116449,10810,0.013219,163.66
0.6667,1,0.5,1.0,temporal_cochange,required,gpt_oss_120b,10.349134450277123,31230,keras/5,keras,5,3,22,0,118409,10734,0.011245,86.95
1.0,1,1.0,1.0,temporal_cochange,required,gpt_oss_120b,10.444153492313001,34343,keras/9,keras,9,1,15,0,70044,5063,0.00724,60.32
1.0,1,1.0,1.0,temporal_cochange,required,gpt_oss_120b,10.444153492313001,34343,keras/9,keras,9,2,6,0,22418,1672,0.003442,37.36
1.0,1,1.0,1.0,temporal_cochange,required,gpt_oss_120b,10.444153492313001,34343,keras/9,keras,9,3,4,0,13009,1922,0.002465,22.35
0.0,0,0.0,0.0,temporal_cochange,required,gpt_oss_120b,9.61953186182516,15056,localstack/19,localstack,19,1,30,1,101999,6743,0.008674,89.74
0.0,0,0.0,0.0,temporal_cochange,required,gpt_oss_120b,9.61953186182516,15056,localstack/19,localstack,19,2,15,0,25701,2437,0.00248,23.6
0.0,0,0.0,0.0,temporal_cochange,required,gpt_oss_120b,9.61953186182516,15056,localstack/19,localstack,19,3,24,0,101596,5294,0.007428,66.3
1.0,1,1.0,1.0,temporal_cochange,required,gpt_oss_120b,10.563155506021905,38683,localstack/2,localstack,2,1,11,0,89316,2149,0.005773,25.66
1.0,1,1.0,1.0,temporal_cochange,required,gpt_oss_120b,10.563155506021905,38683,localstack/2,localstack,2,2,18,0,159589,4246,0.009681,57.7
1.0,1,1.0,1.0,temporal_cochange,required,gpt_oss_120b,10.563155506021905,38683,localstack/2,localstack,2,3,14,0,120135,2723,0.00808,25.0
1.0,1,1.0,1.0,temporal_cochange,required,gpt_oss_120b,9.860214640302662,19153,localstack/9,localstack,9,1,11,0,52760,6154,0.006752,78.4
1.0,1,1.0,1.0,temporal_cochange,required,gpt_oss_120b,9.860214640302662,19153,localstack/9,localstack,9,2,12,0,73483,6991,0.009125,88.45
1.0,1,1.0,1.0,temporal_cochange,required,gpt_oss_120b,9.860214640302662,19153,localstack/9,localstack,9,3,9,0,44604,3128,0.004685,44.62
0.0,0,0.0,0.0,temporal_cochange,required,gpt_oss_120b,11.189312196300184,72353,pandas/26,pandas,26,1,32,1,226001,4649,0.011452,86.63
0.8,1,0.6667,1.0,temporal_cochange,required,gpt_oss_120b,11.189312196300184,72353,pandas/26,pandas,26,2,12,0,65090,2124,0.005559,25.3
0.8,1,0.6667,1.0,temporal_cochange,required,gpt_oss_120b,11.189312196300184,72353,pandas/26,pandas,26,3,23,0,176234,4506,0.009913,123.35
0.0,0,0.0,0.0,temporal_cochange,required,gpt_oss_120b,11.270446177349276,78468,pandas/35,pandas,35,1,22,0,318147,5787,0.020186,150.3
0.0,0,0.0,0.0,temporal_cochange,required,gpt_oss_120b,11.270446177349276,78468,pandas/35,pandas,35,2,24,0,367246,10463,0.024481,151.17
0.0,0,0.0,0.0,temporal_cochange,required,gpt_oss_120b,11.270446177349276,78468,pandas/35,pandas,35,3,28,0,340500,9416,0.021499,137.49
0.6667,0,1.0,0.5,temporal_cochange,required,gpt_oss_120b,12.08721590866289,177587,pandas/38,pandas,38,1,7,0,58544,1593,0.006687,20.11
0.6667,0,1.0,0.5,temporal_cochange,required,gpt_oss_120b,12.08721590866289,177587,pandas/38,pandas,38,2,6,0,40116,2073,0.005937,28.9
0.6667,0,1.0,0.5,temporal_cochange,required,gpt_oss_120b,12.08721590866289,177587,pandas/38,pandas,38,3,6,0,53895,1190,0.005136,12.0
0.0,0,0.0,0.0,temporal_cochange,required,gpt_oss_120b,10.883015959814806,53264,pandas/44,pandas,44,1,5,0,34677,1774,0.003279,17.93
0.0,0,0.0,0.0,temporal_cochange,required,gpt_oss_120b,10.883015959814806,53264,pandas/44,pandas,44,2,6,0,34863,1547,0.004729,31.99
0.0,0,0.0,0.0,temporal_cochange,required,gpt_oss_120b,10.883015959814806,53264,pandas/44,pandas,44,3,6,0,31780,2189,0.004858,19.0
0.5,0,1.0,0.3333,temporal_cochange,required,gpt_oss_120b,9.346705246496699,11461,requests/12,requests,12,1,23,0,121287,4360,0.008343,72.69
0.8,0,1.0,0.6667,temporal_cochange,required,gpt_oss_120b,9.346705246496699,11461,requests/12,requests,12,2,16,0,79915,4062,0.006747,58.22
0.5,0,1.0,0.3333,temporal_cochange,required,gpt_oss_120b,9.346705246496699,11461,requests/12,requests,12,3,17,0,53236,2851,0.003624,125.73
1.0,1,1.0,1.0,temporal_cochange,required,gpt_oss_120b,9.348274558065496,11479,requests/13,requests,13,1,12,0,56816,2922,0.005714,58.84
1.0,1,1.0,1.0,temporal_cochange,required,gpt_oss_120b,9.348274558065496,11479,requests/13,requests,13,2,11,0,43953,3150,0.004789,66.5
1.0,1,1.0,1.0,temporal_cochange,required,gpt_oss_120b,9.348274558065496,11479,requests/13,requests,13,3,5,0,24347,2857,0.003293,24.82
1.0,1,1.0,1.0,temporal_cochange,required,gpt_oss_120b,7.958576903813898,2860,requests/7,requests,7,1,4,0,7848,888,0.001068,16.98
1.0,1,1.0,1.0,temporal_cochange,required,gpt_oss_120b,7.958576903813898,2860,requests/7,requests,7,2,18,0,78602,8199,0.008938,94.57
1.0,1,1.0,1.0,temporal_cochange,required,gpt_oss_120b,7.958576903813898,2860,requests/7,requests,7,3,8,0,22441,2898,0.003249,33.49
1.0,1,1.0,1.0,temporal_cochange,required,gpt_oss_120b,10.031000872835088,22720,rich/1,rich,1,1,12,0,47499,2035,0.004223,23.79
1.0,1,1.0,1.0,temporal_cochange,required,gpt_oss_120b,10.031000872835088,22720,rich/1,rich,1,2,11,0,42584,2290,0.003567,43.14
1.0,1,1.0,1.0,temporal_cochange,required,gpt_oss_120b,10.031000872835088,22720,rich/1,rich,1,3,10,0,39894,2154,0.003825,24.32
0.4,0,1.0,0.25,temporal_cochange,required,gpt_oss_120b,10.051648903516648,23194,rich/12,rich,12,1,11,0,53448,2878,0.005313,31.59
0.0,0,0.0,0.0,temporal_cochange,required,gpt_oss_120b,10.051648903516648,23194,rich/12,rich,12,2,10,0,56600,2492,0.005537,29.35
0.4,0,1.0,0.25,temporal_cochange,required,gpt_oss_120b,10.051648903516648,23194,rich/12,rich,12,3,13,0,77105,5507,0.007718,85.58
1.0,1,1.0,1.0,temporal_cochange,required,gpt_oss_120b,10.039939675671627,22924,rich/8,rich,8,1,6,0,32841,1470,0.004275,37.12
1.0,1,1.0,1.0,temporal_cochange,required,gpt_oss_120b,10.039939675671627,22924,rich/8,rich,8,2,9,0,40356,1550,0.003546,26.16
1.0,1,1.0,1.0,temporal_cochange,required,gpt_oss_120b,10.039939675671627,22924,rich/8,rich,8,3,6,0,29782,1097,0.001982,12.72
0.6667,0,1.0,0.5,temporal_cochange,required,gpt_oss_120b,11.620954417182327,111408,scikit-learn/45,scikit-learn,45,1,22,0,178887,4087,0.008813,57.05
0.6667,0,1.0,0.5,temporal_cochange,required,gpt_oss_120b,11.620954417182327,111408,scikit-learn/45,scikit-learn,45,2,18,0,113113,3062,0.006461,50.07
0.6667,0,1.0,0.5,temporal_cochange,required,gpt_oss_120b,11.620954417182327,111408,scikit-learn/45,scikit-learn,45,3,28,0,185282,5677,0.00872,60.15
1.0,1,1.0,1.0,temporal_cochange,required,gpt_oss_120b,11.55076060327325,103856,scikit-learn/49,scikit-learn,49,1,15,0,158932,3816,0.011893,49.58
1.0,1,1.0,1.0,temporal_cochange,required,gpt_oss_120b,11.55076060327325,103856,scikit-learn/49,scikit-learn,49,2,18,0,226559,7808,0.015512,89.71
1.0,1,1.0,1.0,temporal_cochange,required,gpt_oss_120b,11.55076060327325,103856,scikit-learn/49,scikit-learn,49,3,13,0,62952,5005,0.006575,65.91
1.0,1,1.0,1.0,temporal_cochange,required,gpt_oss_120b,11.525654110946952,101281,scikit-learn/5,scikit-learn,5,1,17,0,124069,6913,0.011563,85.13
1.0,1,1.0,1.0,temporal_cochange,required,gpt_oss_120b,11.525654110946952,101281,scikit-learn/5,scikit-learn,5,2,9,0,62642,7133,0.008922,75.54
1.0,1,1.0,1.0,temporal_cochange,required,gpt_oss_120b,11.525654110946952,101281,scikit-learn/5,scikit-learn,5,3,10,0,60482,6514,0.00729,71.97
1.0,1,1.0,1.0,temporal_cochange,required,gpt_oss_120b,9.796458979777604,17970,scrapy/20,scrapy,20,1,11,0,57586,2194,0.004973,51.18
1.0,1,1.0,1.0,temporal_cochange,required,gpt_oss_120b,9.796458979777604,17970,scrapy/20,scrapy,20,2,6,0,22684,889,0.00284,19.02
1.0,1,1.0,1.0,temporal_cochange,required,gpt_oss_120b,9.796458979777604,17970,scrapy/20,scrapy,20,3,8,0,54092,1253,0.005178,18.51
0.6667,1,0.5,1.0,temporal_cochange,required,gpt_oss_120b,9.655026193237628,15600,scrapy/26,scrapy,26,1,23,0,204686,7189,0.015079,110.19
1.0,1,1.0,1.0,temporal_cochange,required,gpt_oss_120b,9.655026193237628,15600,scrapy/26,scrapy,26,2,21,0,198797,5920,0.014221,116.17
0.6667,1,0.5,1.0,temporal_cochange,required,gpt_oss_120b,9.655026193237628,15600,scrapy/26,scrapy,26,3,11,0,56301,1682,0.004926,24.05
0.0,0,0.0,0.0,temporal_cochange,required,gpt_oss_120b,9.73477299914839,16895,scrapy/48,scrapy,48,1,18,0,99291,3881,0.007441,57.23
0.0,0,0.0,0.0,temporal_cochange,required,gpt_oss_120b,9.73477299914839,16895,scrapy/48,scrapy,48,2,26,0,137754,4946,0.008175,76.99
0.0,0,0.0,0.0,temporal_cochange,required,gpt_oss_120b,9.73477299914839,16895,scrapy/48,scrapy,48,3,17,0,68495,1932,0.003704,39.64
1.0,1,1.0,1.0,temporal_cochange,required,gpt_oss_120b,9.961803629358965,21201,stable-diffusion-webui/0,stable-diffusion-webui,0,1,6,0,90145,1446,0.007293,42.26
1.0,1,1.0,1.0,temporal_cochange,required,gpt_oss_120b,9.961803629358965,21201,stable-diffusion-webui/0,stable-diffusion-webui,0,2,5,0,65733,1059,0.005218,14.09
1.0,1,1.0,1.0,temporal_cochange,required,gpt_oss_120b,9.961803629358965,21201,stable-diffusion-webui/0,stable-diffusion-webui,0,3,5,0,65202,785,0.004994,14.6
1.0,1,1.0,1.0,temporal_cochange,required,gpt_oss_120b,9.908425341565751,20099,stable-diffusion-webui/13,stable-diffusion-webui,13,1,30,1,390606,5224,0.017066,97.09
1.0,1,1.0,1.0,temporal_cochange,required,gpt_oss_120b,9.908425341565751,20099,stable-diffusion-webui/13,stable-diffusion-webui,13,2,23,0,295948,4107,0.014117,68.37
1.0,1,1.0,1.0,temporal_cochange,required,gpt_oss_120b,9.908425341565751,20099,stable-diffusion-webui/13,stable-diffusion-webui,13,3,27,0,351775,6578,0.018908,139.55
0.6667,0,1.0,0.5,temporal_cochange,required,gpt_oss_120b,10.028797743501574,22670,stable-diffusion-webui/5,stable-diffusion-webui,5,1,23,0,173040,4831,0.009363,49.52
0.6667,0,1.0,0.5,temporal_cochange,required,gpt_oss_120b,10.028797743501574,22670,stable-diffusion-webui/5,stable-diffusion-webui,5,2,20,0,181960,6156,0.010619,56.67
0.6667,0,1.0,0.5,temporal_cochange,required,gpt_oss_120b,10.028797743501574,22670,stable-diffusion-webui/5,stable-diffusion-webui,5,3,32,1,261246,11745,0.015507,115.61
0.0,0,0.0,0.0,temporal_cochange,required,gpt_oss_120b,8.483636407887394,4835,thefuck/10,thefuck,10,1,12,0,39253,4590,0.003952,39.24
0.0,0,0.0,0.0,temporal_cochange,required,gpt_oss_120b,8.483636407887394,4835,thefuck/10,thefuck,10,2,13,0,44189,5195,0.004926,53.36
0.0,0,0.0,0.0,temporal_cochange,required,gpt_oss_120b,8.483636407887394,4835,thefuck/10,thefuck,10,3,20,0,114253,14609,0.012981,128.22
0.0,0,0.0,0.0,temporal_cochange,required,gpt_oss_120b,8.270781013162674,3908,thefuck/20,thefuck,20,1,20,0,85448,5709,0.007745,67.3
0.0,0,0.0,0.0,temporal_cochange,required,gpt_oss_120b,8.270781013162674,3908,thefuck/20,thefuck,20,2,29,0,180147,9169,0.013603,180.49
0.0,0,0.0,0.0,temporal_cochange,required,gpt_oss_120b,8.270781013162674,3908,thefuck/20,thefuck,20,3,20,0,63037,5478,0.005473,59.07
1.0,1,1.0,1.0,temporal_cochange,required,gpt_oss_120b,7.822845290279774,2497,thefuck/5,thefuck,5,1,11,0,53245,2160,0.005436,31.94
1.0,1,1.0,1.0,temporal_cochange,required,gpt_oss_120b,7.822845290279774,2497,thefuck/5,thefuck,5,2,12,0,37194,3788,0.00455,56.8
1.0,1,1.0,1.0,temporal_cochange,required,gpt_oss_120b,7.822845290279774,2497,thefuck/5,thefuck,5,3,7,0,17864,2621,0.002701,45.28
1.0,1,1.0,1.0,temporal_cochange,required,gpt_oss_120b,12.430331574579306,250279,transformers/25,transformers,25,1,7,0,16828,3017,0.002947,36.16
1.0,1,1.0,1.0,temporal_cochange,required,gpt_oss_120b,12.430331574579306,250279,transformers/25,transformers,25,2,14,0,46922,4936,0.005823,49.8
1.0,1,1.0,1.0,temporal_cochange,required,gpt_oss_120b,12.430331574579306,250279,transformers/25,transformers,25,3,19,0,63042,6856,0.006965,76.2
0.1538,0,1.0,0.0833,temporal_cochange,required,gpt_oss_120b,12.407424472605875,244611,transformers/27,transformers,27,1,6,0,40916,980,0.003298,12.12
0.1538,0,1.0,0.0833,temporal_cochange,required,gpt_oss_120b,12.407424472605875,244611,transformers/27,transformers,27,2,2,0,6638,479,0.000966,5.49
0.1538,0,1.0,0.0833,temporal_cochange,required,gpt_oss_120b,12.407424472605875,244611,transformers/27,transformers,27,3,7,0,36008,1239,0.002724,12.34
0.75,0,1.0,0.6,temporal_cochange,required,gpt_oss_120b,11.587420505060633,107734,transformers/5,transformers,5,1,15,0,141664,3133,0.008569,41.25
0.3333,0,1.0,0.2,temporal_cochange,required,gpt_oss_120b,11.587420505060633,107734,transformers/5,transformers,5,2,23,0,262054,4720,0.01568,77.35
0.75,0,1.0,0.6,temporal_cochange,required,gpt_oss_120b,11.587420505060633,107734,transformers/5,transformers,5,3,16,0,230092,4060,0.017626,81.41
1.0,1,1.0,1.0,temporal_cochange,required,gpt_oss_120b,12.095096391086711,178992,yt-dlp/23,yt-dlp,23,1,11,0,64177,3593,0.006924,45.93
1.0,1,1.0,1.0,temporal_cochange,required,gpt_oss_120b,12.095096391086711,178992,yt-dlp/23,yt-dlp,23,2,14,0,81077,4026,0.006726,108.62
1.0,1,1.0,1.0,temporal_cochange,required,gpt_oss_120b,12.095096391086711,178992,yt-dlp/23,yt-dlp,23,3,15,0,68405,4214,0.005928,54.14
1.0,1,1.0,1.0,temporal_cochange,required,gpt_oss_120b,12.1489730534896,188900,yt-dlp/41,yt-dlp,41,1,16,0,147237,7603,0.012818,102.57
0.0,0,0.0,0.0,temporal_cochange,required,gpt_oss_120b,12.1489730534896,188900,yt-dlp/41,yt-dlp,41,2,12,0,118674,5054,0.0087,58.62
0.0,0,0.0,0.0,temporal_cochange,required,gpt_oss_120b,12.1489730534896,188900,yt-dlp/41,yt-dlp,41,3,12,0,120960,5676,0.010763,53.29
0.6667,0,1.0,0.5,temporal_cochange,required,gpt_oss_120b,12.198660241414718,198523,yt-dlp/45,yt-dlp,45,1,16,0,212972,4744,0.013875,77.4
0.6667,0,1.0,0.5,temporal_cochange,required,gpt_oss_120b,12.198660241414718,198523,yt-dlp/45,yt-dlp,45,2,22,0,272785,7783,0.016685,114.86
0.6667,0,1.0,0.5,temporal_cochange,required,gpt_oss_120b,12.198660241414718,198523,yt-dlp/45,yt-dlp,45,3,23,0,324552,8236,0.021059,105.4
1.0,1,1.0,1.0,temporal_cochange,required,deepseek_flash,12.068688124847148,174327,core/16,core,16,1,10,0,130776,3981,0.004074,41.46
0.6667,1,0.5,1.0,temporal_cochange,required,deepseek_flash,12.068688124847148,174327,core/16,core,16,2,21,0,639703,37162,0.016125,296.52
1.0,1,1.0,1.0,temporal_cochange,required,deepseek_flash,12.068688124847148,174327,core/16,core,16,3,12,0,143477,5239,0.004062,47.9
1.0,1,1.0,1.0,temporal_cochange,required,deepseek_flash,11.506545154005941,99364,core/20,core,20,1,16,0,141123,3617,0.002646,40.6
1.0,1,1.0,1.0,temporal_cochange,required,deepseek_flash,11.506545154005941,99364,core/20,core,20,2,14,0,131296,5537,0.003441,52.72
1.0,1,1.0,1.0,temporal_cochange,required,deepseek_flash,11.506545154005941,99364,core/20,core,20,3,15,0,146432,3467,0.002821,41.71
0.0,0,0.0,0.0,temporal_cochange,required,deepseek_flash,8.579980179515003,5324,fastapi/17,fastapi,17,1,32,1,1194670,21388,0.020158,194.45
0.0,0,0.0,0.0,temporal_cochange,required,deepseek_flash,8.579980179515003,5324,fastapi/17,fastapi,17,2,32,1,1141495,24576,0.020104,217.9
0.0,0,0.0,0.0,temporal_cochange,required,deepseek_flash,8.579980179515003,5324,fastapi/17,fastapi,17,3,32,1,402274,8939,0.007383,96.86
0.4,1,0.25,1.0,temporal_cochange,required,deepseek_flash,8.518991573357617,5009,fastapi/20,fastapi,20,1,30,1,593513,6686,0.010889,98.18
0.4,1,0.25,1.0,temporal_cochange,required,deepseek_flash,8.518991573357617,5009,fastapi/20,fastapi,20,2,30,1,667046,11831,0.012456,148.64
0.5,1,0.3333,1.0,temporal_cochange,required,deepseek_flash,8.518991573357617,5009,fastapi/20,fastapi,20,3,30,1,675837,7966,0.011165,106.21
0.5,0,1.0,0.3333,temporal_cochange,required,deepseek_flash,8.482187582217422,4828,fastapi/9,fastapi,9,1,21,0,315792,6305,0.004759,73.58
0.0,0,0.0,0.0,temporal_cochange,required,deepseek_flash,8.482187582217422,4828,fastapi/9,fastapi,9,2,30,1,305146,6715,0.006246,74.49
0.5,0,1.0,0.3333,temporal_cochange,required,deepseek_flash,8.482187582217422,4828,fastapi/9,fastapi,9,3,20,0,262500,5056,0.004149,52.79
1.0,1,1.0,1.0,temporal_cochange,required,deepseek_flash,8.808369153122275,6690,flask/18,flask,18,1,17,0,91876,4920,0.002527,54.28
1.0,1,1.0,1.0,temporal_cochange,required,deepseek_flash,8.808369153122275,6690,flask/18,flask,18,2,19,0,118206,3462,0.002538,39.52
0.6667,0,1.0,0.5,temporal_cochange,required,deepseek_flash,8.808369153122275,6690,flask/18,flask,18,3,30,0,247455,6608,0.005568,80.32
0.0,0,0.0,0.0,temporal_cochange,required,deepseek_flash,8.899457906353966,7328,flask/3,flask,3,1,32,1,270503,6504,0.006026,82.04
1.0,1,1.0,1.0,temporal_cochange,required,deepseek_flash,8.899457906353966,7328,flask/3,flask,3,2,30,1,258874,9585,0.008176,102.42
1.0,1,1.0,1.0,temporal_cochange,required,deepseek_flash,8.899457906353966,7328,flask/3,flask,3,3,30,1,460488,7575,0.008689,108.51
1.0,1,1.0,1.0,temporal_cochange,required,deepseek_flash,8.827468112520654,6819,flask/6,flask,6,1,9,0,115558,6167,0.003662,56.44
1.0,1,1.0,1.0,temporal_cochange,required,deepseek_flash,8.827468112520654,6819,flask/6,flask,6,2,13,0,84792,6833,0.002861,65.99
1.0,1,1.0,1.0,temporal_cochange,required,deepseek_flash,8.827468112520654,6819,flask/6,flask,6,3,11,0,120568,6079,0.003602,61.8
0.5,1,0.3333,1.0,temporal_cochange,required,deepseek_flash,8.341410211461865,4194,gpt-engineer/11,gpt-engineer,11,1,10,0,106534,3137,0.003395,31.99
0.5,1,0.3333,1.0,temporal_cochange,required,deepseek_flash,8.341410211461865,4194,gpt-engineer/11,gpt-engineer,11,2,18,0,268316,4841,0.005324,57.08
0.5,1,0.3333,1.0,temporal_cochange,required,deepseek_flash,8.341410211461865,4194,gpt-engineer/11,gpt-engineer,11,3,17,0,169329,6045,0.003938,59.1
0.6667,0,1.0,0.5,temporal_cochange,required,deepseek_flash,8.029432840581244,3070,gpt-engineer/12,gpt-engineer,12,1,21,0,192673,7903,0.004267,72.79
0.6667,0,1.0,0.5,temporal_cochange,required,deepseek_flash,8.029432840581244,3070,gpt-engineer/12,gpt-engineer,12,2,19,0,178856,7679,0.003974,84.16
0.6667,0,1.0,0.5,temporal_cochange,required,deepseek_flash,8.029432840581244,3070,gpt-engineer/12,gpt-engineer,12,3,18,0,174321,7369,0.004604,73.11
0.0,0,0.0,0.0,temporal_cochange,required,deepseek_flash,8.36380888451688,4289,gpt-engineer/9,gpt-engineer,9,1,30,1,582436,29150,0.015119,291.71
0.0,0,0.0,0.0,temporal_cochange,required,deepseek_flash,8.36380888451688,4289,gpt-engineer/9,gpt-engineer,9,2,18,0,239102,9962,0.005443,93.02
0.5,1,0.3333,1.0,temporal_cochange,required,deepseek_flash,8.36380888451688,4289,gpt-engineer/9,gpt-engineer,9,3,30,1,560175,28973,0.014306,228.32
0.2857,0,0.5,0.2,temporal_cochange,required,deepseek_flash,10.196231790580173,26802,keras/12,keras,12,1,18,0,202596,7303,0.004839,80.59
0.2857,0,0.5,0.2,temporal_cochange,required,deepseek_flash,10.196231790580173,26802,keras/12,keras,12,2,24,0,214143,7469,0.004061,86.29
0.0,0,0.0,0.0,temporal_cochange,required,deepseek_flash,10.196231790580173,26802,keras/12,keras,12,3,25,0,288536,7439,0.005019,76.74
0.0,0,0.0,0.0,temporal_cochange,required,deepseek_flash,10.349134450277123,31230,keras/5,keras,5,1,32,1,572768,13372,0.010752,131.11
0.0,0,0.0,0.0,temporal_cochange,required,deepseek_flash,10.349134450277123,31230,keras/5,keras,5,2,30,1,664047,26804,0.015421,260.74
0.0,0,0.0,0.0,temporal_cochange,required,deepseek_flash,10.349134450277123,31230,keras/5,keras,5,3,32,1,744703,23235,0.016546,210.55
1.0,1,1.0,1.0,temporal_cochange,required,deepseek_flash,10.444153492313001,34343,keras/9,keras,9,1,13,0,172784,10193,0.004934,99.9
1.0,1,1.0,1.0,temporal_cochange,required,deepseek_flash,10.444153492313001,34343,keras/9,keras,9,2,12,0,139527,9285,0.004695,82.92
1.0,1,1.0,1.0,temporal_cochange,required,deepseek_flash,10.444153492313001,34343,keras/9,keras,9,3,19,0,203064,8109,0.004181,78.12
0.4,0,0.6667,0.2857,temporal_cochange,required,deepseek_flash,9.61953186182516,15056,localstack/19,localstack,19,1,29,0,461854,7589,0.009938,95.33
0.0,0,0.0,0.0,temporal_cochange,required,deepseek_flash,9.61953186182516,15056,localstack/19,localstack,19,2,30,0,453096,6915,0.009032,82.59
0.25,0,1.0,0.1429,temporal_cochange,required,deepseek_flash,9.61953186182516,15056,localstack/19,localstack,19,3,16,0,117184,3570,0.002531,38.17
1.0,1,1.0,1.0,temporal_cochange,required,deepseek_flash,10.563155506021905,38683,localstack/2,localstack,2,1,27,0,566845,8859,0.011171,102.68
0.0,0,0.0,0.0,temporal_cochange,required,deepseek_flash,10.563155506021905,38683,localstack/2,localstack,2,2,32,1,677376,7153,0.012083,84.54
0.0,0,0.0,0.0,temporal_cochange,required,deepseek_flash,10.563155506021905,38683,localstack/2,localstack,2,3,32,1,511961,7458,0.008697,86.51
0.0,0,0.0,0.0,temporal_cochange,required,deepseek_flash,9.860214640302662,19153,localstack/9,localstack,9,1,30,1,438988,20660,0.012468,166.66
1.0,1,1.0,1.0,temporal_cochange,required,deepseek_flash,9.860214640302662,19153,localstack/9,localstack,9,2,30,1,656042,34934,0.016506,304.9
0.0,0,0.0,0.0,temporal_cochange,required,deepseek_flash,9.860214640302662,19153,localstack/9,localstack,9,3,30,1,655220,58553,0.024269,486.99
0.0,0,0.0,0.0,temporal_cochange,required,deepseek_flash,11.189312196300184,72353,pandas/26,pandas,26,1,32,1,797138,4224,0.014016,65.73
1.0,1,1.0,1.0,temporal_cochange,required,deepseek_flash,11.189312196300184,72353,pandas/26,pandas,26,2,20,0,277529,3371,0.004499,38.13
0.0,0,0.0,0.0,temporal_cochange,required,deepseek_flash,11.189312196300184,72353,pandas/26,pandas,26,3,32,1,526991,3757,0.011117,58.13
0.0,0,0.0,0.0,temporal_cochange,required,deepseek_flash,11.270446177349276,78468,pandas/35,pandas,35,1,32,1,511666,6084,0.008745,77.89
0.0,0,0.0,0.0,temporal_cochange,required,deepseek_flash,11.270446177349276,78468,pandas/35,pandas,35,2,32,1,530294,11109,0.010284,115.03
0.0,0,0.0,0.0,temporal_cochange,required,deepseek_flash,11.270446177349276,78468,pandas/35,pandas,35,3,32,1,318857,12494,0.008344,132.5
0.6667,0,1.0,0.5,temporal_cochange,required,deepseek_flash,12.08721590866289,177587,pandas/38,pandas,38,1,30,1,475008,10736,0.009288,112.82
0.5,0,0.5,0.5,temporal_cochange,required,deepseek_flash,12.08721590866289,177587,pandas/38,pandas,38,2,32,1,433076,7947,0.008028,94.11
0.0,0,0.0,0.0,temporal_cochange,required,deepseek_flash,12.08721590866289,177587,pandas/38,pandas,38,3,30,1,713851,8975,0.012677,103.84
0.5,0,0.5,0.5,temporal_cochange,required,deepseek_flash,10.883015959814806,53264,pandas/44,pandas,44,1,32,1,289317,8235,0.006142,91.27
0.0,0,0.0,0.0,temporal_cochange,required,deepseek_flash,10.883015959814806,53264,pandas/44,pandas,44,2,30,1,216346,7533,0.005037,91.63
0.0,0,0.0,0.0,temporal_cochange,required,deepseek_flash,10.883015959814806,53264,pandas/44,pandas,44,3,30,1,231946,9282,0.005761,110.51
0.8,0,1.0,0.6667,temporal_cochange,required,deepseek_flash,9.346705246496699,11461,requests/12,requests,12,1,15,0,186787,3054,0.003508,34.18
0.8,0,1.0,0.6667,temporal_cochange,required,deepseek_flash,9.346705246496699,11461,requests/12,requests,12,2,9,0,65209,2054,0.002451,22.91
0.8,0,1.0,0.6667,temporal_cochange,required,deepseek_flash,9.346705246496699,11461,requests/12,requests,12,3,7,0,53190,1812,0.002369,17.8
1.0,1,1.0,1.0,temporal_cochange,required,deepseek_flash,9.348274558065496,11479,requests/13,requests,13,1,27,0,302983,12861,0.008595,132.14
1.0,1,1.0,1.0,temporal_cochange,required,deepseek_flash,9.348274558065496,11479,requests/13,requests,13,2,16,0,273063,6124,0.004891,65.77
1.0,1,1.0,1.0,temporal_cochange,required,deepseek_flash,9.348274558065496,11479,requests/13,requests,13,3,22,0,215024,7250,0.004368,71.81
1.0,1,1.0,1.0,temporal_cochange,required,deepseek_flash,7.958576903813898,2860,requests/7,requests,7,1,8,0,42412,6015,0.00223,59.31
1.0,1,1.0,1.0,temporal_cochange,required,deepseek_flash,7.958576903813898,2860,requests/7,requests,7,2,10,0,48147,4122,0.001731,40.57
1.0,1,1.0,1.0,temporal_cochange,required,deepseek_flash,7.958576903813898,2860,requests/7,requests,7,3,7,0,26993,3912,0.001467,40.45
1.0,1,1.0,1.0,temporal_cochange,required,deepseek_flash,10.031000872835088,22720,rich/1,rich,1,1,8,0,29957,1599,0.000919,18.82
1.0,1,1.0,1.0,temporal_cochange,required,deepseek_flash,10.031000872835088,22720,rich/1,rich,1,2,4,0,12074,767,0.000535,9.45
1.0,1,1.0,1.0,temporal_cochange,required,deepseek_flash,10.031000872835088,22720,rich/1,rich,1,3,7,0,28024,2558,0.001215,27.43
0.4,0,1.0,0.25,temporal_cochange,required,deepseek_flash,10.051648903516648,23194,rich/12,rich,12,1,23,0,979771,19035,0.014526,192.18
0.4,0,1.0,0.25,temporal_cochange,required,deepseek_flash,10.051648903516648,23194,rich/12,rich,12,2,28,0,788202,31762,0.019035,263.81
0.4,0,1.0,0.25,temporal_cochange,required,deepseek_flash,10.051648903516648,23194,rich/12,rich,12,3,30,1,812563,21907,0.015489,222.94
1.0,1,1.0,1.0,temporal_cochange,required,deepseek_flash,10.039939675671627,22924,rich/8,rich,8,1,7,0,52275,1817,0.001698,20.09
1.0,1,1.0,1.0,temporal_cochange,required,deepseek_flash,10.039939675671627,22924,rich/8,rich,8,2,6,0,44487,1892,0.001753,21.24
1.0,1,1.0,1.0,temporal_cochange,required,deepseek_flash,10.039939675671627,22924,rich/8,rich,8,3,11,0,82798,1900,0.001885,24.11
0.0,0,0.0,0.0,temporal_cochange,required,deepseek_flash,11.620954417182327,111408,scikit-learn/45,scikit-learn,45,1,30,1,282377,3856,0.005191,58.17
0.6667,0,1.0,0.5,temporal_cochange,required,deepseek_flash,11.620954417182327,111408,scikit-learn/45,scikit-learn,45,2,24,0,201552,4072,0.003191,49.78
0.6667,0,1.0,0.5,temporal_cochange,required,deepseek_flash,11.620954417182327,111408,scikit-learn/45,scikit-learn,45,3,23,0,202457,4243,0.002996,51.6
1.0,1,1.0,1.0,temporal_cochange,required,deepseek_flash,11.55076060327325,103856,scikit-learn/49,scikit-learn,49,1,11,0,147027,3267,0.003463,33.94
1.0,1,1.0,1.0,temporal_cochange,required,deepseek_flash,11.55076060327325,103856,scikit-learn/49,scikit-learn,49,2,16,0,279531,6357,0.00558,57.11
1.0,1,1.0,1.0,temporal_cochange,required,deepseek_flash,11.55076060327325,103856,scikit-learn/49,scikit-learn,49,3,9,0,124326,2586,0.003518,23.6
1.0,1,1.0,1.0,temporal_cochange,required,deepseek_flash,11.525654110946952,101281,scikit-learn/5,scikit-learn,5,1,22,0,621666,49529,0.017624,457.64
1.0,1,1.0,1.0,temporal_cochange,required,deepseek_flash,11.525654110946952,101281,scikit-learn/5,scikit-learn,5,2,12,0,216476,22708,0.008601,174.4
1.0,1,1.0,1.0,temporal_cochange,required,deepseek_flash,11.525654110946952,101281,scikit-learn/5,scikit-learn,5,3,16,0,396463,33769,0.012539,317.81
1.0,1,1.0,1.0,temporal_cochange,required,deepseek_flash,9.796458979777604,17970,scrapy/20,scrapy,20,1,5,0,33122,858,0.001681,11.3
1.0,1,1.0,1.0,temporal_cochange,required,deepseek_flash,9.796458979777604,17970,scrapy/20,scrapy,20,2,6,0,35998,1089,0.001376,13.65
1.0,1,1.0,1.0,temporal_cochange,required,deepseek_flash,9.796458979777604,17970,scrapy/20,scrapy,20,3,7,0,42427,1406,0.001434,14.23
0.5,1,0.3333,1.0,temporal_cochange,required,deepseek_flash,9.655026193237628,15600,scrapy/26,scrapy,26,1,16,0,205799,3851,0.003829,40.63
0.6667,1,0.5,1.0,temporal_cochange,required,deepseek_flash,9.655026193237628,15600,scrapy/26,scrapy,26,2,21,0,306982,3011,0.004676,40.61
0.6667,1,0.5,1.0,temporal_cochange,required,deepseek_flash,9.655026193237628,15600,scrapy/26,scrapy,26,3,23,0,256372,4786,0.003848,58.92
0.0,0,0.0,0.0,temporal_cochange,required,deepseek_flash,9.73477299914839,16895,scrapy/48,scrapy,48,1,32,1,269721,7925,0.005735,89.07
0.6667,0,1.0,0.5,temporal_cochange,required,deepseek_flash,9.73477299914839,16895,scrapy/48,scrapy,48,2,29,0,231075,8650,0.005445,86.13
0.0,0,0.0,0.0,temporal_cochange,required,deepseek_flash,9.73477299914839,16895,scrapy/48,scrapy,48,3,32,1,265902,7904,0.005633,95.49
1.0,1,1.0,1.0,temporal_cochange,required,deepseek_flash,9.961803629358965,21201,stable-diffusion-webui/0,stable-diffusion-webui,0,1,4,0,69709,1708,0.003037,17.12
1.0,1,1.0,1.0,temporal_cochange,required,deepseek_flash,9.961803629358965,21201,stable-diffusion-webui/0,stable-diffusion-webui,0,2,8,0,158451,4612,0.004262,39.84
1.0,1,1.0,1.0,temporal_cochange,required,deepseek_flash,9.961803629358965,21201,stable-diffusion-webui/0,stable-diffusion-webui,0,3,12,0,247815,3749,0.004431,41.42
1.0,1,1.0,1.0,temporal_cochange,required,deepseek_flash,9.908425341565751,20099,stable-diffusion-webui/13,stable-diffusion-webui,13,1,21,0,408242,7517,0.005819,72.86
1.0,1,1.0,1.0,temporal_cochange,required,deepseek_flash,9.908425341565751,20099,stable-diffusion-webui/13,stable-diffusion-webui,13,2,21,0,836423,15407,0.01218,136.95
0.6667,1,0.5,1.0,temporal_cochange,required,deepseek_flash,9.908425341565751,20099,stable-diffusion-webui/13,stable-diffusion-webui,13,3,21,0,569820,16248,0.009424,141.0
0.6667,0,1.0,0.5,temporal_cochange,required,deepseek_flash,10.028797743501574,22670,stable-diffusion-webui/5,stable-diffusion-webui,5,1,27,0,708481,19832,0.018934,185.22
0.6667,0,1.0,0.5,temporal_cochange,required,deepseek_flash,10.028797743501574,22670,stable-diffusion-webui/5,stable-diffusion-webui,5,2,27,0,734926,28218,0.020261,264.38
0.6667,0,1.0,0.5,temporal_cochange,required,deepseek_flash,10.028797743501574,22670,stable-diffusion-webui/5,stable-diffusion-webui,5,3,21,0,562863,19756,0.011944,192.87
0.4,0,0.5,0.3333,temporal_cochange,required,deepseek_flash,8.483636407887394,4835,thefuck/10,thefuck,10,1,27,0,544691,27185,0.015642,249.69
0.0,0,0.0,0.0,temporal_cochange,required,deepseek_flash,8.483636407887394,4835,thefuck/10,thefuck,10,2,21,0,556417,19775,0.012153,180.37
0.4,0,0.5,0.3333,temporal_cochange,required,deepseek_flash,8.483636407887394,4835,thefuck/10,thefuck,10,3,30,1,474802,19866,0.013853,197.77
0.0,0,0.0,0.0,temporal_cochange,required,deepseek_flash,8.270781013162674,3908,thefuck/20,thefuck,20,1,15,0,95067,4973,0.002655,51.14
0.0,0,0.0,0.0,temporal_cochange,required,deepseek_flash,8.270781013162674,3908,thefuck/20,thefuck,20,2,26,0,274543,14262,0.007376,132.07
0.0,0,0.0,0.0,temporal_cochange,required,deepseek_flash,8.270781013162674,3908,thefuck/20,thefuck,20,3,25,0,203086,8462,0.004143,90.74
1.0,1,1.0,1.0,temporal_cochange,required,deepseek_flash,7.822845290279774,2497,thefuck/5,thefuck,5,1,19,0,146850,5580,0.00326,58.24
1.0,1,1.0,1.0,temporal_cochange,required,deepseek_flash,7.822845290279774,2497,thefuck/5,thefuck,5,2,14,0,102616,2998,0.002315,41.49
1.0,1,1.0,1.0,temporal_cochange,required,deepseek_flash,7.822845290279774,2497,thefuck/5,thefuck,5,3,13,0,123425,6185,0.003381,55.03
1.0,1,1.0,1.0,temporal_cochange,required,deepseek_flash,12.430331574579306,250279,transformers/25,transformers,25,1,13,0,59001,3576,0.001833,34.59
1.0,1,1.0,1.0,temporal_cochange,required,deepseek_flash,12.430331574579306,250279,transformers/25,transformers,25,2,9,0,37463,2713,0.001403,25.71
1.0,1,1.0,1.0,temporal_cochange,required,deepseek_flash,12.430331574579306,250279,transformers/25,transformers,25,3,11,0,50452,3984,0.001892,40.5
0.1538,0,1.0,0.0833,temporal_cochange,required,deepseek_flash,12.407424472605875,244611,transformers/27,transformers,27,1,11,0,93350,2406,0.002257,27.44
0.1538,0,1.0,0.0833,temporal_cochange,required,deepseek_flash,12.407424472605875,244611,transformers/27,transformers,27,2,8,0,67014,2056,0.002072,20.12
0.1538,0,1.0,0.0833,temporal_cochange,required,deepseek_flash,12.407424472605875,244611,transformers/27,transformers,27,3,5,0,25613,1243,0.001071,15.64
0.0,0,0.0,0.0,temporal_cochange,required,deepseek_flash,11.587420505060633,107734,transformers/5,transformers,5,1,32,1,595625,6145,0.011051,78.2
0.8889,0,1.0,0.8,temporal_cochange,required,deepseek_flash,11.587420505060633,107734,transformers/5,transformers,5,2,30,0,722736,7674,0.013996,80.32
0.8889,0,1.0,0.8,temporal_cochange,required,deepseek_flash,11.587420505060633,107734,transformers/5,transformers,5,3,27,0,1257550,9428,0.021573,101.95
1.0,1,1.0,1.0,temporal_cochange,required,deepseek_flash,12.095096391086711,178992,yt-dlp/23,yt-dlp,23,1,14,0,119247,9273,0.003889,89.19
1.0,1,1.0,1.0,temporal_cochange,required,deepseek_flash,12.095096391086711,178992,yt-dlp/23,yt-dlp,23,2,30,1,615075,16201,0.011988,156.71
1.0,1,1.0,1.0,temporal_cochange,required,deepseek_flash,12.095096391086711,178992,yt-dlp/23,yt-dlp,23,3,26,0,442489,16162,0.010452,147.43
0.4,1,0.25,1.0,temporal_cochange,required,deepseek_flash,12.1489730534896,188900,yt-dlp/41,yt-dlp,41,1,28,0,531002,16792,0.012115,153.05
0.4,1,0.25,1.0,temporal_cochange,required,deepseek_flash,12.1489730534896,188900,yt-dlp/41,yt-dlp,41,2,32,1,752202,16362,0.013898,175.78
0.5,1,0.3333,1.0,temporal_cochange,required,deepseek_flash,12.1489730534896,188900,yt-dlp/41,yt-dlp,41,3,30,1,529095,17341,0.011773,154.85
0.0,0,0.0,0.0,temporal_cochange,required,deepseek_flash,12.198660241414718,198523,yt-dlp/45,yt-dlp,45,1,30,1,745606,7718,0.011836,88.91
0.0,0,0.0,0.0,temporal_cochange,required,deepseek_flash,12.198660241414718,198523,yt-dlp/45,yt-dlp,45,2,30,1,611289,10046,0.01042,113.08
0.6667,0,1.0,0.5,temporal_cochange,required,deepseek_flash,12.198660241414718,198523,yt-dlp/45,yt-dlp,45,3,30,0,384268,9024,0.007503,101.3
1.0,1,1.0,1.0,temporal_cochange,required,nemotron_super,12.068688124847148,174327,core/16,core,16,1,10,0,86042,24451,0.017094,425.83
1.0,1,1.0,1.0,temporal_cochange,required,nemotron_super,12.068688124847148,174327,core/16,core,16,2,9,0,50373,21664,0.012947,306.77
1.0,1,1.0,1.0,temporal_cochange,required,nemotron_super,12.068688124847148,174327,core/16,core,16,3,12,0,112254,32881,0.022694,430.47
1.0,1,1.0,1.0,temporal_cochange,required,nemotron_super,11.506545154005941,99364,core/20,core,20,1,7,0,42157,23353,0.012925,322.74
1.0,1,1.0,1.0,temporal_cochange,required,nemotron_super,11.506545154005941,99364,core/20,core,20,2,11,0,65993,26449,0.016189,439.18
1.0,1,1.0,1.0,temporal_cochange,required,nemotron_super,11.506545154005941,99364,core/20,core,20,3,8,0,54618,17478,0.011634,158.61
0.0,0,0.0,0.0,temporal_cochange,required,nemotron_super,8.579980179515003,5324,fastapi/17,fastapi,17,1,12,0,110099,21558,0.017982,438.33
0.0,0,0.0,0.0,temporal_cochange,required,nemotron_super,8.579980179515003,5324,fastapi/17,fastapi,17,2,12,0,111390,41447,0.026047,620.43
0.0,0,0.0,0.0,temporal_cochange,required,nemotron_super,8.579980179515003,5324,fastapi/17,fastapi,17,3,12,0,153580,40712,0.029339,502.83
0.0,0,0.0,0.0,temporal_cochange,required,nemotron_super,8.518991573357617,5009,fastapi/20,fastapi,20,1,20,0,257730,38283,0.03722,483.79
0.0,0,0.0,0.0,temporal_cochange,required,nemotron_super,8.518991573357617,5009,fastapi/20,fastapi,20,2,15,0,225351,38491,0.034551,490.61
0.0,0,0.0,0.0,temporal_cochange,required,nemotron_super,8.518991573357617,5009,fastapi/20,fastapi,20,3,8,0,57448,18402,0.012244,219.28
0.5,0,1.0,0.3333,temporal_cochange,required,nemotron_super,8.482187582217422,4828,fastapi/9,fastapi,9,1,6,0,41180,13738,0.008996,337.01
0.5,0,1.0,0.3333,temporal_cochange,required,nemotron_super,8.482187582217422,4828,fastapi/9,fastapi,9,2,7,0,52450,25766,0.014765,331.21
0.5,0,1.0,0.3333,temporal_cochange,required,nemotron_super,8.482187582217422,4828,fastapi/9,fastapi,9,3,11,0,104518,37037,0.023699,736.54
0.0,0,0.0,0.0,temporal_cochange,required,nemotron_super,8.808369153122275,6690,flask/18,flask,18,1,15,0,168347,42356,0.031252,794.81
0.6667,0,1.0,0.5,temporal_cochange,required,nemotron_super,8.808369153122275,6690,flask/18,flask,18,2,9,0,69385,15824,0.012227,212.7
0.6667,0,1.0,0.5,temporal_cochange,required,nemotron_super,8.808369153122275,6690,flask/18,flask,18,3,16,0,163070,40948,0.03024,500.5
1.0,1,1.0,1.0,temporal_cochange,required,nemotron_super,8.899457906353966,7328,flask/3,flask,3,1,15,0,159326,27171,0.024411,356.06
1.0,1,1.0,1.0,temporal_cochange,required,nemotron_super,8.899457906353966,7328,flask/3,flask,3,2,14,0,41996,18056,0.010792,219.97
1.0,1,1.0,1.0,temporal_cochange,required,nemotron_super,8.899457906353966,7328,flask/3,flask,3,3,11,0,102748,26848,0.019473,369.89
1.0,1,1.0,1.0,temporal_cochange,required,nemotron_super,8.827468112520654,6819,flask/6,flask,6,1,12,0,83430,18723,0.014581,497.7
1.0,1,1.0,1.0,temporal_cochange,required,nemotron_super,8.827468112520654,6819,flask/6,flask,6,2,8,0,105754,44237,0.026684,619.48
1.0,1,1.0,1.0,temporal_cochange,required,nemotron_super,8.827468112520654,6819,flask/6,flask,6,3,10,0,125877,34652,0.02456,711.12
0.0,0,0.0,0.0,temporal_cochange,required,nemotron_super,8.341410211461865,4194,gpt-engineer/11,gpt-engineer,11,1,19,0,184031,55219,0.03773,693.65
0.0,0,0.0,0.0,temporal_cochange,required,nemotron_super,8.341410211461865,4194,gpt-engineer/11,gpt-engineer,11,2,19,0,221036,52849,0.039928,760.02
0.0,0,0.0,0.0,temporal_cochange,required,nemotron_super,8.341410211461865,4194,gpt-engineer/11,gpt-engineer,11,3,10,0,47963,17238,0.010972,365.68
0.4,0,1.0,0.25,temporal_cochange,required,nemotron_super,8.029432840581244,3070,gpt-engineer/12,gpt-engineer,12,1,6,0,18648,16327,0.008116,274.14
0.4,0,1.0,0.25,temporal_cochange,required,nemotron_super,8.029432840581244,3070,gpt-engineer/12,gpt-engineer,12,2,12,0,55463,22030,0.013526,296.47
0.4,0,1.0,0.25,temporal_cochange,required,nemotron_super,8.029432840581244,3070,gpt-engineer/12,gpt-engineer,12,3,24,0,190261,38691,0.031649,388.74
0.6667,1,0.5,1.0,temporal_cochange,required,nemotron_super,8.36380888451688,4289,gpt-engineer/9,gpt-engineer,9,1,14,0,144411,40405,0.028437,698.92
1.0,1,1.0,1.0,temporal_cochange,required,nemotron_super,8.36380888451688,4289,gpt-engineer/9,gpt-engineer,9,2,15,0,141647,34876,0.02599,389.81
1.0,1,1.0,1.0,temporal_cochange,required,nemotron_super,8.36380888451688,4289,gpt-engineer/9,gpt-engineer,9,3,15,0,147132,45711,0.030791,603.57
0.0,0,0.0,0.0,temporal_cochange,required,nemotron_super,10.196231790580173,26802,keras/12,keras,12,1,9,0,27904,18779,0.009883,229.8
0.0,0,0.0,0.0,temporal_cochange,required,nemotron_super,10.196231790580173,26802,keras/12,keras,12,2,8,0,20326,10036,0.005742,118.41
0.0,0,0.0,0.0,temporal_cochange,required,nemotron_super,10.196231790580173,26802,keras/12,keras,12,3,13,0,86418,40199,0.023425,417.7
0.0,0,0.0,0.0,temporal_cochange,required,nemotron_super,10.349134450277123,31230,keras/5,keras,5,1,32,1,505324,42173,0.059822,670.3
1.0,1,1.0,1.0,temporal_cochange,required,nemotron_super,10.349134450277123,31230,keras/5,keras,5,2,18,0,369450,55900,0.053763,826.19
1.0,1,1.0,1.0,temporal_cochange,required,nemotron_super,10.349134450277123,31230,keras/5,keras,5,3,15,0,201695,32665,0.03021,459.41
1.0,1,1.0,1.0,temporal_cochange,required,nemotron_super,10.444153492313001,34343,keras/9,keras,9,1,8,0,43094,25170,0.013731,342.85
1.0,1,1.0,1.0,temporal_cochange,required,nemotron_super,10.444153492313001,34343,keras/9,keras,9,2,6,0,25608,15735,0.008471,181.54
1.0,1,1.0,1.0,temporal_cochange,required,nemotron_super,10.444153492313001,34343,keras/9,keras,9,3,7,0,34609,17556,0.009964,228.88
0.0,0,0.0,0.0,temporal_cochange,required,nemotron_super,9.61953186182516,15056,localstack/19,localstack,19,1,22,0,142770,24904,0.022097,250.01
0.0,0,0.0,0.0,temporal_cochange,required,nemotron_super,9.61953186182516,15056,localstack/19,localstack,19,2,21,0,73927,18814,0.013809,205.71
0.0,0,0.0,0.0,temporal_cochange,required,nemotron_super,9.61953186182516,15056,localstack/19,localstack,19,3,14,0,36477,7882,0.006253,94.65
1.0,1,1.0,1.0,temporal_cochange,required,nemotron_super,10.563155506021905,38683,localstack/2,localstack,2,1,20,0,249513,46864,0.039954,631.09
1.0,1,1.0,1.0,temporal_cochange,required,nemotron_super,10.563155506021905,38683,localstack/2,localstack,2,2,27,0,491517,20951,0.050159,305.06
1.0,1,1.0,1.0,temporal_cochange,required,nemotron_super,10.563155506021905,38683,localstack/2,localstack,2,3,12,0,175901,17908,0.022115,260.58
1.0,1,1.0,1.0,temporal_cochange,required,nemotron_super,9.860214640302662,19153,localstack/9,localstack,9,1,13,0,152625,49250,0.032673,581.69
1.0,1,1.0,1.0,temporal_cochange,required,nemotron_super,9.860214640302662,19153,localstack/9,localstack,9,2,11,0,128556,41161,0.027392,463.31
1.0,1,1.0,1.0,temporal_cochange,required,nemotron_super,9.860214640302662,19153,localstack/9,localstack,9,3,13,0,146499,41651,0.029113,413.33
0.0,0,0.0,0.0,temporal_cochange,required,nemotron_super,11.189312196300184,72353,pandas/26,pandas,26,1,32,1,1003485,14873,0.091245,352.74
0.6667,0,1.0,0.5,temporal_cochange,required,nemotron_super,11.189312196300184,72353,pandas/26,pandas,26,2,30,1,756119,12897,0.069429,267.99
0.0,0,0.0,0.0,temporal_cochange,required,nemotron_super,11.189312196300184,72353,pandas/26,pandas,26,3,32,1,428302,11449,0.040985,140.99
0.0,0,0.0,0.0,temporal_cochange,required,nemotron_super,11.270446177349276,78468,pandas/35,pandas,35,1,32,1,160740,7532,0.016676,189.34
0.0,0,0.0,0.0,temporal_cochange,required,nemotron_super,11.270446177349276,78468,pandas/35,pandas,35,2,30,1,417958,31491,0.048123,647.97
0.0,0,0.0,0.0,temporal_cochange,required,nemotron_super,11.270446177349276,78468,pandas/35,pandas,35,3,32,1,538729,33127,0.059043,488.2
0.6667,0,1.0,0.5,temporal_cochange,required,nemotron_super,12.08721590866289,177587,pandas/38,pandas,38,1,9,0,75109,24371,0.016133,331.87
0.6667,0,1.0,0.5,temporal_cochange,required,nemotron_super,12.08721590866289,177587,pandas/38,pandas,38,2,9,0,58129,23304,0.014263,313.73
0.6667,0,1.0,0.5,temporal_cochange,required,nemotron_super,12.08721590866289,177587,pandas/38,pandas,38,3,5,0,37098,16784,0.009867,216.97
0.6667,0,1.0,0.5,temporal_cochange,required,nemotron_super,10.883015959814806,53264,pandas/44,pandas,44,1,20,0,87685,26338,0.017988,473.99
0.0,0,0.0,0.0,temporal_cochange,required,nemotron_super,10.883015959814806,53264,pandas/44,pandas,44,2,26,0,140257,50095,0.03196,499.11
0.0,0,0.0,0.0,temporal_cochange,required,nemotron_super,10.883015959814806,53264,pandas/44,pandas,44,3,12,0,43524,18382,0.011052,191.48
0.8,0,1.0,0.6667,temporal_cochange,required,nemotron_super,9.346705246496699,11461,requests/12,requests,12,1,14,0,99772,29502,0.020281,524.71
0.8,0,1.0,0.6667,temporal_cochange,required,nemotron_super,9.346705246496699,11461,requests/12,requests,12,2,16,0,135114,25202,0.021565,340.72
0.8,0,1.0,0.6667,temporal_cochange,required,nemotron_super,9.346705246496699,11461,requests/12,requests,12,3,19,0,137428,30701,0.023962,313.62
1.0,1,1.0,1.0,temporal_cochange,required,nemotron_super,9.348274558065496,11479,requests/13,requests,13,1,7,0,24202,14194,0.007735,169.82
1.0,1,1.0,1.0,temporal_cochange,required,nemotron_super,9.348274558065496,11479,requests/13,requests,13,2,8,0,36240,12764,0.008186,146.47
1.0,1,1.0,1.0,temporal_cochange,required,nemotron_super,9.348274558065496,11479,requests/13,requests,13,3,7,0,37819,29045,0.014833,371.05
1.0,1,1.0,1.0,temporal_cochange,required,nemotron_super,7.958576903813898,2860,requests/7,requests,7,1,7,0,28374,11385,0.006966,129.24
1.0,1,1.0,1.0,temporal_cochange,required,nemotron_super,7.958576903813898,2860,requests/7,requests,7,2,10,0,49225,31698,0.016863,528.45
1.0,1,1.0,1.0,temporal_cochange,required,nemotron_super,7.958576903813898,2860,requests/7,requests,7,3,19,0,79325,75912,0.037107,750.53
1.0,1,1.0,1.0,temporal_cochange,required,nemotron_super,10.031000872835088,22720,rich/1,rich,1,1,8,0,72304,8440,0.009522,98.6
1.0,1,1.0,1.0,temporal_cochange,required,nemotron_super,10.031000872835088,22720,rich/1,rich,1,2,20,0,90140,26496,0.01826,385.57
1.0,1,1.0,1.0,temporal_cochange,required,nemotron_super,10.031000872835088,22720,rich/1,rich,1,3,6,0,46156,9721,0.007812,142.33
0.4,0,1.0,0.25,temporal_cochange,required,nemotron_super,10.051648903516648,23194,rich/12,rich,12,1,10,0,109385,40311,0.025422,522.16
0.4,0,1.0,0.25,temporal_cochange,required,nemotron_super,10.051648903516648,23194,rich/12,rich,12,2,9,0,73426,21180,0.014713,388.68
0.4,0,1.0,0.25,temporal_cochange,required,nemotron_super,10.051648903516648,23194,rich/12,rich,12,3,10,0,116253,16969,0.016669,258.94
1.0,1,1.0,1.0,temporal_cochange,required,nemotron_super,10.039939675671627,22924,rich/8,rich,8,1,11,0,77582,28375,0.017944,416.33
1.0,1,1.0,1.0,temporal_cochange,required,nemotron_super,10.039939675671627,22924,rich/8,rich,8,2,12,0,85775,19791,0.015207,232.15
1.0,1,1.0,1.0,temporal_cochange,required,nemotron_super,10.039939675671627,22924,rich/8,rich,8,3,11,0,71093,19705,0.013925,267.76
0.6667,0,1.0,0.5,temporal_cochange,required,nemotron_super,11.620954417182327,111408,scikit-learn/45,scikit-learn,45,1,14,0,42654,12081,0.008458,146.23
0.6667,0,1.0,0.5,temporal_cochange,required,nemotron_super,11.620954417182327,111408,scikit-learn/45,scikit-learn,45,2,30,1,217634,35435,0.032673,498.51
0.6667,0,1.0,0.5,temporal_cochange,required,nemotron_super,11.620954417182327,111408,scikit-learn/45,scikit-learn,45,3,20,0,162273,23520,0.023201,199.95
1.0,1,1.0,1.0,temporal_cochange,required,nemotron_super,11.55076060327325,103856,scikit-learn/49,scikit-learn,49,1,22,0,393969,23337,0.042822,368.55
1.0,1,1.0,1.0,temporal_cochange,required,nemotron_super,11.55076060327325,103856,scikit-learn/49,scikit-learn,49,2,18,0,136494,19161,0.019266,343.33
1.0,1,1.0,1.0,temporal_cochange,required,nemotron_super,11.55076060327325,103856,scikit-learn/49,scikit-learn,49,3,23,0,304717,22492,0.034898,308.68
1.0,1,1.0,1.0,temporal_cochange,required,nemotron_super,11.525654110946952,101281,scikit-learn/5,scikit-learn,5,1,7,0,26409,13299,0.007564,205.99
1.0,1,1.0,1.0,temporal_cochange,required,nemotron_super,11.525654110946952,101281,scikit-learn/5,scikit-learn,5,2,7,0,26372,8641,0.005698,88.78
1.0,1,1.0,1.0,temporal_cochange,required,nemotron_super,11.525654110946952,101281,scikit-learn/5,scikit-learn,5,3,7,0,26297,10367,0.006382,124.28
1.0,1,1.0,1.0,temporal_cochange,required,nemotron_super,9.796458979777604,17970,scrapy/20,scrapy,20,1,8,0,42673,6300,0.006147,74.35
1.0,1,1.0,1.0,temporal_cochange,required,nemotron_super,9.796458979777604,17970,scrapy/20,scrapy,20,2,11,0,62545,9244,0.009014,117.13
1.0,1,1.0,1.0,temporal_cochange,required,nemotron_super,9.796458979777604,17970,scrapy/20,scrapy,20,3,7,0,35216,6591,0.00563,119.85
1.0,1,1.0,1.0,temporal_cochange,required,nemotron_super,9.655026193237628,15600,scrapy/26,scrapy,26,1,6,0,29844,18935,0.010111,247.95
1.0,1,1.0,1.0,temporal_cochange,required,nemotron_super,9.655026193237628,15600,scrapy/26,scrapy,26,2,7,0,38580,22853,0.01242,301.04
1.0,1,1.0,1.0,temporal_cochange,required,nemotron_super,9.655026193237628,15600,scrapy/26,scrapy,26,3,10,0,78849,23699,0.016182,493.53
0.6667,0,1.0,0.5,temporal_cochange,required,nemotron_super,9.73477299914839,16895,scrapy/48,scrapy,48,1,23,0,146414,40498,0.028644,408.69
0.0,0,0.0,0.0,temporal_cochange,required,nemotron_super,9.73477299914839,16895,scrapy/48,scrapy,48,2,16,0,65034,19454,0.013309,382.78
0.0,0,0.0,0.0,temporal_cochange,required,nemotron_super,9.73477299914839,16895,scrapy/48,scrapy,48,3,20,0,141205,30318,0.02413,298.26
1.0,1,1.0,1.0,temporal_cochange,required,nemotron_super,9.961803629358965,21201,stable-diffusion-webui/0,stable-diffusion-webui,0,1,4,0,70091,3155,0.00722,43.97
1.0,1,1.0,1.0,temporal_cochange,required,nemotron_super,9.961803629358965,21201,stable-diffusion-webui/0,stable-diffusion-webui,0,2,8,0,154855,9558,0.016986,134.82
1.0,1,1.0,1.0,temporal_cochange,required,nemotron_super,9.961803629358965,21201,stable-diffusion-webui/0,stable-diffusion-webui,0,3,4,0,70860,7254,0.008925,84.29
1.0,1,1.0,1.0,temporal_cochange,required,nemotron_super,9.908425341565751,20099,stable-diffusion-webui/13,stable-diffusion-webui,13,1,30,0,969405,46816,0.101126,693.43
0.6667,1,0.5,1.0,temporal_cochange,required,nemotron_super,9.908425341565751,20099,stable-diffusion-webui/13,stable-diffusion-webui,13,2,26,0,606380,24732,0.061435,350.99
0.0,0,0.0,0.0,temporal_cochange,required,nemotron_super,9.908425341565751,20099,stable-diffusion-webui/13,stable-diffusion-webui,13,3,32,1,797094,39560,0.083577,490.31
0.6667,0,1.0,0.5,temporal_cochange,required,nemotron_super,10.028797743501574,22670,stable-diffusion-webui/5,stable-diffusion-webui,5,1,30,1,322757,24336,0.037169,309.47
0.0,0,0.0,0.0,temporal_cochange,required,nemotron_super,10.028797743501574,22670,stable-diffusion-webui/5,stable-diffusion-webui,5,2,17,0,194970,24791,0.026489,340.44
0.6667,0,1.0,0.5,temporal_cochange,required,nemotron_super,10.028797743501574,22670,stable-diffusion-webui/5,stable-diffusion-webui,5,3,13,0,89889,28700,0.019121,350.03
0.0,0,0.0,0.0,temporal_cochange,required,nemotron_super,8.483636407887394,4835,thefuck/10,thefuck,10,1,14,0,89901,67735,0.034736,849.12
0.0,0,0.0,0.0,temporal_cochange,required,nemotron_super,8.483636407887394,4835,thefuck/10,thefuck,10,2,8,0,28499,17703,0.009504,191.63
0.0,0,0.0,0.0,temporal_cochange,required,nemotron_super,8.483636407887394,4835,thefuck/10,thefuck,10,3,8,0,28409,24881,0.012367,257.02
0.0,0,0.0,0.0,temporal_cochange,required,nemotron_super,8.270781013162674,3908,thefuck/20,thefuck,20,1,32,1,194385,32654,0.029584,390.52
0.0,0,0.0,0.0,temporal_cochange,required,nemotron_super,8.270781013162674,3908,thefuck/20,thefuck,20,2,20,0,101659,33704,0.022123,569.66
0.0,0,0.0,0.0,temporal_cochange,required,nemotron_super,8.270781013162674,3908,thefuck/20,thefuck,20,3,32,1,206698,37177,0.03244,533.99
1.0,1,1.0,1.0,temporal_cochange,required,nemotron_super,7.822845290279774,2497,thefuck/5,thefuck,5,1,9,0,33832,25726,0.013166,255.42
1.0,1,1.0,1.0,temporal_cochange,required,nemotron_super,7.822845290279774,2497,thefuck/5,thefuck,5,2,29,0,206938,57862,0.040735,870.7
1.0,1,1.0,1.0,temporal_cochange,required,nemotron_super,7.822845290279774,2497,thefuck/5,thefuck,5,3,22,0,160727,50370,0.03381,629.37
1.0,1,1.0,1.0,temporal_cochange,required,nemotron_super,12.430331574579306,250279,transformers/25,transformers,25,1,8,0,42232,9211,0.007274,125.05
1.0,1,1.0,1.0,temporal_cochange,required,nemotron_super,12.430331574579306,250279,transformers/25,transformers,25,2,20,0,115136,22491,0.018783,306.0
1.0,1,1.0,1.0,temporal_cochange,required,nemotron_super,12.430331574579306,250279,transformers/25,transformers,25,3,18,0,99968,16395,0.015055,190.67
0.1538,0,1.0,0.0833,temporal_cochange,required,nemotron_super,12.407424472605875,244611,transformers/27,transformers,27,1,5,0,17836,2322,0.002445,41.08
0.1538,0,1.0,0.0833,temporal_cochange,required,nemotron_super,12.407424472605875,244611,transformers/27,transformers,27,2,4,0,16595,1422,0.001979,33.98
0.1538,0,1.0,0.0833,temporal_cochange,required,nemotron_super,12.407424472605875,244611,transformers/27,transformers,27,3,7,0,37961,1731,0.003919,27.05
0.0,0,0.0,0.0,temporal_cochange,required,nemotron_super,11.587420505060633,107734,transformers/5,transformers,5,1,30,1,871912,36798,0.088832,437.89
0.75,0,1.0,0.6,temporal_cochange,required,nemotron_super,11.587420505060633,107734,transformers/5,transformers,5,2,30,1,963695,44374,0.099664,554.42
0.8889,0,1.0,0.8,temporal_cochange,required,nemotron_super,11.587420505060633,107734,transformers/5,transformers,5,3,32,1,925314,29378,0.090403,239.14
1.0,1,1.0,1.0,temporal_cochange,required,nemotron_super,12.095096391086711,178992,yt-dlp/23,yt-dlp,23,1,4,0,29569,13375,0.007863,287.23
1.0,1,1.0,1.0,temporal_cochange,required,nemotron_super,12.095096391086711,178992,yt-dlp/23,yt-dlp,23,2,5,0,39315,7592,0.006379,113.05
1.0,1,1.0,1.0,temporal_cochange,required,nemotron_super,12.095096391086711,178992,yt-dlp/23,yt-dlp,23,3,4,0,29561,9655,0.006375,160.9
0.0,0,0.0,0.0,temporal_cochange,required,nemotron_super,12.1489730534896,188900,yt-dlp/41,yt-dlp,41,1,26,0,255049,37501,0.03668,379.86
0.0,0,0.0,0.0,temporal_cochange,required,nemotron_super,12.1489730534896,188900,yt-dlp/41,yt-dlp,41,2,24,0,218747,19485,0.026387,248.92
0.0,0,0.0,0.0,temporal_cochange,required,nemotron_super,12.1489730534896,188900,yt-dlp/41,yt-dlp,41,3,13,0,100710,16575,0.01519,188.29
0.6667,0,1.0,0.5,temporal_cochange,required,nemotron_super,12.198660241414718,198523,yt-dlp/45,yt-dlp,45,1,23,0,277758,36638,0.038265,726.63
0.6667,0,1.0,0.5,temporal_cochange,required,nemotron_super,12.198660241414718,198523,yt-dlp/45,yt-dlp,45,2,14,0,197698,22461,0.025789,331.14
0.6667,0,1.0,0.5,temporal_cochange,required,nemotron_super,12.198660241414718,198523,yt-dlp/45,yt-dlp,45,3,26,0,750862,59858,0.087766,761.23
1.0,1,1.0,1.0,all_tools,required,ministral_3b,12.068688124847148,174327,core/16,core,16,1,12,0,46552,1262,0.001141,8.77
1.0,1,1.0,1.0,all_tools,required,ministral_3b,12.068688124847148,174327,core/16,core,16,2,13,0,86336,971,0.002556,8.78
0.6667,1,0.5,1.0,all_tools,required,ministral_3b,12.068688124847148,174327,core/16,core,16,3,14,0,82906,1675,0.003447,12.92
1.0,1,1.0,1.0,all_tools,required,ministral_3b,11.506545154005941,99364,core/20,core,20,1,10,0,52443,1677,0.00153,10.1
0.0,0,0.0,0.0,all_tools,required,ministral_3b,11.506545154005941,99364,core/20,core,20,2,8,0,45604,2102,0.001729,10.76
1.0,1,1.0,1.0,all_tools,required,ministral_3b,11.506545154005941,99364,core/20,core,20,3,10,0,55053,2002,0.002088,17.16
0.0,0,0.0,0.0,all_tools,required,ministral_3b,8.579980179515003,5324,fastapi/17,fastapi,17,1,9,0,49552,2197,0.001247,10.47
0.0,0,0.0,0.0,all_tools,required,ministral_3b,8.579980179515003,5324,fastapi/17,fastapi,17,2,22,0,192000,3749,0.004127,21.93
0.0,0,0.0,0.0,all_tools,required,ministral_3b,8.579980179515003,5324,fastapi/17,fastapi,17,3,22,0,177651,4200,0.0042,24.0
0.0,0,0.0,0.0,all_tools,required,ministral_3b,8.518991573357617,5009,fastapi/20,fastapi,20,1,26,0,206412,3987,0.004969,23.43
0.0,0,0.0,0.0,all_tools,required,ministral_3b,8.518991573357617,5009,fastapi/20,fastapi,20,2,30,1,324828,2026,0.00627,19.5
0.0,0,0.0,0.0,all_tools,required,ministral_3b,8.518991573357617,5009,fastapi/20,fastapi,20,3,26,0,122499,2824,0.00312,22.35
0.5,0,1.0,0.3333,all_tools,required,ministral_3b,8.482187582217422,4828,fastapi/9,fastapi,9,1,12,0,75445,1612,0.002291,14.45
0.5,0,1.0,0.3333,all_tools,required,ministral_3b,8.482187582217422,4828,fastapi/9,fastapi,9,2,15,0,99101,1804,0.002556,14.95
0.5,0,1.0,0.3333,all_tools,required,ministral_3b,8.482187582217422,4828,fastapi/9,fastapi,9,3,20,0,131348,2165,0.003698,17.29
0.6667,0,1.0,0.5,all_tools,required,ministral_3b,8.808369153122275,6690,flask/18,flask,18,1,11,0,95440,1591,0.003448,9.46
0.6667,0,1.0,0.5,all_tools,required,ministral_3b,8.808369153122275,6690,flask/18,flask,18,2,20,0,283240,1836,0.006332,13.85
0.6667,0,1.0,0.5,all_tools,required,ministral_3b,8.808369153122275,6690,flask/18,flask,18,3,23,0,419853,2279,0.00937,19.69
1.0,1,1.0,1.0,all_tools,required,ministral_3b,8.899457906353966,7328,flask/3,flask,3,1,16,0,152559,3298,0.003974,17.83
1.0,1,1.0,1.0,all_tools,required,ministral_3b,8.899457906353966,7328,flask/3,flask,3,2,7,0,40728,1139,0.001387,6.42
1.0,1,1.0,1.0,all_tools,required,ministral_3b,8.899457906353966,7328,flask/3,flask,3,3,8,0,57957,1303,0.002574,14.04
1.0,1,1.0,1.0,all_tools,required,ministral_3b,8.827468112520654,6819,flask/6,flask,6,1,9,0,48079,601,0.001527,4.86
1.0,1,1.0,1.0,all_tools,required,ministral_3b,8.827468112520654,6819,flask/6,flask,6,2,11,0,45565,846,0.001277,7.04
1.0,1,1.0,1.0,all_tools,required,ministral_3b,8.827468112520654,6819,flask/6,flask,6,3,6,0,31650,1075,0.001694,13.0
0.0,0,0.0,0.0,all_tools,required,ministral_3b,8.341410211461865,4194,gpt-engineer/11,gpt-engineer,11,1,11,0,45080,1354,0.001418,7.62
0.6667,1,0.5,1.0,all_tools,required,ministral_3b,8.341410211461865,4194,gpt-engineer/11,gpt-engineer,11,2,8,0,23606,807,0.000529,4.74
0.0,0,0.0,0.0,all_tools,required,ministral_3b,8.341410211461865,4194,gpt-engineer/11,gpt-engineer,11,3,13,0,53049,1746,0.001931,23.39
0.4,0,1.0,0.25,all_tools,required,ministral_3b,8.029432840581244,3070,gpt-engineer/12,gpt-engineer,12,1,6,0,26375,1178,0.000831,6.3
0.4,0,1.0,0.25,all_tools,required,ministral_3b,8.029432840581244,3070,gpt-engineer/12,gpt-engineer,12,2,11,0,48146,1043,0.001209,7.72
0.4,0,1.0,0.25,all_tools,required,ministral_3b,8.029432840581244,3070,gpt-engineer/12,gpt-engineer,12,3,10,0,48715,1690,0.001953,10.52
0.0,0,0.0,0.0,all_tools,required,ministral_3b,8.36380888451688,4289,gpt-engineer/9,gpt-engineer,9,1,14,0,134954,2130,0.004297,12.3
0.6667,1,0.5,1.0,all_tools,required,ministral_3b,8.36380888451688,4289,gpt-engineer/9,gpt-engineer,9,2,16,0,115497,2755,0.003346,18.83
1.0,1,1.0,1.0,all_tools,required,ministral_3b,8.36380888451688,4289,gpt-engineer/9,gpt-engineer,9,3,13,0,58631,1783,0.002263,14.31
0.0,0,0.0,0.0,all_tools,required,ministral_3b,10.196231790580173,26802,keras/12,keras,12,1,15,0,174455,2271,0.006268,14.27
0.0,0,0.0,0.0,all_tools,required,ministral_3b,10.196231790580173,26802,keras/12,keras,12,2,11,0,73432,1519,0.002518,10.81
0.0,0,0.0,0.0,all_tools,required,ministral_3b,10.196231790580173,26802,keras/12,keras,12,3,12,0,55716,1255,0.002472,39.62
1.0,1,1.0,1.0,all_tools,required,ministral_3b,10.349134450277123,31230,keras/5,keras,5,1,14,0,209183,2129,0.006512,15.88
1.0,1,1.0,1.0,all_tools,required,ministral_3b,10.349134450277123,31230,keras/5,keras,5,2,13,0,113083,2587,0.00371,13.0
1.0,1,1.0,1.0,all_tools,required,ministral_3b,10.349134450277123,31230,keras/5,keras,5,3,15,0,192636,1525,0.007516,43.55
1.0,1,1.0,1.0,all_tools,required,ministral_3b,10.444153492313001,34343,keras/9,keras,9,1,12,0,83933,1364,0.002896,8.29
1.0,1,1.0,1.0,all_tools,required,ministral_3b,10.444153492313001,34343,keras/9,keras,9,2,10,0,64028,1204,0.002422,8.79
1.0,1,1.0,1.0,all_tools,required,ministral_3b,10.444153492313001,34343,keras/9,keras,9,3,13,0,107621,1270,0.003367,13.32
0.25,0,1.0,0.1429,all_tools,required,ministral_3b,9.61953186182516,15056,localstack/19,localstack,19,1,17,0,144292,967,0.003017,8.7
0.25,0,1.0,0.1429,all_tools,required,ministral_3b,9.61953186182516,15056,localstack/19,localstack,19,2,10,0,75846,675,0.002802,5.48
0.3636,0,0.5,0.2857,all_tools,required,ministral_3b,9.61953186182516,15056,localstack/19,localstack,19,3,17,0,48009,1332,0.001017,9.98
0.6667,1,0.5,1.0,all_tools,required,ministral_3b,10.563155506021905,38683,localstack/2,localstack,2,1,20,0,277796,1453,0.006071,13.48
1.0,1,1.0,1.0,all_tools,required,ministral_3b,10.563155506021905,38683,localstack/2,localstack,2,2,23,0,421501,2501,0.009361,18.13
1.0,1,1.0,1.0,all_tools,required,ministral_3b,10.563155506021905,38683,localstack/2,localstack,2,3,26,0,369806,2088,0.010498,23.67
1.0,1,1.0,1.0,all_tools,required,ministral_3b,9.860214640302662,19153,localstack/9,localstack,9,1,18,0,158317,2426,0.00384,16.94
1.0,1,1.0,1.0,all_tools,required,ministral_3b,9.860214640302662,19153,localstack/9,localstack,9,2,19,0,165635,3129,0.004423,18.9
1.0,1,1.0,1.0,all_tools,required,ministral_3b,9.860214640302662,19153,localstack/9,localstack,9,3,20,0,176170,2382,0.005702,41.22
0.6667,0,1.0,0.5,all_tools,required,ministral_3b,11.189312196300184,72353,pandas/26,pandas,26,1,26,0,568769,1784,0.011701,19.1
0.6667,0,1.0,0.5,all_tools,required,ministral_3b,11.189312196300184,72353,pandas/26,pandas,26,2,23,0,424831,1917,0.011905,19.06
0.6667,0,1.0,0.5,all_tools,required,ministral_3b,11.189312196300184,72353,pandas/26,pandas,26,3,26,0,405088,1334,0.009008,16.34
0.0,0,0.0,0.0,all_tools,required,ministral_3b,11.270446177349276,78468,pandas/35,pandas,35,1,27,0,674008,1561,0.012895,23.8
0.0,0,0.0,0.0,all_tools,required,ministral_3b,11.270446177349276,78468,pandas/35,pandas,35,2,26,0,404476,2121,0.007689,23.63
0.0,0,0.0,0.0,all_tools,required,ministral_3b,11.270446177349276,78468,pandas/35,pandas,35,3,26,0,475806,3090,0.014735,67.37
0.0,0,0.0,0.0,all_tools,required,ministral_3b,12.08721590866289,177587,pandas/38,pandas,38,1,9,0,78914,869,0.002322,6.19
0.6667,0,1.0,0.5,all_tools,required,ministral_3b,12.08721590866289,177587,pandas/38,pandas,38,2,15,0,330713,1692,0.007159,19.29
0.6667,0,1.0,0.5,all_tools,required,ministral_3b,12.08721590866289,177587,pandas/38,pandas,38,3,11,0,195783,1909,0.007938,14.15
0.5,0,0.5,0.5,all_tools,required,ministral_3b,10.883015959814806,53264,pandas/44,pandas,44,1,23,0,388425,3664,0.007725,23.32
0.0,0,0.0,0.0,all_tools,required,ministral_3b,10.883015959814806,53264,pandas/44,pandas,44,2,27,0,671462,3937,0.012889,30.12
0.0,0,0.0,0.0,all_tools,required,ministral_3b,10.883015959814806,53264,pandas/44,pandas,44,3,26,0,416461,3134,0.009185,38.94
0.5,0,1.0,0.3333,all_tools,required,ministral_3b,9.346705246496699,11461,requests/12,requests,12,1,12,0,48967,1173,0.00157,8.69
0.5,0,1.0,0.3333,all_tools,required,ministral_3b,9.346705246496699,11461,requests/12,requests,12,2,9,0,34757,779,0.000823,5.54
0.8,0,1.0,0.6667,all_tools,required,ministral_3b,9.346705246496699,11461,requests/12,requests,12,3,26,0,156991,2473,0.004023,18.98
1.0,1,1.0,1.0,all_tools,required,ministral_3b,9.348274558065496,11479,requests/13,requests,13,1,9,0,42869,1291,0.00149,8.24
0.6667,1,0.5,1.0,all_tools,required,ministral_3b,9.348274558065496,11479,requests/13,requests,13,2,12,0,65989,1425,0.002007,8.33
1.0,1,1.0,1.0,all_tools,required,ministral_3b,9.348274558065496,11479,requests/13,requests,13,3,11,0,58791,1360,0.002386,14.5
1.0,1,1.0,1.0,all_tools,required,ministral_3b,7.958576903813898,2860,requests/7,requests,7,1,10,0,48118,2365,0.001696,12.95
1.0,1,1.0,1.0,all_tools,required,ministral_3b,7.958576903813898,2860,requests/7,requests,7,2,10,0,54720,1743,0.001764,8.6
1.0,1,1.0,1.0,all_tools,required,ministral_3b,7.958576903813898,2860,requests/7,requests,7,3,13,0,66334,1373,0.002151,15.41
1.0,1,1.0,1.0,all_tools,required,ministral_3b,10.031000872835088,22720,rich/1,rich,1,1,6,0,48298,522,0.001576,3.84
1.0,1,1.0,1.0,all_tools,required,ministral_3b,10.031000872835088,22720,rich/1,rich,1,2,7,0,66945,697,0.002237,5.25
1.0,1,1.0,1.0,all_tools,required,ministral_3b,10.031000872835088,22720,rich/1,rich,1,3,7,0,61603,677,0.00374,5.99
0.0,0,0.0,0.0,all_tools,required,ministral_3b,10.051648903516648,23194,rich/12,rich,12,1,26,0,487894,3643,0.009606,25.31
0.0,0,0.0,0.0,all_tools,required,ministral_3b,10.051648903516648,23194,rich/12,rich,12,2,16,0,254952,1376,0.007362,11.34
0.0,0,0.0,0.0,all_tools,required,ministral_3b,10.051648903516648,23194,rich/12,rich,12,3,16,0,191196,2613,0.005638,16.8
1.0,1,1.0,1.0,all_tools,required,ministral_3b,10.039939675671627,22924,rich/8,rich,8,1,9,0,67886,901,0.002432,6.11
1.0,1,1.0,1.0,all_tools,required,ministral_3b,10.039939675671627,22924,rich/8,rich,8,2,10,0,58983,1744,0.001799,16.95
0.0,0,0.0,0.0,all_tools,required,ministral_3b,10.039939675671627,22924,rich/8,rich,8,3,10,0,56925,1174,0.002193,11.03
0.6667,0,1.0,0.5,all_tools,required,ministral_3b,11.620954417182327,111408,scikit-learn/45,scikit-learn,45,1,6,0,16027,602,0.000545,3.47
0.6667,0,1.0,0.5,all_tools,required,ministral_3b,11.620954417182327,111408,scikit-learn/45,scikit-learn,45,2,12,0,37827,628,0.000896,5.11
0.6667,0,1.0,0.5,all_tools,required,ministral_3b,11.620954417182327,111408,scikit-learn/45,scikit-learn,45,3,8,0,64063,526,0.003533,5.34
1.0,1,1.0,1.0,all_tools,required,ministral_3b,11.55076060327325,103856,scikit-learn/49,scikit-learn,49,1,6,0,47624,606,0.001747,3.77
1.0,1,1.0,1.0,all_tools,required,ministral_3b,11.55076060327325,103856,scikit-learn/49,scikit-learn,49,2,7,0,95207,840,0.006195,6.35
1.0,1,1.0,1.0,all_tools,required,ministral_3b,11.55076060327325,103856,scikit-learn/49,scikit-learn,49,3,7,0,54467,773,0.003784,6.4
1.0,1,1.0,1.0,all_tools,required,ministral_3b,11.525654110946952,101281,scikit-learn/5,scikit-learn,5,1,15,0,75000,1840,0.001797,11.28
1.0,1,1.0,1.0,all_tools,required,ministral_3b,11.525654110946952,101281,scikit-learn/5,scikit-learn,5,2,16,0,94244,1328,0.002945,9.24
1.0,1,1.0,1.0,all_tools,required,ministral_3b,11.525654110946952,101281,scikit-learn/5,scikit-learn,5,3,23,0,388456,2679,0.012456,56.94
1.0,1,1.0,1.0,all_tools,required,ministral_3b,9.796458979777604,17970,scrapy/20,scrapy,20,1,9,0,39289,379,0.000902,3.55
1.0,1,1.0,1.0,all_tools,required,ministral_3b,9.796458979777604,17970,scrapy/20,scrapy,20,2,8,0,33966,400,0.001213,7.2
1.0,1,1.0,1.0,all_tools,required,ministral_3b,9.796458979777604,17970,scrapy/20,scrapy,20,3,6,0,21672,243,0.000705,2.57
1.0,1,1.0,1.0,all_tools,required,ministral_3b,9.655026193237628,15600,scrapy/26,scrapy,26,1,15,0,110860,1925,0.002961,11.11
0.6667,1,0.5,1.0,all_tools,required,ministral_3b,9.655026193237628,15600,scrapy/26,scrapy,26,2,9,0,36473,1222,0.001097,9.27
0.6667,1,0.5,1.0,all_tools,required,ministral_3b,9.655026193237628,15600,scrapy/26,scrapy,26,3,26,0,256484,2410,0.006375,22.6
0.0,0,0.0,0.0,all_tools,required,ministral_3b,9.73477299914839,16895,scrapy/48,scrapy,48,1,26,0,220706,1834,0.00479,15.86
0.0,0,0.0,0.0,all_tools,required,ministral_3b,9.73477299914839,16895,scrapy/48,scrapy,48,2,14,0,139654,1478,0.004114,9.57
0.0,0,0.0,0.0,all_tools,required,ministral_3b,9.73477299914839,16895,scrapy/48,scrapy,48,3,26,0,161822,2132,0.004207,22.2
1.0,1,1.0,1.0,all_tools,required,ministral_3b,9.961803629358965,21201,stable-diffusion-webui/0,stable-diffusion-webui,0,1,7,0,134146,1150,0.004774,7.19
1.0,1,1.0,1.0,all_tools,required,ministral_3b,9.961803629358965,21201,stable-diffusion-webui/0,stable-diffusion-webui,0,2,9,0,160729,1013,0.004885,8.46
1.0,1,1.0,1.0,all_tools,required,ministral_3b,9.961803629358965,21201,stable-diffusion-webui/0,stable-diffusion-webui,0,3,6,0,114639,1620,0.004633,18.4
0.0,0,0.0,0.0,all_tools,required,ministral_3b,9.908425341565751,20099,stable-diffusion-webui/13,stable-diffusion-webui,13,1,17,0,305912,2689,0.006783,20.82
0.0,0,0.0,0.0,all_tools,required,ministral_3b,9.908425341565751,20099,stable-diffusion-webui/13,stable-diffusion-webui,13,2,17,0,273209,2891,0.005998,17.77
0.0,0,0.0,0.0,all_tools,required,ministral_3b,9.908425341565751,20099,stable-diffusion-webui/13,stable-diffusion-webui,13,3,30,0,845560,3221,0.019456,33.44
0.6667,0,1.0,0.5,all_tools,required,ministral_3b,10.028797743501574,22670,stable-diffusion-webui/5,stable-diffusion-webui,5,1,16,0,68864,1148,0.002117,9.74
0.6667,0,1.0,0.5,all_tools,required,ministral_3b,10.028797743501574,22670,stable-diffusion-webui/5,stable-diffusion-webui,5,2,13,0,89862,1356,0.003857,10.24
0.0,0,0.0,0.0,all_tools,required,ministral_3b,10.028797743501574,22670,stable-diffusion-webui/5,stable-diffusion-webui,5,3,26,0,142854,2114,0.003599,17.29
0.5,0,1.0,0.3333,all_tools,required,ministral_3b,8.483636407887394,4835,thefuck/10,thefuck,10,1,14,0,57163,1344,0.001542,11.45
0.0,0,0.0,0.0,all_tools,required,ministral_3b,8.483636407887394,4835,thefuck/10,thefuck,10,2,14,0,53211,1399,0.001337,10.65
0.0,0,0.0,0.0,all_tools,required,ministral_3b,8.483636407887394,4835,thefuck/10,thefuck,10,3,12,0,50308,1388,0.001564,9.71
0.0,0,0.0,0.0,all_tools,required,ministral_3b,8.270781013162674,3908,thefuck/20,thefuck,20,1,8,0,24118,973,0.000735,5.89
0.0,0,0.0,0.0,all_tools,required,ministral_3b,8.270781013162674,3908,thefuck/20,thefuck,20,2,22,0,136550,3609,0.003187,28.28
0.0,0,0.0,0.0,all_tools,required,ministral_3b,8.270781013162674,3908,thefuck/20,thefuck,20,3,14,0,66220,2131,0.002342,16.71
1.0,1,1.0,1.0,all_tools,required,ministral_3b,7.822845290279774,2497,thefuck/5,thefuck,5,1,6,0,89322,1209,0.003984,6.52
1.0,1,1.0,1.0,all_tools,required,ministral_3b,7.822845290279774,2497,thefuck/5,thefuck,5,2,12,0,97770,1647,0.001866,9.2
1.0,1,1.0,1.0,all_tools,required,ministral_3b,7.822845290279774,2497,thefuck/5,thefuck,5,3,15,0,82505,1876,0.002897,46.94
1.0,1,1.0,1.0,all_tools,required,ministral_3b,12.430331574579306,250279,transformers/25,transformers,25,1,20,0,269129,2158,0.006473,18.79
1.0,1,1.0,1.0,all_tools,required,ministral_3b,12.430331574579306,250279,transformers/25,transformers,25,2,17,0,270556,1112,0.005843,11.09
1.0,1,1.0,1.0,all_tools,required,ministral_3b,12.430331574579306,250279,transformers/25,transformers,25,3,13,0,189763,1512,0.005799,15.3
0.1538,0,1.0,0.0833,all_tools,required,ministral_3b,12.407424472605875,244611,transformers/27,transformers,27,1,6,0,23432,498,0.00078,4.35
0.1538,0,1.0,0.0833,all_tools,required,ministral_3b,12.407424472605875,244611,transformers/27,transformers,27,2,5,0,20302,548,0.000703,3.71
0.1538,0,1.0,0.0833,all_tools,required,ministral_3b,12.407424472605875,244611,transformers/27,transformers,27,3,7,0,27493,648,0.000833,5.06
0.3333,0,1.0,0.2,all_tools,required,ministral_3b,11.587420505060633,107734,transformers/5,transformers,5,1,12,0,111862,2346,0.00399,13.03
0.0,0,0.0,0.0,all_tools,required,ministral_3b,11.587420505060633,107734,transformers/5,transformers,5,2,16,0,165020,2526,0.006202,17.47
0.25,0,0.3333,0.2,all_tools,required,ministral_3b,11.587420505060633,107734,transformers/5,transformers,5,3,15,0,118899,2533,0.004252,15.13
1.0,1,1.0,1.0,all_tools,required,ministral_3b,12.095096391086711,178992,yt-dlp/23,yt-dlp,23,1,16,0,158866,2335,0.003759,16.26
1.0,1,1.0,1.0,all_tools,required,ministral_3b,12.095096391086711,178992,yt-dlp/23,yt-dlp,23,2,15,0,146598,2018,0.003572,15.74
1.0,1,1.0,1.0,all_tools,required,ministral_3b,12.095096391086711,178992,yt-dlp/23,yt-dlp,23,3,15,0,143536,2395,0.003327,22.71
0.0,0,0.0,0.0,all_tools,required,ministral_3b,12.1489730534896,188900,yt-dlp/41,yt-dlp,41,1,19,0,506553,3164,0.011838,28.07
0.0,0,0.0,0.0,all_tools,required,ministral_3b,12.1489730534896,188900,yt-dlp/41,yt-dlp,41,2,12,0,129989,3777,0.003688,20.48
0.0,0,0.0,0.0,all_tools,required,ministral_3b,12.1489730534896,188900,yt-dlp/41,yt-dlp,41,3,26,0,660664,3654,0.017863,33.3
0.5,0,0.5,0.5,all_tools,required,ministral_3b,12.198660241414718,198523,yt-dlp/45,yt-dlp,45,1,13,0,275717,2641,0.008148,17.77
0.6667,0,1.0,0.5,all_tools,required,ministral_3b,12.198660241414718,198523,yt-dlp/45,yt-dlp,45,2,23,0,433089,2795,0.011286,26.52
0.5,0,0.5,0.5,all_tools,required,ministral_3b,12.198660241414718,198523,yt-dlp/45,yt-dlp,45,3,23,0,398036,2895,0.010671,59.11
1.0,1,1.0,1.0,all_tools,required,gpt_oss_120b,12.068688124847148,174327,core/16,core,16,1,13,0,56640,2543,0.005846,37.24
1.0,1,1.0,1.0,all_tools,required,gpt_oss_120b,12.068688124847148,174327,core/16,core,16,2,6,0,32860,1786,0.004616,22.38
1.0,1,1.0,1.0,all_tools,required,gpt_oss_120b,12.068688124847148,174327,core/16,core,16,3,7,0,39584,2932,0.004892,29.2
1.0,1,1.0,1.0,all_tools,required,gpt_oss_120b,11.506545154005941,99364,core/20,core,20,1,10,0,45668,2559,0.004843,28.94
1.0,1,1.0,1.0,all_tools,required,gpt_oss_120b,11.506545154005941,99364,core/20,core,20,2,13,0,57846,2708,0.004788,46.7
1.0,1,1.0,1.0,all_tools,required,gpt_oss_120b,11.506545154005941,99364,core/20,core,20,3,15,0,65693,3652,0.005757,53.02
0.0,0,0.0,0.0,all_tools,required,gpt_oss_120b,8.579980179515003,5324,fastapi/17,fastapi,17,1,30,1,276841,7752,0.01541,87.85
0.0,0,0.0,0.0,all_tools,required,gpt_oss_120b,8.579980179515003,5324,fastapi/17,fastapi,17,2,30,1,230000,9162,0.013839,132.18
0.0,0,0.0,0.0,all_tools,required,gpt_oss_120b,8.579980179515003,5324,fastapi/17,fastapi,17,3,21,0,223954,7362,0.012868,126.25
0.0,0,0.0,0.0,all_tools,required,gpt_oss_120b,8.518991573357617,5009,fastapi/20,fastapi,20,1,18,0,67263,5087,0.006356,63.06
0.0,0,0.0,0.0,all_tools,required,gpt_oss_120b,8.518991573357617,5009,fastapi/20,fastapi,20,2,3,0,6273,915,0.000871,16.23
0.0,0,0.0,0.0,all_tools,required,gpt_oss_120b,8.518991573357617,5009,fastapi/20,fastapi,20,3,12,0,31753,4203,0.003799,56.31
0.5,0,1.0,0.3333,all_tools,required,gpt_oss_120b,8.482187582217422,4828,fastapi/9,fastapi,9,1,6,0,25381,941,0.002783,19.36
0.5,0,1.0,0.3333,all_tools,required,gpt_oss_120b,8.482187582217422,4828,fastapi/9,fastapi,9,2,7,0,62466,1239,0.006479,15.38
0.5,0,1.0,0.3333,all_tools,required,gpt_oss_120b,8.482187582217422,4828,fastapi/9,fastapi,9,3,16,0,90535,3687,0.00719,37.88
1.0,1,1.0,1.0,all_tools,required,gpt_oss_120b,8.808369153122275,6690,flask/18,flask,18,1,20,0,236591,3864,0.010905,85.92
1.0,1,1.0,1.0,all_tools,required,gpt_oss_120b,8.808369153122275,6690,flask/18,flask,18,2,20,0,186977,3634,0.01015,56.62
0.6667,0,1.0,0.5,all_tools,required,gpt_oss_120b,8.808369153122275,6690,flask/18,flask,18,3,9,0,62102,1144,0.00478,40.06
1.0,1,1.0,1.0,all_tools,required,gpt_oss_120b,8.899457906353966,7328,flask/3,flask,3,1,7,0,46131,1262,0.00518,22.2
1.0,1,1.0,1.0,all_tools,required,gpt_oss_120b,8.899457906353966,7328,flask/3,flask,3,2,30,1,225082,8008,0.012193,119.15
1.0,1,1.0,1.0,all_tools,required,gpt_oss_120b,8.899457906353966,7328,flask/3,flask,3,3,5,0,27687,1063,0.003296,51.87
1.0,1,1.0,1.0,all_tools,required,gpt_oss_120b,8.827468112520654,6819,flask/6,flask,6,1,11,0,56460,2015,0.005324,38.72
1.0,1,1.0,1.0,all_tools,required,gpt_oss_120b,8.827468112520654,6819,flask/6,flask,6,2,11,0,56612,3634,0.005992,46.42
1.0,1,1.0,1.0,all_tools,required,gpt_oss_120b,8.827468112520654,6819,flask/6,flask,6,3,13,0,65442,2717,0.006243,70.56
0.0,0,0.0,0.0,all_tools,required,gpt_oss_120b,8.341410211461865,4194,gpt-engineer/11,gpt-engineer,11,1,17,0,123248,6828,0.011612,95.36
0.0,0,0.0,0.0,all_tools,required,gpt_oss_120b,8.341410211461865,4194,gpt-engineer/11,gpt-engineer,11,2,10,0,56303,2506,0.005725,33.36
0.0,0,0.0,0.0,all_tools,required,gpt_oss_120b,8.341410211461865,4194,gpt-engineer/11,gpt-engineer,11,3,15,0,120406,3033,0.007707,63.26
0.4,0,1.0,0.25,all_tools,required,gpt_oss_120b,8.029432840581244,3070,gpt-engineer/12,gpt-engineer,12,1,12,0,77328,4380,0.008104,78.0
0.4,0,1.0,0.25,all_tools,required,gpt_oss_120b,8.029432840581244,3070,gpt-engineer/12,gpt-engineer,12,2,7,0,30678,1794,0.003014,29.73
0.4,0,1.0,0.25,all_tools,required,gpt_oss_120b,8.029432840581244,3070,gpt-engineer/12,gpt-engineer,12,3,8,0,31316,1380,0.002255,10.89
0.6667,1,0.5,1.0,all_tools,required,gpt_oss_120b,8.36380888451688,4289,gpt-engineer/9,gpt-engineer,9,1,7,0,46000,5384,0.007325,65.39
0.6667,1,0.5,1.0,all_tools,required,gpt_oss_120b,8.36380888451688,4289,gpt-engineer/9,gpt-engineer,9,2,11,0,63319,5682,0.007739,72.58
0.6667,1,0.5,1.0,all_tools,required,gpt_oss_120b,8.36380888451688,4289,gpt-engineer/9,gpt-engineer,9,3,8,0,40207,2531,0.003975,27.94
0.0,0,0.0,0.0,all_tools,required,gpt_oss_120b,10.196231790580173,26802,keras/12,keras,12,1,6,0,20406,1699,0.002345,27.0
0.0,0,0.0,0.0,all_tools,required,gpt_oss_120b,10.196231790580173,26802,keras/12,keras,12,2,6,0,19131,1877,0.002396,23.63
0.0,0,0.0,0.0,all_tools,required,gpt_oss_120b,10.196231790580173,26802,keras/12,keras,12,3,5,0,14740,2119,0.002389,20.93
0.0,0,0.0,0.0,all_tools,required,gpt_oss_120b,10.349134450277123,31230,keras/5,keras,5,1,24,0,183348,5974,0.011776,118.24
0.6667,1,0.5,1.0,all_tools,required,gpt_oss_120b,10.349134450277123,31230,keras/5,keras,5,2,15,0,105501,8377,0.012681,97.16
0.0,0,0.0,0.0,all_tools,required,gpt_oss_120b,10.349134450277123,31230,keras/5,keras,5,3,16,0,110350,5668,0.009772,88.49
1.0,1,1.0,1.0,all_tools,required,gpt_oss_120b,10.444153492313001,34343,keras/9,keras,9,1,7,0,33630,1894,0.003917,31.13
1.0,1,1.0,1.0,all_tools,required,gpt_oss_120b,10.444153492313001,34343,keras/9,keras,9,2,8,0,35306,1241,0.003074,18.69
1.0,1,1.0,1.0,all_tools,required,gpt_oss_120b,10.444153492313001,34343,keras/9,keras,9,3,9,0,47371,2282,0.005243,33.32
0.0,0,0.0,0.0,all_tools,required,gpt_oss_120b,9.61953186182516,15056,localstack/19,localstack,19,1,27,0,165762,5340,0.009256,62.6
0.0,0,0.0,0.0,all_tools,required,gpt_oss_120b,9.61953186182516,15056,localstack/19,localstack,19,2,17,0,52230,3204,0.004184,39.31
0.0,0,0.0,0.0,all_tools,required,gpt_oss_120b,9.61953186182516,15056,localstack/19,localstack,19,3,13,0,36617,2453,0.003216,36.08
1.0,1,1.0,1.0,all_tools,required,gpt_oss_120b,10.563155506021905,38683,localstack/2,localstack,2,1,11,0,112654,2473,0.008259,36.65
1.0,1,1.0,1.0,all_tools,required,gpt_oss_120b,10.563155506021905,38683,localstack/2,localstack,2,2,16,0,133610,4599,0.008119,103.71
1.0,1,1.0,1.0,all_tools,required,gpt_oss_120b,10.563155506021905,38683,localstack/2,localstack,2,3,11,0,103361,3419,0.007379,35.87
1.0,1,1.0,1.0,all_tools,required,gpt_oss_120b,9.860214640302662,19153,localstack/9,localstack,9,1,9,0,43974,2622,0.004268,32.91
1.0,1,1.0,1.0,all_tools,required,gpt_oss_120b,9.860214640302662,19153,localstack/9,localstack,9,2,9,0,43337,2731,0.004841,37.72
1.0,1,1.0,1.0,all_tools,required,gpt_oss_120b,9.860214640302662,19153,localstack/9,localstack,9,3,9,0,42750,4175,0.005195,34.72
0.6667,0,1.0,0.5,all_tools,required,gpt_oss_120b,11.189312196300184,72353,pandas/26,pandas,26,1,30,1,323153,3755,0.014382,88.03
0.6667,0,1.0,0.5,all_tools,required,gpt_oss_120b,11.189312196300184,72353,pandas/26,pandas,26,2,20,0,226091,4186,0.013486,84.59
1.0,1,1.0,1.0,all_tools,required,gpt_oss_120b,11.189312196300184,72353,pandas/26,pandas,26,3,16,0,103629,2705,0.0063,30.71
0.0,0,0.0,0.0,all_tools,required,gpt_oss_120b,11.270446177349276,78468,pandas/35,pandas,35,1,30,1,369864,6138,0.018621,138.8
0.0,0,0.0,0.0,all_tools,required,gpt_oss_120b,11.270446177349276,78468,pandas/35,pandas,35,2,30,1,461645,7902,0.024706,119.21
0.0,0,0.0,0.0,all_tools,required,gpt_oss_120b,11.270446177349276,78468,pandas/35,pandas,35,3,23,0,281239,5578,0.015459,71.74
0.6667,0,1.0,0.5,all_tools,required,gpt_oss_120b,12.08721590866289,177587,pandas/38,pandas,38,1,8,0,75612,1911,0.007151,40.07
0.6667,0,1.0,0.5,all_tools,required,gpt_oss_120b,12.08721590866289,177587,pandas/38,pandas,38,2,11,0,106715,2374,0.007263,35.76
0.6667,0,1.0,0.5,all_tools,required,gpt_oss_120b,12.08721590866289,177587,pandas/38,pandas,38,3,7,0,64293,2153,0.005729,40.63
0.0,0,0.0,0.0,all_tools,required,gpt_oss_120b,10.883015959814806,53264,pandas/44,pandas,44,1,5,0,56904,1079,0.005969,23.05
0.0,0,0.0,0.0,all_tools,required,gpt_oss_120b,10.883015959814806,53264,pandas/44,pandas,44,2,4,0,41107,1282,0.005406,25.67
0.0,0,0.0,0.0,all_tools,required,gpt_oss_120b,10.883015959814806,53264,pandas/44,pandas,44,3,3,0,30535,910,0.004421,11.97
0.8,0,1.0,0.6667,all_tools,required,gpt_oss_120b,9.346705246496699,11461,requests/12,requests,12,1,16,0,77269,2797,0.006819,53.36
0.8,0,1.0,0.6667,all_tools,required,gpt_oss_120b,9.346705246496699,11461,requests/12,requests,12,2,11,0,48634,2760,0.004402,28.95
0.5,0,1.0,0.3333,all_tools,required,gpt_oss_120b,9.346705246496699,11461,requests/12,requests,12,3,12,0,56277,2314,0.004296,17.1
1.0,1,1.0,1.0,all_tools,required,gpt_oss_120b,9.348274558065496,11479,requests/13,requests,13,1,13,0,80026,4145,0.008046,54.85
1.0,1,1.0,1.0,all_tools,required,gpt_oss_120b,9.348274558065496,11479,requests/13,requests,13,2,7,0,41290,1344,0.003402,30.38
1.0,1,1.0,1.0,all_tools,required,gpt_oss_120b,9.348274558065496,11479,requests/13,requests,13,3,7,0,28932,2085,0.003224,22.2
1.0,1,1.0,1.0,all_tools,required,gpt_oss_120b,7.958576903813898,2860,requests/7,requests,7,1,8,0,37173,2033,0.003403,23.28
1.0,1,1.0,1.0,all_tools,required,gpt_oss_120b,7.958576903813898,2860,requests/7,requests,7,2,8,0,32588,2642,0.004022,38.85
1.0,1,1.0,1.0,all_tools,required,gpt_oss_120b,7.958576903813898,2860,requests/7,requests,7,3,6,0,25346,1122,0.00204,16.72
1.0,1,1.0,1.0,all_tools,required,gpt_oss_120b,10.031000872835088,22720,rich/1,rich,1,1,5,0,42261,869,0.005889,17.15
1.0,1,1.0,1.0,all_tools,required,gpt_oss_120b,10.031000872835088,22720,rich/1,rich,1,2,16,0,88803,3128,0.008531,72.63
1.0,1,1.0,1.0,all_tools,required,gpt_oss_120b,10.031000872835088,22720,rich/1,rich,1,3,11,0,97072,1757,0.007806,21.76
0.0,0,0.0,0.0,all_tools,required,gpt_oss_120b,10.051648903516648,23194,rich/12,rich,12,1,7,0,35507,1466,0.003583,23.33
0.0,0,0.0,0.0,all_tools,required,gpt_oss_120b,10.051648903516648,23194,rich/12,rich,12,2,6,0,21979,1291,0.00258,14.53
0.0,0,0.0,0.0,all_tools,required,gpt_oss_120b,10.051648903516648,23194,rich/12,rich,12,3,7,0,39056,1186,0.003991,19.9
1.0,1,1.0,1.0,all_tools,required,gpt_oss_120b,10.039939675671627,22924,rich/8,rich,8,1,8,0,55435,1659,0.004426,28.86
1.0,1,1.0,1.0,all_tools,required,gpt_oss_120b,10.039939675671627,22924,rich/8,rich,8,2,10,0,62859,2169,0.005324,52.38
1.0,1,1.0,1.0,all_tools,required,gpt_oss_120b,10.039939675671627,22924,rich/8,rich,8,3,14,0,103756,3986,0.007075,51.94
0.6667,0,1.0,0.5,all_tools,required,gpt_oss_120b,11.620954417182327,111408,scikit-learn/45,scikit-learn,45,1,21,0,135966,3360,0.009572,52.61
0.6667,0,1.0,0.5,all_tools,required,gpt_oss_120b,11.620954417182327,111408,scikit-learn/45,scikit-learn,45,2,18,0,134228,2790,0.00777,37.24
0.6667,0,1.0,0.5,all_tools,required,gpt_oss_120b,11.620954417182327,111408,scikit-learn/45,scikit-learn,45,3,11,0,30204,1512,0.002168,28.46
1.0,1,1.0,1.0,all_tools,required,gpt_oss_120b,11.55076060327325,103856,scikit-learn/49,scikit-learn,49,1,19,0,308080,6916,0.018392,100.51
1.0,1,1.0,1.0,all_tools,required,gpt_oss_120b,11.55076060327325,103856,scikit-learn/49,scikit-learn,49,2,21,0,284288,3379,0.020008,50.77
1.0,1,1.0,1.0,all_tools,required,gpt_oss_120b,11.55076060327325,103856,scikit-learn/49,scikit-learn,49,3,11,0,238449,1984,0.017727,35.0
1.0,1,1.0,1.0,all_tools,required,gpt_oss_120b,11.525654110946952,101281,scikit-learn/5,scikit-learn,5,1,16,0,127001,7588,0.010908,92.07
1.0,1,1.0,1.0,all_tools,required,gpt_oss_120b,11.525654110946952,101281,scikit-learn/5,scikit-learn,5,2,9,0,76385,3894,0.007656,46.12
1.0,1,1.0,1.0,all_tools,required,gpt_oss_120b,11.525654110946952,101281,scikit-learn/5,scikit-learn,5,3,9,0,51602,3295,0.005146,47.6
1.0,1,1.0,1.0,all_tools,required,gpt_oss_120b,9.796458979777604,17970,scrapy/20,scrapy,20,1,9,0,66136,1294,0.006143,23.44
1.0,1,1.0,1.0,all_tools,required,gpt_oss_120b,9.796458979777604,17970,scrapy/20,scrapy,20,2,12,0,96101,2041,0.006513,31.5
1.0,1,1.0,1.0,all_tools,required,gpt_oss_120b,9.796458979777604,17970,scrapy/20,scrapy,20,3,7,0,43371,831,0.00425,31.73
1.0,1,1.0,1.0,all_tools,required,gpt_oss_120b,9.655026193237628,15600,scrapy/26,scrapy,26,1,22,0,170737,3829,0.01096,63.39
1.0,1,1.0,1.0,all_tools,required,gpt_oss_120b,9.655026193237628,15600,scrapy/26,scrapy,26,2,30,1,234015,3692,0.012105,63.03
1.0,1,1.0,1.0,all_tools,required,gpt_oss_120b,9.655026193237628,15600,scrapy/26,scrapy,26,3,26,0,182875,5248,0.01045,52.39
0.0,0,0.0,0.0,all_tools,required,gpt_oss_120b,9.73477299914839,16895,scrapy/48,scrapy,48,1,9,0,25353,1473,0.002343,43.27
0.0,0,0.0,0.0,all_tools,required,gpt_oss_120b,9.73477299914839,16895,scrapy/48,scrapy,48,2,12,0,52917,2308,0.004672,30.68
0.0,0,0.0,0.0,all_tools,required,gpt_oss_120b,9.73477299914839,16895,scrapy/48,scrapy,48,3,24,0,128605,4143,0.00721,52.81
1.0,1,1.0,1.0,all_tools,required,gpt_oss_120b,9.961803629358965,21201,stable-diffusion-webui/0,stable-diffusion-webui,0,1,5,0,84230,1000,0.007617,19.43
1.0,1,1.0,1.0,all_tools,required,gpt_oss_120b,9.961803629358965,21201,stable-diffusion-webui/0,stable-diffusion-webui,0,2,4,0,64060,648,0.006236,22.95
1.0,1,1.0,1.0,all_tools,required,gpt_oss_120b,9.961803629358965,21201,stable-diffusion-webui/0,stable-diffusion-webui,0,3,7,0,113383,1035,0.007984,15.85
1.0,1,1.0,1.0,all_tools,required,gpt_oss_120b,9.908425341565751,20099,stable-diffusion-webui/13,stable-diffusion-webui,13,1,24,0,386202,4252,0.017951,62.83
1.0,1,1.0,1.0,all_tools,required,gpt_oss_120b,9.908425341565751,20099,stable-diffusion-webui/13,stable-diffusion-webui,13,2,28,0,389593,4336,0.018556,84.76
1.0,1,1.0,1.0,all_tools,required,gpt_oss_120b,9.908425341565751,20099,stable-diffusion-webui/13,stable-diffusion-webui,13,3,30,1,432298,4725,0.018566,53.0
0.6667,0,1.0,0.5,all_tools,required,gpt_oss_120b,10.028797743501574,22670,stable-diffusion-webui/5,stable-diffusion-webui,5,1,30,1,232998,4504,0.010291,63.79
0.6667,0,1.0,0.5,all_tools,required,gpt_oss_120b,10.028797743501574,22670,stable-diffusion-webui/5,stable-diffusion-webui,5,2,21,0,149625,2860,0.007398,37.52
0.6667,0,1.0,0.5,all_tools,required,gpt_oss_120b,10.028797743501574,22670,stable-diffusion-webui/5,stable-diffusion-webui,5,3,30,1,229709,5328,0.010632,60.24
0.0,0,0.0,0.0,all_tools,required,gpt_oss_120b,8.483636407887394,4835,thefuck/10,thefuck,10,1,15,0,73152,7050,0.007626,68.13
0.0,0,0.0,0.0,all_tools,required,gpt_oss_120b,8.483636407887394,4835,thefuck/10,thefuck,10,2,24,0,124851,11434,0.01092,127.19
0.0,0,0.0,0.0,all_tools,required,gpt_oss_120b,8.483636407887394,4835,thefuck/10,thefuck,10,3,14,0,54132,5022,0.005828,79.71
0.0,0,0.0,0.0,all_tools,required,gpt_oss_120b,8.270781013162674,3908,thefuck/20,thefuck,20,1,22,0,119519,7807,0.010006,111.63
0.0,0,0.0,0.0,all_tools,required,gpt_oss_120b,8.270781013162674,3908,thefuck/20,thefuck,20,2,26,0,111283,6192,0.008314,105.91
0.0,0,0.0,0.0,all_tools,required,gpt_oss_120b,8.270781013162674,3908,thefuck/20,thefuck,20,3,30,1,143807,8297,0.009744,71.52
0.0,0,0.0,0.0,all_tools,required,gpt_oss_120b,7.822845290279774,2497,thefuck/5,thefuck,5,1,14,0,47561,3072,0.004263,43.79
1.0,1,1.0,1.0,all_tools,required,gpt_oss_120b,7.822845290279774,2497,thefuck/5,thefuck,5,2,17,0,87927,5586,0.008158,76.67
1.0,1,1.0,1.0,all_tools,required,gpt_oss_120b,7.822845290279774,2497,thefuck/5,thefuck,5,3,4,0,18471,677,0.001936,4.93
1.0,1,1.0,1.0,all_tools,required,gpt_oss_120b,12.430331574579306,250279,transformers/25,transformers,25,1,8,0,19422,1018,0.00134,27.21
1.0,1,1.0,1.0,all_tools,required,gpt_oss_120b,12.430331574579306,250279,transformers/25,transformers,25,2,9,0,80925,2640,0.008186,35.69
1.0,1,1.0,1.0,all_tools,required,gpt_oss_120b,12.430331574579306,250279,transformers/25,transformers,25,3,8,0,83848,2474,0.00773,39.49
0.1538,0,1.0,0.0833,all_tools,required,gpt_oss_120b,12.407424472605875,244611,transformers/27,transformers,27,1,6,0,57312,959,0.005852,16.75
0.1538,0,1.0,0.0833,all_tools,required,gpt_oss_120b,12.407424472605875,244611,transformers/27,transformers,27,2,9,0,65730,1303,0.005763,29.41
0.1538,0,1.0,0.0833,all_tools,required,gpt_oss_120b,12.407424472605875,244611,transformers/27,transformers,27,3,5,0,56027,1125,0.004387,9.58
0.75,0,1.0,0.6,all_tools,required,gpt_oss_120b,11.587420505060633,107734,transformers/5,transformers,5,1,18,0,148565,4108,0.010267,52.29
0.75,0,1.0,0.6,all_tools,required,gpt_oss_120b,11.587420505060633,107734,transformers/5,transformers,5,2,21,0,341892,5215,0.023825,73.3
0.75,0,1.0,0.6,all_tools,required,gpt_oss_120b,11.587420505060633,107734,transformers/5,transformers,5,3,15,0,173157,2593,0.014855,56.05
1.0,1,1.0,1.0,all_tools,required,gpt_oss_120b,12.095096391086711,178992,yt-dlp/23,yt-dlp,23,1,15,0,74377,4786,0.006911,42.77
1.0,1,1.0,1.0,all_tools,required,gpt_oss_120b,12.095096391086711,178992,yt-dlp/23,yt-dlp,23,2,12,0,62083,3833,0.005806,83.07
1.0,1,1.0,1.0,all_tools,required,gpt_oss_120b,12.095096391086711,178992,yt-dlp/23,yt-dlp,23,3,8,0,34025,3032,0.004319,57.24
0.0,0,0.0,0.0,all_tools,required,gpt_oss_120b,12.1489730534896,188900,yt-dlp/41,yt-dlp,41,1,30,0,260425,9909,0.015359,208.8
0.0,0,0.0,0.0,all_tools,required,gpt_oss_120b,12.1489730534896,188900,yt-dlp/41,yt-dlp,41,2,19,0,320965,8299,0.021033,137.65
0.0,0,0.0,0.0,all_tools,required,gpt_oss_120b,12.1489730534896,188900,yt-dlp/41,yt-dlp,41,3,21,0,233204,7111,0.015482,79.39
0.0,0,0.0,0.0,all_tools,required,gpt_oss_120b,12.198660241414718,198523,yt-dlp/45,yt-dlp,45,1,13,0,228071,4381,0.015563,61.9
0.6667,0,1.0,0.5,all_tools,required,gpt_oss_120b,12.198660241414718,198523,yt-dlp/45,yt-dlp,45,2,21,0,446907,4903,0.022761,151.31
0.0,0,0.0,0.0,all_tools,required,gpt_oss_120b,12.198660241414718,198523,yt-dlp/45,yt-dlp,45,3,7,0,113638,1964,0.007965,35.3
1.0,1,1.0,1.0,all_tools,required,deepseek_flash,12.068688124847148,174327,core/16,core,16,1,10,0,125960,4961,0.004043,49.71
1.0,1,1.0,1.0,all_tools,required,deepseek_flash,12.068688124847148,174327,core/16,core,16,2,18,0,151042,6561,0.00349,69.11
1.0,1,1.0,1.0,all_tools,required,deepseek_flash,12.068688124847148,174327,core/16,core,16,3,17,0,271187,11422,0.006708,100.06
1.0,1,1.0,1.0,all_tools,required,deepseek_flash,11.506545154005941,99364,core/20,core,20,1,25,0,337223,6575,0.006009,72.34
1.0,1,1.0,1.0,all_tools,required,deepseek_flash,11.506545154005941,99364,core/20,core,20,2,11,0,92547,3570,0.002172,32.55
1.0,1,1.0,1.0,all_tools,required,deepseek_flash,11.506545154005941,99364,core/20,core,20,3,17,0,125387,4317,0.002554,47.18
0.0,0,0.0,0.0,all_tools,required,deepseek_flash,8.579980179515003,5324,fastapi/17,fastapi,17,1,30,1,594298,22942,0.013584,182.66
0.0,0,0.0,0.0,all_tools,required,deepseek_flash,8.579980179515003,5324,fastapi/17,fastapi,17,2,30,1,742994,21784,0.015251,216.78
0.0,0,0.0,0.0,all_tools,required,deepseek_flash,8.579980179515003,5324,fastapi/17,fastapi,17,3,30,1,577928,19566,0.01263,180.21
0.0,0,0.0,0.0,all_tools,required,deepseek_flash,8.518991573357617,5009,fastapi/20,fastapi,20,1,30,1,520914,6326,0.009598,83.03
0.5,1,0.3333,1.0,all_tools,required,deepseek_flash,8.518991573357617,5009,fastapi/20,fastapi,20,2,30,1,679359,7023,0.012008,102.39
0.0,0,0.0,0.0,all_tools,required,deepseek_flash,8.518991573357617,5009,fastapi/20,fastapi,20,3,30,1,294446,5205,0.005765,74.78
0.5,0,1.0,0.3333,all_tools,required,deepseek_flash,8.482187582217422,4828,fastapi/9,fastapi,9,1,10,0,123204,2179,0.002896,24.34
0.5,0,1.0,0.3333,all_tools,required,deepseek_flash,8.482187582217422,4828,fastapi/9,fastapi,9,2,13,0,202206,6803,0.00431,62.77
0.5,0,1.0,0.3333,all_tools,required,deepseek_flash,8.482187582217422,4828,fastapi/9,fastapi,9,3,27,0,377718,5361,0.007106,61.97
0.6667,0,1.0,0.5,all_tools,required,deepseek_flash,8.808369153122275,6690,flask/18,flask,18,1,12,0,132680,3445,0.00326,45.35
0.6667,0,1.0,0.5,all_tools,required,deepseek_flash,8.808369153122275,6690,flask/18,flask,18,2,17,0,239090,4962,0.004463,52.48
0.6667,0,1.0,0.5,all_tools,required,deepseek_flash,8.808369153122275,6690,flask/18,flask,18,3,23,0,397680,4681,0.005618,54.45
1.0,1,1.0,1.0,all_tools,required,deepseek_flash,8.899457906353966,7328,flask/3,flask,3,1,30,1,433979,5854,0.007657,76.79
0.0,0,0.0,0.0,all_tools,required,deepseek_flash,8.899457906353966,7328,flask/3,flask,3,2,30,1,531967,7537,0.00936,91.07
1.0,1,1.0,1.0,all_tools,required,deepseek_flash,8.899457906353966,7328,flask/3,flask,3,3,30,1,326362,10441,0.008978,117.17
1.0,1,1.0,1.0,all_tools,required,deepseek_flash,8.827468112520654,6819,flask/6,flask,6,1,12,0,93207,4829,0.002793,54.56
1.0,1,1.0,1.0,all_tools,required,deepseek_flash,8.827468112520654,6819,flask/6,flask,6,2,11,0,174118,6355,0.004239,55.89
1.0,1,1.0,1.0,all_tools,required,deepseek_flash,8.827468112520654,6819,flask/6,flask,6,3,8,0,47547,2567,0.001703,25.61
0.5,1,0.3333,1.0,all_tools,required,deepseek_flash,8.341410211461865,4194,gpt-engineer/11,gpt-engineer,11,1,12,0,164215,4244,0.004264,46.03
0.6667,1,0.5,1.0,all_tools,required,deepseek_flash,8.341410211461865,4194,gpt-engineer/11,gpt-engineer,11,2,14,0,177828,6714,0.004824,65.26
0.5,1,0.3333,1.0,all_tools,required,deepseek_flash,8.341410211461865,4194,gpt-engineer/11,gpt-engineer,11,3,15,0,171478,3423,0.003821,41.05
0.6667,0,1.0,0.5,all_tools,required,deepseek_flash,8.029432840581244,3070,gpt-engineer/12,gpt-engineer,12,1,19,0,155332,7094,0.003607,65.27
0.6667,0,1.0,0.5,all_tools,required,deepseek_flash,8.029432840581244,3070,gpt-engineer/12,gpt-engineer,12,2,16,0,116054,4384,0.0026,48.44
0.6667,0,1.0,0.5,all_tools,required,deepseek_flash,8.029432840581244,3070,gpt-engineer/12,gpt-engineer,12,3,21,0,272986,7023,0.005026,75.65
0.5,1,0.3333,1.0,all_tools,required,deepseek_flash,8.36380888451688,4289,gpt-engineer/9,gpt-engineer,9,1,30,1,534919,17736,0.011259,156.38
0.5,1,0.3333,1.0,all_tools,required,deepseek_flash,8.36380888451688,4289,gpt-engineer/9,gpt-engineer,9,2,22,0,432371,22113,0.009877,190.99
0.6667,1,0.5,1.0,all_tools,required,deepseek_flash,8.36380888451688,4289,gpt-engineer/9,gpt-engineer,9,3,30,1,516944,19967,0.012142,201.54
0.0,0,0.0,0.0,all_tools,required,deepseek_flash,10.196231790580173,26802,keras/12,keras,12,1,18,0,202711,5899,0.004444,62.95
0.2857,0,0.5,0.2,all_tools,required,deepseek_flash,10.196231790580173,26802,keras/12,keras,12,2,19,0,225713,4840,0.004821,53.23
0.2857,0,0.5,0.2,all_tools,required,deepseek_flash,10.196231790580173,26802,keras/12,keras,12,3,16,0,170095,5268,0.003863,63.24
0.0,0,0.0,0.0,all_tools,required,deepseek_flash,10.349134450277123,31230,keras/5,keras,5,1,30,1,634588,9660,0.013749,105.01
0.0,0,0.0,0.0,all_tools,required,deepseek_flash,10.349134450277123,31230,keras/5,keras,5,2,30,1,650515,17815,0.015523,188.71
0.0,0,0.0,0.0,all_tools,required,deepseek_flash,10.349134450277123,31230,keras/5,keras,5,3,30,1,496625,23237,0.013637,228.96
1.0,1,1.0,1.0,all_tools,required,deepseek_flash,10.444153492313001,34343,keras/9,keras,9,1,12,0,166301,7506,0.004556,71.27
1.0,1,1.0,1.0,all_tools,required,deepseek_flash,10.444153492313001,34343,keras/9,keras,9,2,10,0,109672,8181,0.004368,74.98
1.0,1,1.0,1.0,all_tools,required,deepseek_flash,10.444153492313001,34343,keras/9,keras,9,3,18,0,268784,8885,0.005205,83.78
0.25,0,1.0,0.1429,all_tools,required,deepseek_flash,9.61953186182516,15056,localstack/19,localstack,19,1,21,0,196669,4768,0.003843,51.22
0.0,0,0.0,0.0,all_tools,required,deepseek_flash,9.61953186182516,15056,localstack/19,localstack,19,2,21,0,175423,3778,0.003489,46.42
0.0,0,0.0,0.0,all_tools,required,deepseek_flash,9.61953186182516,15056,localstack/19,localstack,19,3,20,0,174094,3816,0.003156,48.89
0.0,0,0.0,0.0,all_tools,required,deepseek_flash,10.563155506021905,38683,localstack/2,localstack,2,1,30,1,554618,9427,0.009355,98.74
1.0,1,1.0,1.0,all_tools,required,deepseek_flash,10.563155506021905,38683,localstack/2,localstack,2,2,30,1,577532,10666,0.011101,125.58
0.0,0,0.0,0.0,all_tools,required,deepseek_flash,10.563155506021905,38683,localstack/2,localstack,2,3,30,1,458727,7068,0.007071,90.2
0.0,0,0.0,0.0,all_tools,required,deepseek_flash,9.860214640302662,19153,localstack/9,localstack,9,1,30,1,487270,36993,0.015916,288.25
1.0,1,1.0,1.0,all_tools,required,deepseek_flash,9.860214640302662,19153,localstack/9,localstack,9,2,20,0,281913,10689,0.005687,99.32
1.0,1,1.0,1.0,all_tools,required,deepseek_flash,9.860214640302662,19153,localstack/9,localstack,9,3,18,0,214611,9634,0.004767,86.33
0.0,0,0.0,0.0,all_tools,required,deepseek_flash,11.189312196300184,72353,pandas/26,pandas,26,1,30,1,320538,3653,0.005893,56.0
0.0,0,0.0,0.0,all_tools,required,deepseek_flash,11.189312196300184,72353,pandas/26,pandas,26,2,30,1,300312,3895,0.006009,59.87
0.0,0,0.0,0.0,all_tools,required,deepseek_flash,11.189312196300184,72353,pandas/26,pandas,26,3,30,1,301990,3639,0.006243,51.18
0.0,0,0.0,0.0,all_tools,required,deepseek_flash,11.270446177349276,78468,pandas/35,pandas,35,1,30,1,345707,11173,0.008062,99.43
0.0,0,0.0,0.0,all_tools,required,deepseek_flash,11.270446177349276,78468,pandas/35,pandas,35,2,30,1,434320,12407,0.010751,120.56
0.0,0,0.0,0.0,all_tools,required,deepseek_flash,11.270446177349276,78468,pandas/35,pandas,35,3,30,1,339140,5416,0.006532,68.38
0.5,0,0.5,0.5,all_tools,required,deepseek_flash,12.08721590866289,177587,pandas/38,pandas,38,1,27,0,451593,8745,0.009457,111.71
0.6667,0,1.0,0.5,all_tools,required,deepseek_flash,12.08721590866289,177587,pandas/38,pandas,38,2,30,1,523661,11991,0.009971,115.65
0.0,0,0.0,0.0,all_tools,required,deepseek_flash,12.08721590866289,177587,pandas/38,pandas,38,3,30,1,919598,13916,0.01561,153.21
0.0,0,0.0,0.0,all_tools,required,deepseek_flash,10.883015959814806,53264,pandas/44,pandas,44,1,30,1,578563,13761,0.01148,134.24
0.0,0,0.0,0.0,all_tools,required,deepseek_flash,10.883015959814806,53264,pandas/44,pandas,44,2,30,1,590054,14315,0.011698,155.86
0.0,0,0.0,0.0,all_tools,required,deepseek_flash,10.883015959814806,53264,pandas/44,pandas,44,3,30,1,957106,11813,0.01618,144.27
1.0,1,1.0,1.0,all_tools,required,deepseek_flash,9.346705246496699,11461,requests/12,requests,12,1,12,0,90365,3628,0.002796,34.23
0.8,0,1.0,0.6667,all_tools,required,deepseek_flash,9.346705246496699,11461,requests/12,requests,12,2,9,0,56182,2043,0.002467,21.97
0.8,0,1.0,0.6667,all_tools,required,deepseek_flash,9.346705246496699,11461,requests/12,requests,12,3,19,0,200056,3474,0.003341,40.68
1.0,1,1.0,1.0,all_tools,required,deepseek_flash,9.348274558065496,11479,requests/13,requests,13,1,19,0,341532,11443,0.00664,100.68
1.0,1,1.0,1.0,all_tools,required,deepseek_flash,9.348274558065496,11479,requests/13,requests,13,2,20,0,299125,9713,0.0054,93.92
1.0,1,1.0,1.0,all_tools,required,deepseek_flash,9.348274558065496,11479,requests/13,requests,13,3,26,0,351021,12495,0.007982,126.06
1.0,1,1.0,1.0,all_tools,required,deepseek_flash,7.958576903813898,2860,requests/7,requests,7,1,10,0,75280,6745,0.002927,72.2
1.0,1,1.0,1.0,all_tools,required,deepseek_flash,7.958576903813898,2860,requests/7,requests,7,2,11,0,65140,3350,0.001821,37.43
1.0,1,1.0,1.0,all_tools,required,deepseek_flash,7.958576903813898,2860,requests/7,requests,7,3,9,0,55461,2949,0.001689,33.46
1.0,1,1.0,1.0,all_tools,required,deepseek_flash,10.031000872835088,22720,rich/1,rich,1,1,5,0,36040,1874,0.002111,17.57
1.0,1,1.0,1.0,all_tools,required,deepseek_flash,10.031000872835088,22720,rich/1,rich,1,2,10,0,81277,2063,0.00242,24.84
1.0,1,1.0,1.0,all_tools,required,deepseek_flash,10.031000872835088,22720,rich/1,rich,1,3,6,0,40889,1664,0.002046,18.96
0.4,0,1.0,0.25,all_tools,required,deepseek_flash,10.051648903516648,23194,rich/12,rich,12,1,26,0,1091792,27706,0.024295,233.62
0.4,0,1.0,0.25,all_tools,required,deepseek_flash,10.051648903516648,23194,rich/12,rich,12,2,30,1,805893,32157,0.017882,303.04
0.4,0,1.0,0.25,all_tools,required,deepseek_flash,10.051648903516648,23194,rich/12,rich,12,3,20,0,431710,11237,0.007389,107.83
1.0,1,1.0,1.0,all_tools,required,deepseek_flash,10.039939675671627,22924,rich/8,rich,8,1,7,0,48643,1732,0.001605,19.18
1.0,1,1.0,1.0,all_tools,required,deepseek_flash,10.039939675671627,22924,rich/8,rich,8,2,9,0,73031,2160,0.001961,25.04
1.0,1,1.0,1.0,all_tools,required,deepseek_flash,10.039939675671627,22924,rich/8,rich,8,3,10,0,83915,2745,0.002208,30.82
0.6667,0,1.0,0.5,all_tools,required,deepseek_flash,11.620954417182327,111408,scikit-learn/45,scikit-learn,45,1,28,0,283748,4860,0.004891,64.82
0.6667,0,1.0,0.5,all_tools,required,deepseek_flash,11.620954417182327,111408,scikit-learn/45,scikit-learn,45,2,23,0,113170,2925,0.001683,43.3
0.6667,0,1.0,0.5,all_tools,required,deepseek_flash,11.620954417182327,111408,scikit-learn/45,scikit-learn,45,3,23,0,176751,3912,0.002817,47.28
1.0,1,1.0,1.0,all_tools,required,deepseek_flash,11.55076060327325,103856,scikit-learn/49,scikit-learn,49,1,21,0,462106,6011,0.007353,64.62
1.0,1,1.0,1.0,all_tools,required,deepseek_flash,11.55076060327325,103856,scikit-learn/49,scikit-learn,49,2,17,0,385185,4658,0.00597,46.86
1.0,1,1.0,1.0,all_tools,required,deepseek_flash,11.55076060327325,103856,scikit-learn/49,scikit-learn,49,3,10,0,246679,4421,0.00576,45.57
1.0,1,1.0,1.0,all_tools,required,deepseek_flash,11.525654110946952,101281,scikit-learn/5,scikit-learn,5,1,12,0,170956,16642,0.006905,165.57
1.0,1,1.0,1.0,all_tools,required,deepseek_flash,11.525654110946952,101281,scikit-learn/5,scikit-learn,5,2,18,0,741430,60991,0.021251,532.74
1.0,1,1.0,1.0,all_tools,required,deepseek_flash,11.525654110946952,101281,scikit-learn/5,scikit-learn,5,3,13,0,238753,18509,0.008086,157.26
1.0,1,1.0,1.0,all_tools,required,deepseek_flash,9.796458979777604,17970,scrapy/20,scrapy,20,1,10,0,70093,1559,0.001627,19.38
1.0,1,1.0,1.0,all_tools,required,deepseek_flash,9.796458979777604,17970,scrapy/20,scrapy,20,2,5,0,38361,1554,0.00217,15.49
1.0,1,1.0,1.0,all_tools,required,deepseek_flash,9.796458979777604,17970,scrapy/20,scrapy,20,3,8,0,69164,1657,0.00249,16.94
0.6667,1,0.5,1.0,all_tools,required,deepseek_flash,9.655026193237628,15600,scrapy/26,scrapy,26,1,22,0,230516,3666,0.003304,52.82
0.6667,1,0.5,1.0,all_tools,required,deepseek_flash,9.655026193237628,15600,scrapy/26,scrapy,26,2,19,0,185999,3149,0.003003,38.68
0.6667,1,0.5,1.0,all_tools,required,deepseek_flash,9.655026193237628,15600,scrapy/26,scrapy,26,3,30,0,328162,4765,0.005656,62.27
0.0,0,0.0,0.0,all_tools,required,deepseek_flash,9.73477299914839,16895,scrapy/48,scrapy,48,1,30,1,250621,5946,0.005299,83.11
0.0,0,0.0,0.0,all_tools,required,deepseek_flash,9.73477299914839,16895,scrapy/48,scrapy,48,2,30,1,252099,6499,0.004958,69.76
0.0,0,0.0,0.0,all_tools,required,deepseek_flash,9.73477299914839,16895,scrapy/48,scrapy,48,3,30,1,227113,6505,0.004922,75.5
1.0,1,1.0,1.0,all_tools,required,deepseek_flash,9.961803629358965,21201,stable-diffusion-webui/0,stable-diffusion-webui,0,1,18,0,375783,3237,0.004853,40.96
1.0,1,1.0,1.0,all_tools,required,deepseek_flash,9.961803629358965,21201,stable-diffusion-webui/0,stable-diffusion-webui,0,2,4,0,71747,1896,0.003112,18.51
1.0,1,1.0,1.0,all_tools,required,deepseek_flash,9.961803629358965,21201,stable-diffusion-webui/0,stable-diffusion-webui,0,3,4,0,72510,1919,0.00312,19.24
1.0,1,1.0,1.0,all_tools,required,deepseek_flash,9.908425341565751,20099,stable-diffusion-webui/13,stable-diffusion-webui,13,1,23,0,640169,9544,0.008826,84.19
0.6667,1,0.5,1.0,all_tools,required,deepseek_flash,9.908425341565751,20099,stable-diffusion-webui/13,stable-diffusion-webui,13,2,30,0,750820,16356,0.012632,168.41
1.0,1,1.0,1.0,all_tools,required,deepseek_flash,9.908425341565751,20099,stable-diffusion-webui/13,stable-diffusion-webui,13,3,29,0,1120814,22627,0.020474,212.98
0.6667,0,1.0,0.5,all_tools,required,deepseek_flash,10.028797743501574,22670,stable-diffusion-webui/5,stable-diffusion-webui,5,1,27,0,776428,20937,0.019449,204.82
0.6667,0,1.0,0.5,all_tools,required,deepseek_flash,10.028797743501574,22670,stable-diffusion-webui/5,stable-diffusion-webui,5,2,27,0,930700,28438,0.023654,245.26
0.6667,0,1.0,0.5,all_tools,required,deepseek_flash,10.028797743501574,22670,stable-diffusion-webui/5,stable-diffusion-webui,5,3,27,0,859319,28790,0.024454,278.26
0.4,0,0.5,0.3333,all_tools,required,deepseek_flash,8.483636407887394,4835,thefuck/10,thefuck,10,1,27,0,558221,36999,0.016666,325.93
0.4,0,0.5,0.3333,all_tools,required,deepseek_flash,8.483636407887394,4835,thefuck/10,thefuck,10,2,30,1,716712,33457,0.0219,321.32
0.5,0,1.0,0.3333,all_tools,required,deepseek_flash,8.483636407887394,4835,thefuck/10,thefuck,10,3,29,0,914563,44527,0.026198,400.16
0.0,0,0.0,0.0,all_tools,required,deepseek_flash,8.270781013162674,3908,thefuck/20,thefuck,20,1,10,0,64577,3694,0.002137,35.47
0.0,0,0.0,0.0,all_tools,required,deepseek_flash,8.270781013162674,3908,thefuck/20,thefuck,20,2,12,0,62496,3622,0.002072,33.34
0.0,0,0.0,0.0,all_tools,required,deepseek_flash,8.270781013162674,3908,thefuck/20,thefuck,20,3,14,0,121283,6642,0.003526,66.69
1.0,1,1.0,1.0,all_tools,required,deepseek_flash,7.822845290279774,2497,thefuck/5,thefuck,5,1,27,0,263485,7451,0.005906,85.05
1.0,1,1.0,1.0,all_tools,required,deepseek_flash,7.822845290279774,2497,thefuck/5,thefuck,5,2,19,0,181599,5393,0.003349,58.37
1.0,1,1.0,1.0,all_tools,required,deepseek_flash,7.822845290279774,2497,thefuck/5,thefuck,5,3,13,0,88820,2976,0.002046,31.53
1.0,1,1.0,1.0,all_tools,required,deepseek_flash,12.430331574579306,250279,transformers/25,transformers,25,1,17,0,186382,4282,0.004234,48.61
1.0,1,1.0,1.0,all_tools,required,deepseek_flash,12.430331574579306,250279,transformers/25,transformers,25,2,14,0,220474,4327,0.004857,46.53
1.0,1,1.0,1.0,all_tools,required,deepseek_flash,12.430331574579306,250279,transformers/25,transformers,25,3,16,0,165484,3308,0.003652,43.48
0.1538,0,1.0,0.0833,all_tools,required,deepseek_flash,12.407424472605875,244611,transformers/27,transformers,27,1,7,0,58391,1763,0.001854,19.02
0.1538,0,1.0,0.0833,all_tools,required,deepseek_flash,12.407424472605875,244611,transformers/27,transformers,27,2,9,0,61762,1843,0.001804,21.64
0.1538,0,1.0,0.0833,all_tools,required,deepseek_flash,12.407424472605875,244611,transformers/27,transformers,27,3,5,0,22856,961,0.000835,10.66
0.8889,0,1.0,0.8,all_tools,required,deepseek_flash,11.587420505060633,107734,transformers/5,transformers,5,1,30,1,949010,7927,0.01654,93.88
0.75,0,1.0,0.6,all_tools,required,deepseek_flash,11.587420505060633,107734,transformers/5,transformers,5,2,28,0,1010937,7477,0.018498,92.2
0.8889,0,1.0,0.8,all_tools,required,deepseek_flash,11.587420505060633,107734,transformers/5,transformers,5,3,23,0,906803,7357,0.012474,81.35
1.0,1,1.0,1.0,all_tools,required,deepseek_flash,12.095096391086711,178992,yt-dlp/23,yt-dlp,23,1,9,0,64262,4263,0.0022,44.61
1.0,1,1.0,1.0,all_tools,required,deepseek_flash,12.095096391086711,178992,yt-dlp/23,yt-dlp,23,2,15,0,201691,6415,0.004042,62.41
1.0,1,1.0,1.0,all_tools,required,deepseek_flash,12.095096391086711,178992,yt-dlp/23,yt-dlp,23,3,28,0,447256,16469,0.010591,146.0
0.0,0,0.0,0.0,all_tools,required,deepseek_flash,12.1489730534896,188900,yt-dlp/41,yt-dlp,41,1,30,1,760706,13399,0.013697,159.21
0.0,0,0.0,0.0,all_tools,required,deepseek_flash,12.1489730534896,188900,yt-dlp/41,yt-dlp,41,2,30,1,437300,12888,0.009564,136.03
0.5,1,0.3333,1.0,all_tools,required,deepseek_flash,12.1489730534896,188900,yt-dlp/41,yt-dlp,41,3,30,0,799683,10717,0.014574,107.79
0.0,0,0.0,0.0,all_tools,required,deepseek_flash,12.198660241414718,198523,yt-dlp/45,yt-dlp,45,1,30,1,398522,8228,0.007239,95.17
0.6667,0,1.0,0.5,all_tools,required,deepseek_flash,12.198660241414718,198523,yt-dlp/45,yt-dlp,45,2,25,0,562978,7615,0.007138,88.89
0.6667,0,1.0,0.5,all_tools,required,deepseek_flash,12.198660241414718,198523,yt-dlp/45,yt-dlp,45,3,28,0,473930,9596,0.00931,110.22
1.0,1,1.0,1.0,all_tools,required,nemotron_super,12.068688124847148,174327,core/16,core,16,1,14,0,121793,46744,0.02905,785.31
1.0,1,1.0,1.0,all_tools,required,nemotron_super,12.068688124847148,174327,core/16,core,16,2,7,0,31468,18498,0.010074,234.75
1.0,1,1.0,1.0,all_tools,required,nemotron_super,12.068688124847148,174327,core/16,core,16,3,8,0,32968,12353,0.007743,142.79
1.0,1,1.0,1.0,all_tools,required,nemotron_super,11.506545154005941,99364,core/20,core,20,1,4,0,26267,15054,0.008254,302.89
1.0,1,1.0,1.0,all_tools,required,nemotron_super,11.506545154005941,99364,core/20,core,20,2,9,0,52204,19021,0.012046,369.21
1.0,1,1.0,1.0,all_tools,required,nemotron_super,11.506545154005941,99364,core/20,core,20,3,7,0,50651,15216,0.010392,183.2
0.0,0,0.0,0.0,all_tools,required,nemotron_super,8.579980179515003,5324,fastapi/17,fastapi,17,1,10,0,96576,30203,0.02029,512.16
0.0,0,0.0,0.0,all_tools,required,nemotron_super,8.579980179515003,5324,fastapi/17,fastapi,17,2,18,0,227871,71004,0.047771,861.83
0.0,0,0.0,0.0,all_tools,required,nemotron_super,8.579980179515003,5324,fastapi/17,fastapi,17,3,12,0,152232,47064,0.031765,721.86
0.0,0,0.0,0.0,all_tools,required,nemotron_super,8.518991573357617,5009,fastapi/20,fastapi,20,1,21,0,244210,53802,0.042279,889.82
0.0,0,0.0,0.0,all_tools,required,nemotron_super,8.518991573357617,5009,fastapi/20,fastapi,20,2,12,0,111902,22909,0.018675,391.66
0.0,0,0.0,0.0,all_tools,required,nemotron_super,8.518991573357617,5009,fastapi/20,fastapi,20,3,17,0,203716,40032,0.033329,574.38
0.5,0,1.0,0.3333,all_tools,required,nemotron_super,8.482187582217422,4828,fastapi/9,fastapi,9,1,16,0,88723,37043,0.022359,435.68
0.5,0,1.0,0.3333,all_tools,required,nemotron_super,8.482187582217422,4828,fastapi/9,fastapi,9,2,12,0,82190,35246,0.021085,609.11
0.5,0,1.0,0.3333,all_tools,required,nemotron_super,8.482187582217422,4828,fastapi/9,fastapi,9,3,15,0,99614,41182,0.02494,484.87
1.0,1,1.0,1.0,all_tools,required,nemotron_super,8.808369153122275,6690,flask/18,flask,18,1,10,0,87237,24909,0.017379,267.89
1.0,1,1.0,1.0,all_tools,required,nemotron_super,8.808369153122275,6690,flask/18,flask,18,2,13,0,133133,22920,0.020484,303.14
0.6667,0,1.0,0.5,all_tools,required,nemotron_super,8.808369153122275,6690,flask/18,flask,18,3,18,0,218736,32551,0.031613,426.75
1.0,1,1.0,1.0,all_tools,required,nemotron_super,8.899457906353966,7328,flask/3,flask,3,1,9,0,63867,12072,0.010257,147.68
1.0,1,1.0,1.0,all_tools,required,nemotron_super,8.899457906353966,7328,flask/3,flask,3,2,9,0,62095,10088,0.009313,141.84
1.0,1,1.0,1.0,all_tools,required,nemotron_super,8.899457906353966,7328,flask/3,flask,3,3,11,0,91504,18086,0.015012,330.18
1.0,1,1.0,1.0,all_tools,required,nemotron_super,8.827468112520654,6819,flask/6,flask,6,1,5,0,38677,15285,0.009402,243.35
1.0,1,1.0,1.0,all_tools,required,nemotron_super,8.827468112520654,6819,flask/6,flask,6,2,8,0,72434,20783,0.01447,267.74
0.0,0,0.0,0.0,all_tools,required,nemotron_super,8.827468112520654,6819,flask/6,flask,6,3,11,0,163676,29029,0.025524,380.77
0.0,0,0.0,0.0,all_tools,required,nemotron_super,8.341410211461865,4194,gpt-engineer/11,gpt-engineer,11,1,7,0,25696,18389,0.00954,396.2
0.0,0,0.0,0.0,all_tools,required,nemotron_super,8.341410211461865,4194,gpt-engineer/11,gpt-engineer,11,2,10,0,47430,26299,0.014551,354.52
0.0,0,0.0,0.0,all_tools,required,nemotron_super,8.341410211461865,4194,gpt-engineer/11,gpt-engineer,11,3,14,0,135562,53281,0.032835,451.75
0.4,0,1.0,0.25,all_tools,required,nemotron_super,8.029432840581244,3070,gpt-engineer/12,gpt-engineer,12,1,14,0,82380,21467,0.015589,484.36
0.4,0,1.0,0.25,all_tools,required,nemotron_super,8.029432840581244,3070,gpt-engineer/12,gpt-engineer,12,2,24,0,190426,34442,0.029963,575.69
0.4,0,1.0,0.25,all_tools,required,nemotron_super,8.029432840581244,3070,gpt-engineer/12,gpt-engineer,12,3,26,0,209449,23128,0.027054,264.28
0.0,0,0.0,0.0,all_tools,required,nemotron_super,8.36380888451688,4289,gpt-engineer/9,gpt-engineer,9,1,20,0,253584,68807,0.049077,849.73
0.6667,1,0.5,1.0,all_tools,required,nemotron_super,8.36380888451688,4289,gpt-engineer/9,gpt-engineer,9,2,22,0,300827,80309,0.057694,814.4
0.0,0,0.0,0.0,all_tools,required,nemotron_super,8.36380888451688,4289,gpt-engineer/9,gpt-engineer,9,3,11,0,85522,23400,0.016629,431.86
0.0,0,0.0,0.0,all_tools,required,nemotron_super,10.196231790580173,26802,keras/12,keras,12,1,8,0,31434,17293,0.009589,224.98
0.0,0,0.0,0.0,all_tools,required,nemotron_super,10.196231790580173,26802,keras/12,keras,12,2,7,0,24844,20815,0.010438,252.7
0.0,0,0.0,0.0,all_tools,required,nemotron_super,10.196231790580173,26802,keras/12,keras,12,3,7,0,21662,10765,0.006147,141.33
0.0,0,0.0,0.0,all_tools,required,nemotron_super,10.349134450277123,31230,keras/5,keras,5,1,15,0,231204,57385,0.042606,803.83
1.0,1,1.0,1.0,all_tools,required,nemotron_super,10.349134450277123,31230,keras/5,keras,5,2,8,0,71299,12192,0.010937,148.6
1.0,1,1.0,1.0,all_tools,required,nemotron_super,10.349134450277123,31230,keras/5,keras,5,3,18,0,284553,35872,0.038536,381.86
1.0,1,1.0,1.0,all_tools,required,nemotron_super,10.444153492313001,34343,keras/9,keras,9,1,10,0,95429,29867,0.020058,383.55
1.0,1,1.0,1.0,all_tools,required,nemotron_super,10.444153492313001,34343,keras/9,keras,9,2,9,0,56608,23964,0.014397,357.27
1.0,1,1.0,1.0,all_tools,required,nemotron_super,10.444153492313001,34343,keras/9,keras,9,3,4,0,25998,11725,0.0069,131.5
0.0,0,0.0,0.0,all_tools,required,nemotron_super,9.61953186182516,15056,localstack/19,localstack,19,1,16,0,88921,9912,0.011523,132.29
0.0,0,0.0,0.0,all_tools,required,nemotron_super,9.61953186182516,15056,localstack/19,localstack,19,2,14,0,62120,8346,0.008619,101.72
0.0,0,0.0,0.0,all_tools,required,nemotron_super,9.61953186182516,15056,localstack/19,localstack,19,3,9,0,76477,4128,0.008152,49.32
1.0,1,1.0,1.0,all_tools,required,nemotron_super,10.563155506021905,38683,localstack/2,localstack,2,1,16,0,170522,33679,0.027966,490.51
1.0,1,1.0,1.0,all_tools,required,nemotron_super,10.563155506021905,38683,localstack/2,localstack,2,2,20,0,229469,37033,0.034318,452.18
1.0,1,1.0,1.0,all_tools,required,nemotron_super,10.563155506021905,38683,localstack/2,localstack,2,3,17,0,184288,30161,0.027729,278.53
1.0,1,1.0,1.0,all_tools,required,nemotron_super,9.860214640302662,19153,localstack/9,localstack,9,1,11,0,66394,41351,0.022184,465.7
1.0,1,1.0,1.0,all_tools,required,nemotron_super,9.860214640302662,19153,localstack/9,localstack,9,2,12,0,76402,41731,0.023187,504.0
1.0,1,1.0,1.0,all_tools,required,nemotron_super,9.860214640302662,19153,localstack/9,localstack,9,3,10,0,127178,34996,0.024809,669.27
0.6667,0,1.0,0.5,all_tools,required,nemotron_super,11.189312196300184,72353,pandas/26,pandas,26,1,30,0,448241,9407,0.041863,158.27
1.0,1,1.0,1.0,all_tools,required,nemotron_super,11.189312196300184,72353,pandas/26,pandas,26,2,30,1,472870,8698,0.043673,185.8
0.6667,0,1.0,0.5,all_tools,required,nemotron_super,11.189312196300184,72353,pandas/26,pandas,26,3,30,1,513997,11123,0.048139,171.21
0.0,0,0.0,0.0,all_tools,required,nemotron_super,11.270446177349276,78468,pandas/35,pandas,35,1,30,1,291730,27146,0.035655,466.4
0.0,0,0.0,0.0,all_tools,required,nemotron_super,11.270446177349276,78468,pandas/35,pandas,35,2,30,1,322372,17496,0.0344,221.79
0.0,0,0.0,0.0,all_tools,required,nemotron_super,11.270446177349276,78468,pandas/35,pandas,35,3,30,1,285151,7761,0.027342,204.66
0.6667,0,1.0,0.5,all_tools,required,nemotron_super,12.08721590866289,177587,pandas/38,pandas,38,1,5,0,33139,10330,0.006949,127.5
0.5,0,0.5,0.5,all_tools,required,nemotron_super,12.08721590866289,177587,pandas/38,pandas,38,2,7,0,63392,26693,0.016066,422.93
0.6667,0,1.0,0.5,all_tools,required,nemotron_super,12.08721590866289,177587,pandas/38,pandas,38,3,5,0,38565,17353,0.010219,398.11
0.0,0,0.0,0.0,all_tools,required,nemotron_super,10.883015959814806,53264,pandas/44,pandas,44,1,6,0,74294,9346,0.010053,109.94
0.0,0,0.0,0.0,all_tools,required,nemotron_super,10.883015959814806,53264,pandas/44,pandas,44,2,13,0,192630,24485,0.026168,363.77
0.0,0,0.0,0.0,all_tools,required,nemotron_super,10.883015959814806,53264,pandas/44,pandas,44,3,18,0,153341,33804,0.026556,358.28
0.8,0,1.0,0.6667,all_tools,required,nemotron_super,9.346705246496699,11461,requests/12,requests,12,1,13,0,97182,22897,0.017419,346.63
0.8,0,1.0,0.6667,all_tools,required,nemotron_super,9.346705246496699,11461,requests/12,requests,12,2,10,0,60157,12975,0.010303,178.39
0.8,0,1.0,0.6667,all_tools,required,nemotron_super,9.346705246496699,11461,requests/12,requests,12,3,25,0,266586,41876,0.03941,499.44
1.0,1,1.0,1.0,all_tools,required,nemotron_super,9.348274558065496,11479,requests/13,requests,13,1,8,0,42707,22898,0.012789,374.48
1.0,1,1.0,1.0,all_tools,required,nemotron_super,9.348274558065496,11479,requests/13,requests,13,2,15,0,80790,18990,0.014463,352.43
1.0,1,1.0,1.0,all_tools,required,nemotron_super,9.348274558065496,11479,requests/13,requests,13,3,11,0,67015,27993,0.016893,329.62
1.0,1,1.0,1.0,all_tools,required,nemotron_super,7.958576903813898,2860,requests/7,requests,7,1,11,0,130448,34667,0.024955,468.21
1.0,1,1.0,1.0,all_tools,required,nemotron_super,7.958576903813898,2860,requests/7,requests,7,2,7,0,69147,10479,0.010069,145.54
1.0,1,1.0,1.0,all_tools,required,nemotron_super,7.958576903813898,2860,requests/7,requests,7,3,7,0,24184,12482,0.007048,279.15
1.0,1,1.0,1.0,all_tools,required,nemotron_super,10.031000872835088,22720,rich/1,rich,1,1,12,0,150085,11188,0.017232,151.96
1.0,1,1.0,1.0,all_tools,required,nemotron_super,10.031000872835088,22720,rich/1,rich,1,2,7,0,37122,4750,0.005055,84.93
1.0,1,1.0,1.0,all_tools,required,nemotron_super,10.031000872835088,22720,rich/1,rich,1,3,10,0,59500,12151,0.009918,291.54
0.4,0,1.0,0.25,all_tools,required,nemotron_super,10.051648903516648,23194,rich/12,rich,12,1,8,0,66929,12107,0.010532,161.61
0.0,0,0.0,0.0,all_tools,required,nemotron_super,10.051648903516648,23194,rich/12,rich,12,2,15,0,143543,29754,0.024103,520.02
0.4,0,1.0,0.25,all_tools,required,nemotron_super,10.051648903516648,23194,rich/12,rich,12,3,9,0,89191,25101,0.017622,344.8
1.0,1,1.0,1.0,all_tools,required,nemotron_super,10.039939675671627,22924,rich/8,rich,8,1,9,0,57621,9659,0.008761,148.86
1.0,1,1.0,1.0,all_tools,required,nemotron_super,10.039939675671627,22924,rich/8,rich,8,2,8,0,54021,12894,0.009749,172.44
1.0,1,1.0,1.0,all_tools,required,nemotron_super,10.039939675671627,22924,rich/8,rich,8,3,7,0,44956,14968,0.009808,114.05
0.6667,0,1.0,0.5,all_tools,required,nemotron_super,11.620954417182327,111408,scikit-learn/45,scikit-learn,45,1,14,0,49742,14520,0.010036,147.0
0.6667,0,1.0,0.5,all_tools,required,nemotron_super,11.620954417182327,111408,scikit-learn/45,scikit-learn,45,2,11,0,40701,10062,0.007484,139.39
0.6667,0,1.0,0.5,all_tools,required,nemotron_super,11.620954417182327,111408,scikit-learn/45,scikit-learn,45,3,19,0,127194,26856,0.021554,595.56
1.0,1,1.0,1.0,all_tools,required,nemotron_super,11.55076060327325,103856,scikit-learn/49,scikit-learn,49,1,22,0,512283,32581,0.056576,507.04
1.0,1,1.0,1.0,all_tools,required,nemotron_super,11.55076060327325,103856,scikit-learn/49,scikit-learn,49,2,12,0,184328,8200,0.018948,109.36
0.0,0,0.0,0.0,all_tools,required,nemotron_super,11.55076060327325,103856,scikit-learn/49,scikit-learn,49,3,30,1,680711,15258,0.063964,181.44
1.0,1,1.0,1.0,all_tools,required,nemotron_super,11.525654110946952,101281,scikit-learn/5,scikit-learn,5,1,8,0,59010,10075,0.009046,147.48
1.0,1,1.0,1.0,all_tools,required,nemotron_super,11.525654110946952,101281,scikit-learn/5,scikit-learn,5,2,9,0,54528,27030,0.015447,507.07
1.0,1,1.0,1.0,all_tools,required,nemotron_super,11.525654110946952,101281,scikit-learn/5,scikit-learn,5,3,8,0,54021,17695,0.01167,192.19
1.0,1,1.0,1.0,all_tools,required,nemotron_super,9.796458979777604,17970,scrapy/20,scrapy,20,1,7,0,43735,5934,0.006091,84.11
1.0,1,1.0,1.0,all_tools,required,nemotron_super,9.796458979777604,17970,scrapy/20,scrapy,20,2,12,0,113289,9997,0.013628,190.13
1.0,1,1.0,1.0,all_tools,required,nemotron_super,9.796458979777604,17970,scrapy/20,scrapy,20,3,8,0,56803,4284,0.006542,62.25
1.0,1,1.0,1.0,all_tools,required,nemotron_super,9.655026193237628,15600,scrapy/26,scrapy,26,1,4,0,14281,5463,0.003399,64.84
1.0,1,1.0,1.0,all_tools,required,nemotron_super,9.655026193237628,15600,scrapy/26,scrapy,26,2,7,0,43319,21154,0.012144,355.32
1.0,1,1.0,1.0,all_tools,required,nemotron_super,9.655026193237628,15600,scrapy/26,scrapy,26,3,9,0,66691,20873,0.014018,195.99
0.6667,0,1.0,0.5,all_tools,required,nemotron_super,9.73477299914839,16895,scrapy/48,scrapy,48,1,8,0,20979,5555,0.004005,62.83
0.0,0,0.0,0.0,all_tools,required,nemotron_super,9.73477299914839,16895,scrapy/48,scrapy,48,2,19,0,105307,31620,0.021599,426.21
0.6667,0,1.0,0.5,all_tools,required,nemotron_super,9.73477299914839,16895,scrapy/48,scrapy,48,3,15,0,81004,23264,0.016191,350.95
1.0,1,1.0,1.0,all_tools,required,nemotron_super,9.961803629358965,21201,stable-diffusion-webui/0,stable-diffusion-webui,0,1,4,0,72646,7736,0.009269,111.23
1.0,1,1.0,1.0,all_tools,required,nemotron_super,9.961803629358965,21201,stable-diffusion-webui/0,stable-diffusion-webui,0,2,6,0,118223,10097,0.014088,190.92
1.0,1,1.0,1.0,all_tools,required,nemotron_super,9.961803629358965,21201,stable-diffusion-webui/0,stable-diffusion-webui,0,3,5,0,92747,10443,0.012061,203.28
0.0,0,0.0,0.0,all_tools,required,nemotron_super,9.908425341565751,20099,stable-diffusion-webui/13,stable-diffusion-webui,13,1,30,1,731999,33366,0.075566,582.34
0.0,0,0.0,0.0,all_tools,required,nemotron_super,9.908425341565751,20099,stable-diffusion-webui/13,stable-diffusion-webui,13,2,24,0,644209,40453,0.070939,825.12
1.0,1,1.0,1.0,all_tools,required,nemotron_super,9.908425341565751,20099,stable-diffusion-webui/13,stable-diffusion-webui,13,3,30,0,770533,26116,0.075942,451.93
0.0,0,0.0,0.0,all_tools,required,nemotron_super,10.028797743501574,22670,stable-diffusion-webui/5,stable-diffusion-webui,5,1,14,0,106390,10860,0.013387,120.79
0.0,0,0.0,0.0,all_tools,required,nemotron_super,10.028797743501574,22670,stable-diffusion-webui/5,stable-diffusion-webui,5,2,15,0,116706,6658,0.012583,85.71
0.0,0,0.0,0.0,all_tools,required,nemotron_super,10.028797743501574,22670,stable-diffusion-webui/5,stable-diffusion-webui,5,3,20,0,259454,16710,0.028738,234.46
0.0,0,0.0,0.0,all_tools,required,nemotron_super,8.483636407887394,4835,thefuck/10,thefuck,10,1,14,0,75803,59669,0.030311,823.81
0.0,0,0.0,0.0,all_tools,required,nemotron_super,8.483636407887394,4835,thefuck/10,thefuck,10,2,10,0,47092,37089,0.018838,332.63
0.0,0,0.0,0.0,all_tools,required,nemotron_super,8.483636407887394,4835,thefuck/10,thefuck,10,3,11,0,54836,35302,0.018782,518.8
0.0,0,0.0,0.0,all_tools,required,nemotron_super,8.270781013162674,3908,thefuck/20,thefuck,20,1,30,1,180766,35274,0.029475,416.1
0.0,0,0.0,0.0,all_tools,required,nemotron_super,8.270781013162674,3908,thefuck/20,thefuck,20,2,30,1,239757,41549,0.036999,662.81
0.0,0,0.0,0.0,all_tools,required,nemotron_super,8.270781013162674,3908,thefuck/20,thefuck,20,3,29,0,206922,53391,0.038945,645.09
1.0,1,1.0,1.0,all_tools,required,nemotron_super,7.822845290279774,2497,thefuck/5,thefuck,5,1,15,0,115840,26709,0.02053,327.36
1.0,1,1.0,1.0,all_tools,required,nemotron_super,7.822845290279774,2497,thefuck/5,thefuck,5,2,21,0,149496,37519,0.027715,619.43
1.0,1,1.0,1.0,all_tools,required,nemotron_super,7.822845290279774,2497,thefuck/5,thefuck,5,3,28,0,108753,28295,0.020562,236.9
1.0,1,1.0,1.0,all_tools,required,nemotron_super,12.430331574579306,250279,transformers/25,transformers,25,1,15,0,85125,19837,0.01517,392.03
1.0,1,1.0,1.0,all_tools,required,nemotron_super,12.430331574579306,250279,transformers/25,transformers,25,2,15,0,78455,23937,0.016243,320.29
1.0,1,1.0,1.0,all_tools,required,nemotron_super,12.430331574579306,250279,transformers/25,transformers,25,3,23,0,286228,29337,0.036064,316.4
0.1538,0,1.0,0.0833,all_tools,required,nemotron_super,12.407424472605875,244611,transformers/27,transformers,27,1,5,0,25517,1066,0.002595,19.25
0.1538,0,1.0,0.0833,all_tools,required,nemotron_super,12.407424472605875,244611,transformers/27,transformers,27,2,7,0,30948,2597,0.003669,40.43
0.1538,0,1.0,0.0833,all_tools,required,nemotron_super,12.407424472605875,244611,transformers/27,transformers,27,3,4,0,21458,1303,0.002345,23.61
0.8889,0,1.0,0.8,all_tools,required,nemotron_super,11.587420505060633,107734,transformers/5,transformers,5,1,28,0,524683,23062,0.053823,337.21
0.0,0,0.0,0.0,all_tools,required,nemotron_super,11.587420505060633,107734,transformers/5,transformers,5,2,30,1,878340,47315,0.093585,675.37
0.0,0,0.0,0.0,all_tools,required,nemotron_super,11.587420505060633,107734,transformers/5,transformers,5,3,32,1,795302,33930,0.081173,524.0
1.0,1,1.0,1.0,all_tools,required,nemotron_super,12.095096391086711,178992,yt-dlp/23,yt-dlp,23,1,10,0,93399,25617,0.018186,449.85
1.0,1,1.0,1.0,all_tools,required,nemotron_super,12.095096391086711,178992,yt-dlp/23,yt-dlp,23,2,5,0,41564,11974,0.008323,144.14
1.0,1,1.0,1.0,all_tools,required,nemotron_super,12.095096391086711,178992,yt-dlp/23,yt-dlp,23,3,5,0,41941,17844,0.010703,455.86
0.0,0,0.0,0.0,all_tools,required,nemotron_super,12.1489730534896,188900,yt-dlp/41,yt-dlp,41,1,16,0,154238,14482,0.018903,211.26
0.6667,1,0.5,1.0,all_tools,required,nemotron_super,12.1489730534896,188900,yt-dlp/41,yt-dlp,41,2,25,0,255463,28443,0.033092,454.29
0.0,0,0.0,0.0,all_tools,required,nemotron_super,12.1489730534896,188900,yt-dlp/41,yt-dlp,41,3,21,0,292620,23592,0.034309,290.51
0.6667,0,1.0,0.5,all_tools,required,nemotron_super,12.198660241414718,198523,yt-dlp/45,yt-dlp,45,1,4,0,39673,9225,0.007062,131.34
0.6667,0,1.0,0.5,all_tools,required,nemotron_super,12.198660241414718,198523,yt-dlp/45,yt-dlp,45,2,12,0,144231,13972,0.017848,172.74
0.6667,0,1.0,0.5,all_tools,required,nemotron_super,12.198660241414718,198523,yt-dlp/45,yt-dlp,45,3,11,0,217245,20225,0.026556,470.66
