model_dir,model_short,model,task_idx,map_type,rep,issue_title,base_commit,input_tokens,output_tokens,cost,turns,wall_time,stop_reason,cached_tokens,cost_usd,cost_usd_uncached,precision,recall,f1,prediction_corrected,empty_prediction,n_predicted_files,n_ground_truth_files,model_pair,pair_name,model_size,provider,architecture,task_type
deepinfra_Qwen_Qwen3-VL-30B-A3B-Instruct,Qwen3-VL-30B,deepinfra/Qwen/Qwen3-VL-30B-A3B-Instruct,0,ast_compact,0,AttributeError: 'NoneType' object has no attribute 'read',ccabcf1fca906bfa6b65a3189c1c41061e6c1042,36727,1128,0.0,3,42.08,submitted,0,0.006186,0.006186,1.0,1.0,1.0,False,False,1,1,1,Qwen3-VL,small,deepinfra,MoE,single_file
deepinfra_Qwen_Qwen3-VL-30B-A3B-Instruct,Qwen3-VL-30B,deepinfra/Qwen/Qwen3-VL-30B-A3B-Instruct,0,ast_compact,1,AttributeError: 'NoneType' object has no attribute 'read',ccabcf1fca906bfa6b65a3189c1c41061e6c1042,124774,17712,0.0,9,568.56,end_turn,0,0.029343,0.029343,1.0,1.0,1.0,False,False,1,1,1,Qwen3-VL,small,deepinfra,MoE,single_file
deepinfra_Qwen_Qwen3-VL-30B-A3B-Instruct,Qwen3-VL-30B,deepinfra/Qwen/Qwen3-VL-30B-A3B-Instruct,0,ast_compact,2,AttributeError: 'NoneType' object has no attribute 'read',ccabcf1fca906bfa6b65a3189c1c41061e6c1042,21808,899,0.0,2,33.7,submitted,0,0.003811,0.003811,1.0,1.0,1.0,False,False,1,1,1,Qwen3-VL,small,deepinfra,MoE,single_file
deepinfra_Qwen_Qwen3-VL-30B-A3B-Instruct,Qwen3-VL-30B,deepinfra/Qwen/Qwen3-VL-30B-A3B-Instruct,0,ast_compact,3,AttributeError: 'NoneType' object has no attribute 'read',ccabcf1fca906bfa6b65a3189c1c41061e6c1042,52070,16602,0.0,2,547.4,end_turn,0,0.017772,0.017772,1.0,1.0,1.0,False,False,1,1,1,Qwen3-VL,small,deepinfra,MoE,single_file
deepinfra_Qwen_Qwen3-VL-30B-A3B-Instruct,Qwen3-VL-30B,deepinfra/Qwen/Qwen3-VL-30B-A3B-Instruct,0,ast_compact,4,AttributeError: 'NoneType' object has no attribute 'read',ccabcf1fca906bfa6b65a3189c1c41061e6c1042,36554,1078,0.0,3,40.82,submitted,0,0.00613,0.00613,1.0,1.0,1.0,False,False,1,1,1,Qwen3-VL,small,deepinfra,MoE,single_file
deepinfra_Qwen_Qwen3-VL-30B-A3B-Instruct,Qwen3-VL-30B,deepinfra/Qwen/Qwen3-VL-30B-A3B-Instruct,0,ast,0,AttributeError: 'NoneType' object has no attribute 'read',ccabcf1fca906bfa6b65a3189c1c41061e6c1042,50405,732,0.0,3,35.32,submitted,0,0.008,0.008,1.0,1.0,1.0,False,False,1,1,1,Qwen3-VL,small,deepinfra,MoE,single_file
deepinfra_Qwen_Qwen3-VL-30B-A3B-Instruct,Qwen3-VL-30B,deepinfra/Qwen/Qwen3-VL-30B-A3B-Instruct,0,ast,1,AttributeError: 'NoneType' object has no attribute 'read',ccabcf1fca906bfa6b65a3189c1c41061e6c1042,101577,1430,0.0,4,61.69,submitted,0,0.016095,0.016095,1.0,1.0,1.0,False,False,1,1,1,Qwen3-VL,small,deepinfra,MoE,single_file
deepinfra_Qwen_Qwen3-VL-30B-A3B-Instruct,Qwen3-VL-30B,deepinfra/Qwen/Qwen3-VL-30B-A3B-Instruct,0,ast,2,AttributeError: 'NoneType' object has no attribute 'read',ccabcf1fca906bfa6b65a3189c1c41061e6c1042,402476,1805,0.0,20,76.29,max_turns,0,0.061454,0.061454,0.0,0.0,0.0,False,False,1,1,1,Qwen3-VL,small,deepinfra,MoE,single_file
deepinfra_Qwen_Qwen3-VL-30B-A3B-Instruct,Qwen3-VL-30B,deepinfra/Qwen/Qwen3-VL-30B-A3B-Instruct,0,ast,3,AttributeError: 'NoneType' object has no attribute 'read',ccabcf1fca906bfa6b65a3189c1c41061e6c1042,62895,1482,0.0,3,74.71,submitted,0,0.010323,0.010323,1.0,1.0,1.0,False,False,1,1,1,Qwen3-VL,small,deepinfra,MoE,single_file
deepinfra_Qwen_Qwen3-VL-30B-A3B-Instruct,Qwen3-VL-30B,deepinfra/Qwen/Qwen3-VL-30B-A3B-Instruct,0,ast,4,AttributeError: 'NoneType' object has no attribute 'read',ccabcf1fca906bfa6b65a3189c1c41061e6c1042,78420,16603,0.0,2,587.97,end_turn,0,0.021725,0.021725,1.0,1.0,1.0,False,False,1,1,1,Qwen3-VL,small,deepinfra,MoE,single_file
deepinfra_Qwen_Qwen3-VL-30B-A3B-Instruct,Qwen3-VL-30B,deepinfra/Qwen/Qwen3-VL-30B-A3B-Instruct,0,none,0,AttributeError: 'NoneType' object has no attribute 'read',ccabcf1fca906bfa6b65a3189c1c41061e6c1042,107600,1696,0.0,20,71.43,max_turns,0,0.017158,0.017158,1.0,1.0,1.0,False,False,1,1,1,Qwen3-VL,small,deepinfra,MoE,single_file
deepinfra_Qwen_Qwen3-VL-30B-A3B-Instruct,Qwen3-VL-30B,deepinfra/Qwen/Qwen3-VL-30B-A3B-Instruct,0,none,1,AttributeError: 'NoneType' object has no attribute 'read',ccabcf1fca906bfa6b65a3189c1c41061e6c1042,86316,970,0.0,20,51.12,max_turns,0,0.013529,0.013529,0.0,0.0,0.0,False,True,0,1,1,Qwen3-VL,small,deepinfra,MoE,single_file
deepinfra_Qwen_Qwen3-VL-30B-A3B-Instruct,Qwen3-VL-30B,deepinfra/Qwen/Qwen3-VL-30B-A3B-Instruct,0,none,2,AttributeError: 'NoneType' object has no attribute 'read',ccabcf1fca906bfa6b65a3189c1c41061e6c1042,64264,1245,0.0,20,61.74,max_turns,0,0.010387,0.010387,1.0,1.0,1.0,False,False,1,1,1,Qwen3-VL,small,deepinfra,MoE,single_file
deepinfra_Qwen_Qwen3-VL-30B-A3B-Instruct,Qwen3-VL-30B,deepinfra/Qwen/Qwen3-VL-30B-A3B-Instruct,0,none,3,AttributeError: 'NoneType' object has no attribute 'read',ccabcf1fca906bfa6b65a3189c1c41061e6c1042,53652,1185,0.0,20,50.23,max_turns,0,0.008759,0.008759,0.0,0.0,0.0,False,True,0,1,1,Qwen3-VL,small,deepinfra,MoE,single_file
deepinfra_Qwen_Qwen3-VL-30B-A3B-Instruct,Qwen3-VL-30B,deepinfra/Qwen/Qwen3-VL-30B-A3B-Instruct,0,none,4,AttributeError: 'NoneType' object has no attribute 'read',ccabcf1fca906bfa6b65a3189c1c41061e6c1042,49106,798,0.0,20,47.56,max_turns,0,0.007845,0.007845,0.0,0.0,0.0,False,False,1,1,1,Qwen3-VL,small,deepinfra,MoE,single_file
deepinfra_Qwen_Qwen3-VL-30B-A3B-Instruct,Qwen3-VL-30B,deepinfra/Qwen/Qwen3-VL-30B-A3B-Instruct,12,ast_compact,0,Not possible to specify max_retries in v1.X?,be62645dd56580dd7576032b348cf79d880851d8,28417,818,0.0,4,42.82,submitted,0,0.004753,0.004753,1.0,0.6667,0.8,False,False,2,3,1,Qwen3-VL,small,deepinfra,MoE,multi_file
deepinfra_Qwen_Qwen3-VL-30B-A3B-Instruct,Qwen3-VL-30B,deepinfra/Qwen/Qwen3-VL-30B-A3B-Instruct,12,ast_compact,1,Not possible to specify max_retries in v1.X?,be62645dd56580dd7576032b348cf79d880851d8,17865,612,0.0,3,23.5,submitted,0,0.003047,0.003047,1.0,0.3333,0.5,False,False,1,3,1,Qwen3-VL,small,deepinfra,MoE,multi_file
deepinfra_Qwen_Qwen3-VL-30B-A3B-Instruct,Qwen3-VL-30B,deepinfra/Qwen/Qwen3-VL-30B-A3B-Instruct,12,ast_compact,2,Not possible to specify max_retries in v1.X?,be62645dd56580dd7576032b348cf79d880851d8,31186,1338,0.0,4,59.6,submitted,0,0.005481,0.005481,1.0,0.6667,0.8,False,False,2,3,1,Qwen3-VL,small,deepinfra,MoE,multi_file
deepinfra_Qwen_Qwen3-VL-30B-A3B-Instruct,Qwen3-VL-30B,deepinfra/Qwen/Qwen3-VL-30B-A3B-Instruct,12,ast_compact,3,Not possible to specify max_retries in v1.X?,be62645dd56580dd7576032b348cf79d880851d8,40126,989,0.0,5,46.51,submitted,0,0.006612,0.006612,1.0,1.0,1.0,False,False,3,3,1,Qwen3-VL,small,deepinfra,MoE,multi_file
deepinfra_Qwen_Qwen3-VL-30B-A3B-Instruct,Qwen3-VL-30B,deepinfra/Qwen/Qwen3-VL-30B-A3B-Instruct,12,ast_compact,4,Not possible to specify max_retries in v1.X?,be62645dd56580dd7576032b348cf79d880851d8,18002,691,0.0,3,27.45,submitted,0,0.003115,0.003115,1.0,0.3333,0.5,False,False,1,3,1,Qwen3-VL,small,deepinfra,MoE,multi_file
deepinfra_Qwen_Qwen3-VL-30B-A3B-Instruct,Qwen3-VL-30B,deepinfra/Qwen/Qwen3-VL-30B-A3B-Instruct,12,ast,0,Not possible to specify max_retries in v1.X?,be62645dd56580dd7576032b348cf79d880851d8,56724,911,0.0,4,37.52,submitted,0,0.009055,0.009055,1.0,0.3333,0.5,False,False,1,3,1,Qwen3-VL,small,deepinfra,MoE,multi_file
deepinfra_Qwen_Qwen3-VL-30B-A3B-Instruct,Qwen3-VL-30B,deepinfra/Qwen/Qwen3-VL-30B-A3B-Instruct,12,ast,1,Not possible to specify max_retries in v1.X?,be62645dd56580dd7576032b348cf79d880851d8,136747,1130,0.0,8,42.78,submitted,0,0.02119,0.02119,1.0,0.6667,0.8,False,False,2,3,1,Qwen3-VL,small,deepinfra,MoE,multi_file
deepinfra_Qwen_Qwen3-VL-30B-A3B-Instruct,Qwen3-VL-30B,deepinfra/Qwen/Qwen3-VL-30B-A3B-Instruct,12,ast,2,Not possible to specify max_retries in v1.X?,be62645dd56580dd7576032b348cf79d880851d8,62985,1236,0.0,4,47.54,submitted,0,0.010189,0.010189,1.0,0.6667,0.8,False,False,2,3,1,Qwen3-VL,small,deepinfra,MoE,multi_file
deepinfra_Qwen_Qwen3-VL-30B-A3B-Instruct,Qwen3-VL-30B,deepinfra/Qwen/Qwen3-VL-30B-A3B-Instruct,12,ast,3,Not possible to specify max_retries in v1.X?,be62645dd56580dd7576032b348cf79d880851d8,92045,16872,0.0,4,460.26,end_turn,0,0.02393,0.02393,1.0,0.6667,0.8,False,False,2,3,1,Qwen3-VL,small,deepinfra,MoE,multi_file
deepinfra_Qwen_Qwen3-VL-30B-A3B-Instruct,Qwen3-VL-30B,deepinfra/Qwen/Qwen3-VL-30B-A3B-Instruct,12,ast,4,Not possible to specify max_retries in v1.X?,be62645dd56580dd7576032b348cf79d880851d8,104357,1729,0.0,6,80.72,submitted,0,0.016691,0.016691,1.0,0.6667,0.8,False,False,2,3,1,Qwen3-VL,small,deepinfra,MoE,multi_file
deepinfra_Qwen_Qwen3-VL-30B-A3B-Instruct,Qwen3-VL-30B,deepinfra/Qwen/Qwen3-VL-30B-A3B-Instruct,12,none,0,Not possible to specify max_retries in v1.X?,be62645dd56580dd7576032b348cf79d880851d8,15175,875,0.0,7,42.85,submitted,0,0.002801,0.002801,1.0,0.3333,0.5,False,False,1,3,1,Qwen3-VL,small,deepinfra,MoE,multi_file
deepinfra_Qwen_Qwen3-VL-30B-A3B-Instruct,Qwen3-VL-30B,deepinfra/Qwen/Qwen3-VL-30B-A3B-Instruct,12,none,1,Not possible to specify max_retries in v1.X?,be62645dd56580dd7576032b348cf79d880851d8,45542,17138,0.0,6,552.78,end_turn,0,0.017114,0.017114,1.0,1.0,1.0,False,False,3,3,1,Qwen3-VL,small,deepinfra,MoE,multi_file
deepinfra_Qwen_Qwen3-VL-30B-A3B-Instruct,Qwen3-VL-30B,deepinfra/Qwen/Qwen3-VL-30B-A3B-Instruct,12,none,2,Not possible to specify max_retries in v1.X?,be62645dd56580dd7576032b348cf79d880851d8,29955,1152,0.0,9,49.26,submitted,0,0.005184,0.005184,1.0,0.3333,0.5,False,False,1,3,1,Qwen3-VL,small,deepinfra,MoE,multi_file
deepinfra_Qwen_Qwen3-VL-30B-A3B-Instruct,Qwen3-VL-30B,deepinfra/Qwen/Qwen3-VL-30B-A3B-Instruct,12,none,3,Not possible to specify max_retries in v1.X?,be62645dd56580dd7576032b348cf79d880851d8,20699,811,0.0,7,32.04,submitted,0,0.003591,0.003591,1.0,0.3333,0.5,False,False,1,3,1,Qwen3-VL,small,deepinfra,MoE,multi_file
deepinfra_Qwen_Qwen3-VL-30B-A3B-Instruct,Qwen3-VL-30B,deepinfra/Qwen/Qwen3-VL-30B-A3B-Instruct,12,none,4,Not possible to specify max_retries in v1.X?,be62645dd56580dd7576032b348cf79d880851d8,260633,20864,0.0,19,582.23,end_turn,0,0.051613,0.051613,1.0,0.6667,0.8,False,False,2,3,1,Qwen3-VL,small,deepinfra,MoE,multi_file
deepinfra_Qwen_Qwen3-VL-30B-A3B-Instruct,Qwen3-VL-30B,deepinfra/Qwen/Qwen3-VL-30B-A3B-Instruct,14,ast_compact,0,Authentication Handlers lost on redirect.,4683f169909857d663275346655975af7190fd62,45781,677,0.0,6,40.11,submitted,0,0.007273,0.007273,0.0,0.0,0.0,False,False,1,1,1,Qwen3-VL,small,deepinfra,MoE,single_file
deepinfra_Qwen_Qwen3-VL-30B-A3B-Instruct,Qwen3-VL-30B,deepinfra/Qwen/Qwen3-VL-30B-A3B-Instruct,14,ast_compact,1,Authentication Handlers lost on redirect.,4683f169909857d663275346655975af7190fd62,99049,1937,0.0,10,94.72,submitted,0,0.01602,0.01602,1.0,1.0,1.0,False,False,1,1,1,Qwen3-VL,small,deepinfra,MoE,single_file
deepinfra_Qwen_Qwen3-VL-30B-A3B-Instruct,Qwen3-VL-30B,deepinfra/Qwen/Qwen3-VL-30B-A3B-Instruct,14,ast_compact,2,Authentication Handlers lost on redirect.,4683f169909857d663275346655975af7190fd62,48202,16566,0.0,3,589.18,end_turn,0,0.01717,0.01717,1.0,1.0,1.0,False,False,1,1,1,Qwen3-VL,small,deepinfra,MoE,single_file
deepinfra_Qwen_Qwen3-VL-30B-A3B-Instruct,Qwen3-VL-30B,deepinfra/Qwen/Qwen3-VL-30B-A3B-Instruct,14,ast_compact,3,Authentication Handlers lost on redirect.,4683f169909857d663275346655975af7190fd62,33682,701,0.0,4,36.03,submitted,0,0.005473,0.005473,1.0,1.0,1.0,False,False,1,1,1,Qwen3-VL,small,deepinfra,MoE,single_file
deepinfra_Qwen_Qwen3-VL-30B-A3B-Instruct,Qwen3-VL-30B,deepinfra/Qwen/Qwen3-VL-30B-A3B-Instruct,14,ast_compact,4,Authentication Handlers lost on redirect.,4683f169909857d663275346655975af7190fd62,109206,896,0.0,6,46.29,submitted,0,0.016918,0.016918,0.0,0.0,0.0,False,False,1,1,1,Qwen3-VL,small,deepinfra,MoE,single_file
deepinfra_Qwen_Qwen3-VL-30B-A3B-Instruct,Qwen3-VL-30B,deepinfra/Qwen/Qwen3-VL-30B-A3B-Instruct,14,ast,0,Authentication Handlers lost on redirect.,4683f169909857d663275346655975af7190fd62,33399,481,0.0,2,23.66,submitted,0,0.005298,0.005298,1.0,1.0,1.0,False,False,1,1,1,Qwen3-VL,small,deepinfra,MoE,single_file
deepinfra_Qwen_Qwen3-VL-30B-A3B-Instruct,Qwen3-VL-30B,deepinfra/Qwen/Qwen3-VL-30B-A3B-Instruct,14,ast,1,Authentication Handlers lost on redirect.,4683f169909857d663275346655975af7190fd62,197853,17315,0.0,9,631.79,end_turn,0,0.040067,0.040067,0.5,1.0,0.6667,False,False,2,1,1,Qwen3-VL,small,deepinfra,MoE,single_file
deepinfra_Qwen_Qwen3-VL-30B-A3B-Instruct,Qwen3-VL-30B,deepinfra/Qwen/Qwen3-VL-30B-A3B-Instruct,14,ast,2,Authentication Handlers lost on redirect.,4683f169909857d663275346655975af7190fd62,65941,888,0.0,4,50.83,submitted,0,0.010424,0.010424,1.0,1.0,1.0,False,False,1,1,1,Qwen3-VL,small,deepinfra,MoE,single_file
deepinfra_Qwen_Qwen3-VL-30B-A3B-Instruct,Qwen3-VL-30B,deepinfra/Qwen/Qwen3-VL-30B-A3B-Instruct,14,ast,3,Authentication Handlers lost on redirect.,4683f169909857d663275346655975af7190fd62,56954,689,0.0,3,30.57,submitted,0,0.008956,0.008956,1.0,1.0,1.0,False,False,1,1,1,Qwen3-VL,small,deepinfra,MoE,single_file
deepinfra_Qwen_Qwen3-VL-30B-A3B-Instruct,Qwen3-VL-30B,deepinfra/Qwen/Qwen3-VL-30B-A3B-Instruct,14,ast,4,Authentication Handlers lost on redirect.,4683f169909857d663275346655975af7190fd62,64379,800,0.0,4,33.91,submitted,0,0.010137,0.010137,1.0,1.0,1.0,False,False,1,1,1,Qwen3-VL,small,deepinfra,MoE,single_file
deepinfra_Qwen_Qwen3-VL-30B-A3B-Instruct,Qwen3-VL-30B,deepinfra/Qwen/Qwen3-VL-30B-A3B-Instruct,14,none,0,Authentication Handlers lost on redirect.,4683f169909857d663275346655975af7190fd62,55765,1747,0.0,7,60.44,submitted,0,0.009413,0.009413,0.0,0.0,0.0,False,False,1,1,1,Qwen3-VL,small,deepinfra,MoE,single_file
deepinfra_Qwen_Qwen3-VL-30B-A3B-Instruct,Qwen3-VL-30B,deepinfra/Qwen/Qwen3-VL-30B-A3B-Instruct,14,none,1,Authentication Handlers lost on redirect.,4683f169909857d663275346655975af7190fd62,123508,795,0.0,11,45.66,submitted,0,0.019003,0.019003,1.0,1.0,1.0,False,False,1,1,1,Qwen3-VL,small,deepinfra,MoE,single_file
deepinfra_Qwen_Qwen3-VL-30B-A3B-Instruct,Qwen3-VL-30B,deepinfra/Qwen/Qwen3-VL-30B-A3B-Instruct,14,none,2,Authentication Handlers lost on redirect.,4683f169909857d663275346655975af7190fd62,40366,16548,0.0,4,510.53,end_turn,0,0.015984,0.015984,1.0,1.0,1.0,False,False,1,1,1,Qwen3-VL,small,deepinfra,MoE,single_file
deepinfra_Qwen_Qwen3-VL-30B-A3B-Instruct,Qwen3-VL-30B,deepinfra/Qwen/Qwen3-VL-30B-A3B-Instruct,14,none,3,Authentication Handlers lost on redirect.,4683f169909857d663275346655975af7190fd62,124727,16836,0.0,10,462.58,end_turn,0,0.028811,0.028811,0.5,1.0,0.6667,False,False,2,1,1,Qwen3-VL,small,deepinfra,MoE,single_file
deepinfra_Qwen_Qwen3-VL-30B-A3B-Instruct,Qwen3-VL-30B,deepinfra/Qwen/Qwen3-VL-30B-A3B-Instruct,14,none,4,Authentication Handlers lost on redirect.,4683f169909857d663275346655975af7190fd62,28681,1258,0.0,7,55.48,submitted,0,0.005057,0.005057,1.0,1.0,1.0,False,False,1,1,1,Qwen3-VL,small,deepinfra,MoE,single_file
deepinfra_Qwen_Qwen3-VL-30B-A3B-Instruct,Qwen3-VL-30B,deepinfra/Qwen/Qwen3-VL-30B-A3B-Instruct,15,ast_compact,0,Add header name to InvalidHeader exception message,1c2022cf868cb503815f34901ad8e85cf524d01a,21867,329,0.0,3,11.28,submitted,0,0.003477,0.003477,1.0,1.0,1.0,False,False,1,1,1,Qwen3-VL,small,deepinfra,MoE,single_file
deepinfra_Qwen_Qwen3-VL-30B-A3B-Instruct,Qwen3-VL-30B,deepinfra/Qwen/Qwen3-VL-30B-A3B-Instruct,15,ast_compact,1,Add header name to InvalidHeader exception message,1c2022cf868cb503815f34901ad8e85cf524d01a,71905,1030,0.0,9,52.16,submitted,0,0.011404,0.011404,1.0,1.0,1.0,False,False,1,1,1,Qwen3-VL,small,deepinfra,MoE,single_file
deepinfra_Qwen_Qwen3-VL-30B-A3B-Instruct,Qwen3-VL-30B,deepinfra/Qwen/Qwen3-VL-30B-A3B-Instruct,15,ast_compact,2,Add header name to InvalidHeader exception message,1c2022cf868cb503815f34901ad8e85cf524d01a,22060,464,0.0,3,19.89,submitted,0,0.003587,0.003587,1.0,1.0,1.0,False,False,1,1,1,Qwen3-VL,small,deepinfra,MoE,single_file
deepinfra_Qwen_Qwen3-VL-30B-A3B-Instruct,Qwen3-VL-30B,deepinfra/Qwen/Qwen3-VL-30B-A3B-Instruct,15,ast_compact,3,Add header name to InvalidHeader exception message,1c2022cf868cb503815f34901ad8e85cf524d01a,22348,495,0.0,3,20.49,submitted,0,0.003649,0.003649,1.0,1.0,1.0,False,False,1,1,1,Qwen3-VL,small,deepinfra,MoE,single_file
deepinfra_Qwen_Qwen3-VL-30B-A3B-Instruct,Qwen3-VL-30B,deepinfra/Qwen/Qwen3-VL-30B-A3B-Instruct,15,ast_compact,4,Add header name to InvalidHeader exception message,1c2022cf868cb503815f34901ad8e85cf524d01a,30517,502,0.0,4,20.68,submitted,0,0.004879,0.004879,1.0,1.0,1.0,False,False,1,1,1,Qwen3-VL,small,deepinfra,MoE,single_file
deepinfra_Qwen_Qwen3-VL-30B-A3B-Instruct,Qwen3-VL-30B,deepinfra/Qwen/Qwen3-VL-30B-A3B-Instruct,15,ast,0,Add header name to InvalidHeader exception message,1c2022cf868cb503815f34901ad8e85cf524d01a,49866,584,0.0,3,28.87,submitted,0,0.00783,0.00783,1.0,1.0,1.0,False,False,1,1,1,Qwen3-VL,small,deepinfra,MoE,single_file
deepinfra_Qwen_Qwen3-VL-30B-A3B-Instruct,Qwen3-VL-30B,deepinfra/Qwen/Qwen3-VL-30B-A3B-Instruct,15,ast,1,Add header name to InvalidHeader exception message,1c2022cf868cb503815f34901ad8e85cf524d01a,67208,646,0.0,4,34.42,submitted,0,0.010469,0.010469,1.0,1.0,1.0,False,False,1,1,1,Qwen3-VL,small,deepinfra,MoE,single_file
deepinfra_Qwen_Qwen3-VL-30B-A3B-Instruct,Qwen3-VL-30B,deepinfra/Qwen/Qwen3-VL-30B-A3B-Instruct,15,ast,2,Add header name to InvalidHeader exception message,1c2022cf868cb503815f34901ad8e85cf524d01a,55860,568,0.0,3,23.0,submitted,0,0.00872,0.00872,1.0,1.0,1.0,False,False,1,1,1,Qwen3-VL,small,deepinfra,MoE,single_file
deepinfra_Qwen_Qwen3-VL-30B-A3B-Instruct,Qwen3-VL-30B,deepinfra/Qwen/Qwen3-VL-30B-A3B-Instruct,15,ast,3,Add header name to InvalidHeader exception message,1c2022cf868cb503815f34901ad8e85cf524d01a,32825,329,0.0,2,12.14,submitted,0,0.005121,0.005121,1.0,1.0,1.0,False,False,1,1,1,Qwen3-VL,small,deepinfra,MoE,single_file
deepinfra_Qwen_Qwen3-VL-30B-A3B-Instruct,Qwen3-VL-30B,deepinfra/Qwen/Qwen3-VL-30B-A3B-Instruct,15,ast,4,Add header name to InvalidHeader exception message,1c2022cf868cb503815f34901ad8e85cf524d01a,49862,502,0.0,3,22.03,submitted,0,0.00778,0.00778,1.0,1.0,1.0,False,False,1,1,1,Qwen3-VL,small,deepinfra,MoE,single_file
deepinfra_Qwen_Qwen3-VL-30B-A3B-Instruct,Qwen3-VL-30B,deepinfra/Qwen/Qwen3-VL-30B-A3B-Instruct,15,none,0,Add header name to InvalidHeader exception message,1c2022cf868cb503815f34901ad8e85cf524d01a,4028,372,0.0,3,18.57,submitted,0,0.000827,0.000827,1.0,1.0,1.0,False,False,1,1,1,Qwen3-VL,small,deepinfra,MoE,single_file
deepinfra_Qwen_Qwen3-VL-30B-A3B-Instruct,Qwen3-VL-30B,deepinfra/Qwen/Qwen3-VL-30B-A3B-Instruct,15,none,1,Add header name to InvalidHeader exception message,1c2022cf868cb503815f34901ad8e85cf524d01a,4009,422,0.0,3,16.0,submitted,0,0.000855,0.000855,1.0,1.0,1.0,False,False,1,1,1,Qwen3-VL,small,deepinfra,MoE,single_file
deepinfra_Qwen_Qwen3-VL-30B-A3B-Instruct,Qwen3-VL-30B,deepinfra/Qwen/Qwen3-VL-30B-A3B-Instruct,15,none,2,Add header name to InvalidHeader exception message,1c2022cf868cb503815f34901ad8e85cf524d01a,10443,451,0.0,3,21.19,submitted,0,0.001837,0.001837,1.0,1.0,1.0,False,False,1,1,1,Qwen3-VL,small,deepinfra,MoE,single_file
deepinfra_Qwen_Qwen3-VL-30B-A3B-Instruct,Qwen3-VL-30B,deepinfra/Qwen/Qwen3-VL-30B-A3B-Instruct,15,none,3,Add header name to InvalidHeader exception message,1c2022cf868cb503815f34901ad8e85cf524d01a,10444,483,0.0,3,28.84,submitted,0,0.001856,0.001856,1.0,1.0,1.0,False,False,1,1,1,Qwen3-VL,small,deepinfra,MoE,single_file
deepinfra_Qwen_Qwen3-VL-30B-A3B-Instruct,Qwen3-VL-30B,deepinfra/Qwen/Qwen3-VL-30B-A3B-Instruct,15,none,4,Add header name to InvalidHeader exception message,1c2022cf868cb503815f34901ad8e85cf524d01a,5927,555,0.0,4,28.19,submitted,0,0.001222,0.001222,1.0,1.0,1.0,False,False,1,1,1,Qwen3-VL,small,deepinfra,MoE,single_file
deepinfra_Qwen_Qwen3-VL-30B-A3B-Instruct,Qwen3-VL-30B,deepinfra/Qwen/Qwen3-VL-30B-A3B-Instruct,4,ast_compact,0,Requests doesn't catch requests.packages.urllib3.exceptions.ProxyError,9968a10fcfad7268b552808c4f8946eecafc956a,40541,16678,0.0,3,606.31,end_turn,0,0.016088,0.016088,1.0,0.5,0.6667,False,False,1,2,1,Qwen3-VL,small,deepinfra,MoE,multi_file
deepinfra_Qwen_Qwen3-VL-30B-A3B-Instruct,Qwen3-VL-30B,deepinfra/Qwen/Qwen3-VL-30B-A3B-Instruct,4,ast_compact,1,Requests doesn't catch requests.packages.urllib3.exceptions.ProxyError,9968a10fcfad7268b552808c4f8946eecafc956a,58407,1223,0.0,8,49.01,submitted,0,0.009495,0.009495,1.0,0.5,0.6667,False,False,1,2,1,Qwen3-VL,small,deepinfra,MoE,multi_file
deepinfra_Qwen_Qwen3-VL-30B-A3B-Instruct,Qwen3-VL-30B,deepinfra/Qwen/Qwen3-VL-30B-A3B-Instruct,4,ast_compact,2,Requests doesn't catch requests.packages.urllib3.exceptions.ProxyError,9968a10fcfad7268b552808c4f8946eecafc956a,34765,704,0.0,5,27.19,submitted,0,0.005637,0.005637,1.0,0.5,0.6667,False,False,1,2,1,Qwen3-VL,small,deepinfra,MoE,multi_file
deepinfra_Qwen_Qwen3-VL-30B-A3B-Instruct,Qwen3-VL-30B,deepinfra/Qwen/Qwen3-VL-30B-A3B-Instruct,4,ast_compact,3,Requests doesn't catch requests.packages.urllib3.exceptions.ProxyError,9968a10fcfad7268b552808c4f8946eecafc956a,29936,705,0.0,4,26.74,submitted,0,0.004913,0.004913,1.0,0.5,0.6667,False,False,1,2,1,Qwen3-VL,small,deepinfra,MoE,multi_file
deepinfra_Qwen_Qwen3-VL-30B-A3B-Instruct,Qwen3-VL-30B,deepinfra/Qwen/Qwen3-VL-30B-A3B-Instruct,4,ast_compact,4,Requests doesn't catch requests.packages.urllib3.exceptions.ProxyError,9968a10fcfad7268b552808c4f8946eecafc956a,29498,1120,0.0,4,53.45,submitted,0,0.005097,0.005097,1.0,0.5,0.6667,False,False,1,2,1,Qwen3-VL,small,deepinfra,MoE,multi_file
deepinfra_Qwen_Qwen3-VL-30B-A3B-Instruct,Qwen3-VL-30B,deepinfra/Qwen/Qwen3-VL-30B-A3B-Instruct,4,ast,0,Requests doesn't catch requests.packages.urllib3.exceptions.ProxyError,9968a10fcfad7268b552808c4f8946eecafc956a,69852,778,0.0,5,42.92,submitted,0,0.010945,0.010945,1.0,0.5,0.6667,False,False,1,2,1,Qwen3-VL,small,deepinfra,MoE,multi_file
deepinfra_Qwen_Qwen3-VL-30B-A3B-Instruct,Qwen3-VL-30B,deepinfra/Qwen/Qwen3-VL-30B-A3B-Instruct,4,ast,1,Requests doesn't catch requests.packages.urllib3.exceptions.ProxyError,9968a10fcfad7268b552808c4f8946eecafc956a,122744,17467,0.0,6,438.56,end_turn,0,0.028892,0.028892,1.0,0.5,0.6667,False,False,1,2,1,Qwen3-VL,small,deepinfra,MoE,multi_file
deepinfra_Qwen_Qwen3-VL-30B-A3B-Instruct,Qwen3-VL-30B,deepinfra/Qwen/Qwen3-VL-30B-A3B-Instruct,4,ast,2,Requests doesn't catch requests.packages.urllib3.exceptions.ProxyError,9968a10fcfad7268b552808c4f8946eecafc956a,42921,466,0.0,3,17.68,submitted,0,0.006718,0.006718,1.0,0.5,0.6667,False,False,1,2,1,Qwen3-VL,small,deepinfra,MoE,multi_file
deepinfra_Qwen_Qwen3-VL-30B-A3B-Instruct,Qwen3-VL-30B,deepinfra/Qwen/Qwen3-VL-30B-A3B-Instruct,4,ast,3,Requests doesn't catch requests.packages.urllib3.exceptions.ProxyError,9968a10fcfad7268b552808c4f8946eecafc956a,59714,945,0.0,4,47.41,submitted,0,0.009524,0.009524,1.0,0.5,0.6667,False,False,1,2,1,Qwen3-VL,small,deepinfra,MoE,multi_file
deepinfra_Qwen_Qwen3-VL-30B-A3B-Instruct,Qwen3-VL-30B,deepinfra/Qwen/Qwen3-VL-30B-A3B-Instruct,4,ast,4,Requests doesn't catch requests.packages.urllib3.exceptions.ProxyError,9968a10fcfad7268b552808c4f8946eecafc956a,89715,788,0.0,6,27.84,submitted,0,0.01393,0.01393,1.0,0.5,0.6667,False,False,1,2,1,Qwen3-VL,small,deepinfra,MoE,multi_file
deepinfra_Qwen_Qwen3-VL-30B-A3B-Instruct,Qwen3-VL-30B,deepinfra/Qwen/Qwen3-VL-30B-A3B-Instruct,4,none,0,Requests doesn't catch requests.packages.urllib3.exceptions.ProxyError,9968a10fcfad7268b552808c4f8946eecafc956a,42608,952,0.0,9,48.62,submitted,0,0.006962,0.006962,1.0,1.0,1.0,False,False,2,2,1,Qwen3-VL,small,deepinfra,MoE,multi_file
deepinfra_Qwen_Qwen3-VL-30B-A3B-Instruct,Qwen3-VL-30B,deepinfra/Qwen/Qwen3-VL-30B-A3B-Instruct,4,none,1,Requests doesn't catch requests.packages.urllib3.exceptions.ProxyError,9968a10fcfad7268b552808c4f8946eecafc956a,16962,948,0.0,6,48.97,submitted,0,0.003113,0.003113,1.0,0.5,0.6667,False,False,1,2,1,Qwen3-VL,small,deepinfra,MoE,multi_file
deepinfra_Qwen_Qwen3-VL-30B-A3B-Instruct,Qwen3-VL-30B,deepinfra/Qwen/Qwen3-VL-30B-A3B-Instruct,4,none,2,Requests doesn't catch requests.packages.urllib3.exceptions.ProxyError,9968a10fcfad7268b552808c4f8946eecafc956a,18890,931,0.0,6,33.73,submitted,0,0.003392,0.003392,1.0,0.5,0.6667,False,False,1,2,1,Qwen3-VL,small,deepinfra,MoE,multi_file
deepinfra_Qwen_Qwen3-VL-30B-A3B-Instruct,Qwen3-VL-30B,deepinfra/Qwen/Qwen3-VL-30B-A3B-Instruct,4,none,3,Requests doesn't catch requests.packages.urllib3.exceptions.ProxyError,9968a10fcfad7268b552808c4f8946eecafc956a,22132,884,0.0,11,54.77,submitted,0,0.00385,0.00385,1.0,0.5,0.6667,False,False,1,2,1,Qwen3-VL,small,deepinfra,MoE,multi_file
deepinfra_Qwen_Qwen3-VL-30B-A3B-Instruct,Qwen3-VL-30B,deepinfra/Qwen/Qwen3-VL-30B-A3B-Instruct,4,none,4,Requests doesn't catch requests.packages.urllib3.exceptions.ProxyError,9968a10fcfad7268b552808c4f8946eecafc956a,16426,642,0.0,6,28.51,submitted,0,0.002849,0.002849,1.0,0.5,0.6667,False,False,1,2,1,Qwen3-VL,small,deepinfra,MoE,multi_file
deepinfra_Qwen_Qwen3-VL-235B-A22B-Instruct,Qwen3-VL-235B,deepinfra/Qwen/Qwen3-VL-235B-A22B-Instruct,0,ast_compact,0,AttributeError: 'NoneType' object has no attribute 'read',ccabcf1fca906bfa6b65a3189c1c41061e6c1042,118428,1990,0.0,11,179.65,submitted,0,0.025437,0.025437,1.0,1.0,1.0,False,False,1,1,1,Qwen3-VL,large,deepinfra,MoE,single_file
deepinfra_Qwen_Qwen3-VL-235B-A22B-Instruct,Qwen3-VL-235B,deepinfra/Qwen/Qwen3-VL-235B-A22B-Instruct,0,ast_compact,1,AttributeError: 'NoneType' object has no attribute 'read',ccabcf1fca906bfa6b65a3189c1c41061e6c1042,279567,3444,0.0,20,193.59,max_turns,0,0.058944,0.058944,0.5,1.0,0.6667,False,False,2,1,1,Qwen3-VL,large,deepinfra,MoE,single_file
deepinfra_Qwen_Qwen3-VL-235B-A22B-Instruct,Qwen3-VL-235B,deepinfra/Qwen/Qwen3-VL-235B-A22B-Instruct,0,ast_compact,2,AttributeError: 'NoneType' object has no attribute 'read',ccabcf1fca906bfa6b65a3189c1c41061e6c1042,97411,1612,0.0,10,74.81,submitted,0,0.020901,0.020901,1.0,1.0,1.0,False,False,1,1,1,Qwen3-VL,large,deepinfra,MoE,single_file
deepinfra_Qwen_Qwen3-VL-235B-A22B-Instruct,Qwen3-VL-235B,deepinfra/Qwen/Qwen3-VL-235B-A22B-Instruct,0,ast_compact,3,AttributeError: 'NoneType' object has no attribute 'read',ccabcf1fca906bfa6b65a3189c1c41061e6c1042,44745,1116,0.0,5,82.96,submitted,0,0.009931,0.009931,1.0,1.0,1.0,False,False,1,1,1,Qwen3-VL,large,deepinfra,MoE,single_file
deepinfra_Qwen_Qwen3-VL-235B-A22B-Instruct,Qwen3-VL-235B,deepinfra/Qwen/Qwen3-VL-235B-A22B-Instruct,0,ast_compact,4,AttributeError: 'NoneType' object has no attribute 'read',ccabcf1fca906bfa6b65a3189c1c41061e6c1042,66815,1525,0.0,7,77.28,submitted,0,0.014705,0.014705,1.0,1.0,1.0,False,False,1,1,1,Qwen3-VL,large,deepinfra,MoE,single_file
deepinfra_Qwen_Qwen3-VL-235B-A22B-Instruct,Qwen3-VL-235B,deepinfra/Qwen/Qwen3-VL-235B-A22B-Instruct,0,ast,0,AttributeError: 'NoneType' object has no attribute 'read',ccabcf1fca906bfa6b65a3189c1c41061e6c1042,176695,1648,0.0,9,104.0,submitted,0,0.036789,0.036789,1.0,1.0,1.0,False,False,1,1,1,Qwen3-VL,large,deepinfra,MoE,single_file
deepinfra_Qwen_Qwen3-VL-235B-A22B-Instruct,Qwen3-VL-235B,deepinfra/Qwen/Qwen3-VL-235B-A22B-Instruct,0,ast,1,AttributeError: 'NoneType' object has no attribute 'read',ccabcf1fca906bfa6b65a3189c1c41061e6c1042,211010,2119,0.0,11,146.52,submitted,0,0.044067,0.044067,1.0,1.0,1.0,False,False,1,1,1,Qwen3-VL,large,deepinfra,MoE,single_file
deepinfra_Qwen_Qwen3-VL-235B-A22B-Instruct,Qwen3-VL-235B,deepinfra/Qwen/Qwen3-VL-235B-A22B-Instruct,0,ast,2,AttributeError: 'NoneType' object has no attribute 'read',ccabcf1fca906bfa6b65a3189c1c41061e6c1042,145728,1437,0.0,8,92.69,submitted,0,0.03041,0.03041,1.0,1.0,1.0,False,False,1,1,1,Qwen3-VL,large,deepinfra,MoE,single_file
deepinfra_Qwen_Qwen3-VL-235B-A22B-Instruct,Qwen3-VL-235B,deepinfra/Qwen/Qwen3-VL-235B-A22B-Instruct,0,ast,3,AttributeError: 'NoneType' object has no attribute 'read',ccabcf1fca906bfa6b65a3189c1c41061e6c1042,210838,1899,0.0,11,89.7,submitted,0,0.043839,0.043839,1.0,1.0,1.0,False,False,1,1,1,Qwen3-VL,large,deepinfra,MoE,single_file
deepinfra_Qwen_Qwen3-VL-235B-A22B-Instruct,Qwen3-VL-235B,deepinfra/Qwen/Qwen3-VL-235B-A22B-Instruct,0,ast,4,AttributeError: 'NoneType' object has no attribute 'read',ccabcf1fca906bfa6b65a3189c1c41061e6c1042,66819,598,0.0,4,67.77,submitted,0,0.01389,0.01389,1.0,1.0,1.0,False,False,1,1,1,Qwen3-VL,large,deepinfra,MoE,single_file
deepinfra_Qwen_Qwen3-VL-235B-A22B-Instruct,Qwen3-VL-235B,deepinfra/Qwen/Qwen3-VL-235B-A22B-Instruct,0,none,0,AttributeError: 'NoneType' object has no attribute 'read',ccabcf1fca906bfa6b65a3189c1c41061e6c1042,7955,589,0.0,4,42.44,submitted,0,0.002109,0.002109,1.0,1.0,1.0,False,False,1,1,1,Qwen3-VL,large,deepinfra,MoE,single_file
deepinfra_Qwen_Qwen3-VL-235B-A22B-Instruct,Qwen3-VL-235B,deepinfra/Qwen/Qwen3-VL-235B-A22B-Instruct,0,none,1,AttributeError: 'NoneType' object has no attribute 'read',ccabcf1fca906bfa6b65a3189c1c41061e6c1042,11070,815,0.0,5,70.92,submitted,0,0.002931,0.002931,1.0,1.0,1.0,False,False,1,1,1,Qwen3-VL,large,deepinfra,MoE,single_file
deepinfra_Qwen_Qwen3-VL-235B-A22B-Instruct,Qwen3-VL-235B,deepinfra/Qwen/Qwen3-VL-235B-A22B-Instruct,0,none,2,AttributeError: 'NoneType' object has no attribute 'read',ccabcf1fca906bfa6b65a3189c1c41061e6c1042,28432,2294,0.0,10,133.95,submitted,0,0.007705,0.007705,0.0,0.0,0.0,False,False,1,1,1,Qwen3-VL,large,deepinfra,MoE,single_file
deepinfra_Qwen_Qwen3-VL-235B-A22B-Instruct,Qwen3-VL-235B,deepinfra/Qwen/Qwen3-VL-235B-A22B-Instruct,0,none,3,AttributeError: 'NoneType' object has no attribute 'read',ccabcf1fca906bfa6b65a3189c1c41061e6c1042,129242,2767,0.0,19,143.89,end_turn,0,0.028283,0.028283,1.0,1.0,1.0,False,False,1,1,1,Qwen3-VL,large,deepinfra,MoE,single_file
deepinfra_Qwen_Qwen3-VL-235B-A22B-Instruct,Qwen3-VL-235B,deepinfra/Qwen/Qwen3-VL-235B-A22B-Instruct,0,none,4,AttributeError: 'NoneType' object has no attribute 'read',ccabcf1fca906bfa6b65a3189c1c41061e6c1042,10317,366,0.0,2,21.01,submitted,0,0.002385,0.002385,1.0,1.0,1.0,False,False,1,1,1,Qwen3-VL,large,deepinfra,MoE,single_file
deepinfra_Qwen_Qwen3-VL-235B-A22B-Instruct,Qwen3-VL-235B,deepinfra/Qwen/Qwen3-VL-235B-A22B-Instruct,12,ast_compact,0,Not possible to specify max_retries in v1.X?,be62645dd56580dd7576032b348cf79d880851d8,37924,838,0.0,5,44.07,submitted,0,0.008322,0.008322,1.0,0.3333,0.5,False,False,1,3,1,Qwen3-VL,large,deepinfra,MoE,multi_file
deepinfra_Qwen_Qwen3-VL-235B-A22B-Instruct,Qwen3-VL-235B,deepinfra/Qwen/Qwen3-VL-235B-A22B-Instruct,12,ast_compact,1,Not possible to specify max_retries in v1.X?,be62645dd56580dd7576032b348cf79d880851d8,100461,958,0.0,9,82.5,submitted,0,0.020935,0.020935,1.0,1.0,1.0,False,False,3,3,1,Qwen3-VL,large,deepinfra,MoE,multi_file
deepinfra_Qwen_Qwen3-VL-235B-A22B-Instruct,Qwen3-VL-235B,deepinfra/Qwen/Qwen3-VL-235B-A22B-Instruct,12,ast_compact,2,Not possible to specify max_retries in v1.X?,be62645dd56580dd7576032b348cf79d880851d8,74012,1728,0.0,8,191.91,submitted,0,0.016323,0.016323,1.0,0.6667,0.8,False,False,2,3,1,Qwen3-VL,large,deepinfra,MoE,multi_file
deepinfra_Qwen_Qwen3-VL-235B-A22B-Instruct,Qwen3-VL-235B,deepinfra/Qwen/Qwen3-VL-235B-A22B-Instruct,12,ast_compact,3,Not possible to specify max_retries in v1.X?,be62645dd56580dd7576032b348cf79d880851d8,67037,1182,0.0,6,34.83,end_turn,0,0.014448,0.014448,1.0,0.6667,0.8,False,False,2,3,1,Qwen3-VL,large,deepinfra,MoE,multi_file
deepinfra_Qwen_Qwen3-VL-235B-A22B-Instruct,Qwen3-VL-235B,deepinfra/Qwen/Qwen3-VL-235B-A22B-Instruct,12,ast_compact,4,Not possible to specify max_retries in v1.X?,be62645dd56580dd7576032b348cf79d880851d8,27016,699,0.0,4,42.58,submitted,0,0.006018,0.006018,1.0,0.3333,0.5,False,False,1,3,1,Qwen3-VL,large,deepinfra,MoE,multi_file
deepinfra_Qwen_Qwen3-VL-235B-A22B-Instruct,Qwen3-VL-235B,deepinfra/Qwen/Qwen3-VL-235B-A22B-Instruct,12,ast,0,Not possible to specify max_retries in v1.X?,be62645dd56580dd7576032b348cf79d880851d8,89713,1099,0.0,6,72.07,submitted,0,0.01891,0.01891,1.0,1.0,1.0,False,False,3,3,1,Qwen3-VL,large,deepinfra,MoE,multi_file
deepinfra_Qwen_Qwen3-VL-235B-A22B-Instruct,Qwen3-VL-235B,deepinfra/Qwen/Qwen3-VL-235B-A22B-Instruct,12,ast,1,Not possible to specify max_retries in v1.X?,be62645dd56580dd7576032b348cf79d880851d8,420827,2721,0.0,20,104.4,max_turns,0,0.08656,0.08656,1.0,0.6667,0.8,False,False,2,3,1,Qwen3-VL,large,deepinfra,MoE,multi_file
deepinfra_Qwen_Qwen3-VL-235B-A22B-Instruct,Qwen3-VL-235B,deepinfra/Qwen/Qwen3-VL-235B-A22B-Instruct,12,ast,2,Not possible to specify max_retries in v1.X?,be62645dd56580dd7576032b348cf79d880851d8,134432,769,0.0,8,73.73,submitted,0,0.027563,0.027563,1.0,0.6667,0.8,False,False,2,3,1,Qwen3-VL,large,deepinfra,MoE,multi_file
deepinfra_Qwen_Qwen3-VL-235B-A22B-Instruct,Qwen3-VL-235B,deepinfra/Qwen/Qwen3-VL-235B-A22B-Instruct,12,ast,3,Not possible to specify max_retries in v1.X?,be62645dd56580dd7576032b348cf79d880851d8,538805,1418,0.0,20,131.06,max_turns,0,0.109009,0.109009,1.0,0.6667,0.8,False,False,2,3,1,Qwen3-VL,large,deepinfra,MoE,multi_file
deepinfra_Qwen_Qwen3-VL-235B-A22B-Instruct,Qwen3-VL-235B,deepinfra/Qwen/Qwen3-VL-235B-A22B-Instruct,12,ast,4,Not possible to specify max_retries in v1.X?,be62645dd56580dd7576032b348cf79d880851d8,279477,2916,0.0,15,103.02,submitted,0,0.058461,0.058461,1.0,0.6667,0.8,False,False,2,3,1,Qwen3-VL,large,deepinfra,MoE,multi_file
deepinfra_Qwen_Qwen3-VL-235B-A22B-Instruct,Qwen3-VL-235B,deepinfra/Qwen/Qwen3-VL-235B-A22B-Instruct,12,none,0,Not possible to specify max_retries in v1.X?,be62645dd56580dd7576032b348cf79d880851d8,208072,1505,0.0,20,48.07,max_turns,0,0.042939,0.042939,1.0,0.6667,0.8,False,False,2,3,1,Qwen3-VL,large,deepinfra,MoE,multi_file
deepinfra_Qwen_Qwen3-VL-235B-A22B-Instruct,Qwen3-VL-235B,deepinfra/Qwen/Qwen3-VL-235B-A22B-Instruct,12,none,1,Not possible to specify max_retries in v1.X?,be62645dd56580dd7576032b348cf79d880851d8,46388,1015,0.0,10,89.55,submitted,0,0.010171,0.010171,1.0,1.0,1.0,False,False,3,3,1,Qwen3-VL,large,deepinfra,MoE,multi_file
deepinfra_Qwen_Qwen3-VL-235B-A22B-Instruct,Qwen3-VL-235B,deepinfra/Qwen/Qwen3-VL-235B-A22B-Instruct,12,none,2,Not possible to specify max_retries in v1.X?,be62645dd56580dd7576032b348cf79d880851d8,239745,1235,0.0,20,124.44,max_turns,0,0.049036,0.049036,1.0,0.6667,0.8,False,False,2,3,1,Qwen3-VL,large,deepinfra,MoE,multi_file
deepinfra_Qwen_Qwen3-VL-235B-A22B-Instruct,Qwen3-VL-235B,deepinfra/Qwen/Qwen3-VL-235B-A22B-Instruct,12,none,3,Not possible to specify max_retries in v1.X?,be62645dd56580dd7576032b348cf79d880851d8,20368,666,0.0,6,61.51,submitted,0,0.00466,0.00466,1.0,0.6667,0.8,False,False,2,3,1,Qwen3-VL,large,deepinfra,MoE,multi_file
deepinfra_Qwen_Qwen3-VL-235B-A22B-Instruct,Qwen3-VL-235B,deepinfra/Qwen/Qwen3-VL-235B-A22B-Instruct,12,none,4,Not possible to specify max_retries in v1.X?,be62645dd56580dd7576032b348cf79d880851d8,4710,379,0.0,3,20.04,submitted,0,0.001276,0.001276,1.0,0.3333,0.5,False,False,1,3,1,Qwen3-VL,large,deepinfra,MoE,multi_file
deepinfra_Qwen_Qwen3-VL-235B-A22B-Instruct,Qwen3-VL-235B,deepinfra/Qwen/Qwen3-VL-235B-A22B-Instruct,14,ast_compact,0,Authentication Handlers lost on redirect.,4683f169909857d663275346655975af7190fd62,51128,1008,0.0,6,30.55,submitted,0,0.011113,0.011113,0.0,0.0,0.0,False,False,1,1,1,Qwen3-VL,large,deepinfra,MoE,single_file
deepinfra_Qwen_Qwen3-VL-235B-A22B-Instruct,Qwen3-VL-235B,deepinfra/Qwen/Qwen3-VL-235B-A22B-Instruct,14,ast_compact,1,Authentication Handlers lost on redirect.,4683f169909857d663275346655975af7190fd62,425812,6217,0.0,20,463.47,max_turns,0,0.090633,0.090633,0.0,0.0,0.0,False,False,1,1,1,Qwen3-VL,large,deepinfra,MoE,single_file
deepinfra_Qwen_Qwen3-VL-235B-A22B-Instruct,Qwen3-VL-235B,deepinfra/Qwen/Qwen3-VL-235B-A22B-Instruct,14,ast_compact,2,Authentication Handlers lost on redirect.,4683f169909857d663275346655975af7190fd62,217415,1931,0.0,11,86.33,submitted,0,0.045182,0.045182,0.0,0.0,0.0,False,False,1,1,1,Qwen3-VL,large,deepinfra,MoE,single_file
deepinfra_Qwen_Qwen3-VL-235B-A22B-Instruct,Qwen3-VL-235B,deepinfra/Qwen/Qwen3-VL-235B-A22B-Instruct,14,ast_compact,3,Authentication Handlers lost on redirect.,4683f169909857d663275346655975af7190fd62,69009,1038,0.0,8,83.5,submitted,0,0.014715,0.014715,0.0,0.0,0.0,False,False,1,1,1,Qwen3-VL,large,deepinfra,MoE,single_file
deepinfra_Qwen_Qwen3-VL-235B-A22B-Instruct,Qwen3-VL-235B,deepinfra/Qwen/Qwen3-VL-235B-A22B-Instruct,14,ast_compact,4,Authentication Handlers lost on redirect.,4683f169909857d663275346655975af7190fd62,52044,665,0.0,4,39.19,submitted,0,0.010994,0.010994,0.5,1.0,0.6667,False,False,2,1,1,Qwen3-VL,large,deepinfra,MoE,single_file
deepinfra_Qwen_Qwen3-VL-235B-A22B-Instruct,Qwen3-VL-235B,deepinfra/Qwen/Qwen3-VL-235B-A22B-Instruct,14,ast,0,Authentication Handlers lost on redirect.,4683f169909857d663275346655975af7190fd62,218787,1363,0.0,12,107.75,submitted,0,0.044957,0.044957,0.0,0.0,0.0,False,False,1,1,1,Qwen3-VL,large,deepinfra,MoE,single_file
deepinfra_Qwen_Qwen3-VL-235B-A22B-Instruct,Qwen3-VL-235B,deepinfra/Qwen/Qwen3-VL-235B-A22B-Instruct,14,ast,1,Authentication Handlers lost on redirect.,4683f169909857d663275346655975af7190fd62,179568,1144,0.0,10,55.66,submitted,0,0.03692,0.03692,0.5,1.0,0.6667,False,False,2,1,1,Qwen3-VL,large,deepinfra,MoE,single_file
deepinfra_Qwen_Qwen3-VL-235B-A22B-Instruct,Qwen3-VL-235B,deepinfra/Qwen/Qwen3-VL-235B-A22B-Instruct,14,ast,2,Authentication Handlers lost on redirect.,4683f169909857d663275346655975af7190fd62,385750,1212,0.0,13,46.66,submitted,0,0.078217,0.078217,0.0,0.0,0.0,False,False,1,1,1,Qwen3-VL,large,deepinfra,MoE,single_file
deepinfra_Qwen_Qwen3-VL-235B-A22B-Instruct,Qwen3-VL-235B,deepinfra/Qwen/Qwen3-VL-235B-A22B-Instruct,14,ast,3,Authentication Handlers lost on redirect.,4683f169909857d663275346655975af7190fd62,309669,1204,0.0,17,119.44,submitted,0,0.062993,0.062993,0.0,0.0,0.0,False,False,1,1,1,Qwen3-VL,large,deepinfra,MoE,single_file
deepinfra_Qwen_Qwen3-VL-235B-A22B-Instruct,Qwen3-VL-235B,deepinfra/Qwen/Qwen3-VL-235B-A22B-Instruct,14,ast,4,Authentication Handlers lost on redirect.,4683f169909857d663275346655975af7190fd62,770233,3351,0.0,20,166.74,max_turns,0,0.156995,0.156995,0.5,1.0,0.6667,True,False,2,1,1,Qwen3-VL,large,deepinfra,MoE,single_file
deepinfra_Qwen_Qwen3-VL-235B-A22B-Instruct,Qwen3-VL-235B,deepinfra/Qwen/Qwen3-VL-235B-A22B-Instruct,14,none,0,Authentication Handlers lost on redirect.,4683f169909857d663275346655975af7190fd62,24447,653,0.0,5,35.26,submitted,0,0.005464,0.005464,0.0,0.0,0.0,False,False,1,1,1,Qwen3-VL,large,deepinfra,MoE,single_file
deepinfra_Qwen_Qwen3-VL-235B-A22B-Instruct,Qwen3-VL-235B,deepinfra/Qwen/Qwen3-VL-235B-A22B-Instruct,14,none,1,Authentication Handlers lost on redirect.,4683f169909857d663275346655975af7190fd62,48360,913,0.0,8,26.38,submitted,0,0.010475,0.010475,0.0,0.0,0.0,False,False,1,1,1,Qwen3-VL,large,deepinfra,MoE,single_file
deepinfra_Qwen_Qwen3-VL-235B-A22B-Instruct,Qwen3-VL-235B,deepinfra/Qwen/Qwen3-VL-235B-A22B-Instruct,14,none,2,Authentication Handlers lost on redirect.,4683f169909857d663275346655975af7190fd62,156215,1254,0.0,10,111.67,submitted,0,0.032347,0.032347,0.0,0.0,0.0,False,False,1,1,1,Qwen3-VL,large,deepinfra,MoE,single_file
deepinfra_Qwen_Qwen3-VL-235B-A22B-Instruct,Qwen3-VL-235B,deepinfra/Qwen/Qwen3-VL-235B-A22B-Instruct,14,none,3,Authentication Handlers lost on redirect.,4683f169909857d663275346655975af7190fd62,28856,525,0.0,6,32.65,submitted,0,0.006233,0.006233,1.0,1.0,1.0,False,False,1,1,1,Qwen3-VL,large,deepinfra,MoE,single_file
deepinfra_Qwen_Qwen3-VL-235B-A22B-Instruct,Qwen3-VL-235B,deepinfra/Qwen/Qwen3-VL-235B-A22B-Instruct,14,none,4,Authentication Handlers lost on redirect.,4683f169909857d663275346655975af7190fd62,40902,1027,0.0,5,28.51,submitted,0,0.009084,0.009084,0.0,0.0,0.0,False,False,1,1,1,Qwen3-VL,large,deepinfra,MoE,single_file
deepinfra_Qwen_Qwen3-VL-235B-A22B-Instruct,Qwen3-VL-235B,deepinfra/Qwen/Qwen3-VL-235B-A22B-Instruct,15,ast_compact,0,Add header name to InvalidHeader exception message,1c2022cf868cb503815f34901ad8e85cf524d01a,29520,545,0.0,4,33.01,submitted,0,0.006384,0.006384,1.0,1.0,1.0,False,False,1,1,1,Qwen3-VL,large,deepinfra,MoE,single_file
deepinfra_Qwen_Qwen3-VL-235B-A22B-Instruct,Qwen3-VL-235B,deepinfra/Qwen/Qwen3-VL-235B-A22B-Instruct,15,ast_compact,1,Add header name to InvalidHeader exception message,1c2022cf868cb503815f34901ad8e85cf524d01a,21618,483,0.0,3,21.56,submitted,0,0.004749,0.004749,1.0,1.0,1.0,False,False,1,1,1,Qwen3-VL,large,deepinfra,MoE,single_file
deepinfra_Qwen_Qwen3-VL-235B-A22B-Instruct,Qwen3-VL-235B,deepinfra/Qwen/Qwen3-VL-235B-A22B-Instruct,15,ast_compact,2,Add header name to InvalidHeader exception message,1c2022cf868cb503815f34901ad8e85cf524d01a,28899,543,0.0,4,29.08,submitted,0,0.006258,0.006258,1.0,1.0,1.0,False,False,1,1,1,Qwen3-VL,large,deepinfra,MoE,single_file
deepinfra_Qwen_Qwen3-VL-235B-A22B-Instruct,Qwen3-VL-235B,deepinfra/Qwen/Qwen3-VL-235B-A22B-Instruct,15,ast_compact,3,Add header name to InvalidHeader exception message,1c2022cf868cb503815f34901ad8e85cf524d01a,21649,482,0.0,3,32.42,submitted,0,0.004754,0.004754,1.0,1.0,1.0,False,False,1,1,1,Qwen3-VL,large,deepinfra,MoE,single_file
deepinfra_Qwen_Qwen3-VL-235B-A22B-Instruct,Qwen3-VL-235B,deepinfra/Qwen/Qwen3-VL-235B-A22B-Instruct,15,ast_compact,4,Add header name to InvalidHeader exception message,1c2022cf868cb503815f34901ad8e85cf524d01a,21641,453,0.0,3,34.42,submitted,0,0.004727,0.004727,1.0,1.0,1.0,False,False,1,1,1,Qwen3-VL,large,deepinfra,MoE,single_file
deepinfra_Qwen_Qwen3-VL-235B-A22B-Instruct,Qwen3-VL-235B,deepinfra/Qwen/Qwen3-VL-235B-A22B-Instruct,15,ast,0,Add header name to InvalidHeader exception message,1c2022cf868cb503815f34901ad8e85cf524d01a,66588,446,0.0,4,18.42,submitted,0,0.01371,0.01371,1.0,1.0,1.0,False,False,1,1,1,Qwen3-VL,large,deepinfra,MoE,single_file
deepinfra_Qwen_Qwen3-VL-235B-A22B-Instruct,Qwen3-VL-235B,deepinfra/Qwen/Qwen3-VL-235B-A22B-Instruct,15,ast,1,Add header name to InvalidHeader exception message,1c2022cf868cb503815f34901ad8e85cf524d01a,83949,630,0.0,5,49.36,submitted,0,0.017344,0.017344,1.0,1.0,1.0,False,False,1,1,1,Qwen3-VL,large,deepinfra,MoE,single_file
deepinfra_Qwen_Qwen3-VL-235B-A22B-Instruct,Qwen3-VL-235B,deepinfra/Qwen/Qwen3-VL-235B-A22B-Instruct,15,ast,2,Add header name to InvalidHeader exception message,1c2022cf868cb503815f34901ad8e85cf524d01a,49701,296,0.0,3,29.65,submitted,0,0.010201,0.010201,1.0,1.0,1.0,False,False,1,1,1,Qwen3-VL,large,deepinfra,MoE,single_file
deepinfra_Qwen_Qwen3-VL-235B-A22B-Instruct,Qwen3-VL-235B,deepinfra/Qwen/Qwen3-VL-235B-A22B-Instruct,15,ast,3,Add header name to InvalidHeader exception message,1c2022cf868cb503815f34901ad8e85cf524d01a,83769,548,0.0,5,57.12,submitted,0,0.017236,0.017236,1.0,1.0,1.0,False,False,1,1,1,Qwen3-VL,large,deepinfra,MoE,single_file
deepinfra_Qwen_Qwen3-VL-235B-A22B-Instruct,Qwen3-VL-235B,deepinfra/Qwen/Qwen3-VL-235B-A22B-Instruct,15,ast,4,Add header name to InvalidHeader exception message,1c2022cf868cb503815f34901ad8e85cf524d01a,66789,535,0.0,4,43.8,submitted,0,0.013829,0.013829,1.0,1.0,1.0,False,False,1,1,1,Qwen3-VL,large,deepinfra,MoE,single_file
deepinfra_Qwen_Qwen3-VL-235B-A22B-Instruct,Qwen3-VL-235B,deepinfra/Qwen/Qwen3-VL-235B-A22B-Instruct,15,none,0,Add header name to InvalidHeader exception message,1c2022cf868cb503815f34901ad8e85cf524d01a,4029,401,0.0,3,11.45,submitted,0,0.001159,0.001159,1.0,1.0,1.0,False,False,1,1,1,Qwen3-VL,large,deepinfra,MoE,single_file
deepinfra_Qwen_Qwen3-VL-235B-A22B-Instruct,Qwen3-VL-235B,deepinfra/Qwen/Qwen3-VL-235B-A22B-Instruct,15,none,1,Add header name to InvalidHeader exception message,1c2022cf868cb503815f34901ad8e85cf524d01a,4078,387,0.0,3,20.98,submitted,0,0.001156,0.001156,1.0,1.0,1.0,False,False,1,1,1,Qwen3-VL,large,deepinfra,MoE,single_file
deepinfra_Qwen_Qwen3-VL-235B-A22B-Instruct,Qwen3-VL-235B,deepinfra/Qwen/Qwen3-VL-235B-A22B-Instruct,15,none,2,Add header name to InvalidHeader exception message,1c2022cf868cb503815f34901ad8e85cf524d01a,6140,523,0.0,4,69.69,submitted,0,0.001688,0.001688,1.0,1.0,1.0,False,False,1,1,1,Qwen3-VL,large,deepinfra,MoE,single_file
deepinfra_Qwen_Qwen3-VL-235B-A22B-Instruct,Qwen3-VL-235B,deepinfra/Qwen/Qwen3-VL-235B-A22B-Instruct,15,none,3,Add header name to InvalidHeader exception message,1c2022cf868cb503815f34901ad8e85cf524d01a,7886,568,0.0,5,14.27,submitted,0,0.002077,0.002077,1.0,1.0,1.0,False,False,1,1,1,Qwen3-VL,large,deepinfra,MoE,single_file
deepinfra_Qwen_Qwen3-VL-235B-A22B-Instruct,Qwen3-VL-235B,deepinfra/Qwen/Qwen3-VL-235B-A22B-Instruct,15,none,4,Add header name to InvalidHeader exception message,1c2022cf868cb503815f34901ad8e85cf524d01a,3974,298,0.0,3,26.75,submitted,0,0.001057,0.001057,1.0,1.0,1.0,False,False,1,1,1,Qwen3-VL,large,deepinfra,MoE,single_file
deepinfra_Qwen_Qwen3-VL-235B-A22B-Instruct,Qwen3-VL-235B,deepinfra/Qwen/Qwen3-VL-235B-A22B-Instruct,4,ast_compact,0,Requests doesn't catch requests.packages.urllib3.exceptions.ProxyError,9968a10fcfad7268b552808c4f8946eecafc956a,20355,443,0.0,3,30.26,submitted,0,0.004461,0.004461,1.0,0.5,0.6667,False,False,1,2,1,Qwen3-VL,large,deepinfra,MoE,multi_file
deepinfra_Qwen_Qwen3-VL-235B-A22B-Instruct,Qwen3-VL-235B,deepinfra/Qwen/Qwen3-VL-235B-A22B-Instruct,4,ast_compact,1,Requests doesn't catch requests.packages.urllib3.exceptions.ProxyError,9968a10fcfad7268b552808c4f8946eecafc956a,38907,769,0.0,6,46.97,submitted,0,0.008458,0.008458,1.0,0.5,0.6667,False,False,1,2,1,Qwen3-VL,large,deepinfra,MoE,multi_file
deepinfra_Qwen_Qwen3-VL-235B-A22B-Instruct,Qwen3-VL-235B,deepinfra/Qwen/Qwen3-VL-235B-A22B-Instruct,4,ast_compact,2,Requests doesn't catch requests.packages.urllib3.exceptions.ProxyError,9968a10fcfad7268b552808c4f8946eecafc956a,38306,651,0.0,5,42.39,submitted,0,0.008234,0.008234,1.0,0.5,0.6667,False,False,1,2,1,Qwen3-VL,large,deepinfra,MoE,multi_file
deepinfra_Qwen_Qwen3-VL-235B-A22B-Instruct,Qwen3-VL-235B,deepinfra/Qwen/Qwen3-VL-235B-A22B-Instruct,4,ast_compact,3,Requests doesn't catch requests.packages.urllib3.exceptions.ProxyError,9968a10fcfad7268b552808c4f8946eecafc956a,38585,537,0.0,5,57.07,submitted,0,0.00819,0.00819,1.0,0.5,0.6667,False,False,1,2,1,Qwen3-VL,large,deepinfra,MoE,multi_file
deepinfra_Qwen_Qwen3-VL-235B-A22B-Instruct,Qwen3-VL-235B,deepinfra/Qwen/Qwen3-VL-235B-A22B-Instruct,4,ast_compact,4,Requests doesn't catch requests.packages.urllib3.exceptions.ProxyError,9968a10fcfad7268b552808c4f8946eecafc956a,48150,821,0.0,6,25.73,submitted,0,0.010352,0.010352,1.0,1.0,1.0,False,False,2,2,1,Qwen3-VL,large,deepinfra,MoE,multi_file
deepinfra_Qwen_Qwen3-VL-235B-A22B-Instruct,Qwen3-VL-235B,deepinfra/Qwen/Qwen3-VL-235B-A22B-Instruct,4,ast,0,Requests doesn't catch requests.packages.urllib3.exceptions.ProxyError,9968a10fcfad7268b552808c4f8946eecafc956a,93577,725,0.0,6,39.94,submitted,0,0.019353,0.019353,1.0,0.5,0.6667,False,False,1,2,1,Qwen3-VL,large,deepinfra,MoE,multi_file
deepinfra_Qwen_Qwen3-VL-235B-A22B-Instruct,Qwen3-VL-235B,deepinfra/Qwen/Qwen3-VL-235B-A22B-Instruct,4,ast,1,Requests doesn't catch requests.packages.urllib3.exceptions.ProxyError,9968a10fcfad7268b552808c4f8946eecafc956a,164312,1524,0.0,10,96.11,submitted,0,0.034204,0.034204,1.0,1.0,1.0,False,False,2,2,1,Qwen3-VL,large,deepinfra,MoE,multi_file
deepinfra_Qwen_Qwen3-VL-235B-A22B-Instruct,Qwen3-VL-235B,deepinfra/Qwen/Qwen3-VL-235B-A22B-Instruct,4,ast,2,Requests doesn't catch requests.packages.urllib3.exceptions.ProxyError,9968a10fcfad7268b552808c4f8946eecafc956a,109187,968,0.0,7,83.07,submitted,0,0.022689,0.022689,1.0,1.0,1.0,False,False,2,2,1,Qwen3-VL,large,deepinfra,MoE,multi_file
deepinfra_Qwen_Qwen3-VL-235B-A22B-Instruct,Qwen3-VL-235B,deepinfra/Qwen/Qwen3-VL-235B-A22B-Instruct,4,ast,3,Requests doesn't catch requests.packages.urllib3.exceptions.ProxyError,9968a10fcfad7268b552808c4f8946eecafc956a,76038,560,0.0,5,46.66,submitted,0,0.0157,0.0157,1.0,0.5,0.6667,False,False,1,2,1,Qwen3-VL,large,deepinfra,MoE,multi_file
deepinfra_Qwen_Qwen3-VL-235B-A22B-Instruct,Qwen3-VL-235B,deepinfra/Qwen/Qwen3-VL-235B-A22B-Instruct,4,ast,4,Requests doesn't catch requests.packages.urllib3.exceptions.ProxyError,9968a10fcfad7268b552808c4f8946eecafc956a,110538,887,0.0,7,78.53,submitted,0,0.022888,0.022888,1.0,1.0,1.0,False,False,2,2,1,Qwen3-VL,large,deepinfra,MoE,multi_file
deepinfra_Qwen_Qwen3-VL-235B-A22B-Instruct,Qwen3-VL-235B,deepinfra/Qwen/Qwen3-VL-235B-A22B-Instruct,4,none,0,Requests doesn't catch requests.packages.urllib3.exceptions.ProxyError,9968a10fcfad7268b552808c4f8946eecafc956a,16353,550,0.0,5,16.9,submitted,0,0.003755,0.003755,1.0,0.5,0.6667,False,False,1,2,1,Qwen3-VL,large,deepinfra,MoE,multi_file
deepinfra_Qwen_Qwen3-VL-235B-A22B-Instruct,Qwen3-VL-235B,deepinfra/Qwen/Qwen3-VL-235B-A22B-Instruct,4,none,1,Requests doesn't catch requests.packages.urllib3.exceptions.ProxyError,9968a10fcfad7268b552808c4f8946eecafc956a,19438,636,0.0,6,54.17,submitted,0,0.004447,0.004447,1.0,0.5,0.6667,False,False,1,2,1,Qwen3-VL,large,deepinfra,MoE,multi_file
deepinfra_Qwen_Qwen3-VL-235B-A22B-Instruct,Qwen3-VL-235B,deepinfra/Qwen/Qwen3-VL-235B-A22B-Instruct,4,none,2,Requests doesn't catch requests.packages.urllib3.exceptions.ProxyError,9968a10fcfad7268b552808c4f8946eecafc956a,19637,777,0.0,6,63.88,submitted,0,0.004611,0.004611,1.0,1.0,1.0,False,False,2,2,1,Qwen3-VL,large,deepinfra,MoE,multi_file
deepinfra_Qwen_Qwen3-VL-235B-A22B-Instruct,Qwen3-VL-235B,deepinfra/Qwen/Qwen3-VL-235B-A22B-Instruct,4,none,3,Requests doesn't catch requests.packages.urllib3.exceptions.ProxyError,9968a10fcfad7268b552808c4f8946eecafc956a,24393,750,0.0,7,20.77,submitted,0,0.005539,0.005539,1.0,0.5,0.6667,False,False,1,2,1,Qwen3-VL,large,deepinfra,MoE,multi_file
deepinfra_Qwen_Qwen3-VL-235B-A22B-Instruct,Qwen3-VL-235B,deepinfra/Qwen/Qwen3-VL-235B-A22B-Instruct,4,none,4,Requests doesn't catch requests.packages.urllib3.exceptions.ProxyError,9968a10fcfad7268b552808c4f8946eecafc956a,21611,717,0.0,6,30.02,submitted,0,0.004953,0.004953,1.0,0.5,0.6667,False,False,1,2,1,Qwen3-VL,large,deepinfra,MoE,multi_file
fireworks_ai_accounts_fireworks_models_gpt-oss-20b,gpt-oss-20b,fireworks_ai/accounts/fireworks/models/gpt-oss-20b,0,ast_compact,0,AttributeError: 'NoneType' object has no attribute 'read',ccabcf1fca906bfa6b65a3189c1c41061e6c1042,112606,2562,0.008651,14,130.75,submitted,82225,0.008651,0.008651,0.0,0.0,0.0,False,False,1,1,2,gpt-oss,small,fireworks,MoE,single_file
fireworks_ai_accounts_fireworks_models_gpt-oss-20b,gpt-oss-20b,fireworks_ai/accounts/fireworks/models/gpt-oss-20b,0,ast_compact,1,AttributeError: 'NoneType' object has no attribute 'read',ccabcf1fca906bfa6b65a3189c1c41061e6c1042,149358,7003,0.012556,16,266.91,submitted,52822,0.012556,0.012556,1.0,1.0,1.0,False,False,1,1,2,gpt-oss,small,fireworks,MoE,single_file
fireworks_ai_accounts_fireworks_models_gpt-oss-20b,gpt-oss-20b,fireworks_ai/accounts/fireworks/models/gpt-oss-20b,0,ast_compact,2,AttributeError: 'NoneType' object has no attribute 'read',ccabcf1fca906bfa6b65a3189c1c41061e6c1042,253761,8119,0.020199,20,166.16,max_turns,216826,0.020199,0.020199,0.0,0.0,0.0,False,True,0,1,2,gpt-oss,small,fireworks,MoE,single_file
fireworks_ai_accounts_fireworks_models_gpt-oss-20b,gpt-oss-20b,fireworks_ai/accounts/fireworks/models/gpt-oss-20b,0,ast_compact,3,AttributeError: 'NoneType' object has no attribute 'read',ccabcf1fca906bfa6b65a3189c1c41061e6c1042,53992,4075,0.005002,6,82.46,submitted,35459,0.005002,0.005002,0.0,0.0,0.0,False,False,1,1,2,gpt-oss,small,fireworks,MoE,single_file
fireworks_ai_accounts_fireworks_models_gpt-oss-20b,gpt-oss-20b,fireworks_ai/accounts/fireworks/models/gpt-oss-20b,0,ast_compact,4,AttributeError: 'NoneType' object has no attribute 'read',ccabcf1fca906bfa6b65a3189c1c41061e6c1042,184481,4498,0.014263,20,221.29,max_turns,66584,0.014263,0.014263,0.0,0.0,0.0,False,True,0,1,2,gpt-oss,small,fireworks,MoE,single_file
fireworks_ai_accounts_fireworks_models_gpt-oss-20b,gpt-oss-20b,fireworks_ai/accounts/fireworks/models/gpt-oss-20b,0,ast,0,AttributeError: 'NoneType' object has no attribute 'read',ccabcf1fca906bfa6b65a3189c1c41061e6c1042,156497,10347,0.014059,8,260.34,end_turn,66945,0.014059,0.014059,1.0,1.0,1.0,True,False,1,1,2,gpt-oss,small,fireworks,MoE,single_file
fireworks_ai_accounts_fireworks_models_gpt-oss-20b,gpt-oss-20b,fireworks_ai/accounts/fireworks/models/gpt-oss-20b,0,ast,1,AttributeError: 'NoneType' object has no attribute 'read',ccabcf1fca906bfa6b65a3189c1c41061e6c1042,444572,13865,0.03528,20,425.91,max_turns,244326,0.03528,0.03528,0.0,0.0,0.0,False,True,0,1,2,gpt-oss,small,fireworks,MoE,single_file
fireworks_ai_accounts_fireworks_models_gpt-oss-20b,gpt-oss-20b,fireworks_ai/accounts/fireworks/models/gpt-oss-20b,0,ast,2,AttributeError: 'NoneType' object has no attribute 'read',ccabcf1fca906bfa6b65a3189c1c41061e6c1042,145883,5928,0.01199,8,104.27,end_turn,79525,0.01199,0.01199,1.0,1.0,1.0,True,False,1,1,2,gpt-oss,small,fireworks,MoE,single_file
fireworks_ai_accounts_fireworks_models_gpt-oss-20b,gpt-oss-20b,fireworks_ai/accounts/fireworks/models/gpt-oss-20b,0,ast,3,AttributeError: 'NoneType' object has no attribute 'read',ccabcf1fca906bfa6b65a3189c1c41061e6c1042,128021,4229,0.01023,8,189.52,submitted,62920,0.01023,0.01023,1.0,1.0,1.0,False,False,1,1,2,gpt-oss,small,fireworks,MoE,single_file
fireworks_ai_accounts_fireworks_models_gpt-oss-20b,gpt-oss-20b,fireworks_ai/accounts/fireworks/models/gpt-oss-20b,0,ast,4,AttributeError: 'NoneType' object has no attribute 'read',ccabcf1fca906bfa6b65a3189c1c41061e6c1042,264836,7008,0.020641,15,504.75,submitted,70113,0.020641,0.020641,1.0,1.0,1.0,False,False,1,1,2,gpt-oss,small,fireworks,MoE,single_file
fireworks_ai_accounts_fireworks_models_gpt-oss-20b,gpt-oss-20b,fireworks_ai/accounts/fireworks/models/gpt-oss-20b,0,none,0,AttributeError: 'NoneType' object has no attribute 'read',ccabcf1fca906bfa6b65a3189c1c41061e6c1042,76873,4608,0.006764,13,109.16,submitted,62282,0.006764,0.006764,1.0,1.0,1.0,False,False,1,1,2,gpt-oss,small,fireworks,MoE,single_file
fireworks_ai_accounts_fireworks_models_gpt-oss-20b,gpt-oss-20b,fireworks_ai/accounts/fireworks/models/gpt-oss-20b,0,none,1,AttributeError: 'NoneType' object has no attribute 'read',ccabcf1fca906bfa6b65a3189c1c41061e6c1042,50219,2029,0.004124,20,172.42,max_turns,34213,0.004124,0.004124,0.0,0.0,0.0,False,True,0,1,2,gpt-oss,small,fireworks,MoE,single_file
fireworks_ai_accounts_fireworks_models_gpt-oss-20b,gpt-oss-20b,fireworks_ai/accounts/fireworks/models/gpt-oss-20b,0,none,2,AttributeError: 'NoneType' object has no attribute 'read',ccabcf1fca906bfa6b65a3189c1c41061e6c1042,65144,2479,0.005304,18,76.55,submitted,40339,0.005304,0.005304,1.0,1.0,1.0,False,False,1,1,2,gpt-oss,small,fireworks,MoE,single_file
fireworks_ai_accounts_fireworks_models_gpt-oss-20b,gpt-oss-20b,fireworks_ai/accounts/fireworks/models/gpt-oss-20b,0,none,3,AttributeError: 'NoneType' object has no attribute 'read',ccabcf1fca906bfa6b65a3189c1c41061e6c1042,62516,2869,0.005237,20,121.51,max_turns,45359,0.005237,0.005237,1.0,1.0,1.0,False,False,1,1,2,gpt-oss,small,fireworks,MoE,single_file
fireworks_ai_accounts_fireworks_models_gpt-oss-20b,gpt-oss-20b,fireworks_ai/accounts/fireworks/models/gpt-oss-20b,0,none,4,AttributeError: 'NoneType' object has no attribute 'read',ccabcf1fca906bfa6b65a3189c1c41061e6c1042,76864,4308,0.006673,20,133.15,max_turns,57367,0.006673,0.006673,0.0,0.0,0.0,True,False,2,1,2,gpt-oss,small,fireworks,MoE,single_file
fireworks_ai_accounts_fireworks_models_gpt-oss-20b,gpt-oss-20b,fireworks_ai/accounts/fireworks/models/gpt-oss-20b,12,ast_compact,0,Not possible to specify max_retries in v1.X?,be62645dd56580dd7576032b348cf79d880851d8,191894,9119,0.016168,20,252.68,max_turns,130558,0.016168,0.016168,0.0,0.0,0.0,False,True,0,3,2,gpt-oss,small,fireworks,MoE,multi_file
fireworks_ai_accounts_fireworks_models_gpt-oss-20b,gpt-oss-20b,fireworks_ai/accounts/fireworks/models/gpt-oss-20b,12,ast_compact,1,Not possible to specify max_retries in v1.X?,be62645dd56580dd7576032b348cf79d880851d8,4770,1190,0.000691,1,27.15,submitted,299,0.000691,0.000691,1.0,0.6667,0.8,False,False,2,3,2,gpt-oss,small,fireworks,MoE,multi_file
fireworks_ai_accounts_fireworks_models_gpt-oss-20b,gpt-oss-20b,fireworks_ai/accounts/fireworks/models/gpt-oss-20b,12,ast_compact,2,Not possible to specify max_retries in v1.X?,be62645dd56580dd7576032b348cf79d880851d8,152178,5475,0.012295,20,571.08,max_turns,15824,0.012295,0.012295,0.0,0.0,0.0,False,True,0,3,2,gpt-oss,small,fireworks,MoE,multi_file
fireworks_ai_accounts_fireworks_models_gpt-oss-20b,gpt-oss-20b,fireworks_ai/accounts/fireworks/models/gpt-oss-20b,12,ast_compact,3,Not possible to specify max_retries in v1.X?,be62645dd56580dd7576032b348cf79d880851d8,59290,1776,0.004683,7,56.99,end_turn,20543,0.004683,0.004683,0.0,0.0,0.0,False,True,0,3,2,gpt-oss,small,fireworks,MoE,multi_file
fireworks_ai_accounts_fireworks_models_gpt-oss-20b,gpt-oss-20b,fireworks_ai/accounts/fireworks/models/gpt-oss-20b,12,ast_compact,4,Not possible to specify max_retries in v1.X?,be62645dd56580dd7576032b348cf79d880851d8,107478,3931,0.008703,15,124.42,submitted,30819,0.008703,0.008703,1.0,0.6667,0.8,False,False,2,3,2,gpt-oss,small,fireworks,MoE,multi_file
fireworks_ai_accounts_fireworks_models_gpt-oss-20b,gpt-oss-20b,fireworks_ai/accounts/fireworks/models/gpt-oss-20b,12,ast,0,Not possible to specify max_retries in v1.X?,be62645dd56580dd7576032b348cf79d880851d8,206581,6411,0.016384,14,211.22,end_turn,44334,0.016384,0.016384,1.0,0.6667,0.8,False,False,2,3,2,gpt-oss,small,fireworks,MoE,multi_file
fireworks_ai_accounts_fireworks_models_gpt-oss-20b,gpt-oss-20b,fireworks_ai/accounts/fireworks/models/gpt-oss-20b,12,ast,1,Not possible to specify max_retries in v1.X?,be62645dd56580dd7576032b348cf79d880851d8,251747,3305,0.018614,18,160.01,submitted,93514,0.018614,0.018614,1.0,0.6667,0.8,False,False,2,3,2,gpt-oss,small,fireworks,MoE,multi_file
fireworks_ai_accounts_fireworks_models_gpt-oss-20b,gpt-oss-20b,fireworks_ai/accounts/fireworks/models/gpt-oss-20b,12,ast,2,Not possible to specify max_retries in v1.X?,be62645dd56580dd7576032b348cf79d880851d8,161456,2267,0.011982,11,133.76,end_turn,92899,0.011982,0.011982,0.0,0.0,0.0,False,True,0,3,2,gpt-oss,small,fireworks,MoE,multi_file
fireworks_ai_accounts_fireworks_models_gpt-oss-20b,gpt-oss-20b,fireworks_ai/accounts/fireworks/models/gpt-oss-20b,12,ast,3,Not possible to specify max_retries in v1.X?,be62645dd56580dd7576032b348cf79d880851d8,196339,4085,0.014969,14,266.59,submitted,71442,0.014969,0.014969,1.0,0.3333,0.5,False,False,1,3,2,gpt-oss,small,fireworks,MoE,multi_file
fireworks_ai_accounts_fireworks_models_gpt-oss-20b,gpt-oss-20b,fireworks_ai/accounts/fireworks/models/gpt-oss-20b,12,ast,4,Not possible to specify max_retries in v1.X?,be62645dd56580dd7576032b348cf79d880851d8,145294,3839,0.011322,11,164.22,submitted,85461,0.011322,0.011322,1.0,0.3333,0.5,False,False,1,3,2,gpt-oss,small,fireworks,MoE,multi_file
fireworks_ai_accounts_fireworks_models_gpt-oss-20b,gpt-oss-20b,fireworks_ai/accounts/fireworks/models/gpt-oss-20b,12,none,0,Not possible to specify max_retries in v1.X?,be62645dd56580dd7576032b348cf79d880851d8,92868,4587,0.007877,20,242.6,submitted,57881,0.007877,0.007877,1.0,0.3333,0.5,False,False,1,3,2,gpt-oss,small,fireworks,MoE,multi_file
fireworks_ai_accounts_fireworks_models_gpt-oss-20b,gpt-oss-20b,fireworks_ai/accounts/fireworks/models/gpt-oss-20b,12,none,1,Not possible to specify max_retries in v1.X?,be62645dd56580dd7576032b348cf79d880851d8,24642,5147,0.003269,10,125.71,submitted,15694,0.003269,0.003269,1.0,0.6667,0.8,False,False,2,3,2,gpt-oss,small,fireworks,MoE,multi_file
fireworks_ai_accounts_fireworks_models_gpt-oss-20b,gpt-oss-20b,fireworks_ai/accounts/fireworks/models/gpt-oss-20b,12,none,2,Not possible to specify max_retries in v1.X?,be62645dd56580dd7576032b348cf79d880851d8,52046,4363,0.004952,14,147.56,submitted,25933,0.004952,0.004952,1.0,0.3333,0.5,False,False,1,3,2,gpt-oss,small,fireworks,MoE,multi_file
fireworks_ai_accounts_fireworks_models_gpt-oss-20b,gpt-oss-20b,fireworks_ai/accounts/fireworks/models/gpt-oss-20b,12,none,3,Not possible to specify max_retries in v1.X?,be62645dd56580dd7576032b348cf79d880851d8,53271,2796,0.004568,14,136.49,submitted,41125,0.004568,0.004568,1.0,0.6667,0.8,False,False,2,3,2,gpt-oss,small,fireworks,MoE,multi_file
fireworks_ai_accounts_fireworks_models_gpt-oss-20b,gpt-oss-20b,fireworks_ai/accounts/fireworks/models/gpt-oss-20b,12,none,4,Not possible to specify max_retries in v1.X?,be62645dd56580dd7576032b348cf79d880851d8,101800,2353,0.007832,20,65.83,max_turns,81129,0.007832,0.007832,0.0,0.0,0.0,False,True,0,3,2,gpt-oss,small,fireworks,MoE,multi_file
fireworks_ai_accounts_fireworks_models_gpt-oss-20b,gpt-oss-20b,fireworks_ai/accounts/fireworks/models/gpt-oss-20b,14,ast_compact,0,Authentication Handlers lost on redirect.,4683f169909857d663275346655975af7190fd62,182905,11774,0.016336,20,272.53,max_turns,155404,0.016336,0.016336,0.0,0.0,0.0,False,True,0,1,2,gpt-oss,small,fireworks,MoE,single_file
fireworks_ai_accounts_fireworks_models_gpt-oss-20b,gpt-oss-20b,fireworks_ai/accounts/fireworks/models/gpt-oss-20b,14,ast_compact,1,Authentication Handlers lost on redirect.,4683f169909857d663275346655975af7190fd62,158794,16491,0.016063,19,344.45,submitted,90349,0.016063,0.016063,1.0,1.0,1.0,False,False,1,1,2,gpt-oss,small,fireworks,MoE,single_file
fireworks_ai_accounts_fireworks_models_gpt-oss-20b,gpt-oss-20b,fireworks_ai/accounts/fireworks/models/gpt-oss-20b,14,ast_compact,2,Authentication Handlers lost on redirect.,4683f169909857d663275346655975af7190fd62,141617,18005,0.015315,15,539.55,end_turn,63159,0.015315,0.015315,0.0,0.0,0.0,False,False,1,1,2,gpt-oss,small,fireworks,MoE,single_file
fireworks_ai_accounts_fireworks_models_gpt-oss-20b,gpt-oss-20b,fireworks_ai/accounts/fireworks/models/gpt-oss-20b,14,ast_compact,3,Authentication Handlers lost on redirect.,4683f169909857d663275346655975af7190fd62,128970,5154,0.010574,15,375.21,end_turn,48020,0.010574,0.010574,0.0,0.0,0.0,True,False,1,1,2,gpt-oss,small,fireworks,MoE,single_file
fireworks_ai_accounts_fireworks_models_gpt-oss-20b,gpt-oss-20b,fireworks_ai/accounts/fireworks/models/gpt-oss-20b,14,ast_compact,4,Authentication Handlers lost on redirect.,4683f169909857d663275346655975af7190fd62,216486,16763,0.020183,20,470.59,max_turns,171335,0.020183,0.020183,0.0,0.0,0.0,False,True,0,1,2,gpt-oss,small,fireworks,MoE,single_file
fireworks_ai_accounts_fireworks_models_gpt-oss-20b,gpt-oss-20b,fireworks_ai/accounts/fireworks/models/gpt-oss-20b,14,ast,0,Authentication Handlers lost on redirect.,4683f169909857d663275346655975af7190fd62,385507,13427,0.031014,20,421.14,max_turns,336001,0.031014,0.031014,0.0,0.0,0.0,False,True,0,1,2,gpt-oss,small,fireworks,MoE,single_file
fireworks_ai_accounts_fireworks_models_gpt-oss-20b,gpt-oss-20b,fireworks_ai/accounts/fireworks/models/gpt-oss-20b,14,ast,1,Authentication Handlers lost on redirect.,4683f169909857d663275346655975af7190fd62,248182,27318,0.025568,13,468.57,end_turn,147968,0.025568,0.025568,0.0,0.0,0.0,True,False,1,1,2,gpt-oss,small,fireworks,MoE,single_file
fireworks_ai_accounts_fireworks_models_gpt-oss-20b,gpt-oss-20b,fireworks_ai/accounts/fireworks/models/gpt-oss-20b,14,ast,2,Authentication Handlers lost on redirect.,4683f169909857d663275346655975af7190fd62,439546,15072,0.03529,20,506.27,max_turns,272859,0.03529,0.03529,0.0,0.0,0.0,False,True,0,1,2,gpt-oss,small,fireworks,MoE,single_file
fireworks_ai_accounts_fireworks_models_gpt-oss-20b,gpt-oss-20b,fireworks_ai/accounts/fireworks/models/gpt-oss-20b,14,ast,3,Authentication Handlers lost on redirect.,4683f169909857d663275346655975af7190fd62,387944,17380,0.03237,20,549.22,max_turns,239311,0.03237,0.03237,0.0,0.0,0.0,False,True,0,1,2,gpt-oss,small,fireworks,MoE,single_file
fireworks_ai_accounts_fireworks_models_gpt-oss-20b,gpt-oss-20b,fireworks_ai/accounts/fireworks/models/gpt-oss-20b,14,ast,4,Authentication Handlers lost on redirect.,4683f169909857d663275346655975af7190fd62,386718,9729,0.029989,20,311.52,max_turns,240831,0.029989,0.029989,0.0,0.0,0.0,False,True,0,1,2,gpt-oss,small,fireworks,MoE,single_file
fireworks_ai_accounts_fireworks_models_gpt-oss-20b,gpt-oss-20b,fireworks_ai/accounts/fireworks/models/gpt-oss-20b,14,none,0,Authentication Handlers lost on redirect.,4683f169909857d663275346655975af7190fd62,61662,2805,0.005158,12,155.2,submitted,38381,0.005158,0.005158,1.0,1.0,1.0,False,False,1,1,2,gpt-oss,small,fireworks,MoE,single_file
fireworks_ai_accounts_fireworks_models_gpt-oss-20b,gpt-oss-20b,fireworks_ai/accounts/fireworks/models/gpt-oss-20b,14,none,1,Authentication Handlers lost on redirect.,4683f169909857d663275346655975af7190fd62,172574,15346,0.016684,19,277.77,submitted,119995,0.016684,0.016684,0.0,0.0,0.0,False,False,1,1,2,gpt-oss,small,fireworks,MoE,single_file
fireworks_ai_accounts_fireworks_models_gpt-oss-20b,gpt-oss-20b,fireworks_ai/accounts/fireworks/models/gpt-oss-20b,14,none,2,Authentication Handlers lost on redirect.,4683f169909857d663275346655975af7190fd62,58976,16955,0.009215,11,478.93,end_turn,33384,0.009215,0.009215,0.0,0.0,0.0,True,False,1,1,2,gpt-oss,small,fireworks,MoE,single_file
fireworks_ai_accounts_fireworks_models_gpt-oss-20b,gpt-oss-20b,fireworks_ai/accounts/fireworks/models/gpt-oss-20b,14,none,3,Authentication Handlers lost on redirect.,4683f169909857d663275346655975af7190fd62,42384,15348,0.007571,11,460.27,submitted,0,0.007571,0.007571,0.0,0.0,0.0,False,False,1,1,2,gpt-oss,small,fireworks,MoE,single_file
fireworks_ai_accounts_fireworks_models_gpt-oss-20b,gpt-oss-20b,fireworks_ai/accounts/fireworks/models/gpt-oss-20b,14,none,4,Authentication Handlers lost on redirect.,4683f169909857d663275346655975af7190fd62,26017,8696,0.00443,5,192.69,submitted,11457,0.00443,0.00443,0.0,0.0,0.0,False,False,1,1,2,gpt-oss,small,fireworks,MoE,single_file
fireworks_ai_accounts_fireworks_models_gpt-oss-20b,gpt-oss-20b,fireworks_ai/accounts/fireworks/models/gpt-oss-20b,15,ast_compact,0,Add header name to InvalidHeader exception message,1c2022cf868cb503815f34901ad8e85cf524d01a,41850,1684,0.003435,6,36.26,submitted,28312,0.003435,0.003435,1.0,1.0,1.0,False,False,1,1,2,gpt-oss,small,fireworks,MoE,single_file
fireworks_ai_accounts_fireworks_models_gpt-oss-20b,gpt-oss-20b,fireworks_ai/accounts/fireworks/models/gpt-oss-20b,15,ast_compact,1,Add header name to InvalidHeader exception message,1c2022cf868cb503815f34901ad8e85cf524d01a,169436,4601,0.013241,20,249.47,max_turns,72524,0.013241,0.013241,0.0,0.0,0.0,False,True,0,1,2,gpt-oss,small,fireworks,MoE,single_file
fireworks_ai_accounts_fireworks_models_gpt-oss-20b,gpt-oss-20b,fireworks_ai/accounts/fireworks/models/gpt-oss-20b,15,ast_compact,2,Add header name to InvalidHeader exception message,1c2022cf868cb503815f34901ad8e85cf524d01a,165210,2435,0.012295,20,121.78,max_turns,114491,0.012295,0.012295,1.0,1.0,1.0,False,False,1,1,2,gpt-oss,small,fireworks,MoE,single_file
fireworks_ai_accounts_fireworks_models_gpt-oss-20b,gpt-oss-20b,fireworks_ai/accounts/fireworks/models/gpt-oss-20b,15,ast_compact,3,Add header name to InvalidHeader exception message,1c2022cf868cb503815f34901ad8e85cf524d01a,99097,2459,0.007674,13,111.29,submitted,66647,0.007674,0.007674,1.0,1.0,1.0,False,False,1,1,2,gpt-oss,small,fireworks,MoE,single_file
fireworks_ai_accounts_fireworks_models_gpt-oss-20b,gpt-oss-20b,fireworks_ai/accounts/fireworks/models/gpt-oss-20b,15,ast_compact,4,Add header name to InvalidHeader exception message,1c2022cf868cb503815f34901ad8e85cf524d01a,48150,1898,0.00394,7,102.88,submitted,27673,0.00394,0.00394,1.0,1.0,1.0,False,False,1,1,2,gpt-oss,small,fireworks,MoE,single_file
fireworks_ai_accounts_fireworks_models_gpt-oss-20b,gpt-oss-20b,fireworks_ai/accounts/fireworks/models/gpt-oss-20b,15,ast,0,Add header name to InvalidHeader exception message,1c2022cf868cb503815f34901ad8e85cf524d01a,134705,5658,0.011127,8,153.81,submitted,17193,0.011127,0.011127,1.0,1.0,1.0,False,False,1,1,2,gpt-oss,small,fireworks,MoE,single_file
fireworks_ai_accounts_fireworks_models_gpt-oss-20b,gpt-oss-20b,fireworks_ai/accounts/fireworks/models/gpt-oss-20b,15,ast,1,Add header name to InvalidHeader exception message,1c2022cf868cb503815f34901ad8e85cf524d01a,188889,2961,0.014111,11,378.16,submitted,15791,0.014111,0.014111,1.0,1.0,1.0,False,False,1,1,2,gpt-oss,small,fireworks,MoE,single_file
fireworks_ai_accounts_fireworks_models_gpt-oss-20b,gpt-oss-20b,fireworks_ai/accounts/fireworks/models/gpt-oss-20b,15,ast,2,Add header name to InvalidHeader exception message,1c2022cf868cb503815f34901ad8e85cf524d01a,234602,4528,0.017781,14,171.01,submitted,105403,0.017781,0.017781,1.0,1.0,1.0,False,False,1,1,2,gpt-oss,small,fireworks,MoE,single_file
fireworks_ai_accounts_fireworks_models_gpt-oss-20b,gpt-oss-20b,fireworks_ai/accounts/fireworks/models/gpt-oss-20b,15,ast,3,Add header name to InvalidHeader exception message,1c2022cf868cb503815f34901ad8e85cf524d01a,198175,2010,0.014475,12,119.67,submitted,115335,0.014475,0.014475,1.0,1.0,1.0,False,False,1,1,2,gpt-oss,small,fireworks,MoE,single_file
fireworks_ai_accounts_fireworks_models_gpt-oss-20b,gpt-oss-20b,fireworks_ai/accounts/fireworks/models/gpt-oss-20b,15,ast,4,Add header name to InvalidHeader exception message,1c2022cf868cb503815f34901ad8e85cf524d01a,187823,2483,0.013893,11,307.89,submitted,101761,0.013893,0.013893,1.0,1.0,1.0,False,False,1,1,2,gpt-oss,small,fireworks,MoE,single_file
fireworks_ai_accounts_fireworks_models_gpt-oss-20b,gpt-oss-20b,fireworks_ai/accounts/fireworks/models/gpt-oss-20b,15,none,0,Add header name to InvalidHeader exception message,1c2022cf868cb503815f34901ad8e85cf524d01a,4552,581,0.000493,4,29.1,submitted,2363,0.000493,0.000493,1.0,1.0,1.0,False,False,1,1,2,gpt-oss,small,fireworks,MoE,single_file
fireworks_ai_accounts_fireworks_models_gpt-oss-20b,gpt-oss-20b,fireworks_ai/accounts/fireworks/models/gpt-oss-20b,15,none,1,Add header name to InvalidHeader exception message,1c2022cf868cb503815f34901ad8e85cf524d01a,17318,2387,0.001928,10,73.67,submitted,10124,0.001928,0.001928,1.0,1.0,1.0,False,False,1,1,2,gpt-oss,small,fireworks,MoE,single_file
fireworks_ai_accounts_fireworks_models_gpt-oss-20b,gpt-oss-20b,fireworks_ai/accounts/fireworks/models/gpt-oss-20b,15,none,2,Add header name to InvalidHeader exception message,1c2022cf868cb503815f34901ad8e85cf524d01a,5219,777,0.000598,4,36.05,submitted,3164,0.000598,0.000598,1.0,1.0,1.0,False,False,1,1,2,gpt-oss,small,fireworks,MoE,single_file
fireworks_ai_accounts_fireworks_models_gpt-oss-20b,gpt-oss-20b,fireworks_ai/accounts/fireworks/models/gpt-oss-20b,15,none,3,Add header name to InvalidHeader exception message,1c2022cf868cb503815f34901ad8e85cf524d01a,7502,593,0.000703,6,21.9,submitted,4044,0.000703,0.000703,1.0,1.0,1.0,False,False,1,1,2,gpt-oss,small,fireworks,MoE,single_file
fireworks_ai_accounts_fireworks_models_gpt-oss-20b,gpt-oss-20b,fireworks_ai/accounts/fireworks/models/gpt-oss-20b,15,none,4,Add header name to InvalidHeader exception message,1c2022cf868cb503815f34901ad8e85cf524d01a,7324,727,0.000731,6,19.49,submitted,5591,0.000731,0.000731,1.0,1.0,1.0,False,False,1,1,2,gpt-oss,small,fireworks,MoE,single_file
fireworks_ai_accounts_fireworks_models_gpt-oss-20b,gpt-oss-20b,fireworks_ai/accounts/fireworks/models/gpt-oss-20b,4,ast_compact,0,Requests doesn't catch requests.packages.urllib3.exceptions.ProxyError,9968a10fcfad7268b552808c4f8946eecafc956a,165021,7804,0.013893,20,266.47,submitted,64024,0.013893,0.013893,1.0,0.5,0.6667,False,False,1,2,2,gpt-oss,small,fireworks,MoE,multi_file
fireworks_ai_accounts_fireworks_models_gpt-oss-20b,gpt-oss-20b,fireworks_ai/accounts/fireworks/models/gpt-oss-20b,4,ast_compact,1,Requests doesn't catch requests.packages.urllib3.exceptions.ProxyError,9968a10fcfad7268b552808c4f8946eecafc956a,128189,3876,0.010136,17,71.83,submitted,107844,0.010136,0.010136,1.0,0.5,0.6667,False,False,1,2,2,gpt-oss,small,fireworks,MoE,multi_file
fireworks_ai_accounts_fireworks_models_gpt-oss-20b,gpt-oss-20b,fireworks_ai/accounts/fireworks/models/gpt-oss-20b,4,ast_compact,2,Requests doesn't catch requests.packages.urllib3.exceptions.ProxyError,9968a10fcfad7268b552808c4f8946eecafc956a,92520,4240,0.007748,14,238.69,submitted,49263,0.007748,0.007748,1.0,0.5,0.6667,False,False,1,2,2,gpt-oss,small,fireworks,MoE,multi_file
fireworks_ai_accounts_fireworks_models_gpt-oss-20b,gpt-oss-20b,fireworks_ai/accounts/fireworks/models/gpt-oss-20b,4,ast_compact,3,Requests doesn't catch requests.packages.urllib3.exceptions.ProxyError,9968a10fcfad7268b552808c4f8946eecafc956a,78704,4821,0.006956,12,334.61,submitted,0,0.006956,0.006956,1.0,1.0,1.0,False,False,2,2,2,gpt-oss,small,fireworks,MoE,multi_file
fireworks_ai_accounts_fireworks_models_gpt-oss-20b,gpt-oss-20b,fireworks_ai/accounts/fireworks/models/gpt-oss-20b,4,ast_compact,4,Requests doesn't catch requests.packages.urllib3.exceptions.ProxyError,9968a10fcfad7268b552808c4f8946eecafc956a,39100,10811,0.00598,7,226.41,submitted,21822,0.00598,0.00598,1.0,1.0,1.0,False,False,2,2,2,gpt-oss,small,fireworks,MoE,multi_file
fireworks_ai_accounts_fireworks_models_gpt-oss-20b,gpt-oss-20b,fireworks_ai/accounts/fireworks/models/gpt-oss-20b,4,ast,0,Requests doesn't catch requests.packages.urllib3.exceptions.ProxyError,9968a10fcfad7268b552808c4f8946eecafc956a,186485,3582,0.014129,12,286.61,submitted,59810,0.014129,0.014129,1.0,0.5,0.6667,False,False,1,2,2,gpt-oss,small,fireworks,MoE,multi_file
fireworks_ai_accounts_fireworks_models_gpt-oss-20b,gpt-oss-20b,fireworks_ai/accounts/fireworks/models/gpt-oss-20b,4,ast,1,Requests doesn't catch requests.packages.urllib3.exceptions.ProxyError,9968a10fcfad7268b552808c4f8946eecafc956a,117920,7597,0.010533,8,351.99,end_turn,26992,0.010534,0.010534,1.0,0.5,0.6667,True,False,1,2,2,gpt-oss,small,fireworks,MoE,multi_file
fireworks_ai_accounts_fireworks_models_gpt-oss-20b,gpt-oss-20b,fireworks_ai/accounts/fireworks/models/gpt-oss-20b,4,ast,2,Requests doesn't catch requests.packages.urllib3.exceptions.ProxyError,9968a10fcfad7268b552808c4f8946eecafc956a,196377,5378,0.01536,14,303.92,submitted,58545,0.01536,0.01536,1.0,0.5,0.6667,False,False,1,2,2,gpt-oss,small,fireworks,MoE,multi_file
fireworks_ai_accounts_fireworks_models_gpt-oss-20b,gpt-oss-20b,fireworks_ai/accounts/fireworks/models/gpt-oss-20b,4,ast,3,Requests doesn't catch requests.packages.urllib3.exceptions.ProxyError,9968a10fcfad7268b552808c4f8946eecafc956a,170027,7267,0.014082,13,558.48,submitted,33278,0.014082,0.014082,0.0,0.0,0.0,False,True,0,2,2,gpt-oss,small,fireworks,MoE,multi_file
fireworks_ai_accounts_fireworks_models_gpt-oss-20b,gpt-oss-20b,fireworks_ai/accounts/fireworks/models/gpt-oss-20b,4,ast,4,Requests doesn't catch requests.packages.urllib3.exceptions.ProxyError,9968a10fcfad7268b552808c4f8946eecafc956a,254850,4817,0.019285,15,381.21,end_turn,125338,0.019285,0.019285,1.0,0.5,0.6667,False,False,1,2,2,gpt-oss,small,fireworks,MoE,multi_file
fireworks_ai_accounts_fireworks_models_gpt-oss-20b,gpt-oss-20b,fireworks_ai/accounts/fireworks/models/gpt-oss-20b,4,none,0,Requests doesn't catch requests.packages.urllib3.exceptions.ProxyError,9968a10fcfad7268b552808c4f8946eecafc956a,21471,4792,0.002941,11,210.07,submitted,9165,0.002941,0.002941,1.0,0.5,0.6667,False,False,1,2,2,gpt-oss,small,fireworks,MoE,multi_file
fireworks_ai_accounts_fireworks_models_gpt-oss-20b,gpt-oss-20b,fireworks_ai/accounts/fireworks/models/gpt-oss-20b,4,none,1,Requests doesn't catch requests.packages.urllib3.exceptions.ProxyError,9968a10fcfad7268b552808c4f8946eecafc956a,75281,3970,0.006461,18,310.81,submitted,4427,0.006461,0.006461,1.0,0.5,0.6667,False,False,1,2,2,gpt-oss,small,fireworks,MoE,multi_file
fireworks_ai_accounts_fireworks_models_gpt-oss-20b,gpt-oss-20b,fireworks_ai/accounts/fireworks/models/gpt-oss-20b,4,none,2,Requests doesn't catch requests.packages.urllib3.exceptions.ProxyError,9968a10fcfad7268b552808c4f8946eecafc956a,31838,2942,0.003111,14,183.92,submitted,16006,0.003111,0.003111,1.0,0.5,0.6667,False,False,1,2,2,gpt-oss,small,fireworks,MoE,multi_file
fireworks_ai_accounts_fireworks_models_gpt-oss-20b,gpt-oss-20b,fireworks_ai/accounts/fireworks/models/gpt-oss-20b,4,none,3,Requests doesn't catch requests.packages.urllib3.exceptions.ProxyError,9968a10fcfad7268b552808c4f8946eecafc956a,90286,3818,0.007465,20,176.72,max_turns,66695,0.007465,0.007465,1.0,0.5,0.6667,False,False,1,2,2,gpt-oss,small,fireworks,MoE,multi_file
fireworks_ai_accounts_fireworks_models_gpt-oss-20b,gpt-oss-20b,fireworks_ai/accounts/fireworks/models/gpt-oss-20b,4,none,4,Requests doesn't catch requests.packages.urllib3.exceptions.ProxyError,9968a10fcfad7268b552808c4f8946eecafc956a,45928,1900,0.003785,14,392.53,submitted,13923,0.003785,0.003785,1.0,0.5,0.6667,False,False,1,2,2,gpt-oss,small,fireworks,MoE,multi_file
fireworks_ai_accounts_fireworks_models_gpt-oss-120b,gpt-oss-120b,fireworks_ai/accounts/fireworks/models/gpt-oss-120b,0,ast_compact,0,AttributeError: 'NoneType' object has no attribute 'read',ccabcf1fca906bfa6b65a3189c1c41061e6c1042,130003,2605,0.021063,15,27.01,end_turn,99684,0.007606,0.021063,1.0,1.0,1.0,False,False,1,1,2,gpt-oss,large,fireworks,MoE,single_file
fireworks_ai_accounts_fireworks_models_gpt-oss-120b,gpt-oss-120b,fireworks_ai/accounts/fireworks/models/gpt-oss-120b,0,ast_compact,1,AttributeError: 'NoneType' object has no attribute 'read',ccabcf1fca906bfa6b65a3189c1c41061e6c1042,116208,3164,0.01933,15,32.47,submitted,98349,0.006052,0.01933,1.0,1.0,1.0,False,False,1,1,2,gpt-oss,large,fireworks,MoE,single_file
fireworks_ai_accounts_fireworks_models_gpt-oss-120b,gpt-oss-120b,fireworks_ai/accounts/fireworks/models/gpt-oss-120b,0,ast_compact,2,AttributeError: 'NoneType' object has no attribute 'read',ccabcf1fca906bfa6b65a3189c1c41061e6c1042,80268,2844,0.013747,9,27.99,end_turn,68215,0.004538,0.013747,1.0,1.0,1.0,False,False,1,1,2,gpt-oss,large,fireworks,MoE,single_file
fireworks_ai_accounts_fireworks_models_gpt-oss-120b,gpt-oss-120b,fireworks_ai/accounts/fireworks/models/gpt-oss-120b,0,ast_compact,3,AttributeError: 'NoneType' object has no attribute 'read',ccabcf1fca906bfa6b65a3189c1c41061e6c1042,85945,3166,0.014791,10,27.5,submitted,80258,0.003957,0.014791,1.0,1.0,1.0,False,False,1,1,2,gpt-oss,large,fireworks,MoE,single_file
fireworks_ai_accounts_fireworks_models_gpt-oss-120b,gpt-oss-120b,fireworks_ai/accounts/fireworks/models/gpt-oss-120b,0,ast_compact,4,AttributeError: 'NoneType' object has no attribute 'read',ccabcf1fca906bfa6b65a3189c1c41061e6c1042,116910,4549,0.020266,13,46.0,submitted,104473,0.006162,0.020266,1.0,1.0,1.0,False,False,1,1,2,gpt-oss,large,fireworks,MoE,single_file
fireworks_ai_accounts_fireworks_models_gpt-oss-120b,gpt-oss-120b,fireworks_ai/accounts/fireworks/models/gpt-oss-120b,0,ast,0,AttributeError: 'NoneType' object has no attribute 'read',ccabcf1fca906bfa6b65a3189c1c41061e6c1042,80997,1056,0.012783,4,13.48,end_turn,62395,0.00436,0.012783,1.0,1.0,1.0,False,False,1,1,2,gpt-oss,large,fireworks,MoE,single_file
fireworks_ai_accounts_fireworks_models_gpt-oss-120b,gpt-oss-120b,fireworks_ai/accounts/fireworks/models/gpt-oss-120b,0,ast,1,AttributeError: 'NoneType' object has no attribute 'read',ccabcf1fca906bfa6b65a3189c1c41061e6c1042,153942,2132,0.02437,9,31.46,submitted,132566,0.006474,0.02437,1.0,1.0,1.0,False,False,1,1,2,gpt-oss,large,fireworks,MoE,single_file
fireworks_ai_accounts_fireworks_models_gpt-oss-120b,gpt-oss-120b,fireworks_ai/accounts/fireworks/models/gpt-oss-120b,0,ast,2,AttributeError: 'NoneType' object has no attribute 'read',ccabcf1fca906bfa6b65a3189c1c41061e6c1042,225297,3949,0.036164,12,46.15,end_turn,198444,0.009374,0.036164,1.0,1.0,1.0,False,False,1,1,2,gpt-oss,large,fireworks,MoE,single_file
fireworks_ai_accounts_fireworks_models_gpt-oss-120b,gpt-oss-120b,fireworks_ai/accounts/fireworks/models/gpt-oss-120b,0,ast,3,AttributeError: 'NoneType' object has no attribute 'read',ccabcf1fca906bfa6b65a3189c1c41061e6c1042,99215,1282,0.015651,5,16.54,end_turn,79180,0.004962,0.015651,1.0,1.0,1.0,False,False,1,1,2,gpt-oss,large,fireworks,MoE,single_file
fireworks_ai_accounts_fireworks_models_gpt-oss-120b,gpt-oss-120b,fireworks_ai/accounts/fireworks/models/gpt-oss-120b,0,ast,4,AttributeError: 'NoneType' object has no attribute 'read',ccabcf1fca906bfa6b65a3189c1c41061e6c1042,196368,3770,0.031717,10,50.63,end_turn,186210,0.006579,0.031717,1.0,1.0,1.0,False,False,1,1,2,gpt-oss,large,fireworks,MoE,single_file
fireworks_ai_accounts_fireworks_models_gpt-oss-120b,gpt-oss-120b,fireworks_ai/accounts/fireworks/models/gpt-oss-120b,0,none,0,AttributeError: 'NoneType' object has no attribute 'read',ccabcf1fca906bfa6b65a3189c1c41061e6c1042,57676,2738,0.010294,20,26.52,end_turn,39716,0.004933,0.010294,1.0,1.0,1.0,False,False,1,1,2,gpt-oss,large,fireworks,MoE,single_file
fireworks_ai_accounts_fireworks_models_gpt-oss-120b,gpt-oss-120b,fireworks_ai/accounts/fireworks/models/gpt-oss-120b,0,none,1,AttributeError: 'NoneType' object has no attribute 'read',ccabcf1fca906bfa6b65a3189c1c41061e6c1042,33239,1992,0.006181,17,24.79,submitted,28850,0.002286,0.006181,1.0,1.0,1.0,False,False,1,1,2,gpt-oss,large,fireworks,MoE,single_file
fireworks_ai_accounts_fireworks_models_gpt-oss-120b,gpt-oss-120b,fireworks_ai/accounts/fireworks/models/gpt-oss-120b,0,none,2,AttributeError: 'NoneType' object has no attribute 'read',ccabcf1fca906bfa6b65a3189c1c41061e6c1042,43583,2599,0.008097,20,39.35,max_turns,34325,0.003463,0.008097,0.0,0.0,0.0,False,True,0,1,2,gpt-oss,large,fireworks,MoE,single_file
fireworks_ai_accounts_fireworks_models_gpt-oss-120b,gpt-oss-120b,fireworks_ai/accounts/fireworks/models/gpt-oss-120b,0,none,3,AttributeError: 'NoneType' object has no attribute 'read',ccabcf1fca906bfa6b65a3189c1c41061e6c1042,58571,2620,0.010358,20,34.73,max_turns,42835,0.004575,0.010358,1.0,1.0,1.0,False,False,1,1,2,gpt-oss,large,fireworks,MoE,single_file
fireworks_ai_accounts_fireworks_models_gpt-oss-120b,gpt-oss-120b,fireworks_ai/accounts/fireworks/models/gpt-oss-120b,0,none,4,AttributeError: 'NoneType' object has no attribute 'read',ccabcf1fca906bfa6b65a3189c1c41061e6c1042,18857,1943,0.003994,10,15.83,end_turn,15632,0.001884,0.003994,1.0,1.0,1.0,False,False,1,1,2,gpt-oss,large,fireworks,MoE,single_file
fireworks_ai_accounts_fireworks_models_gpt-oss-120b,gpt-oss-120b,fireworks_ai/accounts/fireworks/models/gpt-oss-120b,12,ast_compact,0,Not possible to specify max_retries in v1.X?,be62645dd56580dd7576032b348cf79d880851d8,155713,3936,0.025719,16,52.03,end_turn,127020,0.008571,0.025719,1.0,0.3333,0.5,False,False,1,3,2,gpt-oss,large,fireworks,MoE,multi_file
fireworks_ai_accounts_fireworks_models_gpt-oss-120b,gpt-oss-120b,fireworks_ai/accounts/fireworks/models/gpt-oss-120b,12,ast_compact,1,Not possible to specify max_retries in v1.X?,be62645dd56580dd7576032b348cf79d880851d8,159115,3574,0.026012,20,39.97,max_turns,141238,0.006945,0.026012,0.0,0.0,0.0,False,True,0,3,2,gpt-oss,large,fireworks,MoE,multi_file
fireworks_ai_accounts_fireworks_models_gpt-oss-120b,gpt-oss-120b,fireworks_ai/accounts/fireworks/models/gpt-oss-120b,12,ast_compact,2,Not possible to specify max_retries in v1.X?,be62645dd56580dd7576032b348cf79d880851d8,127600,3038,0.020963,15,32.74,end_turn,98866,0.007616,0.020963,1.0,0.3333,0.5,False,False,1,3,2,gpt-oss,large,fireworks,MoE,multi_file
fireworks_ai_accounts_fireworks_models_gpt-oss-120b,gpt-oss-120b,fireworks_ai/accounts/fireworks/models/gpt-oss-120b,12,ast_compact,3,Not possible to specify max_retries in v1.X?,be62645dd56580dd7576032b348cf79d880851d8,112661,2611,0.018466,14,28.46,end_turn,79736,0.007701,0.018466,1.0,0.3333,0.5,True,False,1,3,2,gpt-oss,large,fireworks,MoE,multi_file
fireworks_ai_accounts_fireworks_models_gpt-oss-120b,gpt-oss-120b,fireworks_ai/accounts/fireworks/models/gpt-oss-120b,12,ast_compact,4,Not possible to specify max_retries in v1.X?,be62645dd56580dd7576032b348cf79d880851d8,130874,3436,0.021693,15,36.87,end_turn,107072,0.007238,0.021693,1.0,0.3333,0.5,False,False,1,3,2,gpt-oss,large,fireworks,MoE,multi_file
fireworks_ai_accounts_fireworks_models_gpt-oss-120b,gpt-oss-120b,fireworks_ai/accounts/fireworks/models/gpt-oss-120b,12,ast,0,Not possible to specify max_retries in v1.X?,be62645dd56580dd7576032b348cf79d880851d8,321981,10435,0.054558,19,109.21,end_turn,283120,0.016337,0.054558,1.0,0.3333,0.5,False,False,1,3,2,gpt-oss,large,fireworks,MoE,multi_file
fireworks_ai_accounts_fireworks_models_gpt-oss-120b,gpt-oss-120b,fireworks_ai/accounts/fireworks/models/gpt-oss-120b,12,ast,1,Not possible to specify max_retries in v1.X?,be62645dd56580dd7576032b348cf79d880851d8,256372,5904,0.041998,17,68.73,end_turn,205707,0.014228,0.041998,1.0,0.6667,0.8,False,False,2,3,2,gpt-oss,large,fireworks,MoE,multi_file
fireworks_ai_accounts_fireworks_models_gpt-oss-120b,gpt-oss-120b,fireworks_ai/accounts/fireworks/models/gpt-oss-120b,12,ast,2,Not possible to specify max_retries in v1.X?,be62645dd56580dd7576032b348cf79d880851d8,153545,3557,0.025166,10,43.34,end_turn,116012,0.009504,0.025166,1.0,0.6667,0.8,False,False,2,3,2,gpt-oss,large,fireworks,MoE,multi_file
fireworks_ai_accounts_fireworks_models_gpt-oss-120b,gpt-oss-120b,fireworks_ai/accounts/fireworks/models/gpt-oss-120b,12,ast,3,Not possible to specify max_retries in v1.X?,be62645dd56580dd7576032b348cf79d880851d8,233589,4198,0.037557,16,47.6,end_turn,203172,0.010129,0.037557,1.0,0.3333,0.5,False,False,1,3,2,gpt-oss,large,fireworks,MoE,multi_file
fireworks_ai_accounts_fireworks_models_gpt-oss-120b,gpt-oss-120b,fireworks_ai/accounts/fireworks/models/gpt-oss-120b,12,ast,4,Not possible to specify max_retries in v1.X?,be62645dd56580dd7576032b348cf79d880851d8,229322,4821,0.037291,15,53.92,end_turn,212183,0.008646,0.037291,1.0,0.3333,0.5,False,False,1,3,2,gpt-oss,large,fireworks,MoE,multi_file
fireworks_ai_accounts_fireworks_models_gpt-oss-120b,gpt-oss-120b,fireworks_ai/accounts/fireworks/models/gpt-oss-120b,12,none,0,Not possible to specify max_retries in v1.X?,be62645dd56580dd7576032b348cf79d880851d8,87113,2270,0.014429,17,37.72,end_turn,62884,0.00594,0.014429,1.0,0.3333,0.5,False,False,1,3,2,gpt-oss,large,fireworks,MoE,multi_file
fireworks_ai_accounts_fireworks_models_gpt-oss-120b,gpt-oss-120b,fireworks_ai/accounts/fireworks/models/gpt-oss-120b,12,none,1,Not possible to specify max_retries in v1.X?,be62645dd56580dd7576032b348cf79d880851d8,25118,4551,0.006498,8,47.89,end_turn,10951,0.00502,0.006498,1.0,0.6667,0.8,False,False,2,3,2,gpt-oss,large,fireworks,MoE,multi_file
fireworks_ai_accounts_fireworks_models_gpt-oss-120b,gpt-oss-120b,fireworks_ai/accounts/fireworks/models/gpt-oss-120b,12,none,2,Not possible to specify max_retries in v1.X?,be62645dd56580dd7576032b348cf79d880851d8,24943,2973,0.005525,11,25.85,submitted,19452,0.002899,0.005525,1.0,0.3333,0.5,False,False,1,3,2,gpt-oss,large,fireworks,MoE,multi_file
fireworks_ai_accounts_fireworks_models_gpt-oss-120b,gpt-oss-120b,fireworks_ai/accounts/fireworks/models/gpt-oss-120b,12,none,3,Not possible to specify max_retries in v1.X?,be62645dd56580dd7576032b348cf79d880851d8,23188,2459,0.004954,8,23.36,end_turn,15029,0.002925,0.004954,1.0,0.3333,0.5,False,False,1,3,2,gpt-oss,large,fireworks,MoE,multi_file
fireworks_ai_accounts_fireworks_models_gpt-oss-120b,gpt-oss-120b,fireworks_ai/accounts/fireworks/models/gpt-oss-120b,12,none,4,Not possible to specify max_retries in v1.X?,be62645dd56580dd7576032b348cf79d880851d8,32263,1479,0.005727,10,20.15,end_turn,19751,0.00306,0.005727,1.0,0.6667,0.8,False,False,2,3,2,gpt-oss,large,fireworks,MoE,multi_file
fireworks_ai_accounts_fireworks_models_gpt-oss-120b,gpt-oss-120b,fireworks_ai/accounts/fireworks/models/gpt-oss-120b,14,ast_compact,0,Authentication Handlers lost on redirect.,4683f169909857d663275346655975af7190fd62,110872,9911,0.022577,12,95.28,end_turn,95747,0.009652,0.022577,0.0,0.0,0.0,True,False,1,1,2,gpt-oss,large,fireworks,MoE,single_file
fireworks_ai_accounts_fireworks_models_gpt-oss-120b,gpt-oss-120b,fireworks_ai/accounts/fireworks/models/gpt-oss-120b,14,ast_compact,1,Authentication Handlers lost on redirect.,4683f169909857d663275346655975af7190fd62,59835,6745,0.013022,7,137.24,end_turn,39529,0.007686,0.013022,0.0,0.0,0.0,True,False,1,1,2,gpt-oss,large,fireworks,MoE,single_file
fireworks_ai_accounts_fireworks_models_gpt-oss-120b,gpt-oss-120b,fireworks_ai/accounts/fireworks/models/gpt-oss-120b,14,ast_compact,2,Authentication Handlers lost on redirect.,4683f169909857d663275346655975af7190fd62,80120,5327,0.015214,7,51.7,end_turn,57377,0.007468,0.015214,0.5,1.0,0.6667,False,False,2,1,2,gpt-oss,large,fireworks,MoE,single_file
fireworks_ai_accounts_fireworks_models_gpt-oss-120b,gpt-oss-120b,fireworks_ai/accounts/fireworks/models/gpt-oss-120b,14,ast_compact,3,Authentication Handlers lost on redirect.,4683f169909857d663275346655975af7190fd62,114736,10405,0.023453,13,96.97,end_turn,102592,0.009603,0.023453,0.0,0.0,0.0,False,False,1,1,2,gpt-oss,large,fireworks,MoE,single_file
fireworks_ai_accounts_fireworks_models_gpt-oss-120b,gpt-oss-120b,fireworks_ai/accounts/fireworks/models/gpt-oss-120b,14,ast_compact,4,Authentication Handlers lost on redirect.,4683f169909857d663275346655975af7190fd62,100769,8183,0.020025,11,70.82,end_turn,78731,0.009396,0.020025,0.0,0.0,0.0,False,False,1,1,2,gpt-oss,large,fireworks,MoE,single_file
fireworks_ai_accounts_fireworks_models_gpt-oss-120b,gpt-oss-120b,fireworks_ai/accounts/fireworks/models/gpt-oss-120b,14,ast,0,Authentication Handlers lost on redirect.,4683f169909857d663275346655975af7190fd62,188301,7300,0.032625,8,79.77,end_turn,161448,0.01083,0.032625,0.0,0.0,0.0,False,False,1,1,2,gpt-oss,large,fireworks,MoE,single_file
fireworks_ai_accounts_fireworks_models_gpt-oss-120b,gpt-oss-120b,fireworks_ai/accounts/fireworks/models/gpt-oss-120b,14,ast,1,Authentication Handlers lost on redirect.,4683f169909857d663275346655975af7190fd62,240295,11761,0.043101,13,126.29,end_turn,214289,0.014172,0.043101,0.0,0.0,0.0,False,False,1,1,2,gpt-oss,large,fireworks,MoE,single_file
fireworks_ai_accounts_fireworks_models_gpt-oss-120b,gpt-oss-120b,fireworks_ai/accounts/fireworks/models/gpt-oss-120b,14,ast,2,Authentication Handlers lost on redirect.,4683f169909857d663275346655975af7190fd62,117295,6037,0.021216,6,74.38,end_turn,95831,0.008279,0.021216,1.0,1.0,1.0,False,False,1,1,2,gpt-oss,large,fireworks,MoE,single_file
fireworks_ai_accounts_fireworks_models_gpt-oss-120b,gpt-oss-120b,fireworks_ai/accounts/fireworks/models/gpt-oss-120b,14,ast,3,Authentication Handlers lost on redirect.,4683f169909857d663275346655975af7190fd62,154838,7784,0.027896,8,80.76,end_turn,114869,0.012389,0.027896,0.5,1.0,0.6667,True,False,2,1,2,gpt-oss,large,fireworks,MoE,single_file
fireworks_ai_accounts_fireworks_models_gpt-oss-120b,gpt-oss-120b,fireworks_ai/accounts/fireworks/models/gpt-oss-120b,14,ast,4,Authentication Handlers lost on redirect.,4683f169909857d663275346655975af7190fd62,106002,2084,0.017151,4,25.1,end_turn,50057,0.010393,0.017151,1.0,1.0,1.0,False,False,1,1,2,gpt-oss,large,fireworks,MoE,single_file
fireworks_ai_accounts_fireworks_models_gpt-oss-120b,gpt-oss-120b,fireworks_ai/accounts/fireworks/models/gpt-oss-120b,14,none,0,Authentication Handlers lost on redirect.,4683f169909857d663275346655975af7190fd62,46674,5690,0.010415,10,46.04,end_turn,31181,0.006206,0.010415,0.0,0.0,0.0,False,False,1,1,2,gpt-oss,large,fireworks,MoE,single_file
fireworks_ai_accounts_fireworks_models_gpt-oss-120b,gpt-oss-120b,fireworks_ai/accounts/fireworks/models/gpt-oss-120b,14,none,1,Authentication Handlers lost on redirect.,4683f169909857d663275346655975af7190fd62,68110,6226,0.013952,10,61.88,end_turn,34310,0.00932,0.013952,0.0,0.0,0.0,False,False,1,1,2,gpt-oss,large,fireworks,MoE,single_file
fireworks_ai_accounts_fireworks_models_gpt-oss-120b,gpt-oss-120b,fireworks_ai/accounts/fireworks/models/gpt-oss-120b,14,none,2,Authentication Handlers lost on redirect.,4683f169909857d663275346655975af7190fd62,20471,2552,0.004602,8,24.76,end_turn,14238,0.00268,0.004602,0.0,0.0,0.0,False,False,1,1,2,gpt-oss,large,fireworks,MoE,single_file
fireworks_ai_accounts_fireworks_models_gpt-oss-120b,gpt-oss-120b,fireworks_ai/accounts/fireworks/models/gpt-oss-120b,14,none,3,Authentication Handlers lost on redirect.,4683f169909857d663275346655975af7190fd62,29163,5211,0.007501,5,60.59,end_turn,17327,0.005162,0.007501,0.0,0.0,0.0,True,False,1,1,2,gpt-oss,large,fireworks,MoE,single_file
fireworks_ai_accounts_fireworks_models_gpt-oss-120b,gpt-oss-120b,fireworks_ai/accounts/fireworks/models/gpt-oss-120b,14,none,4,Authentication Handlers lost on redirect.,4683f169909857d663275346655975af7190fd62,13902,1667,0.003085,4,19.21,end_turn,3094,0.002668,0.003085,0.0,0.0,0.0,True,False,1,1,2,gpt-oss,large,fireworks,MoE,single_file
fireworks_ai_accounts_fireworks_models_gpt-oss-120b,gpt-oss-120b,fireworks_ai/accounts/fireworks/models/gpt-oss-120b,15,ast_compact,0,Add header name to InvalidHeader exception message,1c2022cf868cb503815f34901ad8e85cf524d01a,41846,849,0.006786,5,6.55,end_turn,32559,0.002391,0.006786,1.0,1.0,1.0,False,False,1,1,2,gpt-oss,large,fireworks,MoE,single_file
fireworks_ai_accounts_fireworks_models_gpt-oss-120b,gpt-oss-120b,fireworks_ai/accounts/fireworks/models/gpt-oss-120b,15,ast_compact,1,Add header name to InvalidHeader exception message,1c2022cf868cb503815f34901ad8e85cf524d01a,40869,689,0.006544,5,7.58,end_turn,26222,0.003004,0.006544,1.0,1.0,1.0,False,False,1,1,2,gpt-oss,large,fireworks,MoE,single_file
fireworks_ai_accounts_fireworks_models_gpt-oss-120b,gpt-oss-120b,fireworks_ai/accounts/fireworks/models/gpt-oss-120b,15,ast_compact,2,Add header name to InvalidHeader exception message,1c2022cf868cb503815f34901ad8e85cf524d01a,124942,2964,0.02052,15,25.29,end_turn,111503,0.005467,0.02052,1.0,1.0,1.0,False,False,1,1,2,gpt-oss,large,fireworks,MoE,single_file
fireworks_ai_accounts_fireworks_models_gpt-oss-120b,gpt-oss-120b,fireworks_ai/accounts/fireworks/models/gpt-oss-120b,15,ast_compact,3,Add header name to InvalidHeader exception message,1c2022cf868cb503815f34901ad8e85cf524d01a,103776,2494,0.017063,13,24.55,end_turn,99235,0.003666,0.017063,1.0,1.0,1.0,False,False,1,1,2,gpt-oss,large,fireworks,MoE,single_file
fireworks_ai_accounts_fireworks_models_gpt-oss-120b,gpt-oss-120b,fireworks_ai/accounts/fireworks/models/gpt-oss-120b,15,ast_compact,4,Add header name to InvalidHeader exception message,1c2022cf868cb503815f34901ad8e85cf524d01a,112853,3597,0.019086,14,37.66,end_turn,106083,0.004765,0.019086,1.0,1.0,1.0,False,False,1,1,2,gpt-oss,large,fireworks,MoE,single_file
fireworks_ai_accounts_fireworks_models_gpt-oss-120b,gpt-oss-120b,fireworks_ai/accounts/fireworks/models/gpt-oss-120b,15,ast,0,Add header name to InvalidHeader exception message,1c2022cf868cb503815f34901ad8e85cf524d01a,63194,248,0.009628,3,4.01,end_turn,46522,0.003347,0.009628,1.0,1.0,1.0,False,False,1,1,2,gpt-oss,large,fireworks,MoE,single_file
fireworks_ai_accounts_fireworks_models_gpt-oss-120b,gpt-oss-120b,fireworks_ai/accounts/fireworks/models/gpt-oss-120b,15,ast,1,Add header name to InvalidHeader exception message,1c2022cf868cb503815f34901ad8e85cf524d01a,63194,330,0.009677,3,11.17,end_turn,31311,0.00545,0.009677,1.0,1.0,1.0,False,False,1,1,2,gpt-oss,large,fireworks,MoE,single_file
fireworks_ai_accounts_fireworks_models_gpt-oss-120b,gpt-oss-120b,fireworks_ai/accounts/fireworks/models/gpt-oss-120b,15,ast,2,Add header name to InvalidHeader exception message,1c2022cf868cb503815f34901ad8e85cf524d01a,112491,1152,0.017565,6,17.75,end_turn,94706,0.00478,0.017565,1.0,1.0,1.0,False,False,1,1,2,gpt-oss,large,fireworks,MoE,single_file
fireworks_ai_accounts_fireworks_models_gpt-oss-120b,gpt-oss-120b,fireworks_ai/accounts/fireworks/models/gpt-oss-120b,15,ast,3,Add header name to InvalidHeader exception message,1c2022cf868cb503815f34901ad8e85cf524d01a,95897,760,0.014841,5,11.76,end_turn,62985,0.006338,0.014841,1.0,1.0,1.0,False,False,1,1,2,gpt-oss,large,fireworks,MoE,single_file
fireworks_ai_accounts_fireworks_models_gpt-oss-120b,gpt-oss-120b,fireworks_ai/accounts/fireworks/models/gpt-oss-120b,15,ast,4,Add header name to InvalidHeader exception message,1c2022cf868cb503815f34901ad8e85cf524d01a,63368,509,0.009811,3,6.39,end_turn,31866,0.005509,0.009811,1.0,1.0,1.0,True,False,1,1,2,gpt-oss,large,fireworks,MoE,single_file
fireworks_ai_accounts_fireworks_models_gpt-oss-120b,gpt-oss-120b,fireworks_ai/accounts/fireworks/models/gpt-oss-120b,15,none,0,Add header name to InvalidHeader exception message,1c2022cf868cb503815f34901ad8e85cf524d01a,5984,566,0.001237,4,6.25,end_turn,4000,0.000697,0.001237,1.0,1.0,1.0,False,False,1,1,2,gpt-oss,large,fireworks,MoE,single_file
fireworks_ai_accounts_fireworks_models_gpt-oss-120b,gpt-oss-120b,fireworks_ai/accounts/fireworks/models/gpt-oss-120b,15,none,1,Add header name to InvalidHeader exception message,1c2022cf868cb503815f34901ad8e85cf524d01a,9717,390,0.001692,5,4.93,end_turn,4747,0.001051,0.001692,1.0,1.0,1.0,False,False,1,1,2,gpt-oss,large,fireworks,MoE,single_file
fireworks_ai_accounts_fireworks_models_gpt-oss-120b,gpt-oss-120b,fireworks_ai/accounts/fireworks/models/gpt-oss-120b,15,none,2,Add header name to InvalidHeader exception message,1c2022cf868cb503815f34901ad8e85cf524d01a,11241,1150,0.002376,6,8.6,end_turn,7687,0.001338,0.002376,1.0,1.0,1.0,False,False,1,1,2,gpt-oss,large,fireworks,MoE,single_file
fireworks_ai_accounts_fireworks_models_gpt-oss-120b,gpt-oss-120b,fireworks_ai/accounts/fireworks/models/gpt-oss-120b,15,none,3,Add header name to InvalidHeader exception message,1c2022cf868cb503815f34901ad8e85cf524d01a,9727,444,0.001725,5,11.16,end_turn,4848,0.001071,0.001725,1.0,1.0,1.0,False,False,1,1,2,gpt-oss,large,fireworks,MoE,single_file
fireworks_ai_accounts_fireworks_models_gpt-oss-120b,gpt-oss-120b,fireworks_ai/accounts/fireworks/models/gpt-oss-120b,15,none,4,Add header name to InvalidHeader exception message,1c2022cf868cb503815f34901ad8e85cf524d01a,32372,2728,0.006493,14,67.58,end_turn,24104,0.003239,0.006493,1.0,1.0,1.0,False,False,1,1,2,gpt-oss,large,fireworks,MoE,single_file
fireworks_ai_accounts_fireworks_models_gpt-oss-120b,gpt-oss-120b,fireworks_ai/accounts/fireworks/models/gpt-oss-120b,4,ast_compact,0,Requests doesn't catch requests.packages.urllib3.exceptions.ProxyError,9968a10fcfad7268b552808c4f8946eecafc956a,106685,4791,0.018877,14,40.02,end_turn,89963,0.006732,0.018877,1.0,1.0,1.0,False,False,2,2,2,gpt-oss,large,fireworks,MoE,multi_file
fireworks_ai_accounts_fireworks_models_gpt-oss-120b,gpt-oss-120b,fireworks_ai/accounts/fireworks/models/gpt-oss-120b,4,ast_compact,1,Requests doesn't catch requests.packages.urllib3.exceptions.ProxyError,9968a10fcfad7268b552808c4f8946eecafc956a,126735,6093,0.022666,16,52.95,end_turn,113786,0.007305,0.022666,1.0,0.5,0.6667,False,False,1,2,2,gpt-oss,large,fireworks,MoE,multi_file
fireworks_ai_accounts_fireworks_models_gpt-oss-120b,gpt-oss-120b,fireworks_ai/accounts/fireworks/models/gpt-oss-120b,4,ast_compact,2,Requests doesn't catch requests.packages.urllib3.exceptions.ProxyError,9968a10fcfad7268b552808c4f8946eecafc956a,76617,2370,0.012915,10,23.73,end_turn,58844,0.004971,0.012915,1.0,1.0,1.0,False,False,2,2,2,gpt-oss,large,fireworks,MoE,multi_file
fireworks_ai_accounts_fireworks_models_gpt-oss-120b,gpt-oss-120b,fireworks_ai/accounts/fireworks/models/gpt-oss-120b,4,ast_compact,3,Requests doesn't catch requests.packages.urllib3.exceptions.ProxyError,9968a10fcfad7268b552808c4f8946eecafc956a,103487,3502,0.017624,13,31.56,end_turn,83924,0.006295,0.017624,1.0,0.5,0.6667,False,False,1,2,2,gpt-oss,large,fireworks,MoE,multi_file
fireworks_ai_accounts_fireworks_models_gpt-oss-120b,gpt-oss-120b,fireworks_ai/accounts/fireworks/models/gpt-oss-120b,4,ast_compact,4,Requests doesn't catch requests.packages.urllib3.exceptions.ProxyError,9968a10fcfad7268b552808c4f8946eecafc956a,151724,4934,0.025719,20,48.7,max_turns,123256,0.009079,0.025719,0.0,0.0,0.0,False,True,0,2,2,gpt-oss,large,fireworks,MoE,multi_file
fireworks_ai_accounts_fireworks_models_gpt-oss-120b,gpt-oss-120b,fireworks_ai/accounts/fireworks/models/gpt-oss-120b,4,ast,0,Requests doesn't catch requests.packages.urllib3.exceptions.ProxyError,9968a10fcfad7268b552808c4f8946eecafc956a,231515,3363,0.036745,15,41.87,end_turn,182507,0.012107,0.036745,1.0,0.5,0.6667,False,False,1,2,2,gpt-oss,large,fireworks,MoE,multi_file
fireworks_ai_accounts_fireworks_models_gpt-oss-120b,gpt-oss-120b,fireworks_ai/accounts/fireworks/models/gpt-oss-120b,4,ast,1,Requests doesn't catch requests.packages.urllib3.exceptions.ProxyError,9968a10fcfad7268b552808c4f8946eecafc956a,259607,5664,0.042339,16,54.35,end_turn,244763,0.009296,0.042339,1.0,0.5,0.6667,False,False,1,2,2,gpt-oss,large,fireworks,MoE,multi_file
fireworks_ai_accounts_fireworks_models_gpt-oss-120b,gpt-oss-120b,fireworks_ai/accounts/fireworks/models/gpt-oss-120b,4,ast,2,Requests doesn't catch requests.packages.urllib3.exceptions.ProxyError,9968a10fcfad7268b552808c4f8946eecafc956a,154676,2681,0.02481,10,28.71,end_turn,134738,0.00662,0.02481,1.0,1.0,1.0,True,False,2,2,2,gpt-oss,large,fireworks,MoE,multi_file
fireworks_ai_accounts_fireworks_models_gpt-oss-120b,gpt-oss-120b,fireworks_ai/accounts/fireworks/models/gpt-oss-120b,4,ast,3,Requests doesn't catch requests.packages.urllib3.exceptions.ProxyError,9968a10fcfad7268b552808c4f8946eecafc956a,170020,3023,0.027317,10,34.05,end_turn,148826,0.007225,0.027317,1.0,0.5,0.6667,False,False,1,2,2,gpt-oss,large,fireworks,MoE,multi_file
fireworks_ai_accounts_fireworks_models_gpt-oss-120b,gpt-oss-120b,fireworks_ai/accounts/fireworks/models/gpt-oss-120b,4,ast,4,Requests doesn't catch requests.packages.urllib3.exceptions.ProxyError,9968a10fcfad7268b552808c4f8946eecafc956a,251041,5574,0.041001,16,68.59,end_turn,238405,0.008816,0.041001,1.0,0.5,0.6667,False,False,1,2,2,gpt-oss,large,fireworks,MoE,multi_file
fireworks_ai_accounts_fireworks_models_gpt-oss-120b,gpt-oss-120b,fireworks_ai/accounts/fireworks/models/gpt-oss-120b,4,none,0,Requests doesn't catch requests.packages.urllib3.exceptions.ProxyError,9968a10fcfad7268b552808c4f8946eecafc956a,13582,3161,0.003934,9,21.96,end_turn,9787,0.002613,0.003934,1.0,1.0,1.0,True,False,2,2,2,gpt-oss,large,fireworks,MoE,multi_file
fireworks_ai_accounts_fireworks_models_gpt-oss-120b,gpt-oss-120b,fireworks_ai/accounts/fireworks/models/gpt-oss-120b,4,none,1,Requests doesn't catch requests.packages.urllib3.exceptions.ProxyError,9968a10fcfad7268b552808c4f8946eecafc956a,26029,1859,0.00502,12,29.15,end_turn,18707,0.002494,0.00502,1.0,1.0,1.0,False,False,2,2,2,gpt-oss,large,fireworks,MoE,multi_file
fireworks_ai_accounts_fireworks_models_gpt-oss-120b,gpt-oss-120b,fireworks_ai/accounts/fireworks/models/gpt-oss-120b,4,none,2,Requests doesn't catch requests.packages.urllib3.exceptions.ProxyError,9968a10fcfad7268b552808c4f8946eecafc956a,55035,4345,0.010862,20,46.66,submitted,44382,0.004871,0.010862,1.0,0.5,0.6667,False,False,1,2,2,gpt-oss,large,fireworks,MoE,multi_file
fireworks_ai_accounts_fireworks_models_gpt-oss-120b,gpt-oss-120b,fireworks_ai/accounts/fireworks/models/gpt-oss-120b,4,none,3,Requests doesn't catch requests.packages.urllib3.exceptions.ProxyError,9968a10fcfad7268b552808c4f8946eecafc956a,36025,3298,0.007383,13,33.57,end_turn,22965,0.004282,0.007383,1.0,0.5,0.6667,False,False,1,2,2,gpt-oss,large,fireworks,MoE,multi_file
fireworks_ai_accounts_fireworks_models_gpt-oss-120b,gpt-oss-120b,fireworks_ai/accounts/fireworks/models/gpt-oss-120b,4,none,4,Requests doesn't catch requests.packages.urllib3.exceptions.ProxyError,9968a10fcfad7268b552808c4f8946eecafc956a,52165,3942,0.01019,14,38.54,end_turn,37000,0.005195,0.01019,1.0,1.0,1.0,False,False,2,2,2,gpt-oss,large,fireworks,MoE,multi_file
mistral_ministral-3b-latest,ministral-3b,mistral/ministral-3b-latest,0,ast_compact,0,AttributeError: 'NoneType' object has no attribute 'read',ccabcf1fca906bfa6b65a3189c1c41061e6c1042,132155,2514,0.0,13,28.1,submitted,99584,0.004504,0.013467,0.0,0.0,0.0,False,False,1,1,3,Ministral,small,mistral,dense,single_file
mistral_ministral-3b-latest,ministral-3b,mistral/ministral-3b-latest,0,ast_compact,1,AttributeError: 'NoneType' object has no attribute 'read',ccabcf1fca906bfa6b65a3189c1c41061e6c1042,196805,3111,0.0,17,35.26,submitted,145152,0.006928,0.019992,0.0,0.0,0.0,False,False,1,1,3,Ministral,small,mistral,dense,single_file
mistral_ministral-3b-latest,ministral-3b,mistral/ministral-3b-latest,0,ast_compact,2,AttributeError: 'NoneType' object has no attribute 'read',ccabcf1fca906bfa6b65a3189c1c41061e6c1042,210894,2612,0.0,16,25.48,submitted,148224,0.00801,0.021351,0.0,0.0,0.0,False,False,1,1,3,Ministral,small,mistral,dense,single_file
mistral_ministral-3b-latest,ministral-3b,mistral/ministral-3b-latest,0,ast_compact,3,AttributeError: 'NoneType' object has no attribute 'read',ccabcf1fca906bfa6b65a3189c1c41061e6c1042,94144,1639,0.0,9,18.14,end_turn,72000,0.003098,0.009578,0.0,0.0,0.0,False,False,1,1,3,Ministral,small,mistral,dense,single_file
mistral_ministral-3b-latest,ministral-3b,mistral/ministral-3b-latest,0,ast_compact,4,AttributeError: 'NoneType' object has no attribute 'read',ccabcf1fca906bfa6b65a3189c1c41061e6c1042,228304,1850,0.0,20,30.32,max_turns,179968,0.006818,0.023015,0.0,0.0,0.0,False,False,1,1,3,Ministral,small,mistral,dense,single_file
mistral_ministral-3b-latest,ministral-3b,mistral/ministral-3b-latest,0,ast,0,AttributeError: 'NoneType' object has no attribute 'read',ccabcf1fca906bfa6b65a3189c1c41061e6c1042,109234,2451,0.0,6,20.55,submitted,54528,0.006261,0.011169,1.0,1.0,1.0,False,False,1,1,3,Ministral,small,mistral,dense,single_file
mistral_ministral-3b-latest,ministral-3b,mistral/ministral-3b-latest,0,ast,1,AttributeError: 'NoneType' object has no attribute 'read',ccabcf1fca906bfa6b65a3189c1c41061e6c1042,107064,2445,0.0,4,34.06,submitted,41600,0.007207,0.010951,1.0,1.0,1.0,False,False,1,1,3,Ministral,small,mistral,dense,single_file
mistral_ministral-3b-latest,ministral-3b,mistral/ministral-3b-latest,0,ast,2,AttributeError: 'NoneType' object has no attribute 'read',ccabcf1fca906bfa6b65a3189c1c41061e6c1042,352478,3084,0.0,17,33.91,submitted,313472,0.007344,0.035556,0.0,0.0,0.0,False,True,0,1,3,Ministral,small,mistral,dense,single_file
mistral_ministral-3b-latest,ministral-3b,mistral/ministral-3b-latest,0,ast,3,AttributeError: 'NoneType' object has no attribute 'read',ccabcf1fca906bfa6b65a3189c1c41061e6c1042,88024,846,0.0,5,10.43,submitted,52672,0.004147,0.008887,1.0,1.0,1.0,False,False,1,1,3,Ministral,small,mistral,dense,single_file
mistral_ministral-3b-latest,ministral-3b,mistral/ministral-3b-latest,0,ast,4,AttributeError: 'NoneType' object has no attribute 'read',ccabcf1fca906bfa6b65a3189c1c41061e6c1042,93567,995,0.0,5,11.52,submitted,53440,0.004647,0.009456,1.0,1.0,1.0,False,False,1,1,3,Ministral,small,mistral,dense,single_file
mistral_ministral-3b-latest,ministral-3b,mistral/ministral-3b-latest,0,none,0,AttributeError: 'NoneType' object has no attribute 'read',ccabcf1fca906bfa6b65a3189c1c41061e6c1042,45131,455,0.0,20,15.93,max_turns,36352,0.001287,0.004559,0.0,0.0,0.0,False,True,0,1,3,Ministral,small,mistral,dense,single_file
mistral_ministral-3b-latest,ministral-3b,mistral/ministral-3b-latest,0,none,1,AttributeError: 'NoneType' object has no attribute 'read',ccabcf1fca906bfa6b65a3189c1c41061e6c1042,45790,336,0.0,20,13.09,max_turns,35712,0.001399,0.004613,0.0,0.0,0.0,False,True,0,1,3,Ministral,small,mistral,dense,single_file
mistral_ministral-3b-latest,ministral-3b,mistral/ministral-3b-latest,0,none,2,AttributeError: 'NoneType' object has no attribute 'read',ccabcf1fca906bfa6b65a3189c1c41061e6c1042,105121,983,0.0,20,27.22,max_turns,76224,0.00375,0.01061,0.0,0.0,0.0,False,True,0,1,3,Ministral,small,mistral,dense,single_file
mistral_ministral-3b-latest,ministral-3b,mistral/ministral-3b-latest,0,none,3,AttributeError: 'NoneType' object has no attribute 'read',ccabcf1fca906bfa6b65a3189c1c41061e6c1042,53229,477,0.0,20,15.85,max_turns,42048,0.001586,0.005371,0.0,0.0,0.0,False,True,0,1,3,Ministral,small,mistral,dense,single_file
mistral_ministral-3b-latest,ministral-3b,mistral/ministral-3b-latest,0,none,4,AttributeError: 'NoneType' object has no attribute 'read',ccabcf1fca906bfa6b65a3189c1c41061e6c1042,49365,637,0.0,20,15.24,max_turns,39424,0.001452,0.005,0.0,0.0,0.0,False,True,0,1,3,Ministral,small,mistral,dense,single_file
mistral_ministral-3b-latest,ministral-3b,mistral/ministral-3b-latest,12,ast_compact,0,Not possible to specify max_retries in v1.X?,be62645dd56580dd7576032b348cf79d880851d8,25512,1027,0.0,4,9.29,submitted,6208,0.002095,0.002654,1.0,0.3333,0.5,False,False,1,3,3,Ministral,small,mistral,dense,multi_file
mistral_ministral-3b-latest,ministral-3b,mistral/ministral-3b-latest,12,ast_compact,1,Not possible to specify max_retries in v1.X?,be62645dd56580dd7576032b348cf79d880851d8,74911,1845,0.0,10,17.11,submitted,59392,0.00233,0.007676,0.6667,0.6667,0.6667,False,False,3,3,3,Ministral,small,mistral,dense,multi_file
mistral_ministral-3b-latest,ministral-3b,mistral/ministral-3b-latest,12,ast_compact,2,Not possible to specify max_retries in v1.X?,be62645dd56580dd7576032b348cf79d880851d8,26399,771,0.0,4,8.11,submitted,19328,0.000977,0.002717,1.0,0.3333,0.5,False,False,1,3,3,Ministral,small,mistral,dense,multi_file
mistral_ministral-3b-latest,ministral-3b,mistral/ministral-3b-latest,12,ast_compact,3,Not possible to specify max_retries in v1.X?,be62645dd56580dd7576032b348cf79d880851d8,42551,1242,0.0,6,14.1,submitted,21504,0.002444,0.004379,1.0,0.6667,0.8,False,False,2,3,3,Ministral,small,mistral,dense,multi_file
mistral_ministral-3b-latest,ministral-3b,mistral/ministral-3b-latest,12,ast_compact,4,Not possible to specify max_retries in v1.X?,be62645dd56580dd7576032b348cf79d880851d8,38940,1150,0.0,6,11.22,submitted,19392,0.002264,0.004009,1.0,0.6667,0.8,False,False,2,3,3,Ministral,small,mistral,dense,multi_file
mistral_ministral-3b-latest,ministral-3b,mistral/ministral-3b-latest,12,ast,0,Not possible to specify max_retries in v1.X?,be62645dd56580dd7576032b348cf79d880851d8,232232,1223,0.0,14,19.72,submitted,176448,0.007465,0.023346,0.0,0.0,0.0,False,False,1,3,3,Ministral,small,mistral,dense,multi_file
mistral_ministral-3b-latest,ministral-3b,mistral/ministral-3b-latest,12,ast,1,Not possible to specify max_retries in v1.X?,be62645dd56580dd7576032b348cf79d880851d8,101590,879,0.0,7,8.92,submitted,55104,0.005288,0.010247,1.0,0.6667,0.8,False,False,2,3,3,Ministral,small,mistral,dense,multi_file
mistral_ministral-3b-latest,ministral-3b,mistral/ministral-3b-latest,12,ast,2,Not possible to specify max_retries in v1.X?,be62645dd56580dd7576032b348cf79d880851d8,332812,1080,0.0,20,22.86,max_turns,271104,0.00899,0.033389,1.0,0.3333,0.5,False,False,1,3,3,Ministral,small,mistral,dense,multi_file
mistral_ministral-3b-latest,ministral-3b,mistral/ministral-3b-latest,12,ast,3,Not possible to specify max_retries in v1.X?,be62645dd56580dd7576032b348cf79d880851d8,68944,968,0.0,5,12.33,submitted,26944,0.004566,0.006991,1.0,0.3333,0.5,False,False,1,3,3,Ministral,small,mistral,dense,multi_file
mistral_ministral-3b-latest,ministral-3b,mistral/ministral-3b-latest,12,ast,4,Not possible to specify max_retries in v1.X?,be62645dd56580dd7576032b348cf79d880851d8,230412,943,0.0,15,18.97,submitted,180608,0.006881,0.023135,1.0,0.3333,0.5,False,False,1,3,3,Ministral,small,mistral,dense,multi_file
mistral_ministral-3b-latest,ministral-3b,mistral/ministral-3b-latest,12,none,0,Not possible to specify max_retries in v1.X?,be62645dd56580dd7576032b348cf79d880851d8,18643,829,0.0,8,9.41,submitted,10048,0.001043,0.001947,1.0,0.3333,0.5,False,False,1,3,3,Ministral,small,mistral,dense,multi_file
mistral_ministral-3b-latest,ministral-3b,mistral/ministral-3b-latest,12,none,1,Not possible to specify max_retries in v1.X?,be62645dd56580dd7576032b348cf79d880851d8,6829,207,0.0,7,5.1,submitted,5824,0.000179,0.000704,0.0,0.0,0.0,False,True,0,3,3,Ministral,small,mistral,dense,multi_file
mistral_ministral-3b-latest,ministral-3b,mistral/ministral-3b-latest,12,none,2,Not possible to specify max_retries in v1.X?,be62645dd56580dd7576032b348cf79d880851d8,33505,1081,0.0,14,14.63,submitted,22016,0.001477,0.003459,1.0,0.3333,0.5,False,False,1,3,3,Ministral,small,mistral,dense,multi_file
mistral_ministral-3b-latest,ministral-3b,mistral/ministral-3b-latest,12,none,3,Not possible to specify max_retries in v1.X?,be62645dd56580dd7576032b348cf79d880851d8,47946,884,0.0,12,11.43,submitted,30848,0.002107,0.004883,1.0,0.3333,0.5,False,False,1,3,3,Ministral,small,mistral,dense,multi_file
mistral_ministral-3b-latest,ministral-3b,mistral/ministral-3b-latest,12,none,4,Not possible to specify max_retries in v1.X?,be62645dd56580dd7576032b348cf79d880851d8,25645,812,0.0,8,8.46,submitted,14272,0.001361,0.002646,1.0,0.6667,0.8,False,False,2,3,3,Ministral,small,mistral,dense,multi_file
mistral_ministral-3b-latest,ministral-3b,mistral/ministral-3b-latest,14,ast_compact,0,Authentication Handlers lost on redirect.,4683f169909857d663275346655975af7190fd62,66430,1364,0.0,6,11.86,submitted,52736,0.002033,0.006779,0.0,0.0,0.0,False,False,1,1,3,Ministral,small,mistral,dense,single_file
mistral_ministral-3b-latest,ministral-3b,mistral/ministral-3b-latest,14,ast_compact,1,Authentication Handlers lost on redirect.,4683f169909857d663275346655975af7190fd62,40790,954,0.0,5,11.4,submitted,21824,0.00221,0.004174,0.0,0.0,0.0,False,False,1,1,3,Ministral,small,mistral,dense,single_file
mistral_ministral-3b-latest,ministral-3b,mistral/ministral-3b-latest,14,ast_compact,2,Authentication Handlers lost on redirect.,4683f169909857d663275346655975af7190fd62,88196,1731,0.0,11,17.64,submitted,63872,0.003244,0.008993,0.0,0.0,0.0,False,False,1,1,3,Ministral,small,mistral,dense,single_file
mistral_ministral-3b-latest,ministral-3b,mistral/ministral-3b-latest,14,ast_compact,3,Authentication Handlers lost on redirect.,4683f169909857d663275346655975af7190fd62,32595,863,0.0,4,11.21,submitted,14528,0.002038,0.003346,0.0,0.0,0.0,False,False,1,1,3,Ministral,small,mistral,dense,single_file
mistral_ministral-3b-latest,ministral-3b,mistral/ministral-3b-latest,14,ast_compact,4,Authentication Handlers lost on redirect.,4683f169909857d663275346655975af7190fd62,89637,1576,0.0,10,17.29,submitted,68608,0.002947,0.009121,0.0,0.0,0.0,False,False,1,1,3,Ministral,small,mistral,dense,single_file
mistral_ministral-3b-latest,ministral-3b,mistral/ministral-3b-latest,14,ast,0,Authentication Handlers lost on redirect.,4683f169909857d663275346655975af7190fd62,110569,1332,0.0,6,14.03,submitted,56896,0.006069,0.01119,0.0,0.0,0.0,False,False,1,1,3,Ministral,small,mistral,dense,single_file
mistral_ministral-3b-latest,ministral-3b,mistral/ministral-3b-latest,14,ast,1,Authentication Handlers lost on redirect.,4683f169909857d663275346655975af7190fd62,195197,1427,0.0,11,19.75,submitted,138432,0.007204,0.019662,0.0,0.0,0.0,False,False,1,1,3,Ministral,small,mistral,dense,single_file
mistral_ministral-3b-latest,ministral-3b,mistral/ministral-3b-latest,14,ast,2,Authentication Handlers lost on redirect.,4683f169909857d663275346655975af7190fd62,97585,1377,0.0,5,12.15,submitted,54784,0.004966,0.009896,0.0,0.0,0.0,False,False,1,1,3,Ministral,small,mistral,dense,single_file
mistral_ministral-3b-latest,ministral-3b,mistral/ministral-3b-latest,14,ast,3,Authentication Handlers lost on redirect.,4683f169909857d663275346655975af7190fd62,165557,1174,0.0,9,14.56,submitted,110272,0.006749,0.016673,0.0,0.0,0.0,False,False,1,1,3,Ministral,small,mistral,dense,single_file
mistral_ministral-3b-latest,ministral-3b,mistral/ministral-3b-latest,14,ast,4,Authentication Handlers lost on redirect.,4683f169909857d663275346655975af7190fd62,149201,1406,0.0,8,15.26,submitted,70976,0.008673,0.015061,0.0,0.0,0.0,False,False,1,1,3,Ministral,small,mistral,dense,single_file
mistral_ministral-3b-latest,ministral-3b,mistral/ministral-3b-latest,14,none,0,Authentication Handlers lost on redirect.,4683f169909857d663275346655975af7190fd62,36648,1821,0.0,9,15.62,submitted,19968,0.00205,0.003847,0.0,0.0,0.0,False,False,1,1,3,Ministral,small,mistral,dense,single_file
mistral_ministral-3b-latest,ministral-3b,mistral/ministral-3b-latest,14,none,1,Authentication Handlers lost on redirect.,4683f169909857d663275346655975af7190fd62,39796,3587,0.0,17,34.68,end_turn,28416,0.001781,0.004338,0.0,0.0,0.0,False,False,2,1,3,Ministral,small,mistral,dense,single_file
mistral_ministral-3b-latest,ministral-3b,mistral/ministral-3b-latest,14,none,2,Authentication Handlers lost on redirect.,4683f169909857d663275346655975af7190fd62,28074,1806,0.0,16,37.41,end_turn,23296,0.000891,0.002988,0.0,0.0,0.0,False,False,3,1,3,Ministral,small,mistral,dense,single_file
mistral_ministral-3b-latest,ministral-3b,mistral/ministral-3b-latest,14,none,3,Authentication Handlers lost on redirect.,4683f169909857d663275346655975af7190fd62,112569,2004,0.0,19,25.02,submitted,91456,0.003226,0.011457,1.0,1.0,1.0,False,False,1,1,3,Ministral,small,mistral,dense,single_file
mistral_ministral-3b-latest,ministral-3b,mistral/ministral-3b-latest,14,none,4,Authentication Handlers lost on redirect.,4683f169909857d663275346655975af7190fd62,30463,2014,0.0,9,19.77,submitted,19776,0.001468,0.003248,0.0,0.0,0.0,False,False,1,1,3,Ministral,small,mistral,dense,single_file
mistral_ministral-3b-latest,ministral-3b,mistral/ministral-3b-latest,15,ast_compact,0,Add header name to InvalidHeader exception message,1c2022cf868cb503815f34901ad8e85cf524d01a,23629,473,0.0,3,4.79,submitted,8512,0.001644,0.00241,0.0,0.0,0.0,False,False,1,1,3,Ministral,small,mistral,dense,single_file
mistral_ministral-3b-latest,ministral-3b,mistral/ministral-3b-latest,15,ast_compact,1,Add header name to InvalidHeader exception message,1c2022cf868cb503815f34901ad8e85cf524d01a,62886,695,0.0,8,9.52,submitted,38784,0.002868,0.006358,1.0,1.0,1.0,False,False,1,1,3,Ministral,small,mistral,dense,single_file
mistral_ministral-3b-latest,ministral-3b,mistral/ministral-3b-latest,15,ast_compact,2,Add header name to InvalidHeader exception message,1c2022cf868cb503815f34901ad8e85cf524d01a,48043,860,0.0,6,8.67,submitted,24192,0.002713,0.00489,0.0,0.0,0.0,False,False,1,1,3,Ministral,small,mistral,dense,single_file
mistral_ministral-3b-latest,ministral-3b,mistral/ministral-3b-latest,15,ast_compact,3,Add header name to InvalidHeader exception message,1c2022cf868cb503815f34901ad8e85cf524d01a,32209,591,0.0,4,5.54,submitted,28480,0.000717,0.00328,1.0,1.0,1.0,False,False,1,1,3,Ministral,small,mistral,dense,single_file
mistral_ministral-3b-latest,ministral-3b,mistral/ministral-3b-latest,15,ast_compact,4,Add header name to InvalidHeader exception message,1c2022cf868cb503815f34901ad8e85cf524d01a,38624,537,0.0,5,5.86,submitted,22528,0.001889,0.003916,0.0,0.0,0.0,False,False,1,1,3,Ministral,small,mistral,dense,single_file
mistral_ministral-3b-latest,ministral-3b,mistral/ministral-3b-latest,15,ast,0,Add header name to InvalidHeader exception message,1c2022cf868cb503815f34901ad8e85cf524d01a,138288,368,0.0,8,9.15,submitted,86016,0.006124,0.013866,1.0,1.0,1.0,False,False,1,1,3,Ministral,small,mistral,dense,single_file
mistral_ministral-3b-latest,ministral-3b,mistral/ministral-3b-latest,15,ast,1,Add header name to InvalidHeader exception message,1c2022cf868cb503815f34901ad8e85cf524d01a,102702,354,0.0,6,7.21,submitted,51648,0.005657,0.010306,0.0,0.0,0.0,False,False,1,1,3,Ministral,small,mistral,dense,single_file
mistral_ministral-3b-latest,ministral-3b,mistral/ministral-3b-latest,15,ast,2,Add header name to InvalidHeader exception message,1c2022cf868cb503815f34901ad8e85cf524d01a,85529,257,0.0,5,5.29,submitted,50816,0.004005,0.008579,1.0,1.0,1.0,False,False,1,1,3,Ministral,small,mistral,dense,single_file
mistral_ministral-3b-latest,ministral-3b,mistral/ministral-3b-latest,15,ast,3,Add header name to InvalidHeader exception message,1c2022cf868cb503815f34901ad8e85cf524d01a,67854,91,0.0,4,4.5,submitted,34240,0.003713,0.006795,1.0,1.0,1.0,False,False,1,1,3,Ministral,small,mistral,dense,single_file
mistral_ministral-3b-latest,ministral-3b,mistral/ministral-3b-latest,15,ast,4,Add header name to InvalidHeader exception message,1c2022cf868cb503815f34901ad8e85cf524d01a,103643,282,0.0,6,5.58,submitted,68992,0.004183,0.010393,1.0,1.0,1.0,False,False,1,1,3,Ministral,small,mistral,dense,single_file
mistral_ministral-3b-latest,ministral-3b,mistral/ministral-3b-latest,15,none,0,Add header name to InvalidHeader exception message,1c2022cf868cb503815f34901ad8e85cf524d01a,9907,453,0.0,6,5.56,submitted,3904,0.000685,0.001036,1.0,1.0,1.0,False,False,1,1,3,Ministral,small,mistral,dense,single_file
mistral_ministral-3b-latest,ministral-3b,mistral/ministral-3b-latest,15,none,1,Add header name to InvalidHeader exception message,1c2022cf868cb503815f34901ad8e85cf524d01a,12983,537,0.0,7,26.96,submitted,7232,0.000701,0.001352,1.0,1.0,1.0,False,False,1,1,3,Ministral,small,mistral,dense,single_file
mistral_ministral-3b-latest,ministral-3b,mistral/ministral-3b-latest,15,none,2,Add header name to InvalidHeader exception message,1c2022cf868cb503815f34901ad8e85cf524d01a,16064,724,0.0,8,7.92,submitted,8192,0.000942,0.001679,1.0,1.0,1.0,False,False,1,1,3,Ministral,small,mistral,dense,single_file
mistral_ministral-3b-latest,ministral-3b,mistral/ministral-3b-latest,15,none,3,Add header name to InvalidHeader exception message,1c2022cf868cb503815f34901ad8e85cf524d01a,13119,545,0.0,7,6.69,submitted,8064,0.000641,0.001366,1.0,1.0,1.0,False,False,1,1,3,Ministral,small,mistral,dense,single_file
mistral_ministral-3b-latest,ministral-3b,mistral/ministral-3b-latest,15,none,4,Add header name to InvalidHeader exception message,1c2022cf868cb503815f34901ad8e85cf524d01a,10044,508,0.0,6,4.82,submitted,5504,0.00056,0.001055,1.0,1.0,1.0,False,False,1,1,3,Ministral,small,mistral,dense,single_file
mistral_ministral-3b-latest,ministral-3b,mistral/ministral-3b-latest,4,ast_compact,0,Requests doesn't catch requests.packages.urllib3.exceptions.ProxyError,9968a10fcfad7268b552808c4f8946eecafc956a,48198,1160,0.0,7,29.88,submitted,33856,0.001889,0.004936,1.0,1.0,1.0,False,False,2,2,3,Ministral,small,mistral,dense,multi_file
mistral_ministral-3b-latest,ministral-3b,mistral/ministral-3b-latest,4,ast_compact,1,Requests doesn't catch requests.packages.urllib3.exceptions.ProxyError,9968a10fcfad7268b552808c4f8946eecafc956a,32503,1029,0.0,5,23.92,submitted,18880,0.001654,0.003353,1.0,0.5,0.6667,False,False,1,2,3,Ministral,small,mistral,dense,multi_file
mistral_ministral-3b-latest,ministral-3b,mistral/ministral-3b-latest,4,ast_compact,2,Requests doesn't catch requests.packages.urllib3.exceptions.ProxyError,9968a10fcfad7268b552808c4f8946eecafc956a,33153,927,0.0,5,9.15,submitted,13760,0.00217,0.003408,1.0,0.5,0.6667,False,False,1,2,3,Ministral,small,mistral,dense,multi_file
mistral_ministral-3b-latest,ministral-3b,mistral/ministral-3b-latest,4,ast_compact,3,Requests doesn't catch requests.packages.urllib3.exceptions.ProxyError,9968a10fcfad7268b552808c4f8946eecafc956a,91149,1462,0.0,12,19.8,submitted,66560,0.003271,0.009261,1.0,0.5,0.6667,False,False,1,2,3,Ministral,small,mistral,dense,multi_file
mistral_ministral-3b-latest,ministral-3b,mistral/ministral-3b-latest,4,ast_compact,4,Requests doesn't catch requests.packages.urllib3.exceptions.ProxyError,9968a10fcfad7268b552808c4f8946eecafc956a,37264,1155,0.0,5,10.35,submitted,13376,0.002638,0.003842,1.0,0.5,0.6667,False,False,1,2,3,Ministral,small,mistral,dense,multi_file
mistral_ministral-3b-latest,ministral-3b,mistral/ministral-3b-latest,4,ast,0,Requests doesn't catch requests.packages.urllib3.exceptions.ProxyError,9968a10fcfad7268b552808c4f8946eecafc956a,87256,1164,0.0,6,13.19,submitted,43904,0.004891,0.008842,1.0,0.5,0.6667,False,False,1,2,3,Ministral,small,mistral,dense,multi_file
mistral_ministral-3b-latest,ministral-3b,mistral/ministral-3b-latest,4,ast,1,Requests doesn't catch requests.packages.urllib3.exceptions.ProxyError,9968a10fcfad7268b552808c4f8946eecafc956a,86961,832,0.0,6,15.22,submitted,57344,0.003618,0.008779,1.0,0.5,0.6667,False,False,1,2,3,Ministral,small,mistral,dense,multi_file
mistral_ministral-3b-latest,ministral-3b,mistral/ministral-3b-latest,4,ast,2,Requests doesn't catch requests.packages.urllib3.exceptions.ProxyError,9968a10fcfad7268b552808c4f8946eecafc956a,114380,835,0.0,8,12.46,submitted,72064,0.005036,0.011522,1.0,0.5,0.6667,False,False,1,2,3,Ministral,small,mistral,dense,multi_file
mistral_ministral-3b-latest,ministral-3b,mistral/ministral-3b-latest,4,ast,3,Requests doesn't catch requests.packages.urllib3.exceptions.ProxyError,9968a10fcfad7268b552808c4f8946eecafc956a,163558,1184,0.0,11,17.14,submitted,117888,0.005864,0.016474,1.0,0.5,0.6667,False,False,1,2,3,Ministral,small,mistral,dense,multi_file
mistral_ministral-3b-latest,ministral-3b,mistral/ministral-3b-latest,4,ast,4,Requests doesn't catch requests.packages.urllib3.exceptions.ProxyError,9968a10fcfad7268b552808c4f8946eecafc956a,79505,934,0.0,5,9.7,submitted,68416,0.001886,0.008044,1.0,0.5,0.6667,False,False,1,2,3,Ministral,small,mistral,dense,multi_file
mistral_ministral-3b-latest,ministral-3b,mistral/ministral-3b-latest,4,none,0,Requests doesn't catch requests.packages.urllib3.exceptions.ProxyError,9968a10fcfad7268b552808c4f8946eecafc956a,21343,885,0.0,7,11.45,submitted,7104,0.001583,0.002223,1.0,0.5,0.6667,False,False,1,2,3,Ministral,small,mistral,dense,multi_file
mistral_ministral-3b-latest,ministral-3b,mistral/ministral-3b-latest,4,none,1,Requests doesn't catch requests.packages.urllib3.exceptions.ProxyError,9968a10fcfad7268b552808c4f8946eecafc956a,29251,1028,0.0,9,15.41,submitted,13312,0.00183,0.003028,1.0,0.5,0.6667,False,False,1,2,3,Ministral,small,mistral,dense,multi_file
mistral_ministral-3b-latest,ministral-3b,mistral/ministral-3b-latest,4,none,2,Requests doesn't catch requests.packages.urllib3.exceptions.ProxyError,9968a10fcfad7268b552808c4f8946eecafc956a,104411,2100,0.0,19,22.5,submitted,75520,0.003854,0.010651,1.0,0.5,0.6667,False,False,1,2,3,Ministral,small,mistral,dense,multi_file
mistral_ministral-3b-latest,ministral-3b,mistral/ministral-3b-latest,4,none,3,Requests doesn't catch requests.packages.urllib3.exceptions.ProxyError,9968a10fcfad7268b552808c4f8946eecafc956a,16575,1195,0.0,7,10.26,submitted,8704,0.000994,0.001777,1.0,0.5,0.6667,False,False,1,2,3,Ministral,small,mistral,dense,multi_file
mistral_ministral-3b-latest,ministral-3b,mistral/ministral-3b-latest,4,none,4,Requests doesn't catch requests.packages.urllib3.exceptions.ProxyError,9968a10fcfad7268b552808c4f8946eecafc956a,30006,1584,0.0,10,16.53,submitted,18432,0.0015,0.003159,1.0,0.5,0.6667,False,False,1,2,3,Ministral,small,mistral,dense,multi_file
mistral_ministral-14b-latest,ministral-14b,mistral/ministral-14b-latest,0,ast_compact,0,AttributeError: 'NoneType' object has no attribute 'read',ccabcf1fca906bfa6b65a3189c1c41061e6c1042,77501,1749,0.0,8,23.02,submitted,19072,0.012417,0.01585,0.0,0.0,0.0,False,False,1,1,3,Ministral,large,mistral,dense,single_file
mistral_ministral-14b-latest,ministral-14b,mistral/ministral-14b-latest,0,ast_compact,1,AttributeError: 'NoneType' object has no attribute 'read',ccabcf1fca906bfa6b65a3189c1c41061e6c1042,53036,1468,0.0,5,33.52,submitted,8960,0.009288,0.010901,1.0,1.0,1.0,False,False,1,1,3,Ministral,large,mistral,dense,single_file
mistral_ministral-14b-latest,ministral-14b,mistral/ministral-14b-latest,0,ast_compact,2,AttributeError: 'NoneType' object has no attribute 'read',ccabcf1fca906bfa6b65a3189c1c41061e6c1042,184983,2978,0.0,16,48.58,submitted,53376,0.027985,0.037592,0.0,0.0,0.0,False,False,1,1,3,Ministral,large,mistral,dense,single_file
mistral_ministral-14b-latest,ministral-14b,mistral/ministral-14b-latest,0,ast_compact,3,AttributeError: 'NoneType' object has no attribute 'read',ccabcf1fca906bfa6b65a3189c1c41061e6c1042,116280,1966,0.0,10,33.78,submitted,54400,0.013857,0.023649,0.0,0.0,0.0,False,False,1,1,3,Ministral,large,mistral,dense,single_file
mistral_ministral-14b-latest,ministral-14b,mistral/ministral-14b-latest,0,ast_compact,4,AttributeError: 'NoneType' object has no attribute 'read',ccabcf1fca906bfa6b65a3189c1c41061e6c1042,145385,1847,0.0,9,31.38,submitted,66752,0.017431,0.029446,1.0,1.0,1.0,False,False,1,1,3,Ministral,large,mistral,dense,single_file
mistral_ministral-14b-latest,ministral-14b,mistral/ministral-14b-latest,0,ast,0,AttributeError: 'NoneType' object has no attribute 'read',ccabcf1fca906bfa6b65a3189c1c41061e6c1042,190205,1908,0.0,7,31.53,submitted,73088,0.025267,0.038423,1.0,1.0,1.0,False,False,1,1,3,Ministral,large,mistral,dense,single_file
mistral_ministral-14b-latest,ministral-14b,mistral/ministral-14b-latest,0,ast,1,AttributeError: 'NoneType' object has no attribute 'read',ccabcf1fca906bfa6b65a3189c1c41061e6c1042,343867,2074,0.0,18,38.23,submitted,163968,0.039674,0.069188,1.0,1.0,1.0,False,False,1,1,3,Ministral,large,mistral,dense,single_file
mistral_ministral-14b-latest,ministral-14b,mistral/ministral-14b-latest,0,ast,2,AttributeError: 'NoneType' object has no attribute 'read',ccabcf1fca906bfa6b65a3189c1c41061e6c1042,90942,969,0.0,4,15.01,submitted,960,0.018209,0.018382,1.0,1.0,1.0,False,False,1,1,3,Ministral,large,mistral,dense,single_file
mistral_ministral-14b-latest,ministral-14b,mistral/ministral-14b-latest,0,ast,3,AttributeError: 'NoneType' object has no attribute 'read',ccabcf1fca906bfa6b65a3189c1c41061e6c1042,162255,1915,0.0,6,28.56,submitted,47168,0.024344,0.032834,1.0,1.0,1.0,False,False,1,1,3,Ministral,large,mistral,dense,single_file
mistral_ministral-14b-latest,ministral-14b,mistral/ministral-14b-latest,0,ast,4,AttributeError: 'NoneType' object has no attribute 'read',ccabcf1fca906bfa6b65a3189c1c41061e6c1042,181976,1570,0.0,10,23.42,submitted,137152,0.012022,0.036709,1.0,1.0,1.0,False,False,1,1,3,Ministral,large,mistral,dense,single_file
mistral_ministral-14b-latest,ministral-14b,mistral/ministral-14b-latest,0,none,0,AttributeError: 'NoneType' object has no attribute 'read',ccabcf1fca906bfa6b65a3189c1c41061e6c1042,60958,1552,0.0,20,32.71,max_turns,36480,0.005936,0.012502,0.0,0.0,0.0,False,True,0,1,3,Ministral,large,mistral,dense,single_file
mistral_ministral-14b-latest,ministral-14b,mistral/ministral-14b-latest,0,none,1,AttributeError: 'NoneType' object has no attribute 'read',ccabcf1fca906bfa6b65a3189c1c41061e6c1042,117901,2054,0.0,17,40.06,submitted,43712,0.016123,0.023991,0.0,0.0,0.0,False,False,1,1,3,Ministral,large,mistral,dense,single_file
mistral_ministral-14b-latest,ministral-14b,mistral/ministral-14b-latest,0,none,2,AttributeError: 'NoneType' object has no attribute 'read',ccabcf1fca906bfa6b65a3189c1c41061e6c1042,120011,2301,0.0,19,37.98,submitted,49408,0.015569,0.024462,0.0,0.0,0.0,False,True,0,1,3,Ministral,large,mistral,dense,single_file
mistral_ministral-14b-latest,ministral-14b,mistral/ministral-14b-latest,0,none,3,AttributeError: 'NoneType' object has no attribute 'read',ccabcf1fca906bfa6b65a3189c1c41061e6c1042,168427,1533,0.0,20,34.29,max_turns,89600,0.017864,0.033992,0.0,0.0,0.0,False,True,0,1,3,Ministral,large,mistral,dense,single_file
mistral_ministral-14b-latest,ministral-14b,mistral/ministral-14b-latest,0,none,4,AttributeError: 'NoneType' object has no attribute 'read',ccabcf1fca906bfa6b65a3189c1c41061e6c1042,53078,1021,0.0,20,21.24,max_turns,39040,0.003793,0.01082,0.0,0.0,0.0,False,False,1,1,3,Ministral,large,mistral,dense,single_file
mistral_ministral-14b-latest,ministral-14b,mistral/ministral-14b-latest,12,ast_compact,0,Not possible to specify max_retries in v1.X?,be62645dd56580dd7576032b348cf79d880851d8,49264,676,0.0,7,11.75,submitted,6720,0.008778,0.009988,1.0,0.6667,0.8,False,False,2,3,3,Ministral,large,mistral,dense,multi_file
mistral_ministral-14b-latest,ministral-14b,mistral/ministral-14b-latest,12,ast_compact,1,Not possible to specify max_retries in v1.X?,be62645dd56580dd7576032b348cf79d880851d8,49103,1247,0.0,7,24.25,submitted,32640,0.004195,0.01007,1.0,0.6667,0.8,False,False,2,3,3,Ministral,large,mistral,dense,multi_file
mistral_ministral-14b-latest,ministral-14b,mistral/ministral-14b-latest,12,ast_compact,2,Not possible to specify max_retries in v1.X?,be62645dd56580dd7576032b348cf79d880851d8,233631,2214,0.0,19,40.55,submitted,93056,0.030419,0.047169,1.0,0.6667,0.8,False,False,2,3,3,Ministral,large,mistral,dense,multi_file
mistral_ministral-14b-latest,ministral-14b,mistral/ministral-14b-latest,12,ast_compact,3,Not possible to specify max_retries in v1.X?,be62645dd56580dd7576032b348cf79d880851d8,73215,1245,0.0,9,20.32,submitted,20288,0.01124,0.014892,1.0,0.6667,0.8,False,False,2,3,3,Ministral,large,mistral,dense,multi_file
mistral_ministral-14b-latest,ministral-14b,mistral/ministral-14b-latest,12,ast_compact,4,Not possible to specify max_retries in v1.X?,be62645dd56580dd7576032b348cf79d880851d8,106227,2030,0.0,15,38.01,submitted,55744,0.011617,0.021651,1.0,0.6667,0.8,False,False,2,3,3,Ministral,large,mistral,dense,multi_file
mistral_ministral-14b-latest,ministral-14b,mistral/ministral-14b-latest,12,ast,0,Not possible to specify max_retries in v1.X?,be62645dd56580dd7576032b348cf79d880851d8,336192,2936,0.0,20,54.41,submitted,213632,0.029372,0.067826,1.0,0.6667,0.8,False,False,2,3,3,Ministral,large,mistral,dense,multi_file
mistral_ministral-14b-latest,ministral-14b,mistral/ministral-14b-latest,12,ast,1,Not possible to specify max_retries in v1.X?,be62645dd56580dd7576032b348cf79d880851d8,154498,1260,0.0,11,24.76,submitted,28480,0.026025,0.031152,1.0,0.6667,0.8,False,False,2,3,3,Ministral,large,mistral,dense,multi_file
mistral_ministral-14b-latest,ministral-14b,mistral/ministral-14b-latest,12,ast,2,Not possible to specify max_retries in v1.X?,be62645dd56580dd7576032b348cf79d880851d8,207641,1523,0.0,14,29.1,submitted,71616,0.028942,0.041833,1.0,0.6667,0.8,False,False,2,3,3,Ministral,large,mistral,dense,multi_file
mistral_ministral-14b-latest,ministral-14b,mistral/ministral-14b-latest,12,ast,3,Not possible to specify max_retries in v1.X?,be62645dd56580dd7576032b348cf79d880851d8,153128,1274,0.0,9,25.89,submitted,70400,0.018208,0.03088,1.0,0.6667,0.8,False,False,2,3,3,Ministral,large,mistral,dense,multi_file
mistral_ministral-14b-latest,ministral-14b,mistral/ministral-14b-latest,12,ast,4,Not possible to specify max_retries in v1.X?,be62645dd56580dd7576032b348cf79d880851d8,110736,1079,0.0,8,18.04,submitted,54336,0.012583,0.022363,1.0,0.6667,0.8,False,False,2,3,3,Ministral,large,mistral,dense,multi_file
mistral_ministral-14b-latest,ministral-14b,mistral/ministral-14b-latest,12,none,0,Not possible to specify max_retries in v1.X?,be62645dd56580dd7576032b348cf79d880851d8,48402,936,0.0,11,16.33,submitted,8640,0.008312,0.009868,1.0,0.6667,0.8,False,False,2,3,3,Ministral,large,mistral,dense,multi_file
mistral_ministral-14b-latest,ministral-14b,mistral/ministral-14b-latest,12,none,1,Not possible to specify max_retries in v1.X?,be62645dd56580dd7576032b348cf79d880851d8,22409,909,0.0,7,15.66,submitted,12416,0.002429,0.004664,1.0,0.3333,0.5,False,False,1,3,3,Ministral,large,mistral,dense,multi_file
mistral_ministral-14b-latest,ministral-14b,mistral/ministral-14b-latest,12,none,2,Not possible to specify max_retries in v1.X?,be62645dd56580dd7576032b348cf79d880851d8,115699,2272,0.0,20,37.95,submitted,56192,0.01348,0.023594,1.0,0.3333,0.5,False,False,1,3,3,Ministral,large,mistral,dense,multi_file
mistral_ministral-14b-latest,ministral-14b,mistral/ministral-14b-latest,12,none,3,Not possible to specify max_retries in v1.X?,be62645dd56580dd7576032b348cf79d880851d8,140657,1042,0.0,20,23.0,max_turns,62016,0.017177,0.02834,1.0,0.6667,0.8,False,False,2,3,3,Ministral,large,mistral,dense,multi_file
mistral_ministral-14b-latest,ministral-14b,mistral/ministral-14b-latest,12,none,4,Not possible to specify max_retries in v1.X?,be62645dd56580dd7576032b348cf79d880851d8,77408,1015,0.0,17,21.32,submitted,38592,0.008738,0.015685,1.0,0.6667,0.8,False,False,2,3,3,Ministral,large,mistral,dense,multi_file
mistral_ministral-14b-latest,ministral-14b,mistral/ministral-14b-latest,14,ast_compact,0,Authentication Handlers lost on redirect.,4683f169909857d663275346655975af7190fd62,55614,1769,0.0,7,20.92,submitted,28032,0.006431,0.011477,0.0,0.0,0.0,False,False,1,1,3,Ministral,large,mistral,dense,single_file
mistral_ministral-14b-latest,ministral-14b,mistral/ministral-14b-latest,14,ast_compact,1,Authentication Handlers lost on redirect.,4683f169909857d663275346655975af7190fd62,65459,1155,0.0,8,18.44,submitted,37760,0.006526,0.013323,0.0,0.0,0.0,False,False,1,1,3,Ministral,large,mistral,dense,single_file
mistral_ministral-14b-latest,ministral-14b,mistral/ministral-14b-latest,14,ast_compact,2,Authentication Handlers lost on redirect.,4683f169909857d663275346655975af7190fd62,101914,1820,0.0,12,26.61,submitted,40576,0.013443,0.020747,0.5,1.0,0.6667,False,False,2,1,3,Ministral,large,mistral,dense,single_file
mistral_ministral-14b-latest,ministral-14b,mistral/ministral-14b-latest,14,ast_compact,3,Authentication Handlers lost on redirect.,4683f169909857d663275346655975af7190fd62,67523,1965,0.0,8,26.48,submitted,8256,0.012412,0.013898,0.0,0.0,0.0,False,False,1,1,3,Ministral,large,mistral,dense,single_file
mistral_ministral-14b-latest,ministral-14b,mistral/ministral-14b-latest,14,ast_compact,4,Authentication Handlers lost on redirect.,4683f169909857d663275346655975af7190fd62,68616,1648,0.0,5,19.93,submitted,13888,0.011553,0.014053,0.0,0.0,0.0,False,False,1,1,3,Ministral,large,mistral,dense,single_file
mistral_ministral-14b-latest,ministral-14b,mistral/ministral-14b-latest,14,ast,0,Authentication Handlers lost on redirect.,4683f169909857d663275346655975af7190fd62,106045,1008,0.0,5,14.88,submitted,64192,0.009856,0.021411,0.0,0.0,0.0,False,False,1,1,3,Ministral,large,mistral,dense,single_file
mistral_ministral-14b-latest,ministral-14b,mistral/ministral-14b-latest,14,ast,1,Authentication Handlers lost on redirect.,4683f169909857d663275346655975af7190fd62,537995,2054,0.0,20,49.37,max_turns,155008,0.080108,0.10801,0.0,0.0,0.0,False,False,1,1,3,Ministral,large,mistral,dense,single_file
mistral_ministral-14b-latest,ministral-14b,mistral/ministral-14b-latest,14,ast,2,Authentication Handlers lost on redirect.,4683f169909857d663275346655975af7190fd62,88196,1129,0.0,4,21.15,submitted,25664,0.013245,0.017865,0.0,0.0,0.0,False,False,1,1,3,Ministral,large,mistral,dense,single_file
mistral_ministral-14b-latest,ministral-14b,mistral/ministral-14b-latest,14,ast,3,Authentication Handlers lost on redirect.,4683f169909857d663275346655975af7190fd62,125858,1550,0.0,7,24.97,submitted,18816,0.022095,0.025482,0.0,0.0,0.0,False,False,1,1,3,Ministral,large,mistral,dense,single_file
mistral_ministral-14b-latest,ministral-14b,mistral/ministral-14b-latest,14,ast,4,Authentication Handlers lost on redirect.,4683f169909857d663275346655975af7190fd62,101268,1533,0.0,6,26.94,submitted,1408,0.020307,0.02056,1.0,1.0,1.0,False,False,1,1,3,Ministral,large,mistral,dense,single_file
mistral_ministral-14b-latest,ministral-14b,mistral/ministral-14b-latest,14,none,0,Authentication Handlers lost on redirect.,4683f169909857d663275346655975af7190fd62,27154,1354,0.0,6,18.07,submitted,3200,0.005126,0.005702,0.0,0.0,0.0,False,False,1,1,3,Ministral,large,mistral,dense,single_file
mistral_ministral-14b-latest,ministral-14b,mistral/ministral-14b-latest,14,none,1,Authentication Handlers lost on redirect.,4683f169909857d663275346655975af7190fd62,88495,1762,0.0,20,27.44,submitted,27648,0.013075,0.018051,0.0,0.0,0.0,False,False,1,1,3,Ministral,large,mistral,dense,single_file
mistral_ministral-14b-latest,ministral-14b,mistral/ministral-14b-latest,14,none,2,Authentication Handlers lost on redirect.,4683f169909857d663275346655975af7190fd62,109937,2244,0.0,20,43.2,max_turns,69952,0.009845,0.022436,0.5,1.0,0.6667,False,False,2,1,3,Ministral,large,mistral,dense,single_file
mistral_ministral-14b-latest,ministral-14b,mistral/ministral-14b-latest,14,none,3,Authentication Handlers lost on redirect.,4683f169909857d663275346655975af7190fd62,17620,1054,0.0,6,13.32,submitted,5056,0.002825,0.003735,0.0,0.0,0.0,False,False,1,1,3,Ministral,large,mistral,dense,single_file
mistral_ministral-14b-latest,ministral-14b,mistral/ministral-14b-latest,14,none,4,Authentication Handlers lost on redirect.,4683f169909857d663275346655975af7190fd62,60311,2050,0.0,14,27.13,submitted,12096,0.010295,0.012472,0.0,0.0,0.0,False,False,1,1,3,Ministral,large,mistral,dense,single_file
mistral_ministral-14b-latest,ministral-14b,mistral/ministral-14b-latest,15,ast_compact,0,Add header name to InvalidHeader exception message,1c2022cf868cb503815f34901ad8e85cf524d01a,29231,239,0.0,3,4.68,submitted,8000,0.004454,0.005894,1.0,1.0,1.0,False,False,1,1,3,Ministral,large,mistral,dense,single_file
mistral_ministral-14b-latest,ministral-14b,mistral/ministral-14b-latest,15,ast_compact,1,Add header name to InvalidHeader exception message,1c2022cf868cb503815f34901ad8e85cf524d01a,22392,231,0.0,3,3.85,submitted,384,0.004455,0.004525,1.0,1.0,1.0,False,False,1,1,3,Ministral,large,mistral,dense,single_file
mistral_ministral-14b-latest,ministral-14b,mistral/ministral-14b-latest,15,ast_compact,2,Add header name to InvalidHeader exception message,1c2022cf868cb503815f34901ad8e85cf524d01a,43976,192,0.0,4,5.51,submitted,1024,0.008649,0.008834,1.0,1.0,1.0,False,False,1,1,3,Ministral,large,mistral,dense,single_file
mistral_ministral-14b-latest,ministral-14b,mistral/ministral-14b-latest,15,ast_compact,3,Add header name to InvalidHeader exception message,1c2022cf868cb503815f34901ad8e85cf524d01a,29231,236,0.0,3,4.97,submitted,21824,0.001965,0.005893,1.0,1.0,1.0,False,False,1,1,3,Ministral,large,mistral,dense,single_file
mistral_ministral-14b-latest,ministral-14b,mistral/ministral-14b-latest,15,ast_compact,4,Add header name to InvalidHeader exception message,1c2022cf868cb503815f34901ad8e85cf524d01a,38252,319,0.0,5,7.09,submitted,15232,0.004972,0.007714,1.0,1.0,1.0,False,False,1,1,3,Ministral,large,mistral,dense,single_file
mistral_ministral-14b-latest,ministral-14b,mistral/ministral-14b-latest,15,ast,0,Add header name to InvalidHeader exception message,1c2022cf868cb503815f34901ad8e85cf524d01a,58094,274,0.0,3,6.09,submitted,17600,0.008506,0.011674,1.0,1.0,1.0,False,False,1,1,3,Ministral,large,mistral,dense,single_file
mistral_ministral-14b-latest,ministral-14b,mistral/ministral-14b-latest,15,ast,1,Add header name to InvalidHeader exception message,1c2022cf868cb503815f34901ad8e85cf524d01a,82437,264,0.0,4,7.86,submitted,17856,0.013326,0.01654,1.0,1.0,1.0,False,False,1,1,3,Ministral,large,mistral,dense,single_file
mistral_ministral-14b-latest,ministral-14b,mistral/ministral-14b-latest,15,ast,2,Add header name to InvalidHeader exception message,1c2022cf868cb503815f34901ad8e85cf524d01a,82444,259,0.0,4,7.57,submitted,33984,0.010423,0.016541,1.0,1.0,1.0,False,False,1,1,3,Ministral,large,mistral,dense,single_file
mistral_ministral-14b-latest,ministral-14b,mistral/ministral-14b-latest,15,ast,3,Add header name to InvalidHeader exception message,1c2022cf868cb503815f34901ad8e85cf524d01a,68882,228,0.0,4,6.99,submitted,34688,0.007578,0.013822,1.0,1.0,1.0,False,False,1,1,3,Ministral,large,mistral,dense,single_file
mistral_ministral-14b-latest,ministral-14b,mistral/ministral-14b-latest,15,ast,4,Add header name to InvalidHeader exception message,1c2022cf868cb503815f34901ad8e85cf524d01a,58094,231,0.0,3,6.28,submitted,768,0.011527,0.011665,1.0,1.0,1.0,False,False,1,1,3,Ministral,large,mistral,dense,single_file
mistral_ministral-14b-latest,ministral-14b,mistral/ministral-14b-latest,15,none,0,Add header name to InvalidHeader exception message,1c2022cf868cb503815f34901ad8e85cf524d01a,12359,440,0.0,8,7.17,submitted,4672,0.001719,0.00256,1.0,1.0,1.0,False,False,1,1,3,Ministral,large,mistral,dense,single_file
mistral_ministral-14b-latest,ministral-14b,mistral/ministral-14b-latest,15,none,1,Add header name to InvalidHeader exception message,1c2022cf868cb503815f34901ad8e85cf524d01a,9833,368,0.0,7,6.16,submitted,5504,0.001049,0.00204,1.0,1.0,1.0,False,False,1,1,3,Ministral,large,mistral,dense,single_file
mistral_ministral-14b-latest,ministral-14b,mistral/ministral-14b-latest,15,none,2,Add header name to InvalidHeader exception message,1c2022cf868cb503815f34901ad8e85cf524d01a,15373,503,0.0,9,8.2,submitted,8256,0.001689,0.003175,1.0,1.0,1.0,False,False,1,1,3,Ministral,large,mistral,dense,single_file
mistral_ministral-14b-latest,ministral-14b,mistral/ministral-14b-latest,15,none,3,Add header name to InvalidHeader exception message,1c2022cf868cb503815f34901ad8e85cf524d01a,12569,527,0.0,8,8.49,submitted,8384,0.00111,0.002619,1.0,1.0,1.0,False,False,1,1,3,Ministral,large,mistral,dense,single_file
mistral_ministral-14b-latest,ministral-14b,mistral/ministral-14b-latest,15,none,4,Add header name to InvalidHeader exception message,1c2022cf868cb503815f34901ad8e85cf524d01a,9853,307,0.0,7,5.87,submitted,5120,0.00111,0.002032,1.0,1.0,1.0,False,False,1,1,3,Ministral,large,mistral,dense,single_file
mistral_ministral-14b-latest,ministral-14b,mistral/ministral-14b-latest,4,ast_compact,0,Requests doesn't catch requests.packages.urllib3.exceptions.ProxyError,9968a10fcfad7268b552808c4f8946eecafc956a,48151,899,0.0,7,13.87,submitted,8064,0.008358,0.00981,1.0,0.5,0.6667,False,False,1,2,3,Ministral,large,mistral,dense,multi_file
mistral_ministral-14b-latest,ministral-14b,mistral/ministral-14b-latest,4,ast_compact,1,Requests doesn't catch requests.packages.urllib3.exceptions.ProxyError,9968a10fcfad7268b552808c4f8946eecafc956a,47719,770,0.0,7,14.75,submitted,13056,0.007348,0.009698,1.0,0.5,0.6667,False,False,1,2,3,Ministral,large,mistral,dense,multi_file
mistral_ministral-14b-latest,ministral-14b,mistral/ministral-14b-latest,4,ast_compact,2,Requests doesn't catch requests.packages.urllib3.exceptions.ProxyError,9968a10fcfad7268b552808c4f8946eecafc956a,60219,747,0.0,9,11.87,submitted,19520,0.00868,0.012193,1.0,0.5,0.6667,False,False,1,2,3,Ministral,large,mistral,dense,multi_file
mistral_ministral-14b-latest,ministral-14b,mistral/ministral-14b-latest,4,ast_compact,3,Requests doesn't catch requests.packages.urllib3.exceptions.ProxyError,9968a10fcfad7268b552808c4f8946eecafc956a,53864,803,0.0,8,16.04,submitted,27456,0.005991,0.010933,1.0,0.5,0.6667,False,False,1,2,3,Ministral,large,mistral,dense,multi_file
mistral_ministral-14b-latest,ministral-14b,mistral/ministral-14b-latest,4,ast_compact,4,Requests doesn't catch requests.packages.urllib3.exceptions.ProxyError,9968a10fcfad7268b552808c4f8946eecafc956a,40364,879,0.0,6,12.44,submitted,13696,0.005783,0.008249,1.0,0.5,0.6667,False,False,1,2,3,Ministral,large,mistral,dense,multi_file
mistral_ministral-14b-latest,ministral-14b,mistral/ministral-14b-latest,4,ast,0,Requests doesn't catch requests.packages.urllib3.exceptions.ProxyError,9968a10fcfad7268b552808c4f8946eecafc956a,119322,964,0.0,8,23.21,submitted,29312,0.018781,0.024057,1.0,0.5,0.6667,False,False,1,2,3,Ministral,large,mistral,dense,multi_file
mistral_ministral-14b-latest,ministral-14b,mistral/ministral-14b-latest,4,ast,1,Requests doesn't catch requests.packages.urllib3.exceptions.ProxyError,9968a10fcfad7268b552808c4f8946eecafc956a,87364,840,0.0,6,14.49,submitted,29824,0.012272,0.017641,1.0,0.5,0.6667,False,False,1,2,3,Ministral,large,mistral,dense,multi_file
mistral_ministral-14b-latest,ministral-14b,mistral/ministral-14b-latest,4,ast,2,Requests doesn't catch requests.packages.urllib3.exceptions.ProxyError,9968a10fcfad7268b552808c4f8946eecafc956a,50551,665,0.0,3,12.16,submitted,13952,0.007732,0.010243,1.0,0.5,0.6667,False,False,1,2,3,Ministral,large,mistral,dense,multi_file
mistral_ministral-14b-latest,ministral-14b,mistral/ministral-14b-latest,4,ast,3,Requests doesn't catch requests.packages.urllib3.exceptions.ProxyError,9968a10fcfad7268b552808c4f8946eecafc956a,91348,678,0.0,5,14.91,submitted,41216,0.010986,0.018405,1.0,0.5,0.6667,False,False,1,2,3,Ministral,large,mistral,dense,multi_file
mistral_ministral-14b-latest,ministral-14b,mistral/ministral-14b-latest,4,ast,4,Requests doesn't catch requests.packages.urllib3.exceptions.ProxyError,9968a10fcfad7268b552808c4f8946eecafc956a,80648,744,0.0,5,12.62,submitted,45696,0.008053,0.016278,1.0,0.5,0.6667,False,False,1,2,3,Ministral,large,mistral,dense,multi_file
mistral_ministral-14b-latest,ministral-14b,mistral/ministral-14b-latest,4,none,0,Requests doesn't catch requests.packages.urllib3.exceptions.ProxyError,9968a10fcfad7268b552808c4f8946eecafc956a,73865,1288,0.0,14,20.11,submitted,20608,0.011321,0.015031,1.0,0.5,0.6667,False,False,1,2,3,Ministral,large,mistral,dense,multi_file
mistral_ministral-14b-latest,ministral-14b,mistral/ministral-14b-latest,4,none,1,Requests doesn't catch requests.packages.urllib3.exceptions.ProxyError,9968a10fcfad7268b552808c4f8946eecafc956a,35984,1520,0.0,15,23.46,submitted,13888,0.005001,0.007501,1.0,0.5,0.6667,False,False,1,2,3,Ministral,large,mistral,dense,multi_file
mistral_ministral-14b-latest,ministral-14b,mistral/ministral-14b-latest,4,none,2,Requests doesn't catch requests.packages.urllib3.exceptions.ProxyError,9968a10fcfad7268b552808c4f8946eecafc956a,31307,780,0.0,8,14.98,submitted,14400,0.003825,0.006417,1.0,0.5,0.6667,False,False,1,2,3,Ministral,large,mistral,dense,multi_file
mistral_ministral-14b-latest,ministral-14b,mistral/ministral-14b-latest,4,none,3,Requests doesn't catch requests.packages.urllib3.exceptions.ProxyError,9968a10fcfad7268b552808c4f8946eecafc956a,62486,1092,0.0,20,21.94,max_turns,15616,0.009905,0.012716,0.0,0.0,0.0,True,False,2,2,3,Ministral,large,mistral,dense,multi_file
mistral_ministral-14b-latest,ministral-14b,mistral/ministral-14b-latest,4,none,4,Requests doesn't catch requests.packages.urllib3.exceptions.ProxyError,9968a10fcfad7268b552808c4f8946eecafc956a,29485,1018,0.0,20,15.83,max_turns,19136,0.002656,0.006101,1.0,0.5,0.6667,False,False,1,2,3,Ministral,large,mistral,dense,multi_file
deepseek_deepseek-v4-flash,deepseek-flash,deepseek/deepseek-v4-flash,0,ast_compact,0,AttributeError: 'NoneType' object has no attribute 'read',ccabcf1fca906bfa6b65a3189c1c41061e6c1042,133560,3782,0.003882,8,40.59,submitted,115712,0.003882,0.019757,1.0,1.0,1.0,False,False,1,1,4,DeepSeek-V4,small,deepseek,MoE,single_file
deepseek_deepseek-v4-flash,deepseek-flash,deepseek/deepseek-v4-flash,0,ast_compact,1,AttributeError: 'NoneType' object has no attribute 'read',ccabcf1fca906bfa6b65a3189c1c41061e6c1042,190853,5144,0.002801,15,57.96,submitted,184832,0.002801,0.02816,1.0,1.0,1.0,False,False,1,1,4,DeepSeek-V4,small,deepseek,MoE,single_file
deepseek_deepseek-v4-flash,deepseek-flash,deepseek/deepseek-v4-flash,0,ast_compact,2,AttributeError: 'NoneType' object has no attribute 'read',ccabcf1fca906bfa6b65a3189c1c41061e6c1042,175954,4941,0.00266,14,56.97,submitted,170240,0.00266,0.026017,1.0,1.0,1.0,False,False,1,1,4,DeepSeek-V4,small,deepseek,MoE,single_file
deepseek_deepseek-v4-flash,deepseek-flash,deepseek/deepseek-v4-flash,0,ast_compact,3,AttributeError: 'NoneType' object has no attribute 'read',ccabcf1fca906bfa6b65a3189c1c41061e6c1042,157720,5895,0.002833,12,62.66,submitted,152320,0.002833,0.023731,1.0,1.0,1.0,False,False,1,1,4,DeepSeek-V4,small,deepseek,MoE,single_file
deepseek_deepseek-v4-flash,deepseek-flash,deepseek/deepseek-v4-flash,0,ast_compact,4,AttributeError: 'NoneType' object has no attribute 'read',ccabcf1fca906bfa6b65a3189c1c41061e6c1042,164146,5868,0.002952,13,59.45,submitted,157952,0.002952,0.024623,1.0,1.0,1.0,False,False,1,1,4,DeepSeek-V4,small,deepseek,MoE,single_file
deepseek_deepseek-v4-flash,deepseek-flash,deepseek/deepseek-v4-flash,0,ast,0,AttributeError: 'NoneType' object has no attribute 'read',ccabcf1fca906bfa6b65a3189c1c41061e6c1042,335832,5788,0.003416,15,63.9,submitted,329600,0.003416,0.048637,1.0,1.0,1.0,False,False,1,1,4,DeepSeek-V4,small,deepseek,MoE,single_file
deepseek_deepseek-v4-flash,deepseek-flash,deepseek/deepseek-v4-flash,0,ast,1,AttributeError: 'NoneType' object has no attribute 'read',ccabcf1fca906bfa6b65a3189c1c41061e6c1042,176022,3806,0.002457,8,37.37,submitted,169472,0.002457,0.025709,1.0,1.0,1.0,False,False,1,1,4,DeepSeek-V4,small,deepseek,MoE,single_file
deepseek_deepseek-v4-flash,deepseek-flash,deepseek/deepseek-v4-flash,0,ast,2,AttributeError: 'NoneType' object has no attribute 'read',ccabcf1fca906bfa6b65a3189c1c41061e6c1042,135983,3004,0.001755,7,33.03,submitted,132096,0.001755,0.019879,1.0,1.0,1.0,False,False,1,1,4,DeepSeek-V4,small,deepseek,MoE,single_file
deepseek_deepseek-v4-flash,deepseek-flash,deepseek/deepseek-v4-flash,0,ast,3,AttributeError: 'NoneType' object has no attribute 'read',ccabcf1fca906bfa6b65a3189c1c41061e6c1042,228198,2751,0.004391,11,36.38,submitted,206464,0.004391,0.032718,1.0,1.0,1.0,False,False,1,1,4,DeepSeek-V4,small,deepseek,MoE,single_file
deepseek_deepseek-v4-flash,deepseek-flash,deepseek/deepseek-v4-flash,0,ast,4,AttributeError: 'NoneType' object has no attribute 'read',ccabcf1fca906bfa6b65a3189c1c41061e6c1042,250984,6801,0.003429,11,65.92,submitted,244992,0.003429,0.037042,1.0,1.0,1.0,False,False,1,1,4,DeepSeek-V4,small,deepseek,MoE,single_file
deepseek_deepseek-v4-flash,deepseek-flash,deepseek/deepseek-v4-flash,0,none,0,AttributeError: 'NoneType' object has no attribute 'read',ccabcf1fca906bfa6b65a3189c1c41061e6c1042,165077,12541,0.006444,20,134.53,max_turns,147072,0.006444,0.026622,1.0,1.0,1.0,False,False,1,1,4,DeepSeek-V4,small,deepseek,MoE,single_file
deepseek_deepseek-v4-flash,deepseek-flash,deepseek/deepseek-v4-flash,0,none,1,AttributeError: 'NoneType' object has no attribute 'read',ccabcf1fca906bfa6b65a3189c1c41061e6c1042,81812,3415,0.001943,15,44.66,submitted,76288,0.001943,0.01241,1.0,1.0,1.0,False,False,1,1,4,DeepSeek-V4,small,deepseek,MoE,single_file
deepseek_deepseek-v4-flash,deepseek-flash,deepseek/deepseek-v4-flash,0,none,2,AttributeError: 'NoneType' object has no attribute 'read',ccabcf1fca906bfa6b65a3189c1c41061e6c1042,55510,3118,0.001532,12,34.21,submitted,51840,0.001532,0.008644,1.0,1.0,1.0,False,False,1,1,4,DeepSeek-V4,small,deepseek,MoE,single_file
deepseek_deepseek-v4-flash,deepseek-flash,deepseek/deepseek-v4-flash,0,none,3,AttributeError: 'NoneType' object has no attribute 'read',ccabcf1fca906bfa6b65a3189c1c41061e6c1042,143582,5047,0.003672,20,62.35,max_turns,130048,0.003672,0.021515,1.0,1.0,1.0,False,False,1,1,4,DeepSeek-V4,small,deepseek,MoE,single_file
deepseek_deepseek-v4-flash,deepseek-flash,deepseek/deepseek-v4-flash,0,none,4,AttributeError: 'NoneType' object has no attribute 'read',ccabcf1fca906bfa6b65a3189c1c41061e6c1042,137028,6424,0.004282,20,75.41,max_turns,121728,0.004282,0.020983,1.0,1.0,1.0,False,False,1,1,4,DeepSeek-V4,small,deepseek,MoE,single_file
deepseek_deepseek-v4-flash,deepseek-flash,deepseek/deepseek-v4-flash,12,ast_compact,0,Not possible to specify max_retries in v1.X?,be62645dd56580dd7576032b348cf79d880851d8,45247,2687,0.002047,4,25.64,submitted,36736,0.002047,0.007087,1.0,0.6667,0.8,False,False,2,3,4,DeepSeek-V4,small,deepseek,MoE,multi_file
deepseek_deepseek-v4-flash,deepseek-flash,deepseek/deepseek-v4-flash,12,ast_compact,1,Not possible to specify max_retries in v1.X?,be62645dd56580dd7576032b348cf79d880851d8,83057,2673,0.002735,6,26.65,submitted,70272,0.002735,0.012376,1.0,0.6667,0.8,False,False,2,3,4,DeepSeek-V4,small,deepseek,MoE,multi_file
deepseek_deepseek-v4-flash,deepseek-flash,deepseek/deepseek-v4-flash,12,ast_compact,2,Not possible to specify max_retries in v1.X?,be62645dd56580dd7576032b348cf79d880851d8,69087,2520,0.002457,5,24.9,submitted,57728,0.002457,0.010378,1.0,0.6667,0.8,False,False,2,3,4,DeepSeek-V4,small,deepseek,MoE,multi_file
deepseek_deepseek-v4-flash,deepseek-flash,deepseek/deepseek-v4-flash,12,ast_compact,3,Not possible to specify max_retries in v1.X?,be62645dd56580dd7576032b348cf79d880851d8,51746,2452,0.003137,4,23.94,submitted,34944,0.003137,0.007931,1.0,0.6667,0.8,False,False,2,3,4,DeepSeek-V4,small,deepseek,MoE,multi_file
deepseek_deepseek-v4-flash,deepseek-flash,deepseek/deepseek-v4-flash,12,ast_compact,4,Not possible to specify max_retries in v1.X?,be62645dd56580dd7576032b348cf79d880851d8,48828,2609,0.001894,5,25.32,submitted,41344,0.001894,0.007566,1.0,0.6667,0.8,False,False,2,3,4,DeepSeek-V4,small,deepseek,MoE,multi_file
deepseek_deepseek-v4-flash,deepseek-flash,deepseek/deepseek-v4-flash,12,ast,0,Not possible to specify max_retries in v1.X?,be62645dd56580dd7576032b348cf79d880851d8,105578,2484,0.002024,6,26.48,submitted,98048,0.002024,0.015476,1.0,0.6667,0.8,False,False,2,3,4,DeepSeek-V4,small,deepseek,MoE,multi_file
deepseek_deepseek-v4-flash,deepseek-flash,deepseek/deepseek-v4-flash,12,ast,1,Not possible to specify max_retries in v1.X?,be62645dd56580dd7576032b348cf79d880851d8,100022,2473,0.003667,6,24.5,submitted,80384,0.003667,0.014696,1.0,0.6667,0.8,False,False,2,3,4,DeepSeek-V4,small,deepseek,MoE,multi_file
deepseek_deepseek-v4-flash,deepseek-flash,deepseek/deepseek-v4-flash,12,ast,2,Not possible to specify max_retries in v1.X?,be62645dd56580dd7576032b348cf79d880851d8,178274,4978,0.003171,9,48.15,submitted,168960,0.003171,0.026352,1.0,0.6667,0.8,False,False,2,3,4,DeepSeek-V4,small,deepseek,MoE,multi_file
deepseek_deepseek-v4-flash,deepseek-flash,deepseek/deepseek-v4-flash,12,ast,3,Not possible to specify max_retries in v1.X?,be62645dd56580dd7576032b348cf79d880851d8,55128,2640,0.002451,3,26.05,submitted,43776,0.002451,0.008457,1.0,0.6667,0.8,False,False,2,3,4,DeepSeek-V4,small,deepseek,MoE,multi_file
deepseek_deepseek-v4-flash,deepseek-flash,deepseek/deepseek-v4-flash,12,ast,4,Not possible to specify max_retries in v1.X?,be62645dd56580dd7576032b348cf79d880851d8,87994,3405,0.002191,5,35.59,submitted,80768,0.002191,0.013273,1.0,0.6667,0.8,False,False,2,3,4,DeepSeek-V4,small,deepseek,MoE,multi_file
deepseek_deepseek-v4-flash,deepseek-flash,deepseek/deepseek-v4-flash,12,none,0,Not possible to specify max_retries in v1.X?,be62645dd56580dd7576032b348cf79d880851d8,87171,3660,0.003517,9,39.54,submitted,70784,0.003517,0.013229,1.0,0.6667,0.8,False,False,2,3,4,DeepSeek-V4,small,deepseek,MoE,multi_file
deepseek_deepseek-v4-flash,deepseek-flash,deepseek/deepseek-v4-flash,12,none,1,Not possible to specify max_retries in v1.X?,be62645dd56580dd7576032b348cf79d880851d8,82044,2121,0.002702,9,26.46,submitted,68352,0.002702,0.01208,1.0,0.6667,0.8,False,False,2,3,4,DeepSeek-V4,small,deepseek,MoE,multi_file
deepseek_deepseek-v4-flash,deepseek-flash,deepseek/deepseek-v4-flash,12,none,2,Not possible to specify max_retries in v1.X?,be62645dd56580dd7576032b348cf79d880851d8,36373,1412,0.002098,6,18.71,submitted,24704,0.002098,0.005488,1.0,1.0,1.0,False,False,3,3,4,DeepSeek-V4,small,deepseek,MoE,multi_file
deepseek_deepseek-v4-flash,deepseek-flash,deepseek/deepseek-v4-flash,12,none,3,Not possible to specify max_retries in v1.X?,be62645dd56580dd7576032b348cf79d880851d8,89811,3075,0.00295,10,35.14,submitted,76416,0.00295,0.013435,1.0,0.6667,0.8,False,False,2,3,4,DeepSeek-V4,small,deepseek,MoE,multi_file
deepseek_deepseek-v4-flash,deepseek-flash,deepseek/deepseek-v4-flash,12,none,4,Not possible to specify max_retries in v1.X?,be62645dd56580dd7576032b348cf79d880851d8,27219,2072,0.001581,6,21.97,submitted,20480,0.001581,0.004391,1.0,0.6667,0.8,False,False,2,3,4,DeepSeek-V4,small,deepseek,MoE,multi_file
deepseek_deepseek-v4-flash,deepseek-flash,deepseek/deepseek-v4-flash,14,ast_compact,0,Authentication Handlers lost on redirect.,4683f169909857d663275346655975af7190fd62,162205,11226,0.005445,8,119.11,submitted,148736,0.005445,0.025852,0.0,0.0,0.0,False,False,1,1,4,DeepSeek-V4,small,deepseek,MoE,single_file
deepseek_deepseek-v4-flash,deepseek-flash,deepseek/deepseek-v4-flash,14,ast_compact,1,Authentication Handlers lost on redirect.,4683f169909857d663275346655975af7190fd62,317346,29022,0.010407,13,248.86,submitted,307200,0.010407,0.052555,0.0,0.0,0.0,False,False,1,1,4,DeepSeek-V4,small,deepseek,MoE,single_file
deepseek_deepseek-v4-flash,deepseek-flash,deepseek/deepseek-v4-flash,14,ast_compact,2,Authentication Handlers lost on redirect.,4683f169909857d663275346655975af7190fd62,107101,6440,0.003767,6,64.76,submitted,94976,0.003767,0.016797,0.0,0.0,0.0,False,False,1,1,4,DeepSeek-V4,small,deepseek,MoE,single_file
deepseek_deepseek-v4-flash,deepseek-flash,deepseek/deepseek-v4-flash,14,ast_compact,3,Authentication Handlers lost on redirect.,4683f169909857d663275346655975af7190fd62,385333,28866,0.011083,14,253.54,submitted,371328,0.011083,0.062029,0.5,1.0,0.6667,False,False,2,1,4,DeepSeek-V4,small,deepseek,MoE,single_file
deepseek_deepseek-v4-flash,deepseek-flash,deepseek/deepseek-v4-flash,14,ast_compact,4,Authentication Handlers lost on redirect.,4683f169909857d663275346655975af7190fd62,363213,19383,0.011232,20,195.14,max_turns,328320,0.011232,0.056277,0.0,0.0,0.0,False,False,1,1,4,DeepSeek-V4,small,deepseek,MoE,single_file
deepseek_deepseek-v4-flash,deepseek-flash,deepseek/deepseek-v4-flash,14,ast,0,Authentication Handlers lost on redirect.,4683f169909857d663275346655975af7190fd62,771285,36912,0.014509,20,291.37,submitted,756608,0.014509,0.118315,0.0,0.0,0.0,False,False,1,1,4,DeepSeek-V4,small,deepseek,MoE,single_file
deepseek_deepseek-v4-flash,deepseek-flash,deepseek/deepseek-v4-flash,14,ast,1,Authentication Handlers lost on redirect.,4683f169909857d663275346655975af7190fd62,497667,13066,0.006861,18,111.16,submitted,484480,0.006861,0.073332,0.0,0.0,0.0,False,False,2,1,4,DeepSeek-V4,small,deepseek,MoE,single_file
deepseek_deepseek-v4-flash,deepseek-flash,deepseek/deepseek-v4-flash,14,ast,2,Authentication Handlers lost on redirect.,4683f169909857d663275346655975af7190fd62,286954,11519,0.007327,12,126.54,submitted,262912,0.007327,0.043399,0.0,0.0,0.0,False,False,1,1,4,DeepSeek-V4,small,deepseek,MoE,single_file
deepseek_deepseek-v4-flash,deepseek-flash,deepseek/deepseek-v4-flash,14,ast,3,Authentication Handlers lost on redirect.,4683f169909857d663275346655975af7190fd62,337313,21871,0.009022,10,224.27,submitted,323072,0.009022,0.053348,0.5,1.0,0.6667,False,False,2,1,4,DeepSeek-V4,small,deepseek,MoE,single_file
deepseek_deepseek-v4-flash,deepseek-flash,deepseek/deepseek-v4-flash,14,ast,4,Authentication Handlers lost on redirect.,4683f169909857d663275346655975af7190fd62,249196,13400,0.007046,7,125.65,submitted,230272,0.007046,0.038639,0.0,0.0,0.0,False,False,1,1,4,DeepSeek-V4,small,deepseek,MoE,single_file
deepseek_deepseek-v4-flash,deepseek-flash,deepseek/deepseek-v4-flash,14,none,0,Authentication Handlers lost on redirect.,4683f169909857d663275346655975af7190fd62,349907,21824,0.010175,16,194.88,submitted,327424,0.010175,0.055098,0.5,1.0,0.6667,False,False,2,1,4,DeepSeek-V4,small,deepseek,MoE,single_file
deepseek_deepseek-v4-flash,deepseek-flash,deepseek/deepseek-v4-flash,14,none,1,Authentication Handlers lost on redirect.,4683f169909857d663275346655975af7190fd62,427621,20653,0.012983,20,223.19,max_turns,383872,0.012983,0.06565,0.0,0.0,0.0,False,True,0,1,4,DeepSeek-V4,small,deepseek,MoE,single_file
deepseek_deepseek-v4-flash,deepseek-flash,deepseek/deepseek-v4-flash,14,none,2,Authentication Handlers lost on redirect.,4683f169909857d663275346655975af7190fd62,421424,24506,0.011139,16,223.47,submitted,398848,0.011139,0.065861,0.5,1.0,0.6667,False,False,2,1,4,DeepSeek-V4,small,deepseek,MoE,single_file
deepseek_deepseek-v4-flash,deepseek-flash,deepseek/deepseek-v4-flash,14,none,3,Authentication Handlers lost on redirect.,4683f169909857d663275346655975af7190fd62,311395,16711,0.009411,20,181.47,max_turns,283264,0.009411,0.048274,0.0,0.0,0.0,False,True,0,1,4,DeepSeek-V4,small,deepseek,MoE,single_file
deepseek_deepseek-v4-flash,deepseek-flash,deepseek/deepseek-v4-flash,14,none,4,Authentication Handlers lost on redirect.,4683f169909857d663275346655975af7190fd62,266817,10926,0.00738,20,126.87,max_turns,240768,0.00738,0.040414,1.0,1.0,1.0,False,False,1,1,4,DeepSeek-V4,small,deepseek,MoE,single_file
deepseek_deepseek-v4-flash,deepseek-flash,deepseek/deepseek-v4-flash,15,ast_compact,0,Add header name to InvalidHeader exception message,1c2022cf868cb503815f34901ad8e85cf524d01a,38772,851,0.000521,5,11.09,submitted,37504,0.000521,0.005666,1.0,1.0,1.0,False,False,1,1,4,DeepSeek-V4,small,deepseek,MoE,single_file
deepseek_deepseek-v4-flash,deepseek-flash,deepseek/deepseek-v4-flash,15,ast_compact,1,Add header name to InvalidHeader exception message,1c2022cf868cb503815f34901ad8e85cf524d01a,23026,859,0.001374,3,9.76,submitted,15232,0.001374,0.003464,1.0,1.0,1.0,False,False,1,1,4,DeepSeek-V4,small,deepseek,MoE,single_file
deepseek_deepseek-v4-flash,deepseek-flash,deepseek/deepseek-v4-flash,15,ast_compact,2,Add header name to InvalidHeader exception message,1c2022cf868cb503815f34901ad8e85cf524d01a,31222,1049,0.000555,4,12.66,submitted,29952,0.000555,0.004665,1.0,1.0,1.0,False,False,1,1,4,DeepSeek-V4,small,deepseek,MoE,single_file
deepseek_deepseek-v4-flash,deepseek-flash,deepseek/deepseek-v4-flash,15,ast_compact,3,Add header name to InvalidHeader exception message,1c2022cf868cb503815f34901ad8e85cf524d01a,22676,727,0.000393,3,9.17,submitted,21760,0.000393,0.003378,1.0,1.0,1.0,False,False,1,1,4,DeepSeek-V4,small,deepseek,MoE,single_file
deepseek_deepseek-v4-flash,deepseek-flash,deepseek/deepseek-v4-flash,15,ast_compact,4,Add header name to InvalidHeader exception message,1c2022cf868cb503815f34901ad8e85cf524d01a,32948,1041,0.000602,4,13.76,submitted,31360,0.000602,0.004904,1.0,1.0,1.0,False,False,1,1,4,DeepSeek-V4,small,deepseek,MoE,single_file
deepseek_deepseek-v4-flash,deepseek-flash,deepseek/deepseek-v4-flash,15,ast,0,Add header name to InvalidHeader exception message,1c2022cf868cb503815f34901ad8e85cf524d01a,69433,1092,0.002879,4,14.25,submitted,52096,0.002879,0.010026,1.0,1.0,1.0,False,False,1,1,4,DeepSeek-V4,small,deepseek,MoE,single_file
deepseek_deepseek-v4-flash,deepseek-flash,deepseek/deepseek-v4-flash,15,ast,1,Add header name to InvalidHeader exception message,1c2022cf868cb503815f34901ad8e85cf524d01a,69201,943,0.000592,4,11.07,submitted,68224,0.000592,0.009952,1.0,1.0,1.0,False,False,1,1,4,DeepSeek-V4,small,deepseek,MoE,single_file
deepseek_deepseek-v4-flash,deepseek-flash,deepseek/deepseek-v4-flash,15,ast,2,Add header name to InvalidHeader exception message,1c2022cf868cb503815f34901ad8e85cf524d01a,68737,805,0.000523,4,13.33,submitted,67968,0.000523,0.009849,1.0,1.0,1.0,False,False,1,1,4,DeepSeek-V4,small,deepseek,MoE,single_file
deepseek_deepseek-v4-flash,deepseek-flash,deepseek/deepseek-v4-flash,15,ast,3,Add header name to InvalidHeader exception message,1c2022cf868cb503815f34901ad8e85cf524d01a,86290,783,0.000586,5,12.64,submitted,85376,0.000586,0.0123,1.0,1.0,1.0,False,False,1,1,4,DeepSeek-V4,small,deepseek,MoE,single_file
deepseek_deepseek-v4-flash,deepseek-flash,deepseek/deepseek-v4-flash,15,ast,4,Add header name to InvalidHeader exception message,1c2022cf868cb503815f34901ad8e85cf524d01a,87463,1185,0.000793,5,14.56,submitted,85888,0.000793,0.012577,1.0,1.0,1.0,False,False,1,1,4,DeepSeek-V4,small,deepseek,MoE,single_file
deepseek_deepseek-v4-flash,deepseek-flash,deepseek/deepseek-v4-flash,15,none,0,Add header name to InvalidHeader exception message,1c2022cf868cb503815f34901ad8e85cf524d01a,10188,1175,0.000596,5,14.3,submitted,8448,0.000596,0.001755,1.0,1.0,1.0,False,False,1,1,4,DeepSeek-V4,small,deepseek,MoE,single_file
deepseek_deepseek-v4-flash,deepseek-flash,deepseek/deepseek-v4-flash,15,none,1,Add header name to InvalidHeader exception message,1c2022cf868cb503815f34901ad8e85cf524d01a,4780,451,0.000234,3,7.38,submitted,4096,0.000234,0.000795,1.0,1.0,1.0,False,False,1,1,4,DeepSeek-V4,small,deepseek,MoE,single_file
deepseek_deepseek-v4-flash,deepseek-flash,deepseek/deepseek-v4-flash,15,none,2,Add header name to InvalidHeader exception message,1c2022cf868cb503815f34901ad8e85cf524d01a,8034,818,0.000441,4,9.65,submitted,6656,0.000441,0.001354,1.0,1.0,1.0,False,False,1,1,4,DeepSeek-V4,small,deepseek,MoE,single_file
deepseek_deepseek-v4-flash,deepseek-flash,deepseek/deepseek-v4-flash,15,none,3,Add header name to InvalidHeader exception message,1c2022cf868cb503815f34901ad8e85cf524d01a,7224,715,0.000351,4,10.02,submitted,6272,0.000351,0.001212,1.0,1.0,1.0,False,False,1,1,4,DeepSeek-V4,small,deepseek,MoE,single_file
deepseek_deepseek-v4-flash,deepseek-flash,deepseek/deepseek-v4-flash,15,none,4,Add header name to InvalidHeader exception message,1c2022cf868cb503815f34901ad8e85cf524d01a,7571,763,0.000413,4,8.55,submitted,6272,0.000413,0.001274,1.0,1.0,1.0,False,False,1,1,4,DeepSeek-V4,small,deepseek,MoE,single_file
deepseek_deepseek-v4-flash,deepseek-flash,deepseek/deepseek-v4-flash,4,ast_compact,0,Requests doesn't catch requests.packages.urllib3.exceptions.ProxyError,9968a10fcfad7268b552808c4f8946eecafc956a,67719,2471,0.00169,7,27.17,submitted,61824,0.00169,0.010173,1.0,1.0,1.0,False,False,2,2,4,DeepSeek-V4,small,deepseek,MoE,multi_file
deepseek_deepseek-v4-flash,deepseek-flash,deepseek/deepseek-v4-flash,4,ast_compact,1,Requests doesn't catch requests.packages.urllib3.exceptions.ProxyError,9968a10fcfad7268b552808c4f8946eecafc956a,96480,2424,0.002121,8,28.15,submitted,87936,0.002121,0.014186,1.0,1.0,1.0,False,False,2,2,4,DeepSeek-V4,small,deepseek,MoE,multi_file
deepseek_deepseek-v4-flash,deepseek-flash,deepseek/deepseek-v4-flash,4,ast_compact,2,Requests doesn't catch requests.packages.urllib3.exceptions.ProxyError,9968a10fcfad7268b552808c4f8946eecafc956a,56465,2153,0.001466,6,26.47,submitted,51328,0.001466,0.008508,1.0,1.0,1.0,False,False,2,2,4,DeepSeek-V4,small,deepseek,MoE,multi_file
deepseek_deepseek-v4-flash,deepseek-flash,deepseek/deepseek-v4-flash,4,ast_compact,3,Requests doesn't catch requests.packages.urllib3.exceptions.ProxyError,9968a10fcfad7268b552808c4f8946eecafc956a,82961,1836,0.001873,7,24.08,submitted,74752,0.001873,0.012129,1.0,1.0,1.0,False,False,2,2,4,DeepSeek-V4,small,deepseek,MoE,multi_file
deepseek_deepseek-v4-flash,deepseek-flash,deepseek/deepseek-v4-flash,4,ast_compact,4,Requests doesn't catch requests.packages.urllib3.exceptions.ProxyError,9968a10fcfad7268b552808c4f8946eecafc956a,78925,2505,0.002443,8,31.0,submitted,67840,0.002443,0.011751,1.0,1.0,1.0,False,False,2,2,4,DeepSeek-V4,small,deepseek,MoE,multi_file
deepseek_deepseek-v4-flash,deepseek-flash,deepseek/deepseek-v4-flash,4,ast,0,Requests doesn't catch requests.packages.urllib3.exceptions.ProxyError,9968a10fcfad7268b552808c4f8946eecafc956a,164425,2520,0.003775,9,34.17,submitted,145408,0.003775,0.023725,1.0,1.0,1.0,False,False,2,2,4,DeepSeek-V4,small,deepseek,MoE,multi_file
deepseek_deepseek-v4-flash,deepseek-flash,deepseek/deepseek-v4-flash,4,ast,1,Requests doesn't catch requests.packages.urllib3.exceptions.ProxyError,9968a10fcfad7268b552808c4f8946eecafc956a,138898,2193,0.00169,8,29.8,submitted,133888,0.00169,0.02006,1.0,1.0,1.0,False,False,2,2,4,DeepSeek-V4,small,deepseek,MoE,multi_file
deepseek_deepseek-v4-flash,deepseek-flash,deepseek/deepseek-v4-flash,4,ast,2,Requests doesn't catch requests.packages.urllib3.exceptions.ProxyError,9968a10fcfad7268b552808c4f8946eecafc956a,162497,2306,0.001601,10,29.18,submitted,158848,0.001601,0.023395,1.0,1.0,1.0,False,False,2,2,4,DeepSeek-V4,small,deepseek,MoE,multi_file
deepseek_deepseek-v4-flash,deepseek-flash,deepseek/deepseek-v4-flash,4,ast,3,Requests doesn't catch requests.packages.urllib3.exceptions.ProxyError,9968a10fcfad7268b552808c4f8946eecafc956a,82525,1975,0.001429,5,18.47,submitted,77824,0.001429,0.012107,1.0,1.0,1.0,False,False,2,2,4,DeepSeek-V4,small,deepseek,MoE,multi_file
deepseek_deepseek-v4-flash,deepseek-flash,deepseek/deepseek-v4-flash,4,ast,4,Requests doesn't catch requests.packages.urllib3.exceptions.ProxyError,9968a10fcfad7268b552808c4f8946eecafc956a,99655,1763,0.001432,6,21.39,submitted,94848,0.001432,0.014445,1.0,1.0,1.0,False,False,2,2,4,DeepSeek-V4,small,deepseek,MoE,multi_file
deepseek_deepseek-v4-flash,deepseek-flash,deepseek/deepseek-v4-flash,4,none,0,Requests doesn't catch requests.packages.urllib3.exceptions.ProxyError,9968a10fcfad7268b552808c4f8946eecafc956a,61680,2664,0.001777,12,34.4,submitted,55424,0.001777,0.009381,1.0,0.5,0.6667,False,False,1,2,4,DeepSeek-V4,small,deepseek,MoE,multi_file
deepseek_deepseek-v4-flash,deepseek-flash,deepseek/deepseek-v4-flash,4,none,1,Requests doesn't catch requests.packages.urllib3.exceptions.ProxyError,9968a10fcfad7268b552808c4f8946eecafc956a,55249,2455,0.001731,11,31.72,submitted,48768,0.001731,0.008422,1.0,1.0,1.0,False,False,2,2,4,DeepSeek-V4,small,deepseek,MoE,multi_file
deepseek_deepseek-v4-flash,deepseek-flash,deepseek/deepseek-v4-flash,4,none,2,Requests doesn't catch requests.packages.urllib3.exceptions.ProxyError,9968a10fcfad7268b552808c4f8946eecafc956a,31706,1879,0.001418,8,22.07,submitted,25856,0.001418,0.004965,1.0,1.0,1.0,False,False,2,2,4,DeepSeek-V4,small,deepseek,MoE,multi_file
deepseek_deepseek-v4-flash,deepseek-flash,deepseek/deepseek-v4-flash,4,none,3,Requests doesn't catch requests.packages.urllib3.exceptions.ProxyError,9968a10fcfad7268b552808c4f8946eecafc956a,41320,4303,0.00209,8,46.67,submitted,35712,0.00209,0.00699,1.0,0.5,0.6667,False,False,1,2,4,DeepSeek-V4,small,deepseek,MoE,multi_file
deepseek_deepseek-v4-flash,deepseek-flash,deepseek/deepseek-v4-flash,4,none,4,Requests doesn't catch requests.packages.urllib3.exceptions.ProxyError,9968a10fcfad7268b552808c4f8946eecafc956a,53118,2370,0.00169,10,28.81,submitted,46720,0.00169,0.0081,1.0,1.0,1.0,False,False,2,2,4,DeepSeek-V4,small,deepseek,MoE,multi_file
deepseek_deepseek-v4-pro,deepseek-pro,deepseek/deepseek-v4-pro,0,ast_compact,0,AttributeError: 'NoneType' object has no attribute 'read',ccabcf1fca906bfa6b65a3189c1c41061e6c1042,110778,2570,0.008074,9,28.86,submitted,98176,0.008074,0.050424,1.0,1.0,1.0,False,False,1,1,4,DeepSeek-V4,large,deepseek,MoE,single_file
deepseek_deepseek-v4-pro,deepseek-pro,deepseek/deepseek-v4-pro,0,ast_compact,1,AttributeError: 'NoneType' object has no attribute 'read',ccabcf1fca906bfa6b65a3189c1c41061e6c1042,110208,5695,0.007894,8,53.14,submitted,104320,0.007894,0.052895,1.0,1.0,1.0,False,False,1,1,4,DeepSeek-V4,large,deepseek,MoE,single_file
deepseek_deepseek-v4-pro,deepseek-pro,deepseek/deepseek-v4-pro,0,ast_compact,2,AttributeError: 'NoneType' object has no attribute 'read',ccabcf1fca906bfa6b65a3189c1c41061e6c1042,277323,8241,0.017263,20,88.61,max_turns,256256,0.017263,0.127805,1.0,1.0,1.0,False,False,1,1,4,DeepSeek-V4,large,deepseek,MoE,single_file
deepseek_deepseek-v4-pro,deepseek-pro,deepseek/deepseek-v4-pro,0,ast_compact,3,AttributeError: 'NoneType' object has no attribute 'read',ccabcf1fca906bfa6b65a3189c1c41061e6c1042,249764,6230,0.009378,18,67.52,submitted,242688,0.009378,0.114067,1.0,1.0,1.0,False,False,1,1,4,DeepSeek-V4,large,deepseek,MoE,single_file
deepseek_deepseek-v4-pro,deepseek-pro,deepseek/deepseek-v4-pro,0,ast_compact,4,AttributeError: 'NoneType' object has no attribute 'read',ccabcf1fca906bfa6b65a3189c1c41061e6c1042,275372,21142,0.023662,15,183.13,submitted,265472,0.023662,0.13818,1.0,1.0,1.0,False,False,1,1,4,DeepSeek-V4,large,deepseek,MoE,single_file
deepseek_deepseek-v4-pro,deepseek-pro,deepseek/deepseek-v4-pro,0,ast,0,AttributeError: 'NoneType' object has no attribute 'read',ccabcf1fca906bfa6b65a3189c1c41061e6c1042,462674,9630,0.013624,19,95.84,submitted,454400,0.013624,0.209641,1.0,1.0,1.0,False,False,1,1,4,DeepSeek-V4,large,deepseek,MoE,single_file
deepseek_deepseek-v4-pro,deepseek-pro,deepseek/deepseek-v4-pro,0,ast,1,AttributeError: 'NoneType' object has no attribute 'read',ccabcf1fca906bfa6b65a3189c1c41061e6c1042,293922,5059,0.007635,14,55.58,submitted,288896,0.007635,0.132257,1.0,1.0,1.0,False,False,1,1,4,DeepSeek-V4,large,deepseek,MoE,single_file
deepseek_deepseek-v4-pro,deepseek-pro,deepseek/deepseek-v4-pro,0,ast,2,AttributeError: 'NoneType' object has no attribute 'read',ccabcf1fca906bfa6b65a3189c1c41061e6c1042,324541,7850,0.011014,14,79.36,submitted,317568,0.011014,0.148005,1.0,1.0,1.0,False,False,1,1,4,DeepSeek-V4,large,deepseek,MoE,single_file
deepseek_deepseek-v4-pro,deepseek-pro,deepseek/deepseek-v4-pro,0,ast,3,AttributeError: 'NoneType' object has no attribute 'read',ccabcf1fca906bfa6b65a3189c1c41061e6c1042,291259,4085,0.006789,14,49.88,submitted,286208,0.006789,0.130252,1.0,1.0,1.0,False,False,1,1,4,DeepSeek-V4,large,deepseek,MoE,single_file
deepseek_deepseek-v4-pro,deepseek-pro,deepseek/deepseek-v4-pro,0,ast,4,AttributeError: 'NoneType' object has no attribute 'read',ccabcf1fca906bfa6b65a3189c1c41061e6c1042,256896,5130,0.007713,12,51.26,submitted,251520,0.007713,0.116213,1.0,1.0,1.0,False,False,1,1,4,DeepSeek-V4,large,deepseek,MoE,single_file
deepseek_deepseek-v4-pro,deepseek-pro,deepseek/deepseek-v4-pro,0,none,0,AttributeError: 'NoneType' object has no attribute 'read',ccabcf1fca906bfa6b65a3189c1c41061e6c1042,140902,8101,0.014008,20,88.22,max_turns,125952,0.014008,0.06834,0.0,0.0,0.0,False,True,0,1,4,DeepSeek-V4,large,deepseek,MoE,single_file
deepseek_deepseek-v4-pro,deepseek-pro,deepseek/deepseek-v4-pro,0,none,1,AttributeError: 'NoneType' object has no attribute 'read',ccabcf1fca906bfa6b65a3189c1c41061e6c1042,228861,12697,0.027335,20,124.1,max_turns,193024,0.027335,0.110601,0.0,0.0,0.0,False,True,0,1,4,DeepSeek-V4,large,deepseek,MoE,single_file
deepseek_deepseek-v4-pro,deepseek-pro,deepseek/deepseek-v4-pro,0,none,2,AttributeError: 'NoneType' object has no attribute 'read',ccabcf1fca906bfa6b65a3189c1c41061e6c1042,111926,5040,0.007906,18,57.12,submitted,104704,0.007906,0.053073,1.0,1.0,1.0,False,False,1,1,4,DeepSeek-V4,large,deepseek,MoE,single_file
deepseek_deepseek-v4-pro,deepseek-pro,deepseek/deepseek-v4-pro,0,none,3,AttributeError: 'NoneType' object has no attribute 'read',ccabcf1fca906bfa6b65a3189c1c41061e6c1042,172803,9369,0.018883,20,94.34,max_turns,149376,0.018883,0.08332,0.0,0.0,0.0,False,True,0,1,4,DeepSeek-V4,large,deepseek,MoE,single_file
deepseek_deepseek-v4-pro,deepseek-pro,deepseek/deepseek-v4-pro,0,none,4,AttributeError: 'NoneType' object has no attribute 'read',ccabcf1fca906bfa6b65a3189c1c41061e6c1042,109738,4166,0.008844,20,51.54,max_turns,98560,0.008844,0.05136,0.0,0.0,0.0,False,True,0,1,4,DeepSeek-V4,large,deepseek,MoE,single_file
deepseek_deepseek-v4-pro,deepseek-pro,deepseek/deepseek-v4-pro,12,ast_compact,0,Not possible to specify max_retries in v1.X?,be62645dd56580dd7576032b348cf79d880851d8,65688,2776,0.005811,6,31.75,submitted,58368,0.005811,0.030989,1.0,0.6667,0.8,False,False,2,3,4,DeepSeek-V4,large,deepseek,MoE,multi_file
deepseek_deepseek-v4-pro,deepseek-pro,deepseek/deepseek-v4-pro,12,ast_compact,1,Not possible to specify max_retries in v1.X?,be62645dd56580dd7576032b348cf79d880851d8,54587,2007,0.004896,6,23.02,submitted,47744,0.004896,0.025491,1.0,0.6667,0.8,False,False,2,3,4,DeepSeek-V4,large,deepseek,MoE,multi_file
deepseek_deepseek-v4-pro,deepseek-pro,deepseek/deepseek-v4-pro,12,ast_compact,2,Not possible to specify max_retries in v1.X?,be62645dd56580dd7576032b348cf79d880851d8,41704,2333,0.005042,4,22.33,submitted,35072,0.005042,0.020171,1.0,0.6667,0.8,False,False,2,3,4,DeepSeek-V4,large,deepseek,MoE,multi_file
deepseek_deepseek-v4-pro,deepseek-pro,deepseek/deepseek-v4-pro,12,ast_compact,3,Not possible to specify max_retries in v1.X?,be62645dd56580dd7576032b348cf79d880851d8,70873,1664,0.004007,8,24.96,submitted,65536,0.004007,0.032277,1.0,0.3333,0.5,False,False,1,3,4,DeepSeek-V4,large,deepseek,MoE,multi_file
deepseek_deepseek-v4-pro,deepseek-pro,deepseek/deepseek-v4-pro,12,ast_compact,4,Not possible to specify max_retries in v1.X?,be62645dd56580dd7576032b348cf79d880851d8,41431,1390,0.004268,5,16.83,submitted,34688,0.004268,0.019232,1.0,0.6667,0.8,False,False,2,3,4,DeepSeek-V4,large,deepseek,MoE,multi_file
deepseek_deepseek-v4-pro,deepseek-pro,deepseek/deepseek-v4-pro,12,ast,0,Not possible to specify max_retries in v1.X?,be62645dd56580dd7576032b348cf79d880851d8,59553,1067,0.002539,4,12.35,submitted,56320,0.002539,0.026834,1.0,0.3333,0.5,False,False,1,3,4,DeepSeek-V4,large,deepseek,MoE,multi_file
deepseek_deepseek-v4-pro,deepseek-pro,deepseek/deepseek-v4-pro,12,ast,1,Not possible to specify max_retries in v1.X?,be62645dd56580dd7576032b348cf79d880851d8,78477,1959,0.003817,5,21.95,submitted,74240,0.003817,0.035842,1.0,0.6667,0.8,False,False,2,3,4,DeepSeek-V4,large,deepseek,MoE,multi_file
deepseek_deepseek-v4-pro,deepseek-pro,deepseek/deepseek-v4-pro,12,ast,2,Not possible to specify max_retries in v1.X?,be62645dd56580dd7576032b348cf79d880851d8,64629,1068,0.003643,4,15.58,submitted,58880,0.003643,0.029043,1.0,0.3333,0.5,False,False,1,3,4,DeepSeek-V4,large,deepseek,MoE,multi_file
deepseek_deepseek-v4-pro,deepseek-pro,deepseek/deepseek-v4-pro,12,ast,3,Not possible to specify max_retries in v1.X?,be62645dd56580dd7576032b348cf79d880851d8,106121,1323,0.004521,6,19.04,submitted,99200,0.004521,0.047314,1.0,0.3333,0.5,False,False,1,3,4,DeepSeek-V4,large,deepseek,MoE,multi_file
deepseek_deepseek-v4-pro,deepseek-pro,deepseek/deepseek-v4-pro,12,ast,4,Not possible to specify max_retries in v1.X?,be62645dd56580dd7576032b348cf79d880851d8,53117,2632,0.005297,3,25.03,submitted,46592,0.005297,0.025396,1.0,0.6667,0.8,False,False,2,3,4,DeepSeek-V4,large,deepseek,MoE,multi_file
deepseek_deepseek-v4-pro,deepseek-pro,deepseek/deepseek-v4-pro,12,none,0,Not possible to specify max_retries in v1.X?,be62645dd56580dd7576032b348cf79d880851d8,76274,3879,0.008891,10,41.39,submitted,64128,0.008891,0.036554,1.0,0.6667,0.8,False,False,2,3,4,DeepSeek-V4,large,deepseek,MoE,multi_file
deepseek_deepseek-v4-pro,deepseek-pro,deepseek/deepseek-v4-pro,12,none,1,Not possible to specify max_retries in v1.X?,be62645dd56580dd7576032b348cf79d880851d8,39328,2189,0.005319,7,24.31,submitted,31744,0.005319,0.019012,1.0,1.0,1.0,False,False,3,3,4,DeepSeek-V4,large,deepseek,MoE,multi_file
deepseek_deepseek-v4-pro,deepseek-pro,deepseek/deepseek-v4-pro,12,none,2,Not possible to specify max_retries in v1.X?,be62645dd56580dd7576032b348cf79d880851d8,64043,3002,0.008163,9,34.0,submitted,51712,0.008163,0.03047,1.0,0.6667,0.8,False,False,2,3,4,DeepSeek-V4,large,deepseek,MoE,multi_file
deepseek_deepseek-v4-pro,deepseek-pro,deepseek/deepseek-v4-pro,12,none,3,Not possible to specify max_retries in v1.X?,be62645dd56580dd7576032b348cf79d880851d8,46049,2760,0.006033,7,28.27,submitted,38016,0.006033,0.022433,1.0,1.0,1.0,False,False,3,3,4,DeepSeek-V4,large,deepseek,MoE,multi_file
deepseek_deepseek-v4-pro,deepseek-pro,deepseek/deepseek-v4-pro,12,none,4,Not possible to specify max_retries in v1.X?,be62645dd56580dd7576032b348cf79d880851d8,30764,2033,0.005102,7,24.6,submitted,23296,0.005102,0.015151,1.0,0.6667,0.8,False,False,2,3,4,DeepSeek-V4,large,deepseek,MoE,multi_file
deepseek_deepseek-v4-pro,deepseek-pro,deepseek/deepseek-v4-pro,14,ast_compact,0,Authentication Handlers lost on redirect.,4683f169909857d663275346655975af7190fd62,180007,25806,0.02693,10,214.95,submitted,171136,0.02693,0.100754,0.3333,1.0,0.5,False,False,3,1,4,DeepSeek-V4,large,deepseek,MoE,single_file
deepseek_deepseek-v4-pro,deepseek-pro,deepseek/deepseek-v4-pro,14,ast_compact,1,Authentication Handlers lost on redirect.,4683f169909857d663275346655975af7190fd62,398891,37002,0.03962,13,307.13,submitted,385024,0.03962,0.205709,0.0,0.0,0.0,False,False,1,1,4,DeepSeek-V4,large,deepseek,MoE,single_file
deepseek_deepseek-v4-pro,deepseek-pro,deepseek/deepseek-v4-pro,14,ast_compact,2,Authentication Handlers lost on redirect.,4683f169909857d663275346655975af7190fd62,421323,44154,0.051514,20,374.35,max_turns,394496,0.051514,0.221689,0.5,1.0,0.6667,False,False,2,1,4,DeepSeek-V4,large,deepseek,MoE,single_file
deepseek_deepseek-v4-pro,deepseek-pro,deepseek/deepseek-v4-pro,14,ast_compact,3,Authentication Handlers lost on redirect.,4683f169909857d663275346655975af7190fd62,534049,33076,0.036358,18,288.96,submitted,520960,0.036358,0.261087,0.5,1.0,0.6667,False,False,2,1,4,DeepSeek-V4,large,deepseek,MoE,single_file
deepseek_deepseek-v4-pro,deepseek-pro,deepseek/deepseek-v4-pro,14,ast_compact,4,Authentication Handlers lost on redirect.,4683f169909857d663275346655975af7190fd62,227095,33679,0.034606,7,275.65,submitted,216704,0.034606,0.128087,0.5,1.0,0.6667,False,False,2,1,4,DeepSeek-V4,large,deepseek,MoE,single_file
deepseek_deepseek-v4-pro,deepseek-pro,deepseek/deepseek-v4-pro,14,ast,0,Authentication Handlers lost on redirect.,4683f169909857d663275346655975af7190fd62,197092,18093,0.021247,6,149.14,submitted,185984,0.021247,0.101476,0.0,0.0,0.0,False,False,1,1,4,DeepSeek-V4,large,deepseek,MoE,single_file
deepseek_deepseek-v4-pro,deepseek-pro,deepseek/deepseek-v4-pro,14,ast,1,Authentication Handlers lost on redirect.,4683f169909857d663275346655975af7190fd62,318642,16377,0.020284,11,145.07,submitted,307328,0.020284,0.152857,0.0,0.0,0.0,False,False,1,1,4,DeepSeek-V4,large,deepseek,MoE,single_file
deepseek_deepseek-v4-pro,deepseek-pro,deepseek/deepseek-v4-pro,14,ast,2,Authentication Handlers lost on redirect.,4683f169909857d663275346655975af7190fd62,246287,10858,0.014376,9,96.25,submitted,236928,0.014376,0.116581,0.0,0.0,0.0,False,False,1,1,4,DeepSeek-V4,large,deepseek,MoE,single_file
deepseek_deepseek-v4-pro,deepseek-pro,deepseek/deepseek-v4-pro,14,ast,3,Authentication Handlers lost on redirect.,4683f169909857d663275346655975af7190fd62,474531,25718,0.02665,15,217.74,submitted,468608,0.02665,0.228796,0.3333,1.0,0.5,False,False,3,1,4,DeepSeek-V4,large,deepseek,MoE,single_file
deepseek_deepseek-v4-pro,deepseek-pro,deepseek/deepseek-v4-pro,14,ast,4,Authentication Handlers lost on redirect.,4683f169909857d663275346655975af7190fd62,541943,21338,0.023617,20,190.74,submitted,534784,0.023617,0.254309,0.0,0.0,0.0,False,False,1,1,4,DeepSeek-V4,large,deepseek,MoE,single_file
deepseek_deepseek-v4-pro,deepseek-pro,deepseek/deepseek-v4-pro,14,none,0,Authentication Handlers lost on redirect.,4683f169909857d663275346655975af7190fd62,281191,32041,0.03932,13,265.91,submitted,257024,0.03932,0.150194,0.0,0.0,0.0,False,False,1,1,4,DeepSeek-V4,large,deepseek,MoE,single_file
deepseek_deepseek-v4-pro,deepseek-pro,deepseek/deepseek-v4-pro,14,none,1,Authentication Handlers lost on redirect.,4683f169909857d663275346655975af7190fd62,363550,35873,0.045185,20,316.47,max_turns,334208,0.045185,0.189354,0.5,1.0,0.6667,False,False,2,1,4,DeepSeek-V4,large,deepseek,MoE,single_file
deepseek_deepseek-v4-pro,deepseek-pro,deepseek/deepseek-v4-pro,14,none,2,Authentication Handlers lost on redirect.,4683f169909857d663275346655975af7190fd62,263938,14714,0.024471,12,137.55,submitted,239104,0.024471,0.127614,0.0,0.0,0.0,False,False,1,1,4,DeepSeek-V4,large,deepseek,MoE,single_file
deepseek_deepseek-v4-pro,deepseek-pro,deepseek/deepseek-v4-pro,14,none,3,Authentication Handlers lost on redirect.,4683f169909857d663275346655975af7190fd62,502824,34952,0.043623,15,299.76,submitted,476416,0.043623,0.249137,0.5,1.0,0.6667,False,False,2,1,4,DeepSeek-V4,large,deepseek,MoE,single_file
deepseek_deepseek-v4-pro,deepseek-pro,deepseek/deepseek-v4-pro,14,none,4,Authentication Handlers lost on redirect.,4683f169909857d663275346655975af7190fd62,204347,26832,0.033442,10,225.1,submitted,182656,0.033442,0.112235,0.5,1.0,0.6667,False,False,2,1,4,DeepSeek-V4,large,deepseek,MoE,single_file
deepseek_deepseek-v4-pro,deepseek-pro,deepseek/deepseek-v4-pro,15,ast_compact,0,Add header name to InvalidHeader exception message,1c2022cf868cb503815f34901ad8e85cf524d01a,30858,782,0.001349,4,10.96,submitted,29568,0.001349,0.014104,1.0,1.0,1.0,False,False,1,1,4,DeepSeek-V4,large,deepseek,MoE,single_file
deepseek_deepseek-v4-pro,deepseek-pro,deepseek/deepseek-v4-pro,15,ast_compact,1,Add header name to InvalidHeader exception message,1c2022cf868cb503815f34901ad8e85cf524d01a,22600,877,0.001262,3,10.66,submitted,21632,0.001262,0.010594,1.0,1.0,1.0,False,False,1,1,4,DeepSeek-V4,large,deepseek,MoE,single_file
deepseek_deepseek-v4-pro,deepseek-pro,deepseek/deepseek-v4-pro,15,ast_compact,2,Add header name to InvalidHeader exception message,1c2022cf868cb503815f34901ad8e85cf524d01a,22723,726,0.001129,3,8.95,submitted,21760,0.001129,0.010516,1.0,1.0,1.0,False,False,1,1,4,DeepSeek-V4,large,deepseek,MoE,single_file
deepseek_deepseek-v4-pro,deepseek-pro,deepseek/deepseek-v4-pro,15,ast_compact,3,Add header name to InvalidHeader exception message,1c2022cf868cb503815f34901ad8e85cf524d01a,30493,839,0.001184,4,9.96,submitted,29696,0.001184,0.013994,1.0,1.0,1.0,False,False,1,1,4,DeepSeek-V4,large,deepseek,MoE,single_file
deepseek_deepseek-v4-pro,deepseek-pro,deepseek/deepseek-v4-pro,15,ast_compact,4,Add header name to InvalidHeader exception message,1c2022cf868cb503815f34901ad8e85cf524d01a,22449,748,0.001029,3,9.34,submitted,21760,0.001029,0.010416,1.0,1.0,1.0,False,False,1,1,4,DeepSeek-V4,large,deepseek,MoE,single_file
deepseek_deepseek-v4-pro,deepseek-pro,deepseek/deepseek-v4-pro,15,ast,0,Add header name to InvalidHeader exception message,1c2022cf868cb503815f34901ad8e85cf524d01a,50833,431,0.000843,3,6.88,submitted,50176,0.000843,0.022487,1.0,1.0,1.0,False,False,1,1,4,DeepSeek-V4,large,deepseek,MoE,single_file
deepseek_deepseek-v4-pro,deepseek-pro,deepseek/deepseek-v4-pro,15,ast,1,Add header name to InvalidHeader exception message,1c2022cf868cb503815f34901ad8e85cf524d01a,33714,669,0.000891,2,7.65,submitted,33280,0.000891,0.015248,1.0,1.0,1.0,False,False,1,1,4,DeepSeek-V4,large,deepseek,MoE,single_file
deepseek_deepseek-v4-pro,deepseek-pro,deepseek/deepseek-v4-pro,15,ast,2,Add header name to InvalidHeader exception message,1c2022cf868cb503815f34901ad8e85cf524d01a,51089,611,0.000945,3,9.14,submitted,50560,0.000945,0.022755,1.0,1.0,1.0,False,False,1,1,4,DeepSeek-V4,large,deepseek,MoE,single_file
deepseek_deepseek-v4-pro,deepseek-pro,deepseek/deepseek-v4-pro,15,ast,3,Add header name to InvalidHeader exception message,1c2022cf868cb503815f34901ad8e85cf524d01a,51422,663,0.001135,3,9.24,submitted,50560,0.001135,0.022945,1.0,1.0,1.0,False,False,1,1,4,DeepSeek-V4,large,deepseek,MoE,single_file
deepseek_deepseek-v4-pro,deepseek-pro,deepseek/deepseek-v4-pro,15,ast,4,Add header name to InvalidHeader exception message,1c2022cf868cb503815f34901ad8e85cf524d01a,33703,584,0.000813,2,6.97,submitted,33280,0.000813,0.015169,1.0,1.0,1.0,False,False,1,1,4,DeepSeek-V4,large,deepseek,MoE,single_file
deepseek_deepseek-v4-pro,deepseek-pro,deepseek/deepseek-v4-pro,15,none,0,Add header name to InvalidHeader exception message,1c2022cf868cb503815f34901ad8e85cf524d01a,7168,750,0.00112,4,9.43,submitted,6144,0.00112,0.003771,1.0,1.0,1.0,False,False,1,1,4,DeepSeek-V4,large,deepseek,MoE,single_file
deepseek_deepseek-v4-pro,deepseek-pro,deepseek/deepseek-v4-pro,15,none,1,Add header name to InvalidHeader exception message,1c2022cf868cb503815f34901ad8e85cf524d01a,9665,828,0.00117,5,10.32,submitted,8704,0.00117,0.004925,1.0,1.0,1.0,False,False,1,1,4,DeepSeek-V4,large,deepseek,MoE,single_file
deepseek_deepseek-v4-pro,deepseek-pro,deepseek/deepseek-v4-pro,15,none,2,Add header name to InvalidHeader exception message,1c2022cf868cb503815f34901ad8e85cf524d01a,4925,448,0.000765,3,6.98,submitted,4096,0.000765,0.002532,1.0,1.0,1.0,False,False,1,1,4,DeepSeek-V4,large,deepseek,MoE,single_file
deepseek_deepseek-v4-pro,deepseek-pro,deepseek/deepseek-v4-pro,15,none,3,Add header name to InvalidHeader exception message,1c2022cf868cb503815f34901ad8e85cf524d01a,9301,636,0.001121,5,9.64,submitted,8064,0.001121,0.004599,1.0,1.0,1.0,False,False,1,1,4,DeepSeek-V4,large,deepseek,MoE,single_file
deepseek_deepseek-v4-pro,deepseek-pro,deepseek/deepseek-v4-pro,15,none,4,Add header name to InvalidHeader exception message,1c2022cf868cb503815f34901ad8e85cf524d01a,7110,769,0.001112,4,10.45,submitted,6144,0.001112,0.003762,1.0,1.0,1.0,False,False,1,1,4,DeepSeek-V4,large,deepseek,MoE,single_file
deepseek_deepseek-v4-pro,deepseek-pro,deepseek/deepseek-v4-pro,4,ast_compact,0,Requests doesn't catch requests.packages.urllib3.exceptions.ProxyError,9968a10fcfad7268b552808c4f8946eecafc956a,69256,2155,0.004504,7,24.79,submitted,63744,0.004504,0.032001,1.0,1.0,1.0,False,False,2,2,4,DeepSeek-V4,large,deepseek,MoE,multi_file
deepseek_deepseek-v4-pro,deepseek-pro,deepseek/deepseek-v4-pro,4,ast_compact,1,Requests doesn't catch requests.packages.urllib3.exceptions.ProxyError,9968a10fcfad7268b552808c4f8946eecafc956a,54798,2135,0.004216,6,21.9,submitted,49792,0.004216,0.025695,1.0,1.0,1.0,False,False,2,2,4,DeepSeek-V4,large,deepseek,MoE,multi_file
deepseek_deepseek-v4-pro,deepseek-pro,deepseek/deepseek-v4-pro,4,ast_compact,2,Requests doesn't catch requests.packages.urllib3.exceptions.ProxyError,9968a10fcfad7268b552808c4f8946eecafc956a,57850,1685,0.003771,6,19.0,submitted,52992,0.003771,0.026631,1.0,1.0,1.0,False,False,2,2,4,DeepSeek-V4,large,deepseek,MoE,multi_file
deepseek_deepseek-v4-pro,deepseek-pro,deepseek/deepseek-v4-pro,4,ast_compact,3,Requests doesn't catch requests.packages.urllib3.exceptions.ProxyError,9968a10fcfad7268b552808c4f8946eecafc956a,47395,1720,0.005383,4,17.6,submitted,38784,0.005383,0.022113,1.0,1.0,1.0,False,False,2,2,4,DeepSeek-V4,large,deepseek,MoE,multi_file
deepseek_deepseek-v4-pro,deepseek-pro,deepseek/deepseek-v4-pro,4,ast_compact,4,Requests doesn't catch requests.packages.urllib3.exceptions.ProxyError,9968a10fcfad7268b552808c4f8946eecafc956a,59291,2400,0.004634,6,25.03,submitted,53888,0.004634,0.02788,0.6667,1.0,0.8,False,False,3,2,4,DeepSeek-V4,large,deepseek,MoE,multi_file
deepseek_deepseek-v4-pro,deepseek-pro,deepseek/deepseek-v4-pro,4,ast,0,Requests doesn't catch requests.packages.urllib3.exceptions.ProxyError,9968a10fcfad7268b552808c4f8946eecafc956a,86877,2082,0.004541,5,20.72,submitted,81280,0.004541,0.039603,0.6667,1.0,0.8,False,False,3,2,4,DeepSeek-V4,large,deepseek,MoE,multi_file
deepseek_deepseek-v4-pro,deepseek-pro,deepseek/deepseek-v4-pro,4,ast,1,Requests doesn't catch requests.packages.urllib3.exceptions.ProxyError,9968a10fcfad7268b552808c4f8946eecafc956a,76293,2135,0.003185,5,23.1,submitted,73856,0.003185,0.035045,1.0,1.0,1.0,False,False,2,2,4,DeepSeek-V4,large,deepseek,MoE,multi_file
deepseek_deepseek-v4-pro,deepseek-pro,deepseek/deepseek-v4-pro,4,ast,2,Requests doesn't catch requests.packages.urllib3.exceptions.ProxyError,9968a10fcfad7268b552808c4f8946eecafc956a,106041,3318,0.00578,6,33.73,submitted,100224,0.00578,0.049014,1.0,0.5,0.6667,False,False,1,2,4,DeepSeek-V4,large,deepseek,MoE,multi_file
deepseek_deepseek-v4-pro,deepseek-pro,deepseek/deepseek-v4-pro,4,ast,3,Requests doesn't catch requests.packages.urllib3.exceptions.ProxyError,9968a10fcfad7268b552808c4f8946eecafc956a,103672,1561,0.003829,6,19.59,submitted,98816,0.003829,0.046455,1.0,1.0,1.0,False,False,2,2,4,DeepSeek-V4,large,deepseek,MoE,multi_file
deepseek_deepseek-v4-pro,deepseek-pro,deepseek/deepseek-v4-pro,4,ast,4,Requests doesn't catch requests.packages.urllib3.exceptions.ProxyError,9968a10fcfad7268b552808c4f8946eecafc956a,193863,2550,0.004664,12,35.28,submitted,189824,0.004664,0.086549,1.0,1.0,1.0,False,False,2,2,4,DeepSeek-V4,large,deepseek,MoE,multi_file
deepseek_deepseek-v4-pro,deepseek-pro,deepseek/deepseek-v4-pro,4,none,0,Requests doesn't catch requests.packages.urllib3.exceptions.ProxyError,9968a10fcfad7268b552808c4f8946eecafc956a,41766,2452,0.004786,9,35.88,submitted,35968,0.004786,0.020301,1.0,0.5,0.6667,False,False,1,2,4,DeepSeek-V4,large,deepseek,MoE,multi_file
deepseek_deepseek-v4-pro,deepseek-pro,deepseek/deepseek-v4-pro,4,none,1,Requests doesn't catch requests.packages.urllib3.exceptions.ProxyError,9968a10fcfad7268b552808c4f8946eecafc956a,149657,4495,0.011918,13,49.61,submitted,132352,0.011918,0.069011,0.6667,1.0,0.8,False,False,3,2,4,DeepSeek-V4,large,deepseek,MoE,multi_file
deepseek_deepseek-v4-pro,deepseek-pro,deepseek/deepseek-v4-pro,4,none,2,Requests doesn't catch requests.packages.urllib3.exceptions.ProxyError,9968a10fcfad7268b552808c4f8946eecafc956a,25730,1756,0.00372,7,21.26,submitted,20864,0.00372,0.01272,1.0,1.0,1.0,False,False,2,2,4,DeepSeek-V4,large,deepseek,MoE,multi_file
deepseek_deepseek-v4-pro,deepseek-pro,deepseek/deepseek-v4-pro,4,none,3,Requests doesn't catch requests.packages.urllib3.exceptions.ProxyError,9968a10fcfad7268b552808c4f8946eecafc956a,27095,2750,0.004626,7,28.56,submitted,22144,0.004626,0.014179,1.0,1.0,1.0,False,False,2,2,4,DeepSeek-V4,large,deepseek,MoE,multi_file
deepseek_deepseek-v4-pro,deepseek-pro,deepseek/deepseek-v4-pro,4,none,4,Requests doesn't catch requests.packages.urllib3.exceptions.ProxyError,9968a10fcfad7268b552808c4f8946eecafc956a,33061,1595,0.003898,8,19.87,submitted,27520,0.003898,0.015769,1.0,1.0,1.0,False,False,2,2,4,DeepSeek-V4,large,deepseek,MoE,multi_file
deepinfra_nvidia_Nemotron-3-Nano-30B-A3B,Nemotron-Nano-30B,deepinfra/nvidia/Nemotron-3-Nano-30B-A3B,0,ast_compact,0,AttributeError: 'NoneType' object has no attribute 'read',ccabcf1fca906bfa6b65a3189c1c41061e6c1042,117484,4353,0.0,13,41.34,submitted,0,0.006745,0.006745,1.0,1.0,1.0,False,False,1,1,5,Nemotron-3,small,deepinfra,MoE,single_file
deepinfra_nvidia_Nemotron-3-Nano-30B-A3B,Nemotron-Nano-30B,deepinfra/nvidia/Nemotron-3-Nano-30B-A3B,0,ast_compact,1,AttributeError: 'NoneType' object has no attribute 'read',ccabcf1fca906bfa6b65a3189c1c41061e6c1042,118042,6325,0.0,8,86.21,submitted,0,0.007167,0.007167,1.0,1.0,1.0,False,False,1,1,5,Nemotron-3,small,deepinfra,MoE,single_file
deepinfra_nvidia_Nemotron-3-Nano-30B-A3B,Nemotron-Nano-30B,deepinfra/nvidia/Nemotron-3-Nano-30B-A3B,0,ast_compact,2,AttributeError: 'NoneType' object has no attribute 'read',ccabcf1fca906bfa6b65a3189c1c41061e6c1042,206897,7672,0.0,20,74.52,max_turns,0,0.011879,0.011879,1.0,1.0,1.0,False,False,1,1,5,Nemotron-3,small,deepinfra,MoE,single_file
deepinfra_nvidia_Nemotron-3-Nano-30B-A3B,Nemotron-Nano-30B,deepinfra/nvidia/Nemotron-3-Nano-30B-A3B,0,ast_compact,3,AttributeError: 'NoneType' object has no attribute 'read',ccabcf1fca906bfa6b65a3189c1c41061e6c1042,245267,16846,0.0,16,212.02,submitted,0,0.015633,0.015633,1.0,1.0,1.0,False,False,1,1,5,Nemotron-3,small,deepinfra,MoE,single_file
deepinfra_nvidia_Nemotron-3-Nano-30B-A3B,Nemotron-Nano-30B,deepinfra/nvidia/Nemotron-3-Nano-30B-A3B,0,ast_compact,4,AttributeError: 'NoneType' object has no attribute 'read',ccabcf1fca906bfa6b65a3189c1c41061e6c1042,145036,6956,0.0,16,85.54,submitted,0,0.008643,0.008643,1.0,1.0,1.0,False,False,1,1,5,Nemotron-3,small,deepinfra,MoE,single_file
deepinfra_nvidia_Nemotron-3-Nano-30B-A3B,Nemotron-Nano-30B,deepinfra/nvidia/Nemotron-3-Nano-30B-A3B,0,ast,0,AttributeError: 'NoneType' object has no attribute 'read',ccabcf1fca906bfa6b65a3189c1c41061e6c1042,160431,4415,0.0,9,99.24,submitted,0,0.008905,0.008905,1.0,1.0,1.0,False,False,1,1,5,Nemotron-3,small,deepinfra,MoE,single_file
deepinfra_nvidia_Nemotron-3-Nano-30B-A3B,Nemotron-Nano-30B,deepinfra/nvidia/Nemotron-3-Nano-30B-A3B,0,ast,1,AttributeError: 'NoneType' object has no attribute 'read',ccabcf1fca906bfa6b65a3189c1c41061e6c1042,367740,5847,0.0,20,169.49,submitted,0,0.019556,0.019556,1.0,1.0,1.0,False,False,1,1,5,Nemotron-3,small,deepinfra,MoE,single_file
deepinfra_nvidia_Nemotron-3-Nano-30B-A3B,Nemotron-Nano-30B,deepinfra/nvidia/Nemotron-3-Nano-30B-A3B,0,ast,2,AttributeError: 'NoneType' object has no attribute 'read',ccabcf1fca906bfa6b65a3189c1c41061e6c1042,216079,7506,0.0,11,99.34,submitted,0,0.012305,0.012305,1.0,1.0,1.0,False,False,1,1,5,Nemotron-3,small,deepinfra,MoE,single_file
deepinfra_nvidia_Nemotron-3-Nano-30B-A3B,Nemotron-Nano-30B,deepinfra/nvidia/Nemotron-3-Nano-30B-A3B,0,ast,3,AttributeError: 'NoneType' object has no attribute 'read',ccabcf1fca906bfa6b65a3189c1c41061e6c1042,304433,12238,0.0,15,120.76,submitted,0,0.017669,0.017669,1.0,1.0,1.0,False,False,1,1,5,Nemotron-3,small,deepinfra,MoE,single_file
deepinfra_nvidia_Nemotron-3-Nano-30B-A3B,Nemotron-Nano-30B,deepinfra/nvidia/Nemotron-3-Nano-30B-A3B,0,ast,4,AttributeError: 'NoneType' object has no attribute 'read',ccabcf1fca906bfa6b65a3189c1c41061e6c1042,122985,2556,0.0,7,63.03,submitted,0,0.00666,0.00666,1.0,1.0,1.0,False,False,1,1,5,Nemotron-3,small,deepinfra,MoE,single_file
deepinfra_nvidia_Nemotron-3-Nano-30B-A3B,Nemotron-Nano-30B,deepinfra/nvidia/Nemotron-3-Nano-30B-A3B,0,none,0,AttributeError: 'NoneType' object has no attribute 'read',ccabcf1fca906bfa6b65a3189c1c41061e6c1042,55478,7269,0.0,20,71.73,max_turns,0,0.004228,0.004228,0.0,0.0,0.0,False,False,1,1,5,Nemotron-3,small,deepinfra,MoE,single_file
deepinfra_nvidia_Nemotron-3-Nano-30B-A3B,Nemotron-Nano-30B,deepinfra/nvidia/Nemotron-3-Nano-30B-A3B,0,none,1,AttributeError: 'NoneType' object has no attribute 'read',ccabcf1fca906bfa6b65a3189c1c41061e6c1042,49889,8853,0.0,19,90.65,submitted,0,0.004265,0.004265,0.0,0.0,0.0,False,False,1,1,5,Nemotron-3,small,deepinfra,MoE,single_file
deepinfra_nvidia_Nemotron-3-Nano-30B-A3B,Nemotron-Nano-30B,deepinfra/nvidia/Nemotron-3-Nano-30B-A3B,0,none,2,AttributeError: 'NoneType' object has no attribute 'read',ccabcf1fca906bfa6b65a3189c1c41061e6c1042,55308,8898,0.0,20,94.36,max_turns,0,0.004545,0.004545,0.0,0.0,0.0,False,True,0,1,5,Nemotron-3,small,deepinfra,MoE,single_file
deepinfra_nvidia_Nemotron-3-Nano-30B-A3B,Nemotron-Nano-30B,deepinfra/nvidia/Nemotron-3-Nano-30B-A3B,0,none,3,AttributeError: 'NoneType' object has no attribute 'read',ccabcf1fca906bfa6b65a3189c1c41061e6c1042,55492,8002,0.0,20,117.4,max_turns,0,0.004375,0.004375,0.0,0.0,0.0,False,True,0,1,5,Nemotron-3,small,deepinfra,MoE,single_file
deepinfra_nvidia_Nemotron-3-Nano-30B-A3B,Nemotron-Nano-30B,deepinfra/nvidia/Nemotron-3-Nano-30B-A3B,0,none,4,AttributeError: 'NoneType' object has no attribute 'read',ccabcf1fca906bfa6b65a3189c1c41061e6c1042,54392,6456,0.0,20,105.16,max_turns,0,0.004011,0.004011,0.0,0.0,0.0,False,True,0,1,5,Nemotron-3,small,deepinfra,MoE,single_file
deepinfra_nvidia_Nemotron-3-Nano-30B-A3B,Nemotron-Nano-30B,deepinfra/nvidia/Nemotron-3-Nano-30B-A3B,12,ast_compact,0,Not possible to specify max_retries in v1.X?,be62645dd56580dd7576032b348cf79d880851d8,230038,48689,0.0,20,551.31,max_turns,0,0.02124,0.02124,1.0,0.3333,0.5,False,False,1,3,5,Nemotron-3,small,deepinfra,MoE,multi_file
deepinfra_nvidia_Nemotron-3-Nano-30B-A3B,Nemotron-Nano-30B,deepinfra/nvidia/Nemotron-3-Nano-30B-A3B,12,ast_compact,1,Not possible to specify max_retries in v1.X?,be62645dd56580dd7576032b348cf79d880851d8,164219,11087,0.0,20,98.88,max_turns,0,0.010428,0.010428,0.0,0.0,0.0,False,True,0,3,5,Nemotron-3,small,deepinfra,MoE,multi_file
deepinfra_nvidia_Nemotron-3-Nano-30B-A3B,Nemotron-Nano-30B,deepinfra/nvidia/Nemotron-3-Nano-30B-A3B,12,ast_compact,2,Not possible to specify max_retries in v1.X?,be62645dd56580dd7576032b348cf79d880851d8,125602,37211,0.0,15,272.01,submitted,0,0.013722,0.013722,1.0,0.6667,0.8,False,False,2,3,5,Nemotron-3,small,deepinfra,MoE,multi_file
deepinfra_nvidia_Nemotron-3-Nano-30B-A3B,Nemotron-Nano-30B,deepinfra/nvidia/Nemotron-3-Nano-30B-A3B,12,ast_compact,3,Not possible to specify max_retries in v1.X?,be62645dd56580dd7576032b348cf79d880851d8,174968,19774,0.0,18,207.08,submitted,0,0.012703,0.012703,1.0,0.6667,0.8,False,False,2,3,5,Nemotron-3,small,deepinfra,MoE,multi_file
deepinfra_nvidia_Nemotron-3-Nano-30B-A3B,Nemotron-Nano-30B,deepinfra/nvidia/Nemotron-3-Nano-30B-A3B,12,ast_compact,4,Not possible to specify max_retries in v1.X?,be62645dd56580dd7576032b348cf79d880851d8,164360,7826,0.0,20,76.06,max_turns,0,0.009783,0.009783,0.0,0.0,0.0,False,True,0,3,5,Nemotron-3,small,deepinfra,MoE,multi_file
deepinfra_nvidia_Nemotron-3-Nano-30B-A3B,Nemotron-Nano-30B,deepinfra/nvidia/Nemotron-3-Nano-30B-A3B,12,ast,0,Not possible to specify max_retries in v1.X?,be62645dd56580dd7576032b348cf79d880851d8,135350,36791,0.0,10,409.11,submitted,0,0.014126,0.014126,1.0,0.6667,0.8,False,False,2,3,5,Nemotron-3,small,deepinfra,MoE,multi_file
deepinfra_nvidia_Nemotron-3-Nano-30B-A3B,Nemotron-Nano-30B,deepinfra/nvidia/Nemotron-3-Nano-30B-A3B,12,ast,1,Not possible to specify max_retries in v1.X?,be62645dd56580dd7576032b348cf79d880851d8,175800,4405,0.0,12,50.45,end_turn,0,0.009671,0.009671,0.4,0.6667,0.5,True,False,5,3,5,Nemotron-3,small,deepinfra,MoE,multi_file
deepinfra_nvidia_Nemotron-3-Nano-30B-A3B,Nemotron-Nano-30B,deepinfra/nvidia/Nemotron-3-Nano-30B-A3B,12,ast,2,Not possible to specify max_retries in v1.X?,be62645dd56580dd7576032b348cf79d880851d8,78845,2975,0.0,5,34.35,end_turn,0,0.004537,0.004537,1.0,0.3333,0.5,False,False,1,3,5,Nemotron-3,small,deepinfra,MoE,multi_file
deepinfra_nvidia_Nemotron-3-Nano-30B-A3B,Nemotron-Nano-30B,deepinfra/nvidia/Nemotron-3-Nano-30B-A3B,12,ast,3,Not possible to specify max_retries in v1.X?,be62645dd56580dd7576032b348cf79d880851d8,333596,18991,0.0,20,224.94,max_turns,0,0.020478,0.020478,1.0,0.6667,0.8,False,False,2,3,5,Nemotron-3,small,deepinfra,MoE,multi_file
deepinfra_nvidia_Nemotron-3-Nano-30B-A3B,Nemotron-Nano-30B,deepinfra/nvidia/Nemotron-3-Nano-30B-A3B,12,ast,4,Not possible to specify max_retries in v1.X?,be62645dd56580dd7576032b348cf79d880851d8,314070,10787,0.0,20,121.69,max_turns,0,0.017861,0.017861,0.0,0.0,0.0,False,True,0,3,5,Nemotron-3,small,deepinfra,MoE,multi_file
deepinfra_nvidia_Nemotron-3-Nano-30B-A3B,Nemotron-Nano-30B,deepinfra/nvidia/Nemotron-3-Nano-30B-A3B,12,none,0,Not possible to specify max_retries in v1.X?,be62645dd56580dd7576032b348cf79d880851d8,158257,23158,0.0,20,427.57,max_turns,0,0.012544,0.012544,1.0,0.6667,0.8,False,False,2,3,5,Nemotron-3,small,deepinfra,MoE,multi_file
deepinfra_nvidia_Nemotron-3-Nano-30B-A3B,Nemotron-Nano-30B,deepinfra/nvidia/Nemotron-3-Nano-30B-A3B,12,none,1,Not possible to specify max_retries in v1.X?,be62645dd56580dd7576032b348cf79d880851d8,142449,42070,0.0,20,463.67,max_turns,0,0.015536,0.015536,1.0,0.6667,0.8,False,False,2,3,5,Nemotron-3,small,deepinfra,MoE,multi_file
deepinfra_nvidia_Nemotron-3-Nano-30B-A3B,Nemotron-Nano-30B,deepinfra/nvidia/Nemotron-3-Nano-30B-A3B,12,none,2,Not possible to specify max_retries in v1.X?,be62645dd56580dd7576032b348cf79d880851d8,93316,18364,0.0,20,274.95,max_turns,0,0.008339,0.008339,1.0,0.3333,0.5,False,False,1,3,5,Nemotron-3,small,deepinfra,MoE,multi_file
deepinfra_nvidia_Nemotron-3-Nano-30B-A3B,Nemotron-Nano-30B,deepinfra/nvidia/Nemotron-3-Nano-30B-A3B,12,none,3,Not possible to specify max_retries in v1.X?,be62645dd56580dd7576032b348cf79d880851d8,77231,6699,0.0,20,129.67,max_turns,0,0.005201,0.005201,0.0,0.0,0.0,False,True,0,3,5,Nemotron-3,small,deepinfra,MoE,multi_file
deepinfra_nvidia_Nemotron-3-Nano-30B-A3B,Nemotron-Nano-30B,deepinfra/nvidia/Nemotron-3-Nano-30B-A3B,12,none,4,Not possible to specify max_retries in v1.X?,be62645dd56580dd7576032b348cf79d880851d8,81572,7157,0.0,20,70.53,max_turns,0,0.00551,0.00551,0.0,0.0,0.0,False,True,0,3,5,Nemotron-3,small,deepinfra,MoE,multi_file
deepinfra_nvidia_Nemotron-3-Nano-30B-A3B,Nemotron-Nano-30B,deepinfra/nvidia/Nemotron-3-Nano-30B-A3B,14,ast_compact,0,Authentication Handlers lost on redirect.,4683f169909857d663275346655975af7190fd62,110736,18704,0.0,11,336.22,submitted,0,0.009278,0.009278,0.5,1.0,0.6667,False,False,2,1,5,Nemotron-3,small,deepinfra,MoE,single_file
deepinfra_nvidia_Nemotron-3-Nano-30B-A3B,Nemotron-Nano-30B,deepinfra/nvidia/Nemotron-3-Nano-30B-A3B,14,ast_compact,1,Authentication Handlers lost on redirect.,4683f169909857d663275346655975af7190fd62,230030,41226,0.0,17,456.49,submitted,0,0.019747,0.019747,0.5,1.0,0.6667,False,False,2,1,5,Nemotron-3,small,deepinfra,MoE,single_file
deepinfra_nvidia_Nemotron-3-Nano-30B-A3B,Nemotron-Nano-30B,deepinfra/nvidia/Nemotron-3-Nano-30B-A3B,14,ast_compact,2,Authentication Handlers lost on redirect.,4683f169909857d663275346655975af7190fd62,209521,47752,0.0,17,511.9,submitted,0,0.020026,0.020026,0.5,1.0,0.6667,False,False,2,1,5,Nemotron-3,small,deepinfra,MoE,single_file
deepinfra_nvidia_Nemotron-3-Nano-30B-A3B,Nemotron-Nano-30B,deepinfra/nvidia/Nemotron-3-Nano-30B-A3B,14,ast_compact,3,Authentication Handlers lost on redirect.,4683f169909857d663275346655975af7190fd62,286542,33520,0.0,20,535.53,submitted,0,0.021031,0.021031,1.0,1.0,1.0,False,False,1,1,5,Nemotron-3,small,deepinfra,MoE,single_file
deepinfra_nvidia_Nemotron-3-Nano-30B-A3B,Nemotron-Nano-30B,deepinfra/nvidia/Nemotron-3-Nano-30B-A3B,14,ast_compact,4,Authentication Handlers lost on redirect.,4683f169909857d663275346655975af7190fd62,201863,24566,0.0,20,282.8,max_turns,0,0.015006,0.015006,0.0,0.0,0.0,False,True,0,1,5,Nemotron-3,small,deepinfra,MoE,single_file
deepinfra_nvidia_Nemotron-3-Nano-30B-A3B,Nemotron-Nano-30B,deepinfra/nvidia/Nemotron-3-Nano-30B-A3B,14,ast,0,Authentication Handlers lost on redirect.,4683f169909857d663275346655975af7190fd62,437884,42123,0.0,20,608.15,max_turns,0,0.030319,0.030319,0.0,0.0,0.0,False,True,0,1,5,Nemotron-3,small,deepinfra,MoE,single_file
deepinfra_nvidia_Nemotron-3-Nano-30B-A3B,Nemotron-Nano-30B,deepinfra/nvidia/Nemotron-3-Nano-30B-A3B,14,ast,1,Authentication Handlers lost on redirect.,4683f169909857d663275346655975af7190fd62,505204,116591,0.0,20,1584.6,max_turns,0,0.048578,0.048578,0.0,0.0,0.0,False,True,0,1,5,Nemotron-3,small,deepinfra,MoE,single_file
deepinfra_nvidia_Nemotron-3-Nano-30B-A3B,Nemotron-Nano-30B,deepinfra/nvidia/Nemotron-3-Nano-30B-A3B,14,ast,2,Authentication Handlers lost on redirect.,4683f169909857d663275346655975af7190fd62,400540,30950,0.0,20,392.24,max_turns,0,0.026217,0.026217,0.0,0.0,0.0,False,True,0,1,5,Nemotron-3,small,deepinfra,MoE,single_file
deepinfra_nvidia_Nemotron-3-Nano-30B-A3B,Nemotron-Nano-30B,deepinfra/nvidia/Nemotron-3-Nano-30B-A3B,14,ast,3,Authentication Handlers lost on redirect.,4683f169909857d663275346655975af7190fd62,427531,44245,0.0,20,563.71,max_turns,0,0.030226,0.030226,0.0,0.0,0.0,False,True,0,1,5,Nemotron-3,small,deepinfra,MoE,single_file
deepinfra_nvidia_Nemotron-3-Nano-30B-A3B,Nemotron-Nano-30B,deepinfra/nvidia/Nemotron-3-Nano-30B-A3B,14,ast,4,Authentication Handlers lost on redirect.,4683f169909857d663275346655975af7190fd62,377768,30727,0.0,20,412.91,submitted,0,0.025034,0.025034,0.5,1.0,0.6667,False,False,2,1,5,Nemotron-3,small,deepinfra,MoE,single_file
deepinfra_nvidia_Nemotron-3-Nano-30B-A3B,Nemotron-Nano-30B,deepinfra/nvidia/Nemotron-3-Nano-30B-A3B,14,none,0,Authentication Handlers lost on redirect.,4683f169909857d663275346655975af7190fd62,229419,26643,0.0,20,291.3,max_turns,0,0.0168,0.0168,0.5,1.0,0.6667,False,False,2,1,5,Nemotron-3,small,deepinfra,MoE,single_file
deepinfra_nvidia_Nemotron-3-Nano-30B-A3B,Nemotron-Nano-30B,deepinfra/nvidia/Nemotron-3-Nano-30B-A3B,14,none,1,Authentication Handlers lost on redirect.,4683f169909857d663275346655975af7190fd62,104982,60705,0.0,20,816.34,max_turns,0,0.01739,0.01739,1.0,1.0,1.0,False,False,1,1,5,Nemotron-3,small,deepinfra,MoE,single_file
deepinfra_nvidia_Nemotron-3-Nano-30B-A3B,Nemotron-Nano-30B,deepinfra/nvidia/Nemotron-3-Nano-30B-A3B,14,none,2,Authentication Handlers lost on redirect.,4683f169909857d663275346655975af7190fd62,244710,34799,0.0,20,504.69,max_turns,0,0.019195,0.019195,0.0,0.0,0.0,False,True,0,1,5,Nemotron-3,small,deepinfra,MoE,single_file
deepinfra_nvidia_Nemotron-3-Nano-30B-A3B,Nemotron-Nano-30B,deepinfra/nvidia/Nemotron-3-Nano-30B-A3B,14,none,3,Authentication Handlers lost on redirect.,4683f169909857d663275346655975af7190fd62,226298,49913,0.0,20,534.56,max_turns,0,0.021298,0.021298,0.0,0.0,0.0,False,True,0,1,5,Nemotron-3,small,deepinfra,MoE,single_file
deepinfra_nvidia_Nemotron-3-Nano-30B-A3B,Nemotron-Nano-30B,deepinfra/nvidia/Nemotron-3-Nano-30B-A3B,14,none,4,Authentication Handlers lost on redirect.,4683f169909857d663275346655975af7190fd62,10904,11615,0.0,6,132.5,submitted,0,0.002868,0.002868,1.0,1.0,1.0,False,False,1,1,5,Nemotron-3,small,deepinfra,MoE,single_file
deepinfra_nvidia_Nemotron-3-Nano-30B-A3B,Nemotron-Nano-30B,deepinfra/nvidia/Nemotron-3-Nano-30B-A3B,15,ast_compact,0,Add header name to InvalidHeader exception message,1c2022cf868cb503815f34901ad8e85cf524d01a,55861,1764,0.0,7,20.91,submitted,0,0.003146,0.003146,1.0,1.0,1.0,False,False,1,1,5,Nemotron-3,small,deepinfra,MoE,single_file
deepinfra_nvidia_Nemotron-3-Nano-30B-A3B,Nemotron-Nano-30B,deepinfra/nvidia/Nemotron-3-Nano-30B-A3B,15,ast_compact,1,Add header name to InvalidHeader exception message,1c2022cf868cb503815f34901ad8e85cf524d01a,63162,1880,0.0,6,23.68,submitted,0,0.003534,0.003534,1.0,1.0,1.0,False,False,1,1,5,Nemotron-3,small,deepinfra,MoE,single_file
deepinfra_nvidia_Nemotron-3-Nano-30B-A3B,Nemotron-Nano-30B,deepinfra/nvidia/Nemotron-3-Nano-30B-A3B,15,ast_compact,2,Add header name to InvalidHeader exception message,1c2022cf868cb503815f34901ad8e85cf524d01a,82310,1876,0.0,10,20.91,submitted,0,0.004491,0.004491,1.0,1.0,1.0,False,False,1,1,5,Nemotron-3,small,deepinfra,MoE,single_file
deepinfra_nvidia_Nemotron-3-Nano-30B-A3B,Nemotron-Nano-30B,deepinfra/nvidia/Nemotron-3-Nano-30B-A3B,15,ast_compact,3,Add header name to InvalidHeader exception message,1c2022cf868cb503815f34901ad8e85cf524d01a,47835,1689,0.0,6,24.68,submitted,0,0.00273,0.00273,1.0,1.0,1.0,False,False,1,1,5,Nemotron-3,small,deepinfra,MoE,single_file
deepinfra_nvidia_Nemotron-3-Nano-30B-A3B,Nemotron-Nano-30B,deepinfra/nvidia/Nemotron-3-Nano-30B-A3B,15,ast_compact,4,Add header name to InvalidHeader exception message,1c2022cf868cb503815f34901ad8e85cf524d01a,30085,1715,0.0,3,16.55,submitted,0,0.001847,0.001847,1.0,1.0,1.0,False,False,1,1,5,Nemotron-3,small,deepinfra,MoE,single_file
deepinfra_nvidia_Nemotron-3-Nano-30B-A3B,Nemotron-Nano-30B,deepinfra/nvidia/Nemotron-3-Nano-30B-A3B,15,ast,0,Add header name to InvalidHeader exception message,1c2022cf868cb503815f34901ad8e85cf524d01a,232237,6131,0.0,13,56.28,submitted,0,0.012838,0.012838,1.0,1.0,1.0,False,False,1,1,5,Nemotron-3,small,deepinfra,MoE,single_file
deepinfra_nvidia_Nemotron-3-Nano-30B-A3B,Nemotron-Nano-30B,deepinfra/nvidia/Nemotron-3-Nano-30B-A3B,15,ast,1,Add header name to InvalidHeader exception message,1c2022cf868cb503815f34901ad8e85cf524d01a,142920,3010,0.0,8,27.25,submitted,0,0.007748,0.007748,1.0,1.0,1.0,False,False,1,1,5,Nemotron-3,small,deepinfra,MoE,single_file
deepinfra_nvidia_Nemotron-3-Nano-30B-A3B,Nemotron-Nano-30B,deepinfra/nvidia/Nemotron-3-Nano-30B-A3B,15,ast,2,Add header name to InvalidHeader exception message,1c2022cf868cb503815f34901ad8e85cf524d01a,328651,10977,0.0,18,116.04,submitted,0,0.018628,0.018628,1.0,1.0,1.0,False,False,1,1,5,Nemotron-3,small,deepinfra,MoE,single_file
deepinfra_nvidia_Nemotron-3-Nano-30B-A3B,Nemotron-Nano-30B,deepinfra/nvidia/Nemotron-3-Nano-30B-A3B,15,ast,3,Add header name to InvalidHeader exception message,1c2022cf868cb503815f34901ad8e85cf524d01a,204127,5872,0.0,11,73.38,submitted,0,0.011381,0.011381,1.0,1.0,1.0,False,False,1,1,5,Nemotron-3,small,deepinfra,MoE,single_file
deepinfra_nvidia_Nemotron-3-Nano-30B-A3B,Nemotron-Nano-30B,deepinfra/nvidia/Nemotron-3-Nano-30B-A3B,15,ast,4,Add header name to InvalidHeader exception message,1c2022cf868cb503815f34901ad8e85cf524d01a,326804,3906,0.0,18,50.06,submitted,0,0.017121,0.017121,1.0,1.0,1.0,False,False,1,1,5,Nemotron-3,small,deepinfra,MoE,single_file
deepinfra_nvidia_Nemotron-3-Nano-30B-A3B,Nemotron-Nano-30B,deepinfra/nvidia/Nemotron-3-Nano-30B-A3B,15,none,0,Add header name to InvalidHeader exception message,1c2022cf868cb503815f34901ad8e85cf524d01a,27478,4566,0.0,12,51.88,submitted,0,0.002287,0.002287,1.0,1.0,1.0,False,False,1,1,5,Nemotron-3,small,deepinfra,MoE,single_file
deepinfra_nvidia_Nemotron-3-Nano-30B-A3B,Nemotron-Nano-30B,deepinfra/nvidia/Nemotron-3-Nano-30B-A3B,15,none,1,Add header name to InvalidHeader exception message,1c2022cf868cb503815f34901ad8e85cf524d01a,11017,1987,0.0,6,19.6,submitted,0,0.000948,0.000948,1.0,1.0,1.0,False,False,1,1,5,Nemotron-3,small,deepinfra,MoE,single_file
deepinfra_nvidia_Nemotron-3-Nano-30B-A3B,Nemotron-Nano-30B,deepinfra/nvidia/Nemotron-3-Nano-30B-A3B,15,none,2,Add header name to InvalidHeader exception message,1c2022cf868cb503815f34901ad8e85cf524d01a,13813,2011,0.0,7,26.59,submitted,0,0.001093,0.001093,1.0,1.0,1.0,False,False,1,1,5,Nemotron-3,small,deepinfra,MoE,single_file
deepinfra_nvidia_Nemotron-3-Nano-30B-A3B,Nemotron-Nano-30B,deepinfra/nvidia/Nemotron-3-Nano-30B-A3B,15,none,3,Add header name to InvalidHeader exception message,1c2022cf868cb503815f34901ad8e85cf524d01a,37510,3623,0.0,6,41.64,submitted,0,0.0026,0.0026,1.0,1.0,1.0,False,False,1,1,5,Nemotron-3,small,deepinfra,MoE,single_file
deepinfra_nvidia_Nemotron-3-Nano-30B-A3B,Nemotron-Nano-30B,deepinfra/nvidia/Nemotron-3-Nano-30B-A3B,15,none,4,Add header name to InvalidHeader exception message,1c2022cf868cb503815f34901ad8e85cf524d01a,12505,2522,0.0,7,21.84,submitted,0,0.00113,0.00113,1.0,1.0,1.0,False,False,1,1,5,Nemotron-3,small,deepinfra,MoE,single_file
deepinfra_nvidia_Nemotron-3-Nano-30B-A3B,Nemotron-Nano-30B,deepinfra/nvidia/Nemotron-3-Nano-30B-A3B,4,ast_compact,0,Requests doesn't catch requests.packages.urllib3.exceptions.ProxyError,9968a10fcfad7268b552808c4f8946eecafc956a,157935,5610,0.0,20,66.33,max_turns,0,0.009019,0.009019,0.0,0.0,0.0,False,True,0,2,5,Nemotron-3,small,deepinfra,MoE,multi_file
deepinfra_nvidia_Nemotron-3-Nano-30B-A3B,Nemotron-Nano-30B,deepinfra/nvidia/Nemotron-3-Nano-30B-A3B,4,ast_compact,1,Requests doesn't catch requests.packages.urllib3.exceptions.ProxyError,9968a10fcfad7268b552808c4f8946eecafc956a,131301,9384,0.0,16,86.66,submitted,0,0.008442,0.008442,1.0,0.5,0.6667,False,False,1,2,5,Nemotron-3,small,deepinfra,MoE,multi_file
deepinfra_nvidia_Nemotron-3-Nano-30B-A3B,Nemotron-Nano-30B,deepinfra/nvidia/Nemotron-3-Nano-30B-A3B,4,ast_compact,2,Requests doesn't catch requests.packages.urllib3.exceptions.ProxyError,9968a10fcfad7268b552808c4f8946eecafc956a,138988,13943,0.0,16,180.69,submitted,0,0.009738,0.009738,1.0,0.5,0.6667,False,False,1,2,5,Nemotron-3,small,deepinfra,MoE,multi_file
deepinfra_nvidia_Nemotron-3-Nano-30B-A3B,Nemotron-Nano-30B,deepinfra/nvidia/Nemotron-3-Nano-30B-A3B,4,ast_compact,3,Requests doesn't catch requests.packages.urllib3.exceptions.ProxyError,9968a10fcfad7268b552808c4f8946eecafc956a,158145,21845,0.0,17,340.71,end_turn,0,0.012276,0.012276,1.0,1.0,1.0,False,False,2,2,5,Nemotron-3,small,deepinfra,MoE,multi_file
deepinfra_nvidia_Nemotron-3-Nano-30B-A3B,Nemotron-Nano-30B,deepinfra/nvidia/Nemotron-3-Nano-30B-A3B,4,ast_compact,4,Requests doesn't catch requests.packages.urllib3.exceptions.ProxyError,9968a10fcfad7268b552808c4f8946eecafc956a,159496,19062,0.0,19,251.79,submitted,0,0.011787,0.011787,1.0,0.5,0.6667,False,False,1,2,5,Nemotron-3,small,deepinfra,MoE,multi_file
deepinfra_nvidia_Nemotron-3-Nano-30B-A3B,Nemotron-Nano-30B,deepinfra/nvidia/Nemotron-3-Nano-30B-A3B,4,ast,0,Requests doesn't catch requests.packages.urllib3.exceptions.ProxyError,9968a10fcfad7268b552808c4f8946eecafc956a,352106,29732,0.0,18,338.37,submitted,0,0.023552,0.023552,1.0,0.5,0.6667,False,False,1,2,5,Nemotron-3,small,deepinfra,MoE,multi_file
deepinfra_nvidia_Nemotron-3-Nano-30B-A3B,Nemotron-Nano-30B,deepinfra/nvidia/Nemotron-3-Nano-30B-A3B,4,ast,1,Requests doesn't catch requests.packages.urllib3.exceptions.ProxyError,9968a10fcfad7268b552808c4f8946eecafc956a,322748,8518,0.0,20,117.58,max_turns,0,0.017841,0.017841,0.0,0.0,0.0,False,True,0,2,5,Nemotron-3,small,deepinfra,MoE,multi_file
deepinfra_nvidia_Nemotron-3-Nano-30B-A3B,Nemotron-Nano-30B,deepinfra/nvidia/Nemotron-3-Nano-30B-A3B,4,ast,2,Requests doesn't catch requests.packages.urllib3.exceptions.ProxyError,9968a10fcfad7268b552808c4f8946eecafc956a,378044,7752,0.0,20,121.44,max_turns,0,0.020453,0.020453,0.0,0.0,0.0,False,True,0,2,5,Nemotron-3,small,deepinfra,MoE,multi_file
deepinfra_nvidia_Nemotron-3-Nano-30B-A3B,Nemotron-Nano-30B,deepinfra/nvidia/Nemotron-3-Nano-30B-A3B,4,ast,3,Requests doesn't catch requests.packages.urllib3.exceptions.ProxyError,9968a10fcfad7268b552808c4f8946eecafc956a,327864,17083,0.0,20,310.78,max_turns,0,0.01981,0.01981,1.0,1.0,1.0,False,False,2,2,5,Nemotron-3,small,deepinfra,MoE,multi_file
deepinfra_nvidia_Nemotron-3-Nano-30B-A3B,Nemotron-Nano-30B,deepinfra/nvidia/Nemotron-3-Nano-30B-A3B,4,ast,4,Requests doesn't catch requests.packages.urllib3.exceptions.ProxyError,9968a10fcfad7268b552808c4f8946eecafc956a,391342,28135,0.0,20,356.61,max_turns,0,0.025194,0.025194,0.0,0.0,0.0,False,True,0,2,5,Nemotron-3,small,deepinfra,MoE,multi_file
deepinfra_nvidia_Nemotron-3-Nano-30B-A3B,Nemotron-Nano-30B,deepinfra/nvidia/Nemotron-3-Nano-30B-A3B,4,none,0,Requests doesn't catch requests.packages.urllib3.exceptions.ProxyError,9968a10fcfad7268b552808c4f8946eecafc956a,44218,6230,0.0,11,53.52,submitted,0,0.003457,0.003457,1.0,0.5,0.6667,False,False,1,2,5,Nemotron-3,small,deepinfra,MoE,multi_file
deepinfra_nvidia_Nemotron-3-Nano-30B-A3B,Nemotron-Nano-30B,deepinfra/nvidia/Nemotron-3-Nano-30B-A3B,4,none,1,Requests doesn't catch requests.packages.urllib3.exceptions.ProxyError,9968a10fcfad7268b552808c4f8946eecafc956a,122507,25787,0.0,20,188.59,submitted,0,0.011283,0.011283,1.0,1.0,1.0,False,False,2,2,5,Nemotron-3,small,deepinfra,MoE,multi_file
deepinfra_nvidia_Nemotron-3-Nano-30B-A3B,Nemotron-Nano-30B,deepinfra/nvidia/Nemotron-3-Nano-30B-A3B,4,none,2,Requests doesn't catch requests.packages.urllib3.exceptions.ProxyError,9968a10fcfad7268b552808c4f8946eecafc956a,39650,4402,0.0,14,68.7,submitted,0,0.002863,0.002863,1.0,0.5,0.6667,False,False,1,2,5,Nemotron-3,small,deepinfra,MoE,multi_file
deepinfra_nvidia_Nemotron-3-Nano-30B-A3B,Nemotron-Nano-30B,deepinfra/nvidia/Nemotron-3-Nano-30B-A3B,4,none,3,Requests doesn't catch requests.packages.urllib3.exceptions.ProxyError,9968a10fcfad7268b552808c4f8946eecafc956a,66877,14168,0.0,15,188.21,submitted,0,0.006177,0.006177,1.0,0.5,0.6667,False,False,1,2,5,Nemotron-3,small,deepinfra,MoE,multi_file
deepinfra_nvidia_Nemotron-3-Nano-30B-A3B,Nemotron-Nano-30B,deepinfra/nvidia/Nemotron-3-Nano-30B-A3B,4,none,4,Requests doesn't catch requests.packages.urllib3.exceptions.ProxyError,9968a10fcfad7268b552808c4f8946eecafc956a,53857,7440,0.0,20,98.32,max_turns,0,0.004181,0.004181,0.0,0.0,0.0,False,True,0,2,5,Nemotron-3,small,deepinfra,MoE,multi_file
deepinfra_nvidia_NVIDIA-Nemotron-3-Super-120B-A12B,Nemotron-Super-120B,deepinfra/nvidia/NVIDIA-Nemotron-3-Super-120B-A12B,0,ast_compact,0,AttributeError: 'NoneType' object has no attribute 'read',ccabcf1fca906bfa6b65a3189c1c41061e6c1042,18167,3998,0.0,2,82.51,submitted,0,0.003143,0.003143,1.0,1.0,1.0,False,False,1,1,5,Nemotron-3,large,deepinfra,MoE,single_file
deepinfra_nvidia_NVIDIA-Nemotron-3-Super-120B-A12B,Nemotron-Super-120B,deepinfra/nvidia/NVIDIA-Nemotron-3-Super-120B-A12B,0,ast_compact,1,AttributeError: 'NoneType' object has no attribute 'read',ccabcf1fca906bfa6b65a3189c1c41061e6c1042,43853,10380,0.0,5,215.99,submitted,0,0.00788,0.00788,1.0,1.0,1.0,False,False,1,1,5,Nemotron-3,large,deepinfra,MoE,single_file
deepinfra_nvidia_NVIDIA-Nemotron-3-Super-120B-A12B,Nemotron-Super-120B,deepinfra/nvidia/NVIDIA-Nemotron-3-Super-120B-A12B,0,ast_compact,2,AttributeError: 'NoneType' object has no attribute 'read',ccabcf1fca906bfa6b65a3189c1c41061e6c1042,62012,12788,0.0,7,126.63,submitted,0,0.010386,0.010386,0.0,0.0,0.0,False,True,0,1,5,Nemotron-3,large,deepinfra,MoE,single_file
deepinfra_nvidia_NVIDIA-Nemotron-3-Super-120B-A12B,Nemotron-Super-120B,deepinfra/nvidia/NVIDIA-Nemotron-3-Super-120B-A12B,0,ast_compact,3,AttributeError: 'NoneType' object has no attribute 'read',ccabcf1fca906bfa6b65a3189c1c41061e6c1042,44602,12604,0.0,5,213.89,submitted,0,0.008833,0.008833,1.0,1.0,1.0,False,False,1,1,5,Nemotron-3,large,deepinfra,MoE,single_file
deepinfra_nvidia_NVIDIA-Nemotron-3-Super-120B-A12B,Nemotron-Super-120B,deepinfra/nvidia/NVIDIA-Nemotron-3-Super-120B-A12B,0,ast_compact,4,AttributeError: 'NoneType' object has no attribute 'read',ccabcf1fca906bfa6b65a3189c1c41061e6c1042,138652,26292,0.0,14,573.96,submitted,0,0.022302,0.022302,1.0,1.0,1.0,False,False,1,1,5,Nemotron-3,large,deepinfra,MoE,single_file
deepinfra_nvidia_NVIDIA-Nemotron-3-Super-120B-A12B,Nemotron-Super-120B,deepinfra/nvidia/NVIDIA-Nemotron-3-Super-120B-A12B,0,ast,0,AttributeError: 'NoneType' object has no attribute 'read',ccabcf1fca906bfa6b65a3189c1c41061e6c1042,147528,12993,0.0,8,252.86,submitted,0,0.017737,0.017737,1.0,1.0,1.0,False,False,1,1,5,Nemotron-3,large,deepinfra,MoE,single_file
deepinfra_nvidia_NVIDIA-Nemotron-3-Super-120B-A12B,Nemotron-Super-120B,deepinfra/nvidia/NVIDIA-Nemotron-3-Super-120B-A12B,0,ast,1,AttributeError: 'NoneType' object has no attribute 'read',ccabcf1fca906bfa6b65a3189c1c41061e6c1042,107860,11205,0.0,6,242.81,submitted,0,0.01365,0.01365,0.0,0.0,0.0,False,True,0,1,5,Nemotron-3,large,deepinfra,MoE,single_file
deepinfra_nvidia_NVIDIA-Nemotron-3-Super-120B-A12B,Nemotron-Super-120B,deepinfra/nvidia/NVIDIA-Nemotron-3-Super-120B-A12B,0,ast,2,AttributeError: 'NoneType' object has no attribute 'read',ccabcf1fca906bfa6b65a3189c1c41061e6c1042,41250,6020,0.0,2,168.48,submitted,0,0.005914,0.005914,1.0,1.0,1.0,False,False,1,1,5,Nemotron-3,large,deepinfra,MoE,single_file
deepinfra_nvidia_NVIDIA-Nemotron-3-Super-120B-A12B,Nemotron-Super-120B,deepinfra/nvidia/NVIDIA-Nemotron-3-Super-120B-A12B,0,ast,3,AttributeError: 'NoneType' object has no attribute 'read',ccabcf1fca906bfa6b65a3189c1c41061e6c1042,17027,6170,0.0,1,120.25,submitted,0,0.003915,0.003915,1.0,1.0,1.0,False,False,1,1,5,Nemotron-3,large,deepinfra,MoE,single_file
deepinfra_nvidia_NVIDIA-Nemotron-3-Super-120B-A12B,Nemotron-Super-120B,deepinfra/nvidia/NVIDIA-Nemotron-3-Super-120B-A12B,0,ast,4,AttributeError: 'NoneType' object has no attribute 'read',ccabcf1fca906bfa6b65a3189c1c41061e6c1042,108362,11229,0.0,6,193.56,submitted,0,0.013702,0.013702,1.0,1.0,1.0,False,False,1,1,5,Nemotron-3,large,deepinfra,MoE,single_file
deepinfra_nvidia_NVIDIA-Nemotron-3-Super-120B-A12B,Nemotron-Super-120B,deepinfra/nvidia/NVIDIA-Nemotron-3-Super-120B-A12B,0,none,0,AttributeError: 'NoneType' object has no attribute 'read',ccabcf1fca906bfa6b65a3189c1c41061e6c1042,112502,33134,0.0,10,265.2,end_turn,0,0.022816,0.022816,1.0,1.0,1.0,False,False,1,1,5,Nemotron-3,large,deepinfra,MoE,single_file
deepinfra_nvidia_NVIDIA-Nemotron-3-Super-120B-A12B,Nemotron-Super-120B,deepinfra/nvidia/NVIDIA-Nemotron-3-Super-120B-A12B,0,none,1,AttributeError: 'NoneType' object has no attribute 'read',ccabcf1fca906bfa6b65a3189c1c41061e6c1042,33350,9344,0.0,6,66.17,submitted,0,0.006572,0.006572,1.0,1.0,1.0,False,False,1,1,5,Nemotron-3,large,deepinfra,MoE,single_file
deepinfra_nvidia_NVIDIA-Nemotron-3-Super-120B-A12B,Nemotron-Super-120B,deepinfra/nvidia/NVIDIA-Nemotron-3-Super-120B-A12B,0,none,2,AttributeError: 'NoneType' object has no attribute 'read',ccabcf1fca906bfa6b65a3189c1c41061e6c1042,17860,4092,0.0,5,63.49,submitted,0,0.003155,0.003155,1.0,1.0,1.0,False,False,1,1,5,Nemotron-3,large,deepinfra,MoE,single_file
deepinfra_nvidia_NVIDIA-Nemotron-3-Super-120B-A12B,Nemotron-Super-120B,deepinfra/nvidia/NVIDIA-Nemotron-3-Super-120B-A12B,0,none,3,AttributeError: 'NoneType' object has no attribute 'read',ccabcf1fca906bfa6b65a3189c1c41061e6c1042,15668,5495,0.0,4,114.43,submitted,0,0.00353,0.00353,1.0,1.0,1.0,False,False,1,1,5,Nemotron-3,large,deepinfra,MoE,single_file
deepinfra_nvidia_NVIDIA-Nemotron-3-Super-120B-A12B,Nemotron-Super-120B,deepinfra/nvidia/NVIDIA-Nemotron-3-Super-120B-A12B,0,none,4,AttributeError: 'NoneType' object has no attribute 'read',ccabcf1fca906bfa6b65a3189c1c41061e6c1042,58168,17800,0.0,11,404.32,end_turn,0,0.012064,0.012064,1.0,1.0,1.0,False,False,1,1,5,Nemotron-3,large,deepinfra,MoE,single_file
deepinfra_nvidia_NVIDIA-Nemotron-3-Super-120B-A12B,Nemotron-Super-120B,deepinfra/nvidia/NVIDIA-Nemotron-3-Super-120B-A12B,12,ast_compact,0,Not possible to specify max_retries in v1.X?,be62645dd56580dd7576032b348cf79d880851d8,51703,9700,0.0,6,136.19,submitted,0,0.008275,0.008275,1.0,0.6667,0.8,False,False,2,3,5,Nemotron-3,large,deepinfra,MoE,multi_file
deepinfra_nvidia_NVIDIA-Nemotron-3-Super-120B-A12B,Nemotron-Super-120B,deepinfra/nvidia/NVIDIA-Nemotron-3-Super-120B-A12B,12,ast_compact,1,Not possible to specify max_retries in v1.X?,be62645dd56580dd7576032b348cf79d880851d8,26808,7390,0.0,4,51.33,submitted,0,0.005235,0.005235,1.0,0.3333,0.5,False,False,1,3,5,Nemotron-3,large,deepinfra,MoE,multi_file
deepinfra_nvidia_NVIDIA-Nemotron-3-Super-120B-A12B,Nemotron-Super-120B,deepinfra/nvidia/NVIDIA-Nemotron-3-Super-120B-A12B,12,ast_compact,2,Not possible to specify max_retries in v1.X?,be62645dd56580dd7576032b348cf79d880851d8,45999,8897,0.0,4,153.11,end_turn,0,0.007469,0.007469,1.0,0.6667,0.8,True,False,2,3,5,Nemotron-3,large,deepinfra,MoE,multi_file
deepinfra_nvidia_NVIDIA-Nemotron-3-Super-120B-A12B,Nemotron-Super-120B,deepinfra/nvidia/NVIDIA-Nemotron-3-Super-120B-A12B,12,ast_compact,3,Not possible to specify max_retries in v1.X?,be62645dd56580dd7576032b348cf79d880851d8,51716,9286,0.0,6,259.08,submitted,0,0.00811,0.00811,1.0,0.6667,0.8,False,False,2,3,5,Nemotron-3,large,deepinfra,MoE,multi_file
deepinfra_nvidia_NVIDIA-Nemotron-3-Super-120B-A12B,Nemotron-Super-120B,deepinfra/nvidia/NVIDIA-Nemotron-3-Super-120B-A12B,12,ast_compact,4,Not possible to specify max_retries in v1.X?,be62645dd56580dd7576032b348cf79d880851d8,40834,6460,0.0,5,49.73,submitted,0,0.006055,0.006055,1.0,0.6667,0.8,False,False,2,3,5,Nemotron-3,large,deepinfra,MoE,multi_file
deepinfra_nvidia_NVIDIA-Nemotron-3-Super-120B-A12B,Nemotron-Super-120B,deepinfra/nvidia/NVIDIA-Nemotron-3-Super-120B-A12B,12,ast,0,Not possible to specify max_retries in v1.X?,be62645dd56580dd7576032b348cf79d880851d8,91795,5041,0.0,6,106.84,submitted,0,0.009819,0.009819,1.0,0.3333,0.5,False,False,1,3,5,Nemotron-3,large,deepinfra,MoE,multi_file
deepinfra_nvidia_NVIDIA-Nemotron-3-Super-120B-A12B,Nemotron-Super-120B,deepinfra/nvidia/NVIDIA-Nemotron-3-Super-120B-A12B,12,ast,1,Not possible to specify max_retries in v1.X?,be62645dd56580dd7576032b348cf79d880851d8,64230,5173,0.0,4,117.31,submitted,0,0.007529,0.007529,1.0,0.6667,0.8,False,False,2,3,5,Nemotron-3,large,deepinfra,MoE,multi_file
deepinfra_nvidia_NVIDIA-Nemotron-3-Super-120B-A12B,Nemotron-Super-120B,deepinfra/nvidia/NVIDIA-Nemotron-3-Super-120B-A12B,12,ast,2,Not possible to specify max_retries in v1.X?,be62645dd56580dd7576032b348cf79d880851d8,135632,9696,0.0,9,79.62,submitted,0,0.015407,0.015407,1.0,0.6667,0.8,False,False,2,3,5,Nemotron-3,large,deepinfra,MoE,multi_file
deepinfra_nvidia_NVIDIA-Nemotron-3-Super-120B-A12B,Nemotron-Super-120B,deepinfra/nvidia/NVIDIA-Nemotron-3-Super-120B-A12B,12,ast,3,Not possible to specify max_retries in v1.X?,be62645dd56580dd7576032b348cf79d880851d8,77583,7713,0.0,5,90.47,submitted,0,0.00968,0.00968,1.0,0.6667,0.8,False,False,2,3,5,Nemotron-3,large,deepinfra,MoE,multi_file
deepinfra_nvidia_NVIDIA-Nemotron-3-Super-120B-A12B,Nemotron-Super-120B,deepinfra/nvidia/NVIDIA-Nemotron-3-Super-120B-A12B,12,ast,4,Not possible to specify max_retries in v1.X?,be62645dd56580dd7576032b348cf79d880851d8,116776,14627,0.0,7,445.17,submitted,0,0.015777,0.015777,1.0,0.6667,0.8,False,False,2,3,5,Nemotron-3,large,deepinfra,MoE,multi_file
deepinfra_nvidia_NVIDIA-Nemotron-3-Super-120B-A12B,Nemotron-Super-120B,deepinfra/nvidia/NVIDIA-Nemotron-3-Super-120B-A12B,12,none,0,Not possible to specify max_retries in v1.X?,be62645dd56580dd7576032b348cf79d880851d8,77530,19080,0.0,15,200.55,submitted,0,0.014222,0.014222,1.0,0.6667,0.8,False,False,2,3,5,Nemotron-3,large,deepinfra,MoE,multi_file
deepinfra_nvidia_NVIDIA-Nemotron-3-Super-120B-A12B,Nemotron-Super-120B,deepinfra/nvidia/NVIDIA-Nemotron-3-Super-120B-A12B,12,none,1,Not possible to specify max_retries in v1.X?,be62645dd56580dd7576032b348cf79d880851d8,60340,13751,0.0,11,161.05,submitted,0,0.010629,0.010629,1.0,0.6667,0.8,False,False,2,3,5,Nemotron-3,large,deepinfra,MoE,multi_file
deepinfra_nvidia_NVIDIA-Nemotron-3-Super-120B-A12B,Nemotron-Super-120B,deepinfra/nvidia/NVIDIA-Nemotron-3-Super-120B-A12B,12,none,2,Not possible to specify max_retries in v1.X?,be62645dd56580dd7576032b348cf79d880851d8,19845,7474,0.0,7,112.5,submitted,0,0.004676,0.004676,1.0,0.6667,0.8,False,False,2,3,5,Nemotron-3,large,deepinfra,MoE,multi_file
deepinfra_nvidia_NVIDIA-Nemotron-3-Super-120B-A12B,Nemotron-Super-120B,deepinfra/nvidia/NVIDIA-Nemotron-3-Super-120B-A12B,12,none,3,Not possible to specify max_retries in v1.X?,be62645dd56580dd7576032b348cf79d880851d8,21135,6768,0.0,8,173.17,submitted,0,0.004504,0.004504,1.0,0.6667,0.8,False,False,2,3,5,Nemotron-3,large,deepinfra,MoE,multi_file
deepinfra_nvidia_NVIDIA-Nemotron-3-Super-120B-A12B,Nemotron-Super-120B,deepinfra/nvidia/NVIDIA-Nemotron-3-Super-120B-A12B,12,none,4,Not possible to specify max_retries in v1.X?,be62645dd56580dd7576032b348cf79d880851d8,41383,10529,0.0,9,75.39,submitted,0,0.007729,0.007729,1.0,0.6667,0.8,False,False,2,3,5,Nemotron-3,large,deepinfra,MoE,multi_file
deepinfra_nvidia_NVIDIA-Nemotron-3-Super-120B-A12B,Nemotron-Super-120B,deepinfra/nvidia/NVIDIA-Nemotron-3-Super-120B-A12B,14,ast_compact,0,Authentication Handlers lost on redirect.,4683f169909857d663275346655975af7190fd62,72033,15186,0.0,4,195.52,end_turn,0,0.012197,0.012197,0.0,0.0,0.0,False,False,1,1,5,Nemotron-3,large,deepinfra,MoE,single_file
deepinfra_nvidia_NVIDIA-Nemotron-3-Super-120B-A12B,Nemotron-Super-120B,deepinfra/nvidia/NVIDIA-Nemotron-3-Super-120B-A12B,14,ast_compact,1,Authentication Handlers lost on redirect.,4683f169909857d663275346655975af7190fd62,30809,11242,0.0,4,185.36,submitted,0,0.007116,0.007116,0.0,0.0,0.0,False,False,1,1,5,Nemotron-3,large,deepinfra,MoE,single_file
deepinfra_nvidia_NVIDIA-Nemotron-3-Super-120B-A12B,Nemotron-Super-120B,deepinfra/nvidia/NVIDIA-Nemotron-3-Super-120B-A12B,14,ast_compact,2,Authentication Handlers lost on redirect.,4683f169909857d663275346655975af7190fd62,58789,26801,0.0,5,367.16,submitted,0,0.015717,0.015717,1.0,1.0,1.0,False,False,1,1,5,Nemotron-3,large,deepinfra,MoE,single_file
deepinfra_nvidia_NVIDIA-Nemotron-3-Super-120B-A12B,Nemotron-Super-120B,deepinfra/nvidia/NVIDIA-Nemotron-3-Super-120B-A12B,14,ast_compact,3,Authentication Handlers lost on redirect.,4683f169909857d663275346655975af7190fd62,85735,27574,0.0,9,733.9,submitted,0,0.018317,0.018317,0.0,0.0,0.0,False,False,1,1,5,Nemotron-3,large,deepinfra,MoE,single_file
deepinfra_nvidia_NVIDIA-Nemotron-3-Super-120B-A12B,Nemotron-Super-120B,deepinfra/nvidia/NVIDIA-Nemotron-3-Super-120B-A12B,14,ast_compact,4,Authentication Handlers lost on redirect.,4683f169909857d663275346655975af7190fd62,21797,7736,0.0,3,165.98,submitted,0,0.004947,0.004947,0.0,0.0,0.0,False,False,1,1,5,Nemotron-3,large,deepinfra,MoE,single_file
deepinfra_nvidia_NVIDIA-Nemotron-3-Super-120B-A12B,Nemotron-Super-120B,deepinfra/nvidia/NVIDIA-Nemotron-3-Super-120B-A12B,14,ast,0,Authentication Handlers lost on redirect.,4683f169909857d663275346655975af7190fd62,38326,2900,0.0,2,80.35,submitted,0,0.004418,0.004418,0.0,0.0,0.0,False,False,1,1,5,Nemotron-3,large,deepinfra,MoE,single_file
deepinfra_nvidia_NVIDIA-Nemotron-3-Super-120B-A12B,Nemotron-Super-120B,deepinfra/nvidia/NVIDIA-Nemotron-3-Super-120B-A12B,14,ast,1,Authentication Handlers lost on redirect.,4683f169909857d663275346655975af7190fd62,38326,10032,0.0,2,121.36,submitted,0,0.007271,0.007271,0.0,0.0,0.0,False,False,1,1,5,Nemotron-3,large,deepinfra,MoE,single_file
deepinfra_nvidia_NVIDIA-Nemotron-3-Super-120B-A12B,Nemotron-Super-120B,deepinfra/nvidia/NVIDIA-Nemotron-3-Super-120B-A12B,14,ast,2,Authentication Handlers lost on redirect.,4683f169909857d663275346655975af7190fd62,67209,7722,0.0,4,59.17,submitted,0,0.008802,0.008802,0.0,0.0,0.0,False,False,1,1,5,Nemotron-3,large,deepinfra,MoE,single_file
deepinfra_nvidia_NVIDIA-Nemotron-3-Super-120B-A12B,Nemotron-Super-120B,deepinfra/nvidia/NVIDIA-Nemotron-3-Super-120B-A12B,14,ast,3,Authentication Handlers lost on redirect.,4683f169909857d663275346655975af7190fd62,51731,12171,0.0,3,295.46,submitted,0,0.009266,0.009266,1.0,1.0,1.0,False,False,1,1,5,Nemotron-3,large,deepinfra,MoE,single_file
deepinfra_nvidia_NVIDIA-Nemotron-3-Super-120B-A12B,Nemotron-Super-120B,deepinfra/nvidia/NVIDIA-Nemotron-3-Super-120B-A12B,14,ast,4,Authentication Handlers lost on redirect.,4683f169909857d663275346655975af7190fd62,32766,12330,0.0,2,286.65,submitted,0,0.007717,0.007717,0.0,0.0,0.0,False,False,1,1,5,Nemotron-3,large,deepinfra,MoE,single_file
deepinfra_nvidia_NVIDIA-Nemotron-3-Super-120B-A12B,Nemotron-Super-120B,deepinfra/nvidia/NVIDIA-Nemotron-3-Super-120B-A12B,14,none,0,Authentication Handlers lost on redirect.,4683f169909857d663275346655975af7190fd62,52197,29400,0.0,11,288.42,submitted,0,0.016197,0.016197,1.0,1.0,1.0,False,False,1,1,5,Nemotron-3,large,deepinfra,MoE,single_file
deepinfra_nvidia_NVIDIA-Nemotron-3-Super-120B-A12B,Nemotron-Super-120B,deepinfra/nvidia/NVIDIA-Nemotron-3-Super-120B-A12B,14,none,1,Authentication Handlers lost on redirect.,4683f169909857d663275346655975af7190fd62,49854,24628,0.0,8,547.87,end_turn,0,0.014089,0.014089,0.5,1.0,0.6667,False,False,2,1,5,Nemotron-3,large,deepinfra,MoE,single_file
deepinfra_nvidia_NVIDIA-Nemotron-3-Super-120B-A12B,Nemotron-Super-120B,deepinfra/nvidia/NVIDIA-Nemotron-3-Super-120B-A12B,14,none,2,Authentication Handlers lost on redirect.,4683f169909857d663275346655975af7190fd62,41394,18422,0.0,8,585.58,submitted,0,0.010887,0.010887,0.0,0.0,0.0,False,False,1,1,5,Nemotron-3,large,deepinfra,MoE,single_file
deepinfra_nvidia_NVIDIA-Nemotron-3-Super-120B-A12B,Nemotron-Super-120B,deepinfra/nvidia/NVIDIA-Nemotron-3-Super-120B-A12B,14,none,3,Authentication Handlers lost on redirect.,4683f169909857d663275346655975af7190fd62,18447,15365,0.0,6,397.81,submitted,0,0.007714,0.007714,0.0,0.0,0.0,False,False,1,1,5,Nemotron-3,large,deepinfra,MoE,single_file
deepinfra_nvidia_NVIDIA-Nemotron-3-Super-120B-A12B,Nemotron-Super-120B,deepinfra/nvidia/NVIDIA-Nemotron-3-Super-120B-A12B,14,none,4,Authentication Handlers lost on redirect.,4683f169909857d663275346655975af7190fd62,54754,16178,0.0,8,135.17,end_turn,0,0.011125,0.011125,0.0,0.0,0.0,False,False,1,1,5,Nemotron-3,large,deepinfra,MoE,single_file
deepinfra_nvidia_NVIDIA-Nemotron-3-Super-120B-A12B,Nemotron-Super-120B,deepinfra/nvidia/NVIDIA-Nemotron-3-Super-120B-A12B,15,ast_compact,0,Add header name to InvalidHeader exception message,1c2022cf868cb503815f34901ad8e85cf524d01a,162950,7751,0.0,11,75.65,submitted,0,0.016951,0.016951,1.0,1.0,1.0,False,False,1,1,5,Nemotron-3,large,deepinfra,MoE,single_file
deepinfra_nvidia_NVIDIA-Nemotron-3-Super-120B-A12B,Nemotron-Super-120B,deepinfra/nvidia/NVIDIA-Nemotron-3-Super-120B-A12B,15,ast_compact,1,Add header name to InvalidHeader exception message,1c2022cf868cb503815f34901ad8e85cf524d01a,65672,4868,0.0,8,78.99,submitted,0,0.007529,0.007529,1.0,1.0,1.0,False,False,1,1,5,Nemotron-3,large,deepinfra,MoE,single_file
deepinfra_nvidia_NVIDIA-Nemotron-3-Super-120B-A12B,Nemotron-Super-120B,deepinfra/nvidia/NVIDIA-Nemotron-3-Super-120B-A12B,15,ast_compact,2,Add header name to InvalidHeader exception message,1c2022cf868cb503815f34901ad8e85cf524d01a,48637,2857,0.0,6,21.56,submitted,0,0.005277,0.005277,1.0,1.0,1.0,False,False,1,1,5,Nemotron-3,large,deepinfra,MoE,single_file
deepinfra_nvidia_NVIDIA-Nemotron-3-Super-120B-A12B,Nemotron-Super-120B,deepinfra/nvidia/NVIDIA-Nemotron-3-Super-120B-A12B,15,ast_compact,3,Add header name to InvalidHeader exception message,1c2022cf868cb503815f34901ad8e85cf524d01a,101790,6800,0.0,11,163.18,submitted,0,0.011372,0.011372,1.0,1.0,1.0,False,False,1,1,5,Nemotron-3,large,deepinfra,MoE,single_file
deepinfra_nvidia_NVIDIA-Nemotron-3-Super-120B-A12B,Nemotron-Super-120B,deepinfra/nvidia/NVIDIA-Nemotron-3-Super-120B-A12B,15,ast_compact,4,Add header name to InvalidHeader exception message,1c2022cf868cb503815f34901ad8e85cf524d01a,31089,1715,0.0,4,29.18,submitted,0,0.003329,0.003329,1.0,1.0,1.0,False,False,1,1,5,Nemotron-3,large,deepinfra,MoE,single_file
deepinfra_nvidia_NVIDIA-Nemotron-3-Super-120B-A12B,Nemotron-Super-120B,deepinfra/nvidia/NVIDIA-Nemotron-3-Super-120B-A12B,15,ast,0,Add header name to InvalidHeader exception message,1c2022cf868cb503815f34901ad8e85cf524d01a,105074,2224,0.0,6,73.31,submitted,0,0.009821,0.009821,1.0,1.0,1.0,False,False,1,1,5,Nemotron-3,large,deepinfra,MoE,single_file
deepinfra_nvidia_NVIDIA-Nemotron-3-Super-120B-A12B,Nemotron-Super-120B,deepinfra/nvidia/NVIDIA-Nemotron-3-Super-120B-A12B,15,ast,1,Add header name to InvalidHeader exception message,1c2022cf868cb503815f34901ad8e85cf524d01a,122521,3211,0.0,6,93.94,end_turn,0,0.011699,0.011699,1.0,1.0,1.0,False,False,1,1,5,Nemotron-3,large,deepinfra,MoE,single_file
deepinfra_nvidia_NVIDIA-Nemotron-3-Super-120B-A12B,Nemotron-Super-120B,deepinfra/nvidia/NVIDIA-Nemotron-3-Super-120B-A12B,15,ast,2,Add header name to InvalidHeader exception message,1c2022cf868cb503815f34901ad8e85cf524d01a,220518,6933,0.0,12,211.82,submitted,0,0.021517,0.021517,1.0,1.0,1.0,False,False,1,1,5,Nemotron-3,large,deepinfra,MoE,single_file
deepinfra_nvidia_NVIDIA-Nemotron-3-Super-120B-A12B,Nemotron-Super-120B,deepinfra/nvidia/NVIDIA-Nemotron-3-Super-120B-A12B,15,ast,3,Add header name to InvalidHeader exception message,1c2022cf868cb503815f34901ad8e85cf524d01a,109044,2887,0.0,6,91.08,submitted,0,0.010424,0.010424,1.0,1.0,1.0,False,False,1,1,5,Nemotron-3,large,deepinfra,MoE,single_file
deepinfra_nvidia_NVIDIA-Nemotron-3-Super-120B-A12B,Nemotron-Super-120B,deepinfra/nvidia/NVIDIA-Nemotron-3-Super-120B-A12B,15,ast,4,Add header name to InvalidHeader exception message,1c2022cf868cb503815f34901ad8e85cf524d01a,201567,5138,0.0,11,48.16,submitted,0,0.019188,0.019188,1.0,1.0,1.0,False,False,1,1,5,Nemotron-3,large,deepinfra,MoE,single_file
deepinfra_nvidia_NVIDIA-Nemotron-3-Super-120B-A12B,Nemotron-Super-120B,deepinfra/nvidia/NVIDIA-Nemotron-3-Super-120B-A12B,15,none,0,Add header name to InvalidHeader exception message,1c2022cf868cb503815f34901ad8e85cf524d01a,30466,4246,0.0,12,94.52,submitted,0,0.004288,0.004288,1.0,1.0,1.0,False,False,1,1,5,Nemotron-3,large,deepinfra,MoE,single_file
deepinfra_nvidia_NVIDIA-Nemotron-3-Super-120B-A12B,Nemotron-Super-120B,deepinfra/nvidia/NVIDIA-Nemotron-3-Super-120B-A12B,15,none,1,Add header name to InvalidHeader exception message,1c2022cf868cb503815f34901ad8e85cf524d01a,13806,2089,0.0,8,19.53,submitted,0,0.002009,0.002009,1.0,1.0,1.0,False,False,1,1,5,Nemotron-3,large,deepinfra,MoE,single_file
deepinfra_nvidia_NVIDIA-Nemotron-3-Super-120B-A12B,Nemotron-Super-120B,deepinfra/nvidia/NVIDIA-Nemotron-3-Super-120B-A12B,15,none,2,Add header name to InvalidHeader exception message,1c2022cf868cb503815f34901ad8e85cf524d01a,43271,6685,0.0,15,144.17,submitted,0,0.006352,0.006352,1.0,1.0,1.0,False,False,1,1,5,Nemotron-3,large,deepinfra,MoE,single_file
deepinfra_nvidia_NVIDIA-Nemotron-3-Super-120B-A12B,Nemotron-Super-120B,deepinfra/nvidia/NVIDIA-Nemotron-3-Super-120B-A12B,15,none,3,Add header name to InvalidHeader exception message,1c2022cf868cb503815f34901ad8e85cf524d01a,14169,2326,0.0,5,20.92,submitted,0,0.002135,0.002135,1.0,1.0,1.0,False,False,1,1,5,Nemotron-3,large,deepinfra,MoE,single_file
deepinfra_nvidia_NVIDIA-Nemotron-3-Super-120B-A12B,Nemotron-Super-120B,deepinfra/nvidia/NVIDIA-Nemotron-3-Super-120B-A12B,15,none,4,Add header name to InvalidHeader exception message,1c2022cf868cb503815f34901ad8e85cf524d01a,30695,4750,0.0,12,117.85,submitted,0,0.004509,0.004509,1.0,1.0,1.0,False,False,1,1,5,Nemotron-3,large,deepinfra,MoE,single_file
deepinfra_nvidia_NVIDIA-Nemotron-3-Super-120B-A12B,Nemotron-Super-120B,deepinfra/nvidia/NVIDIA-Nemotron-3-Super-120B-A12B,4,ast_compact,0,Requests doesn't catch requests.packages.urllib3.exceptions.ProxyError,9968a10fcfad7268b552808c4f8946eecafc956a,27802,3007,0.0,4,86.48,submitted,0,0.003566,0.003566,1.0,0.5,0.6667,False,False,1,2,5,Nemotron-3,large,deepinfra,MoE,multi_file
deepinfra_nvidia_NVIDIA-Nemotron-3-Super-120B-A12B,Nemotron-Super-120B,deepinfra/nvidia/NVIDIA-Nemotron-3-Super-120B-A12B,4,ast_compact,1,Requests doesn't catch requests.packages.urllib3.exceptions.ProxyError,9968a10fcfad7268b552808c4f8946eecafc956a,30123,4556,0.0,4,35.16,submitted,0,0.004383,0.004383,1.0,0.5,0.6667,False,False,1,2,5,Nemotron-3,large,deepinfra,MoE,multi_file
deepinfra_nvidia_NVIDIA-Nemotron-3-Super-120B-A12B,Nemotron-Super-120B,deepinfra/nvidia/NVIDIA-Nemotron-3-Super-120B-A12B,4,ast_compact,2,Requests doesn't catch requests.packages.urllib3.exceptions.ProxyError,9968a10fcfad7268b552808c4f8946eecafc956a,68793,8656,0.0,8,238.89,submitted,0,0.00931,0.00931,1.0,0.5,0.6667,False,False,1,2,5,Nemotron-3,large,deepinfra,MoE,multi_file
deepinfra_nvidia_NVIDIA-Nemotron-3-Super-120B-A12B,Nemotron-Super-120B,deepinfra/nvidia/NVIDIA-Nemotron-3-Super-120B-A12B,4,ast_compact,3,Requests doesn't catch requests.packages.urllib3.exceptions.ProxyError,9968a10fcfad7268b552808c4f8946eecafc956a,28044,2366,0.0,4,20.23,submitted,0,0.00333,0.00333,1.0,0.5,0.6667,False,False,1,2,5,Nemotron-3,large,deepinfra,MoE,multi_file
deepinfra_nvidia_NVIDIA-Nemotron-3-Super-120B-A12B,Nemotron-Super-120B,deepinfra/nvidia/NVIDIA-Nemotron-3-Super-120B-A12B,4,ast_compact,4,Requests doesn't catch requests.packages.urllib3.exceptions.ProxyError,9968a10fcfad7268b552808c4f8946eecafc956a,34867,3821,0.0,5,34.74,submitted,0,0.004492,0.004492,1.0,0.5,0.6667,False,False,1,2,5,Nemotron-3,large,deepinfra,MoE,multi_file
deepinfra_nvidia_NVIDIA-Nemotron-3-Super-120B-A12B,Nemotron-Super-120B,deepinfra/nvidia/NVIDIA-Nemotron-3-Super-120B-A12B,4,ast,0,Requests doesn't catch requests.packages.urllib3.exceptions.ProxyError,9968a10fcfad7268b552808c4f8946eecafc956a,62223,2906,0.0,4,42.82,submitted,0,0.006451,0.006451,1.0,0.5,0.6667,False,False,1,2,5,Nemotron-3,large,deepinfra,MoE,multi_file
deepinfra_nvidia_NVIDIA-Nemotron-3-Super-120B-A12B,Nemotron-Super-120B,deepinfra/nvidia/NVIDIA-Nemotron-3-Super-120B-A12B,4,ast,1,Requests doesn't catch requests.packages.urllib3.exceptions.ProxyError,9968a10fcfad7268b552808c4f8946eecafc956a,64236,2821,0.0,4,74.54,submitted,0,0.006588,0.006588,1.0,0.5,0.6667,False,False,1,2,5,Nemotron-3,large,deepinfra,MoE,multi_file
deepinfra_nvidia_NVIDIA-Nemotron-3-Super-120B-A12B,Nemotron-Super-120B,deepinfra/nvidia/NVIDIA-Nemotron-3-Super-120B-A12B,4,ast,2,Requests doesn't catch requests.packages.urllib3.exceptions.ProxyError,9968a10fcfad7268b552808c4f8946eecafc956a,73063,6544,0.0,5,145.76,submitted,0,0.008828,0.008828,1.0,0.5,0.6667,False,False,1,2,5,Nemotron-3,large,deepinfra,MoE,multi_file
deepinfra_nvidia_NVIDIA-Nemotron-3-Super-120B-A12B,Nemotron-Super-120B,deepinfra/nvidia/NVIDIA-Nemotron-3-Super-120B-A12B,4,ast,3,Requests doesn't catch requests.packages.urllib3.exceptions.ProxyError,9968a10fcfad7268b552808c4f8946eecafc956a,64576,4693,0.0,4,153.96,submitted,0,0.007366,0.007366,1.0,0.5,0.6667,False,False,1,2,5,Nemotron-3,large,deepinfra,MoE,multi_file
deepinfra_nvidia_NVIDIA-Nemotron-3-Super-120B-A12B,Nemotron-Super-120B,deepinfra/nvidia/NVIDIA-Nemotron-3-Super-120B-A12B,4,ast,4,Requests doesn't catch requests.packages.urllib3.exceptions.ProxyError,9968a10fcfad7268b552808c4f8946eecafc956a,47387,3656,0.0,3,91.43,submitted,0,0.00549,0.00549,1.0,0.5,0.6667,False,False,1,2,5,Nemotron-3,large,deepinfra,MoE,multi_file
deepinfra_nvidia_NVIDIA-Nemotron-3-Super-120B-A12B,Nemotron-Super-120B,deepinfra/nvidia/NVIDIA-Nemotron-3-Super-120B-A12B,4,none,0,Requests doesn't catch requests.packages.urllib3.exceptions.ProxyError,9968a10fcfad7268b552808c4f8946eecafc956a,31251,9993,0.0,11,338.43,submitted,0,0.006654,0.006654,1.0,0.5,0.6667,False,False,1,2,5,Nemotron-3,large,deepinfra,MoE,multi_file
deepinfra_nvidia_NVIDIA-Nemotron-3-Super-120B-A12B,Nemotron-Super-120B,deepinfra/nvidia/NVIDIA-Nemotron-3-Super-120B-A12B,4,none,1,Requests doesn't catch requests.packages.urllib3.exceptions.ProxyError,9968a10fcfad7268b552808c4f8946eecafc956a,18968,4075,0.0,8,98.57,submitted,0,0.003242,0.003242,1.0,0.5,0.6667,False,False,1,2,5,Nemotron-3,large,deepinfra,MoE,multi_file
deepinfra_nvidia_NVIDIA-Nemotron-3-Super-120B-A12B,Nemotron-Super-120B,deepinfra/nvidia/NVIDIA-Nemotron-3-Super-120B-A12B,4,none,2,Requests doesn't catch requests.packages.urllib3.exceptions.ProxyError,9968a10fcfad7268b552808c4f8946eecafc956a,36140,7915,0.0,10,90.05,submitted,0,0.006238,0.006238,1.0,0.5,0.6667,False,False,1,2,5,Nemotron-3,large,deepinfra,MoE,multi_file
deepinfra_nvidia_NVIDIA-Nemotron-3-Super-120B-A12B,Nemotron-Super-120B,deepinfra/nvidia/NVIDIA-Nemotron-3-Super-120B-A12B,4,none,3,Requests doesn't catch requests.packages.urllib3.exceptions.ProxyError,9968a10fcfad7268b552808c4f8946eecafc956a,23867,4257,0.0,7,67.0,submitted,0,0.003731,0.003731,1.0,0.5,0.6667,False,False,1,2,5,Nemotron-3,large,deepinfra,MoE,multi_file
deepinfra_nvidia_NVIDIA-Nemotron-3-Super-120B-A12B,Nemotron-Super-120B,deepinfra/nvidia/NVIDIA-Nemotron-3-Super-120B-A12B,4,none,4,Requests doesn't catch requests.packages.urllib3.exceptions.ProxyError,9968a10fcfad7268b552808c4f8946eecafc956a,16160,6663,0.0,7,100.04,submitted,0,0.004039,0.004039,1.0,0.5,0.6667,False,False,1,2,5,Nemotron-3,large,deepinfra,MoE,multi_file
deepinfra_zai-org_GLM-4.7-Flash,GLM-4.7-Flash,deepinfra/zai-org/GLM-4.7-Flash,0,ast_compact,0,AttributeError: 'NoneType' object has no attribute 'read',ccabcf1fca906bfa6b65a3189c1c41061e6c1042,197274,6151,0.0,20,120.54,max_turns,165696,0.006012,0.014297,0.5,1.0,0.6667,False,False,2,1,6,GLM-4.7,small,deepinfra,MoE,single_file
deepinfra_zai-org_GLM-4.7-Flash,GLM-4.7-Flash,deepinfra/zai-org/GLM-4.7-Flash,0,ast_compact,1,AttributeError: 'NoneType' object has no attribute 'read',ccabcf1fca906bfa6b65a3189c1c41061e6c1042,439686,12968,0.0,20,235.45,max_turns,370304,0.013053,0.031568,0.0,0.0,0.0,False,False,2,1,6,GLM-4.7,small,deepinfra,MoE,single_file
deepinfra_zai-org_GLM-4.7-Flash,GLM-4.7-Flash,deepinfra/zai-org/GLM-4.7-Flash,0,ast_compact,2,AttributeError: 'NoneType' object has no attribute 'read',ccabcf1fca906bfa6b65a3189c1c41061e6c1042,243642,7868,0.0,20,172.5,max_turns,203968,0.007567,0.017766,0.0,0.0,0.0,False,True,0,1,6,GLM-4.7,small,deepinfra,MoE,single_file
deepinfra_zai-org_GLM-4.7-Flash,GLM-4.7-Flash,deepinfra/zai-org/GLM-4.7-Flash,0,ast_compact,3,AttributeError: 'NoneType' object has no attribute 'read',ccabcf1fca906bfa6b65a3189c1c41061e6c1042,219263,12015,0.0,20,248.78,max_turns,203648,0.007779,0.017962,0.0,0.0,0.0,False,True,0,1,6,GLM-4.7,small,deepinfra,MoE,single_file
deepinfra_zai-org_GLM-4.7-Flash,GLM-4.7-Flash,deepinfra/zai-org/GLM-4.7-Flash,0,ast_compact,4,AttributeError: 'NoneType' object has no attribute 'read',ccabcf1fca906bfa6b65a3189c1c41061e6c1042,436691,15945,0.0,20,255.6,max_turns,370816,0.014039,0.032579,0.0,0.0,0.0,False,True,0,1,6,GLM-4.7,small,deepinfra,MoE,single_file
deepinfra_zai-org_GLM-4.7-Flash,GLM-4.7-Flash,deepinfra/zai-org/GLM-4.7-Flash,0,ast,0,AttributeError: 'NoneType' object has no attribute 'read',ccabcf1fca906bfa6b65a3189c1c41061e6c1042,385253,9984,0.0,20,172.04,max_turns,326720,0.010773,0.027109,0.0,0.0,0.0,False,True,0,1,6,GLM-4.7,small,deepinfra,MoE,single_file
deepinfra_zai-org_GLM-4.7-Flash,GLM-4.7-Flash,deepinfra/zai-org/GLM-4.7-Flash,0,ast,1,AttributeError: 'NoneType' object has no attribute 'read',ccabcf1fca906bfa6b65a3189c1c41061e6c1042,386108,4749,0.0,20,91.87,max_turns,376064,0.006263,0.025066,1.0,1.0,1.0,False,False,1,1,6,GLM-4.7,small,deepinfra,MoE,single_file
deepinfra_zai-org_GLM-4.7-Flash,GLM-4.7-Flash,deepinfra/zai-org/GLM-4.7-Flash,0,ast,2,AttributeError: 'NoneType' object has no attribute 'read',ccabcf1fca906bfa6b65a3189c1c41061e6c1042,400711,7796,0.0,20,221.35,max_turns,348800,0.009721,0.027161,0.3333,1.0,0.5,False,False,3,1,6,GLM-4.7,small,deepinfra,MoE,single_file
deepinfra_zai-org_GLM-4.7-Flash,GLM-4.7-Flash,deepinfra/zai-org/GLM-4.7-Flash,0,ast,3,AttributeError: 'NoneType' object has no attribute 'read',ccabcf1fca906bfa6b65a3189c1c41061e6c1042,405911,4426,0.0,20,125.97,max_turns,344832,0.008883,0.026125,1.0,1.0,1.0,False,False,1,1,6,GLM-4.7,small,deepinfra,MoE,single_file
deepinfra_zai-org_GLM-4.7-Flash,GLM-4.7-Flash,deepinfra/zai-org/GLM-4.7-Flash,0,ast,4,AttributeError: 'NoneType' object has no attribute 'read',ccabcf1fca906bfa6b65a3189c1c41061e6c1042,384978,7646,0.0,20,119.85,max_turns,340480,0.009133,0.026157,0.0,0.0,0.0,False,True,0,1,6,GLM-4.7,small,deepinfra,MoE,single_file
deepinfra_zai-org_GLM-4.7-Flash,GLM-4.7-Flash,deepinfra/zai-org/GLM-4.7-Flash,0,none,0,AttributeError: 'NoneType' object has no attribute 'read',ccabcf1fca906bfa6b65a3189c1c41061e6c1042,118642,5283,0.0,20,102.68,max_turns,86464,0.004909,0.009232,1.0,1.0,1.0,False,False,1,1,6,GLM-4.7,small,deepinfra,MoE,single_file
deepinfra_zai-org_GLM-4.7-Flash,GLM-4.7-Flash,deepinfra/zai-org/GLM-4.7-Flash,0,none,1,AttributeError: 'NoneType' object has no attribute 'read',ccabcf1fca906bfa6b65a3189c1c41061e6c1042,210414,7851,0.0,20,133.14,max_turns,162496,0.00764,0.015765,1.0,1.0,1.0,False,False,1,1,6,GLM-4.7,small,deepinfra,MoE,single_file
deepinfra_zai-org_GLM-4.7-Flash,GLM-4.7-Flash,deepinfra/zai-org/GLM-4.7-Flash,0,none,2,AttributeError: 'NoneType' object has no attribute 'read',ccabcf1fca906bfa6b65a3189c1c41061e6c1042,206019,5093,0.0,20,135.07,max_turns,159040,0.006446,0.014398,0.0,0.0,0.0,False,True,0,1,6,GLM-4.7,small,deepinfra,MoE,single_file
deepinfra_zai-org_GLM-4.7-Flash,GLM-4.7-Flash,deepinfra/zai-org/GLM-4.7-Flash,0,none,3,AttributeError: 'NoneType' object has no attribute 'read',ccabcf1fca906bfa6b65a3189c1c41061e6c1042,101354,4262,0.0,20,98.96,max_turns,86464,0.003463,0.007786,0.0,0.0,0.0,False,True,0,1,6,GLM-4.7,small,deepinfra,MoE,single_file
deepinfra_zai-org_GLM-4.7-Flash,GLM-4.7-Flash,deepinfra/zai-org/GLM-4.7-Flash,0,none,4,AttributeError: 'NoneType' object has no attribute 'read',ccabcf1fca906bfa6b65a3189c1c41061e6c1042,242828,4638,0.0,20,105.73,max_turns,198400,0.006505,0.016425,0.0,0.0,0.0,True,False,1,1,6,GLM-4.7,small,deepinfra,MoE,single_file
deepinfra_zai-org_GLM-4.7-Flash,GLM-4.7-Flash,deepinfra/zai-org/GLM-4.7-Flash,12,ast_compact,0,Not possible to specify max_retries in v1.X?,be62645dd56580dd7576032b348cf79d880851d8,322420,4673,0.0,20,117.35,max_turns,278400,0.007294,0.021214,1.0,0.6667,0.8,False,False,2,3,6,GLM-4.7,small,deepinfra,MoE,multi_file
deepinfra_zai-org_GLM-4.7-Flash,GLM-4.7-Flash,deepinfra/zai-org/GLM-4.7-Flash,12,ast_compact,1,Not possible to specify max_retries in v1.X?,be62645dd56580dd7576032b348cf79d880851d8,204752,6428,0.0,17,124.9,submitted,188160,0.005448,0.014856,1.0,1.0,1.0,False,False,3,3,6,GLM-4.7,small,deepinfra,MoE,multi_file
deepinfra_zai-org_GLM-4.7-Flash,GLM-4.7-Flash,deepinfra/zai-org/GLM-4.7-Flash,12,ast_compact,2,Not possible to specify max_retries in v1.X?,be62645dd56580dd7576032b348cf79d880851d8,225064,7745,0.0,20,156.9,max_turns,183232,0.00744,0.016602,1.0,0.6667,0.8,False,False,2,3,6,GLM-4.7,small,deepinfra,MoE,multi_file
deepinfra_zai-org_GLM-4.7-Flash,GLM-4.7-Flash,deepinfra/zai-org/GLM-4.7-Flash,12,ast_compact,3,Not possible to specify max_retries in v1.X?,be62645dd56580dd7576032b348cf79d880851d8,202762,5419,0.0,15,110.27,submitted,185600,0.005053,0.014333,1.0,0.6667,0.8,False,False,2,3,6,GLM-4.7,small,deepinfra,MoE,multi_file
deepinfra_zai-org_GLM-4.7-Flash,GLM-4.7-Flash,deepinfra/zai-org/GLM-4.7-Flash,12,ast_compact,4,Not possible to specify max_retries in v1.X?,be62645dd56580dd7576032b348cf79d880851d8,260223,8290,0.0,20,134.89,max_turns,221376,0.007861,0.018929,1.0,0.6667,0.8,False,False,2,3,6,GLM-4.7,small,deepinfra,MoE,multi_file
deepinfra_zai-org_GLM-4.7-Flash,GLM-4.7-Flash,deepinfra/zai-org/GLM-4.7-Flash,12,ast,0,Not possible to specify max_retries in v1.X?,be62645dd56580dd7576032b348cf79d880851d8,305247,3839,0.0,17,96.68,submitted,272384,0.006231,0.01985,1.0,0.6667,0.8,False,False,2,3,6,GLM-4.7,small,deepinfra,MoE,multi_file
deepinfra_zai-org_GLM-4.7-Flash,GLM-4.7-Flash,deepinfra/zai-org/GLM-4.7-Flash,12,ast,1,Not possible to specify max_retries in v1.X?,be62645dd56580dd7576032b348cf79d880851d8,370704,4804,0.0,19,164.93,submitted,295488,0.009389,0.024164,1.0,0.6667,0.8,False,False,2,3,6,GLM-4.7,small,deepinfra,MoE,multi_file
deepinfra_zai-org_GLM-4.7-Flash,GLM-4.7-Flash,deepinfra/zai-org/GLM-4.7-Flash,12,ast,2,Not possible to specify max_retries in v1.X?,be62645dd56580dd7576032b348cf79d880851d8,410963,6837,0.0,20,141.51,max_turns,344896,0.010148,0.027393,1.0,0.6667,0.8,False,False,2,3,6,GLM-4.7,small,deepinfra,MoE,multi_file
deepinfra_zai-org_GLM-4.7-Flash,GLM-4.7-Flash,deepinfra/zai-org/GLM-4.7-Flash,12,ast,3,Not possible to specify max_retries in v1.X?,be62645dd56580dd7576032b348cf79d880851d8,382482,6753,0.0,20,114.99,submitted,360128,0.007644,0.02565,1.0,1.0,1.0,False,False,3,3,6,GLM-4.7,small,deepinfra,MoE,multi_file
deepinfra_zai-org_GLM-4.7-Flash,GLM-4.7-Flash,deepinfra/zai-org/GLM-4.7-Flash,12,ast,4,Not possible to specify max_retries in v1.X?,be62645dd56580dd7576032b348cf79d880851d8,414259,4712,0.0,20,114.5,max_turns,352128,0.009134,0.02674,1.0,1.0,1.0,False,False,3,3,6,GLM-4.7,small,deepinfra,MoE,multi_file
deepinfra_zai-org_GLM-4.7-Flash,GLM-4.7-Flash,deepinfra/zai-org/GLM-4.7-Flash,12,none,0,Not possible to specify max_retries in v1.X?,be62645dd56580dd7576032b348cf79d880851d8,165487,5788,0.0,20,106.87,max_turns,132736,0.005608,0.012244,1.0,0.6667,0.8,False,False,2,3,6,GLM-4.7,small,deepinfra,MoE,multi_file
deepinfra_zai-org_GLM-4.7-Flash,GLM-4.7-Flash,deepinfra/zai-org/GLM-4.7-Flash,12,none,1,Not possible to specify max_retries in v1.X?,be62645dd56580dd7576032b348cf79d880851d8,169455,4443,0.0,20,95.74,max_turns,144320,0.004729,0.011945,1.0,0.6667,0.8,False,False,2,3,6,GLM-4.7,small,deepinfra,MoE,multi_file
deepinfra_zai-org_GLM-4.7-Flash,GLM-4.7-Flash,deepinfra/zai-org/GLM-4.7-Flash,12,none,2,Not possible to specify max_retries in v1.X?,be62645dd56580dd7576032b348cf79d880851d8,145106,5165,0.0,20,99.57,max_turns,116608,0.004942,0.010772,1.0,0.6667,0.8,False,False,2,3,6,GLM-4.7,small,deepinfra,MoE,multi_file
deepinfra_zai-org_GLM-4.7-Flash,GLM-4.7-Flash,deepinfra/zai-org/GLM-4.7-Flash,12,none,3,Not possible to specify max_retries in v1.X?,be62645dd56580dd7576032b348cf79d880851d8,179050,3008,0.0,20,69.35,max_turns,145024,0.004695,0.011946,1.0,1.0,1.0,False,False,3,3,6,GLM-4.7,small,deepinfra,MoE,multi_file
deepinfra_zai-org_GLM-4.7-Flash,GLM-4.7-Flash,deepinfra/zai-org/GLM-4.7-Flash,12,none,4,Not possible to specify max_retries in v1.X?,be62645dd56580dd7576032b348cf79d880851d8,130101,3083,0.0,20,68.93,max_turns,105984,0.00374,0.009039,1.0,1.0,1.0,False,False,3,3,6,GLM-4.7,small,deepinfra,MoE,multi_file
deepinfra_zai-org_GLM-4.7-Flash,GLM-4.7-Flash,deepinfra/zai-org/GLM-4.7-Flash,14,ast_compact,0,Authentication Handlers lost on redirect.,4683f169909857d663275346655975af7190fd62,237501,11043,0.0,20,248.22,max_turns,216192,0.007858,0.018667,0.5,1.0,0.6667,False,False,2,1,6,GLM-4.7,small,deepinfra,MoE,single_file
deepinfra_zai-org_GLM-4.7-Flash,GLM-4.7-Flash,deepinfra/zai-org/GLM-4.7-Flash,14,ast_compact,1,Authentication Handlers lost on redirect.,4683f169909857d663275346655975af7190fd62,319198,12945,0.0,20,306.47,max_turns,267264,0.010967,0.02433,0.0,0.0,0.0,False,True,0,1,6,GLM-4.7,small,deepinfra,MoE,single_file
deepinfra_zai-org_GLM-4.7-Flash,GLM-4.7-Flash,deepinfra/zai-org/GLM-4.7-Flash,14,ast_compact,2,Authentication Handlers lost on redirect.,4683f169909857d663275346655975af7190fd62,412509,19037,0.0,20,386.42,max_turns,369216,0.013905,0.032365,0.5,1.0,0.6667,False,False,2,1,6,GLM-4.7,small,deepinfra,MoE,single_file
deepinfra_zai-org_GLM-4.7-Flash,GLM-4.7-Flash,deepinfra/zai-org/GLM-4.7-Flash,14,ast_compact,3,Authentication Handlers lost on redirect.,4683f169909857d663275346655975af7190fd62,390098,23143,0.0,20,458.36,max_turns,307456,0.01729,0.032663,0.0,0.0,0.0,False,False,2,1,6,GLM-4.7,small,deepinfra,MoE,single_file
deepinfra_zai-org_GLM-4.7-Flash,GLM-4.7-Flash,deepinfra/zai-org/GLM-4.7-Flash,14,ast_compact,4,Authentication Handlers lost on redirect.,4683f169909857d663275346655975af7190fd62,371612,28746,0.0,20,585.73,max_turns,298432,0.018874,0.033795,0.0,0.0,0.0,False,True,0,1,6,GLM-4.7,small,deepinfra,MoE,single_file
deepinfra_zai-org_GLM-4.7-Flash,GLM-4.7-Flash,deepinfra/zai-org/GLM-4.7-Flash,14,ast,0,Authentication Handlers lost on redirect.,4683f169909857d663275346655975af7190fd62,522368,13037,0.0,20,243.01,max_turns,467136,0.0132,0.036557,0.0,0.0,0.0,False,False,1,1,6,GLM-4.7,small,deepinfra,MoE,single_file
deepinfra_zai-org_GLM-4.7-Flash,GLM-4.7-Flash,deepinfra/zai-org/GLM-4.7-Flash,14,ast,1,Authentication Handlers lost on redirect.,4683f169909857d663275346655975af7190fd62,423748,8802,0.0,20,220.15,max_turns,359168,0.010987,0.028946,0.0,0.0,0.0,False,True,0,1,6,GLM-4.7,small,deepinfra,MoE,single_file
deepinfra_zai-org_GLM-4.7-Flash,GLM-4.7-Flash,deepinfra/zai-org/GLM-4.7-Flash,14,ast,2,Authentication Handlers lost on redirect.,4683f169909857d663275346655975af7190fd62,520407,18583,0.0,20,395.89,max_turns,465152,0.0154,0.038658,0.0,0.0,0.0,False,True,0,1,6,GLM-4.7,small,deepinfra,MoE,single_file
deepinfra_zai-org_GLM-4.7-Flash,GLM-4.7-Flash,deepinfra/zai-org/GLM-4.7-Flash,14,ast,3,Authentication Handlers lost on redirect.,4683f169909857d663275346655975af7190fd62,535148,9548,0.0,20,207.41,max_turns,451776,0.013339,0.035928,1.0,1.0,1.0,False,False,1,1,6,GLM-4.7,small,deepinfra,MoE,single_file
deepinfra_zai-org_GLM-4.7-Flash,GLM-4.7-Flash,deepinfra/zai-org/GLM-4.7-Flash,14,ast,4,Authentication Handlers lost on redirect.,4683f169909857d663275346655975af7190fd62,433938,15053,0.0,20,267.58,max_turns,367104,0.013702,0.032057,0.0,0.0,0.0,False,True,0,1,6,GLM-4.7,small,deepinfra,MoE,single_file
deepinfra_zai-org_GLM-4.7-Flash,GLM-4.7-Flash,deepinfra/zai-org/GLM-4.7-Flash,14,none,0,Authentication Handlers lost on redirect.,4683f169909857d663275346655975af7190fd62,191111,9900,0.0,20,187.85,max_turns,152128,0.00782,0.015427,0.5,1.0,0.6667,False,False,2,1,6,GLM-4.7,small,deepinfra,MoE,single_file
deepinfra_zai-org_GLM-4.7-Flash,GLM-4.7-Flash,deepinfra/zai-org/GLM-4.7-Flash,14,none,1,Authentication Handlers lost on redirect.,4683f169909857d663275346655975af7190fd62,204615,7249,0.0,20,220.14,max_turns,173824,0.006485,0.015177,0.0,0.0,0.0,False,True,0,1,6,GLM-4.7,small,deepinfra,MoE,single_file
deepinfra_zai-org_GLM-4.7-Flash,GLM-4.7-Flash,deepinfra/zai-org/GLM-4.7-Flash,14,none,2,Authentication Handlers lost on redirect.,4683f169909857d663275346655975af7190fd62,159150,6702,0.0,20,126.51,max_turns,136832,0.005388,0.01223,0.3333,1.0,0.5,False,False,3,1,6,GLM-4.7,small,deepinfra,MoE,single_file
deepinfra_zai-org_GLM-4.7-Flash,GLM-4.7-Flash,deepinfra/zai-org/GLM-4.7-Flash,14,none,3,Authentication Handlers lost on redirect.,4683f169909857d663275346655975af7190fd62,183858,5493,0.0,20,101.5,max_turns,146944,0.005881,0.013229,0.0,0.0,0.0,False,True,0,1,6,GLM-4.7,small,deepinfra,MoE,single_file
deepinfra_zai-org_GLM-4.7-Flash,GLM-4.7-Flash,deepinfra/zai-org/GLM-4.7-Flash,14,none,4,Authentication Handlers lost on redirect.,4683f169909857d663275346655975af7190fd62,299096,14252,0.0,20,274.44,max_turns,243072,0.011493,0.023647,0.0,0.0,0.0,False,True,0,1,6,GLM-4.7,small,deepinfra,MoE,single_file
deepinfra_zai-org_GLM-4.7-Flash,GLM-4.7-Flash,deepinfra/zai-org/GLM-4.7-Flash,15,ast_compact,0,Add header name to InvalidHeader exception message,1c2022cf868cb503815f34901ad8e85cf524d01a,188847,5256,0.0,20,84.93,max_turns,151104,0.005878,0.013433,1.0,1.0,1.0,False,False,1,1,6,GLM-4.7,small,deepinfra,MoE,single_file
deepinfra_zai-org_GLM-4.7-Flash,GLM-4.7-Flash,deepinfra/zai-org/GLM-4.7-Flash,15,ast_compact,1,Add header name to InvalidHeader exception message,1c2022cf868cb503815f34901ad8e85cf524d01a,83404,2271,0.0,10,47.8,submitted,74496,0.002188,0.005913,1.0,1.0,1.0,False,False,1,1,6,GLM-4.7,small,deepinfra,MoE,single_file
deepinfra_zai-org_GLM-4.7-Flash,GLM-4.7-Flash,deepinfra/zai-org/GLM-4.7-Flash,15,ast_compact,2,Add header name to InvalidHeader exception message,1c2022cf868cb503815f34901ad8e85cf524d01a,51822,1865,0.0,7,26.86,submitted,44416,0.001635,0.003855,1.0,1.0,1.0,False,False,1,1,6,GLM-4.7,small,deepinfra,MoE,single_file
deepinfra_zai-org_GLM-4.7-Flash,GLM-4.7-Flash,deepinfra/zai-org/GLM-4.7-Flash,15,ast_compact,3,Add header name to InvalidHeader exception message,1c2022cf868cb503815f34901ad8e85cf524d01a,154364,5240,0.0,18,113.2,submitted,131264,0.004795,0.011358,1.0,1.0,1.0,False,False,1,1,6,GLM-4.7,small,deepinfra,MoE,single_file
deepinfra_zai-org_GLM-4.7-Flash,GLM-4.7-Flash,deepinfra/zai-org/GLM-4.7-Flash,15,ast_compact,4,Add header name to InvalidHeader exception message,1c2022cf868cb503815f34901ad8e85cf524d01a,189555,5465,0.0,20,108.18,max_turns,161216,0.005498,0.013559,1.0,1.0,1.0,False,False,1,1,6,GLM-4.7,small,deepinfra,MoE,single_file
deepinfra_zai-org_GLM-4.7-Flash,GLM-4.7-Flash,deepinfra/zai-org/GLM-4.7-Flash,15,ast,0,Add header name to InvalidHeader exception message,1c2022cf868cb503815f34901ad8e85cf524d01a,191523,2395,0.0,11,65.7,submitted,173568,0.003771,0.012449,1.0,1.0,1.0,False,False,1,1,6,GLM-4.7,small,deepinfra,MoE,single_file
deepinfra_zai-org_GLM-4.7-Flash,GLM-4.7-Flash,deepinfra/zai-org/GLM-4.7-Flash,15,ast,1,Add header name to InvalidHeader exception message,1c2022cf868cb503815f34901ad8e85cf524d01a,137362,1582,0.0,8,29.66,submitted,102912,0.003729,0.008875,1.0,1.0,1.0,False,False,1,1,6,GLM-4.7,small,deepinfra,MoE,single_file
deepinfra_zai-org_GLM-4.7-Flash,GLM-4.7-Flash,deepinfra/zai-org/GLM-4.7-Flash,15,ast,2,Add header name to InvalidHeader exception message,1c2022cf868cb503815f34901ad8e85cf524d01a,173818,1925,0.0,10,40.28,submitted,170624,0.002668,0.011199,1.0,1.0,1.0,False,False,1,1,6,GLM-4.7,small,deepinfra,MoE,single_file
deepinfra_zai-org_GLM-4.7-Flash,GLM-4.7-Flash,deepinfra/zai-org/GLM-4.7-Flash,15,ast,3,Add header name to InvalidHeader exception message,1c2022cf868cb503815f34901ad8e85cf524d01a,226470,2795,0.0,13,59.02,submitted,208576,0.004277,0.014706,1.0,1.0,1.0,False,False,1,1,6,GLM-4.7,small,deepinfra,MoE,single_file
deepinfra_zai-org_GLM-4.7-Flash,GLM-4.7-Flash,deepinfra/zai-org/GLM-4.7-Flash,15,ast,4,Add header name to InvalidHeader exception message,1c2022cf868cb503815f34901ad8e85cf524d01a,100627,1184,0.0,6,20.13,submitted,83904,0.002316,0.006511,1.0,1.0,1.0,False,False,1,1,6,GLM-4.7,small,deepinfra,MoE,single_file
deepinfra_zai-org_GLM-4.7-Flash,GLM-4.7-Flash,deepinfra/zai-org/GLM-4.7-Flash,15,none,0,Add header name to InvalidHeader exception message,1c2022cf868cb503815f34901ad8e85cf524d01a,30931,2058,0.0,13,66.7,submitted,25856,0.001386,0.002679,1.0,1.0,1.0,False,False,1,1,6,GLM-4.7,small,deepinfra,MoE,single_file
deepinfra_zai-org_GLM-4.7-Flash,GLM-4.7-Flash,deepinfra/zai-org/GLM-4.7-Flash,15,none,1,Add header name to InvalidHeader exception message,1c2022cf868cb503815f34901ad8e85cf524d01a,45753,4663,0.0,16,70.81,submitted,42048,0.002508,0.00461,1.0,1.0,1.0,False,False,1,1,6,GLM-4.7,small,deepinfra,MoE,single_file
deepinfra_zai-org_GLM-4.7-Flash,GLM-4.7-Flash,deepinfra/zai-org/GLM-4.7-Flash,15,none,2,Add header name to InvalidHeader exception message,1c2022cf868cb503815f34901ad8e85cf524d01a,68523,5371,0.0,18,79.06,submitted,58816,0.003319,0.00626,1.0,1.0,1.0,False,False,1,1,6,GLM-4.7,small,deepinfra,MoE,single_file
deepinfra_zai-org_GLM-4.7-Flash,GLM-4.7-Flash,deepinfra/zai-org/GLM-4.7-Flash,15,none,3,Add header name to InvalidHeader exception message,1c2022cf868cb503815f34901ad8e85cf524d01a,58105,4115,0.0,19,105.02,submitted,53568,0.002454,0.005132,1.0,1.0,1.0,False,False,1,1,6,GLM-4.7,small,deepinfra,MoE,single_file
deepinfra_zai-org_GLM-4.7-Flash,GLM-4.7-Flash,deepinfra/zai-org/GLM-4.7-Flash,15,none,4,Add header name to InvalidHeader exception message,1c2022cf868cb503815f34901ad8e85cf524d01a,69288,3638,0.0,20,68.74,max_turns,51776,0.003024,0.005612,0.0,0.0,0.0,False,True,0,1,6,GLM-4.7,small,deepinfra,MoE,single_file
deepinfra_zai-org_GLM-4.7-Flash,GLM-4.7-Flash,deepinfra/zai-org/GLM-4.7-Flash,4,ast_compact,0,Requests doesn't catch requests.packages.urllib3.exceptions.ProxyError,9968a10fcfad7268b552808c4f8946eecafc956a,217958,4917,0.0,18,94.7,submitted,191040,0.005492,0.015044,1.0,0.5,0.6667,False,False,1,2,6,GLM-4.7,small,deepinfra,MoE,multi_file
deepinfra_zai-org_GLM-4.7-Flash,GLM-4.7-Flash,deepinfra/zai-org/GLM-4.7-Flash,4,ast_compact,1,Requests doesn't catch requests.packages.urllib3.exceptions.ProxyError,9968a10fcfad7268b552808c4f8946eecafc956a,201663,7192,0.0,20,131.71,max_turns,170240,0.006465,0.014977,1.0,1.0,1.0,False,False,2,2,6,GLM-4.7,small,deepinfra,MoE,multi_file
deepinfra_zai-org_GLM-4.7-Flash,GLM-4.7-Flash,deepinfra/zai-org/GLM-4.7-Flash,4,ast_compact,2,Requests doesn't catch requests.packages.urllib3.exceptions.ProxyError,9968a10fcfad7268b552808c4f8946eecafc956a,165588,4891,0.0,18,146.09,submitted,154432,0.00417,0.011892,1.0,0.5,0.6667,False,False,1,2,6,GLM-4.7,small,deepinfra,MoE,multi_file
deepinfra_zai-org_GLM-4.7-Flash,GLM-4.7-Flash,deepinfra/zai-org/GLM-4.7-Flash,4,ast_compact,3,Requests doesn't catch requests.packages.urllib3.exceptions.ProxyError,9968a10fcfad7268b552808c4f8946eecafc956a,190913,6314,0.0,20,140.4,max_turns,169088,0.005526,0.01398,1.0,1.0,1.0,False,False,2,2,6,GLM-4.7,small,deepinfra,MoE,multi_file
deepinfra_zai-org_GLM-4.7-Flash,GLM-4.7-Flash,deepinfra/zai-org/GLM-4.7-Flash,4,ast_compact,4,Requests doesn't catch requests.packages.urllib3.exceptions.ProxyError,9968a10fcfad7268b552808c4f8946eecafc956a,78610,2096,0.0,8,45.29,submitted,60800,0.002515,0.005555,1.0,0.5,0.6667,False,False,1,2,6,GLM-4.7,small,deepinfra,MoE,multi_file
deepinfra_zai-org_GLM-4.7-Flash,GLM-4.7-Flash,deepinfra/zai-org/GLM-4.7-Flash,4,ast,0,Requests doesn't catch requests.packages.urllib3.exceptions.ProxyError,9968a10fcfad7268b552808c4f8946eecafc956a,416943,6452,0.0,20,208.21,max_turns,326400,0.011277,0.027597,1.0,0.5,0.6667,False,False,1,2,6,GLM-4.7,small,deepinfra,MoE,multi_file
deepinfra_zai-org_GLM-4.7-Flash,GLM-4.7-Flash,deepinfra/zai-org/GLM-4.7-Flash,4,ast,1,Requests doesn't catch requests.packages.urllib3.exceptions.ProxyError,9968a10fcfad7268b552808c4f8946eecafc956a,367665,7459,0.0,20,150.39,max_turns,291200,0.010483,0.025043,1.0,1.0,1.0,False,False,2,2,6,GLM-4.7,small,deepinfra,MoE,multi_file
deepinfra_zai-org_GLM-4.7-Flash,GLM-4.7-Flash,deepinfra/zai-org/GLM-4.7-Flash,4,ast,2,Requests doesn't catch requests.packages.urllib3.exceptions.ProxyError,9968a10fcfad7268b552808c4f8946eecafc956a,365432,4874,0.0,18,101.49,submitted,321216,0.007815,0.023876,1.0,1.0,1.0,False,False,2,2,6,GLM-4.7,small,deepinfra,MoE,multi_file
deepinfra_zai-org_GLM-4.7-Flash,GLM-4.7-Flash,deepinfra/zai-org/GLM-4.7-Flash,4,ast,3,Requests doesn't catch requests.packages.urllib3.exceptions.ProxyError,9968a10fcfad7268b552808c4f8946eecafc956a,360889,5645,0.0,20,109.83,max_turns,323776,0.007723,0.023911,1.0,0.5,0.6667,False,False,1,2,6,GLM-4.7,small,deepinfra,MoE,multi_file
deepinfra_zai-org_GLM-4.7-Flash,GLM-4.7-Flash,deepinfra/zai-org/GLM-4.7-Flash,4,ast,4,Requests doesn't catch requests.packages.urllib3.exceptions.ProxyError,9968a10fcfad7268b552808c4f8946eecafc956a,378677,5416,0.0,20,114.63,max_turns,342336,0.00777,0.024887,1.0,1.0,1.0,False,False,2,2,6,GLM-4.7,small,deepinfra,MoE,multi_file
deepinfra_zai-org_GLM-4.7-Flash,GLM-4.7-Flash,deepinfra/zai-org/GLM-4.7-Flash,4,none,0,Requests doesn't catch requests.packages.urllib3.exceptions.ProxyError,9968a10fcfad7268b552808c4f8946eecafc956a,122419,4244,0.0,20,89.32,max_turns,96256,0.00423,0.009043,1.0,1.0,1.0,False,False,2,2,6,GLM-4.7,small,deepinfra,MoE,multi_file
deepinfra_zai-org_GLM-4.7-Flash,GLM-4.7-Flash,deepinfra/zai-org/GLM-4.7-Flash,4,none,1,Requests doesn't catch requests.packages.urllib3.exceptions.ProxyError,9968a10fcfad7268b552808c4f8946eecafc956a,104595,3819,0.0,20,68.03,max_turns,84672,0.00357,0.007803,1.0,0.5,0.6667,False,False,1,2,6,GLM-4.7,small,deepinfra,MoE,multi_file
deepinfra_zai-org_GLM-4.7-Flash,GLM-4.7-Flash,deepinfra/zai-org/GLM-4.7-Flash,4,none,2,Requests doesn't catch requests.packages.urllib3.exceptions.ProxyError,9968a10fcfad7268b552808c4f8946eecafc956a,172621,3353,0.0,20,100.65,max_turns,145152,0.004441,0.011698,0.0,0.0,0.0,False,True,0,2,6,GLM-4.7,small,deepinfra,MoE,multi_file
deepinfra_zai-org_GLM-4.7-Flash,GLM-4.7-Flash,deepinfra/zai-org/GLM-4.7-Flash,4,none,3,Requests doesn't catch requests.packages.urllib3.exceptions.ProxyError,9968a10fcfad7268b552808c4f8946eecafc956a,145008,3315,0.0,20,141.76,max_turns,110016,0.004526,0.010026,1.0,1.0,1.0,False,False,2,2,6,GLM-4.7,small,deepinfra,MoE,multi_file
deepinfra_zai-org_GLM-4.7-Flash,GLM-4.7-Flash,deepinfra/zai-org/GLM-4.7-Flash,4,none,4,Requests doesn't catch requests.packages.urllib3.exceptions.ProxyError,9968a10fcfad7268b552808c4f8946eecafc956a,213761,5970,0.0,20,135.69,max_turns,166208,0.006903,0.015214,1.0,0.5,0.6667,False,False,1,2,6,GLM-4.7,small,deepinfra,MoE,multi_file
deepinfra_zai-org_GLM-4.7,GLM-4.7,deepinfra/zai-org/GLM-4.7,0,ast_compact,0,AttributeError: 'NoneType' object has no attribute 'read',ccabcf1fca906bfa6b65a3189c1c41061e6c1042,212217,4768,0.0,20,195.0,max_turns,178208,0.036204,0.093231,1.0,1.0,1.0,False,False,1,1,6,GLM-4.7,large,deepinfra,MoE,single_file
deepinfra_zai-org_GLM-4.7,GLM-4.7,deepinfra/zai-org/GLM-4.7,0,ast_compact,1,AttributeError: 'NoneType' object has no attribute 'read',ccabcf1fca906bfa6b65a3189c1c41061e6c1042,150576,4570,0.0,16,242.56,submitted,130848,0.026357,0.068228,1.0,1.0,1.0,False,False,1,1,6,GLM-4.7,large,deepinfra,MoE,single_file
deepinfra_zai-org_GLM-4.7,GLM-4.7,deepinfra/zai-org/GLM-4.7,0,ast_compact,2,AttributeError: 'NoneType' object has no attribute 'read',ccabcf1fca906bfa6b65a3189c1c41061e6c1042,186032,4850,0.0,19,172.77,submitted,165440,0.02996,0.0829,1.0,1.0,1.0,False,False,1,1,6,GLM-4.7,large,deepinfra,MoE,single_file
deepinfra_zai-org_GLM-4.7,GLM-4.7,deepinfra/zai-org/GLM-4.7,0,ast_compact,3,AttributeError: 'NoneType' object has no attribute 'read',ccabcf1fca906bfa6b65a3189c1c41061e6c1042,230788,6958,0.0,20,294.13,max_turns,209632,0.037409,0.104492,1.0,1.0,1.0,False,False,1,1,6,GLM-4.7,large,deepinfra,MoE,single_file
deepinfra_zai-org_GLM-4.7,GLM-4.7,deepinfra/zai-org/GLM-4.7,0,ast_compact,4,AttributeError: 'NoneType' object has no attribute 'read',ccabcf1fca906bfa6b65a3189c1c41061e6c1042,232356,6097,0.0,20,201.74,max_turns,205120,0.037974,0.103612,1.0,1.0,1.0,False,False,1,1,6,GLM-4.7,large,deepinfra,MoE,single_file
deepinfra_zai-org_GLM-4.7,GLM-4.7,deepinfra/zai-org/GLM-4.7,0,ast,0,AttributeError: 'NoneType' object has no attribute 'read',ccabcf1fca906bfa6b65a3189c1c41061e6c1042,383193,4662,0.0,20,229.39,max_turns,343488,0.05152,0.161436,1.0,1.0,1.0,False,False,1,1,6,GLM-4.7,large,deepinfra,MoE,single_file
deepinfra_zai-org_GLM-4.7,GLM-4.7,deepinfra/zai-org/GLM-4.7,0,ast,1,AttributeError: 'NoneType' object has no attribute 'read',ccabcf1fca906bfa6b65a3189c1c41061e6c1042,419909,9715,0.0,20,545.96,max_turns,362048,0.069109,0.184965,0.5,1.0,0.6667,False,False,2,1,6,GLM-4.7,large,deepinfra,MoE,single_file
deepinfra_zai-org_GLM-4.7,GLM-4.7,deepinfra/zai-org/GLM-4.7,0,ast,2,AttributeError: 'NoneType' object has no attribute 'read',ccabcf1fca906bfa6b65a3189c1c41061e6c1042,394789,4666,0.0,20,237.77,max_turns,369600,0.047809,0.166081,1.0,1.0,1.0,False,False,1,1,6,GLM-4.7,large,deepinfra,MoE,single_file
deepinfra_zai-org_GLM-4.7,GLM-4.7,deepinfra/zai-org/GLM-4.7,0,ast,3,AttributeError: 'NoneType' object has no attribute 'read',ccabcf1fca906bfa6b65a3189c1c41061e6c1042,216976,3678,0.0,12,188.28,submitted,197504,0.030026,0.093227,1.0,1.0,1.0,False,False,1,1,6,GLM-4.7,large,deepinfra,MoE,single_file
deepinfra_zai-org_GLM-4.7,GLM-4.7,deepinfra/zai-org/GLM-4.7,0,ast,4,AttributeError: 'NoneType' object has no attribute 'read',ccabcf1fca906bfa6b65a3189c1c41061e6c1042,379819,4977,0.0,18,288.45,submitted,353568,0.047496,0.160637,1.0,1.0,1.0,False,False,1,1,6,GLM-4.7,large,deepinfra,MoE,single_file
deepinfra_zai-org_GLM-4.7,GLM-4.7,deepinfra/zai-org/GLM-4.7,0,none,0,AttributeError: 'NoneType' object has no attribute 'read',ccabcf1fca906bfa6b65a3189c1c41061e6c1042,221210,4581,0.0,20,232.35,max_turns,191776,0.035132,0.096501,0.0,0.0,0.0,False,False,1,1,6,GLM-4.7,large,deepinfra,MoE,single_file
deepinfra_zai-org_GLM-4.7,GLM-4.7,deepinfra/zai-org/GLM-4.7,0,none,1,AttributeError: 'NoneType' object has no attribute 'read',ccabcf1fca906bfa6b65a3189c1c41061e6c1042,360373,9898,0.0,20,377.49,max_turns,317440,0.05989,0.161471,1.0,1.0,1.0,False,False,1,1,6,GLM-4.7,large,deepinfra,MoE,single_file
deepinfra_zai-org_GLM-4.7,GLM-4.7,deepinfra/zai-org/GLM-4.7,0,none,2,AttributeError: 'NoneType' object has no attribute 'read',ccabcf1fca906bfa6b65a3189c1c41061e6c1042,425976,5123,0.0,20,148.51,max_turns,345632,0.068753,0.179356,1.0,1.0,1.0,False,False,1,1,6,GLM-4.7,large,deepinfra,MoE,single_file
deepinfra_zai-org_GLM-4.7,GLM-4.7,deepinfra/zai-org/GLM-4.7,0,none,3,AttributeError: 'NoneType' object has no attribute 'read',ccabcf1fca906bfa6b65a3189c1c41061e6c1042,88504,3288,0.0,20,116.69,max_turns,66688,0.019815,0.041156,1.0,1.0,1.0,False,False,1,1,6,GLM-4.7,large,deepinfra,MoE,single_file
deepinfra_zai-org_GLM-4.7,GLM-4.7,deepinfra/zai-org/GLM-4.7,0,none,4,AttributeError: 'NoneType' object has no attribute 'read',ccabcf1fca906bfa6b65a3189c1c41061e6c1042,291953,6086,0.0,20,221.65,max_turns,251520,0.046945,0.127432,1.0,1.0,1.0,False,False,1,1,6,GLM-4.7,large,deepinfra,MoE,single_file
deepinfra_zai-org_GLM-4.7,GLM-4.7,deepinfra/zai-org/GLM-4.7,12,ast_compact,0,Not possible to specify max_retries in v1.X?,be62645dd56580dd7576032b348cf79d880851d8,262738,4244,0.0,20,137.84,max_turns,230944,0.03862,0.112522,1.0,0.6667,0.8,False,False,2,3,6,GLM-4.7,large,deepinfra,MoE,multi_file
deepinfra_zai-org_GLM-4.7,GLM-4.7,deepinfra/zai-org/GLM-4.7,12,ast_compact,1,Not possible to specify max_retries in v1.X?,be62645dd56580dd7576032b348cf79d880851d8,251725,4913,0.0,20,240.05,max_turns,226816,0.036707,0.109288,1.0,0.6667,0.8,False,False,2,3,6,GLM-4.7,large,deepinfra,MoE,multi_file
deepinfra_zai-org_GLM-4.7,GLM-4.7,deepinfra/zai-org/GLM-4.7,12,ast_compact,2,Not possible to specify max_retries in v1.X?,be62645dd56580dd7576032b348cf79d880851d8,244482,5210,0.0,20,299.21,max_turns,217120,0.037432,0.10691,1.0,0.6667,0.8,False,False,2,3,6,GLM-4.7,large,deepinfra,MoE,multi_file
deepinfra_zai-org_GLM-4.7,GLM-4.7,deepinfra/zai-org/GLM-4.7,12,ast_compact,3,Not possible to specify max_retries in v1.X?,be62645dd56580dd7576032b348cf79d880851d8,184129,3621,0.0,17,184.04,submitted,171776,0.02502,0.079988,1.0,0.6667,0.8,False,False,2,3,6,GLM-4.7,large,deepinfra,MoE,multi_file
deepinfra_zai-org_GLM-4.7,GLM-4.7,deepinfra/zai-org/GLM-4.7,12,ast_compact,4,Not possible to specify max_retries in v1.X?,be62645dd56580dd7576032b348cf79d880851d8,134749,2988,0.0,13,103.29,submitted,123584,0.019582,0.059129,1.0,0.3333,0.5,False,False,1,3,6,GLM-4.7,large,deepinfra,MoE,multi_file
deepinfra_zai-org_GLM-4.7,GLM-4.7,deepinfra/zai-org/GLM-4.7,12,ast,0,Not possible to specify max_retries in v1.X?,be62645dd56580dd7576032b348cf79d880851d8,357306,6119,0.0,17,240.59,submitted,315232,0.052756,0.153631,1.0,0.6667,0.8,False,False,2,3,6,GLM-4.7,large,deepinfra,MoE,multi_file
deepinfra_zai-org_GLM-4.7,GLM-4.7,deepinfra/zai-org/GLM-4.7,12,ast,1,Not possible to specify max_retries in v1.X?,be62645dd56580dd7576032b348cf79d880851d8,193304,2254,0.0,11,122.35,submitted,174208,0.02552,0.081266,1.0,0.6667,0.8,False,False,2,3,6,GLM-4.7,large,deepinfra,MoE,multi_file
deepinfra_zai-org_GLM-4.7,GLM-4.7,deepinfra/zai-org/GLM-4.7,12,ast,2,Not possible to specify max_retries in v1.X?,be62645dd56580dd7576032b348cf79d880851d8,234581,3532,0.0,14,294.73,submitted,178720,0.042823,0.100013,1.0,0.6667,0.8,False,False,2,3,6,GLM-4.7,large,deepinfra,MoE,multi_file
deepinfra_zai-org_GLM-4.7,GLM-4.7,deepinfra/zai-org/GLM-4.7,12,ast,3,Not possible to specify max_retries in v1.X?,be62645dd56580dd7576032b348cf79d880851d8,283223,3597,0.0,18,209.62,submitted,265344,0.034674,0.119584,1.0,0.3333,0.5,False,False,1,3,6,GLM-4.7,large,deepinfra,MoE,multi_file
deepinfra_zai-org_GLM-4.7,GLM-4.7,deepinfra/zai-org/GLM-4.7,12,ast,4,Not possible to specify max_retries in v1.X?,be62645dd56580dd7576032b348cf79d880851d8,253392,2627,0.0,14,181.72,submitted,233184,0.031335,0.105954,1.0,0.3333,0.5,False,False,1,3,6,GLM-4.7,large,deepinfra,MoE,multi_file
deepinfra_zai-org_GLM-4.7,GLM-4.7,deepinfra/zai-org/GLM-4.7,12,none,0,Not possible to specify max_retries in v1.X?,be62645dd56580dd7576032b348cf79d880851d8,217015,2440,0.0,20,99.29,max_turns,177088,0.034408,0.091076,1.0,0.6667,0.8,False,False,2,3,6,GLM-4.7,large,deepinfra,MoE,multi_file
deepinfra_zai-org_GLM-4.7,GLM-4.7,deepinfra/zai-org/GLM-4.7,12,none,1,Not possible to specify max_retries in v1.X?,be62645dd56580dd7576032b348cf79d880851d8,210471,2320,0.0,20,114.23,max_turns,176672,0.031713,0.088248,1.0,0.6667,0.8,False,False,2,3,6,GLM-4.7,large,deepinfra,MoE,multi_file
deepinfra_zai-org_GLM-4.7,GLM-4.7,deepinfra/zai-org/GLM-4.7,12,none,2,Not possible to specify max_retries in v1.X?,be62645dd56580dd7576032b348cf79d880851d8,139587,2768,0.0,20,118.22,max_turns,121088,0.021931,0.060679,1.0,0.3333,0.5,False,False,1,3,6,GLM-4.7,large,deepinfra,MoE,multi_file
deepinfra_zai-org_GLM-4.7,GLM-4.7,deepinfra/zai-org/GLM-4.7,12,none,3,Not possible to specify max_retries in v1.X?,be62645dd56580dd7576032b348cf79d880851d8,70819,2246,0.0,14,81.14,submitted,63968,0.011788,0.032258,1.0,0.6667,0.8,False,False,2,3,6,GLM-4.7,large,deepinfra,MoE,multi_file
deepinfra_zai-org_GLM-4.7,GLM-4.7,deepinfra/zai-org/GLM-4.7,12,none,4,Not possible to specify max_retries in v1.X?,be62645dd56580dd7576032b348cf79d880851d8,154680,3057,0.0,20,153.48,max_turns,122688,0.027962,0.067222,1.0,0.6667,0.8,False,False,2,3,6,GLM-4.7,large,deepinfra,MoE,multi_file
deepinfra_zai-org_GLM-4.7,GLM-4.7,deepinfra/zai-org/GLM-4.7,14,ast_compact,0,Authentication Handlers lost on redirect.,4683f169909857d663275346655975af7190fd62,319592,7932,0.0,20,272.44,max_turns,284480,0.050684,0.141718,0.0,0.0,0.0,False,False,1,1,6,GLM-4.7,large,deepinfra,MoE,single_file
deepinfra_zai-org_GLM-4.7,GLM-4.7,deepinfra/zai-org/GLM-4.7,14,ast_compact,1,Authentication Handlers lost on redirect.,4683f169909857d663275346655975af7190fd62,233824,4844,0.0,20,131.47,max_turns,209408,0.034996,0.102007,0.0,0.0,0.0,False,False,1,1,6,GLM-4.7,large,deepinfra,MoE,single_file
deepinfra_zai-org_GLM-4.7,GLM-4.7,deepinfra/zai-org/GLM-4.7,14,ast_compact,2,Authentication Handlers lost on redirect.,4683f169909857d663275346655975af7190fd62,342493,9815,0.0,20,358.48,max_turns,303904,0.056924,0.154173,0.0,0.0,0.0,False,False,1,1,6,GLM-4.7,large,deepinfra,MoE,single_file
deepinfra_zai-org_GLM-4.7,GLM-4.7,deepinfra/zai-org/GLM-4.7,14,ast_compact,3,Authentication Handlers lost on redirect.,4683f169909857d663275346655975af7190fd62,326538,6545,0.0,20,167.14,max_turns,292192,0.048568,0.142069,0.0,0.0,0.0,False,False,2,1,6,GLM-4.7,large,deepinfra,MoE,single_file
deepinfra_zai-org_GLM-4.7,GLM-4.7,deepinfra/zai-org/GLM-4.7,14,ast_compact,4,Authentication Handlers lost on redirect.,4683f169909857d663275346655975af7190fd62,318333,7962,0.0,20,458.99,max_turns,283712,0.050479,0.141267,0.0,0.0,0.0,False,False,1,1,6,GLM-4.7,large,deepinfra,MoE,single_file
deepinfra_zai-org_GLM-4.7,GLM-4.7,deepinfra/zai-org/GLM-4.7,14,ast,0,Authentication Handlers lost on redirect.,4683f169909857d663275346655975af7190fd62,338734,10639,0.0,14,276.9,submitted,312992,0.053954,0.154112,0.0,0.0,0.0,False,False,2,1,6,GLM-4.7,large,deepinfra,MoE,single_file
deepinfra_zai-org_GLM-4.7,GLM-4.7,deepinfra/zai-org/GLM-4.7,14,ast,1,Authentication Handlers lost on redirect.,4683f169909857d663275346655975af7190fd62,511181,6353,0.0,20,206.33,max_turns,458624,0.06883,0.21559,0.0,0.0,0.0,False,False,1,1,6,GLM-4.7,large,deepinfra,MoE,single_file
deepinfra_zai-org_GLM-4.7,GLM-4.7,deepinfra/zai-org/GLM-4.7,14,ast,2,Authentication Handlers lost on redirect.,4683f169909857d663275346655975af7190fd62,523881,7774,0.0,20,225.3,max_turns,445760,0.080514,0.223157,0.0,0.0,0.0,False,False,2,1,6,GLM-4.7,large,deepinfra,MoE,single_file
deepinfra_zai-org_GLM-4.7,GLM-4.7,deepinfra/zai-org/GLM-4.7,14,ast,3,Authentication Handlers lost on redirect.,4683f169909857d663275346655975af7190fd62,426361,4661,0.0,20,292.56,max_turns,381504,0.05662,0.178701,0.0,0.0,0.0,False,False,2,1,6,GLM-4.7,large,deepinfra,MoE,single_file
deepinfra_zai-org_GLM-4.7,GLM-4.7,deepinfra/zai-org/GLM-4.7,14,ast,4,Authentication Handlers lost on redirect.,4683f169909857d663275346655975af7190fd62,508869,13257,0.0,20,514.0,max_turns,455552,0.080971,0.226747,0.3333,1.0,0.5,False,False,3,1,6,GLM-4.7,large,deepinfra,MoE,single_file
deepinfra_zai-org_GLM-4.7,GLM-4.7,deepinfra/zai-org/GLM-4.7,14,none,0,Authentication Handlers lost on redirect.,4683f169909857d663275346655975af7190fd62,212542,6891,0.0,20,275.67,max_turns,185344,0.037766,0.097076,0.0,0.0,0.0,False,False,2,1,6,GLM-4.7,large,deepinfra,MoE,single_file
deepinfra_zai-org_GLM-4.7,GLM-4.7,deepinfra/zai-org/GLM-4.7,14,none,1,Authentication Handlers lost on redirect.,4683f169909857d663275346655975af7190fd62,210569,3839,0.0,20,265.35,max_turns,182624,0.032506,0.090946,0.3333,1.0,0.5,False,False,3,1,6,GLM-4.7,large,deepinfra,MoE,single_file
deepinfra_zai-org_GLM-4.7,GLM-4.7,deepinfra/zai-org/GLM-4.7,14,none,2,Authentication Handlers lost on redirect.,4683f169909857d663275346655975af7190fd62,204701,4590,0.0,20,215.53,max_turns,176384,0.03347,0.089913,0.0,0.0,0.0,False,False,2,1,6,GLM-4.7,large,deepinfra,MoE,single_file
deepinfra_zai-org_GLM-4.7,GLM-4.7,deepinfra/zai-org/GLM-4.7,14,none,3,Authentication Handlers lost on redirect.,4683f169909857d663275346655975af7190fd62,317804,10884,0.0,20,382.17,max_turns,276224,0.057777,0.146169,0.0,0.0,0.0,False,False,1,1,6,GLM-4.7,large,deepinfra,MoE,single_file
deepinfra_zai-org_GLM-4.7,GLM-4.7,deepinfra/zai-org/GLM-4.7,14,none,4,Authentication Handlers lost on redirect.,4683f169909857d663275346655975af7190fd62,299871,2123,0.0,20,78.52,max_turns,261600,0.039952,0.123664,0.5,1.0,0.6667,False,False,2,1,6,GLM-4.7,large,deepinfra,MoE,single_file
deepinfra_zai-org_GLM-4.7,GLM-4.7,deepinfra/zai-org/GLM-4.7,15,ast_compact,0,Add header name to InvalidHeader exception message,1c2022cf868cb503815f34901ad8e85cf524d01a,59495,1609,0.0,8,90.37,submitted,52128,0.009933,0.026614,1.0,1.0,1.0,False,False,1,1,6,GLM-4.7,large,deepinfra,MoE,single_file
deepinfra_zai-org_GLM-4.7,GLM-4.7,deepinfra/zai-org/GLM-4.7,15,ast_compact,1,Add header name to InvalidHeader exception message,1c2022cf868cb503815f34901ad8e85cf524d01a,65780,1961,0.0,8,94.11,submitted,56096,0.011793,0.029744,1.0,1.0,1.0,False,False,1,1,6,GLM-4.7,large,deepinfra,MoE,single_file
deepinfra_zai-org_GLM-4.7,GLM-4.7,deepinfra/zai-org/GLM-4.7,15,ast_compact,2,Add header name to InvalidHeader exception message,1c2022cf868cb503815f34901ad8e85cf524d01a,51519,1525,0.0,7,54.28,submitted,44288,0.009104,0.023276,1.0,1.0,1.0,False,False,1,1,6,GLM-4.7,large,deepinfra,MoE,single_file
deepinfra_zai-org_GLM-4.7,GLM-4.7,deepinfra/zai-org/GLM-4.7,15,ast_compact,3,Add header name to InvalidHeader exception message,1c2022cf868cb503815f34901ad8e85cf524d01a,51991,1624,0.0,7,40.94,submitted,50336,0.007531,0.023638,1.0,1.0,1.0,False,False,1,1,6,GLM-4.7,large,deepinfra,MoE,single_file
deepinfra_zai-org_GLM-4.7,GLM-4.7,deepinfra/zai-org/GLM-4.7,15,ast_compact,4,Add header name to InvalidHeader exception message,1c2022cf868cb503815f34901ad8e85cf524d01a,35605,950,0.0,5,39.47,submitted,28896,0.006658,0.015904,1.0,1.0,1.0,False,False,1,1,6,GLM-4.7,large,deepinfra,MoE,single_file
deepinfra_zai-org_GLM-4.7,GLM-4.7,deepinfra/zai-org/GLM-4.7,15,ast,0,Add header name to InvalidHeader exception message,1c2022cf868cb503815f34901ad8e85cf524d01a,134595,2029,0.0,8,73.46,submitted,117664,0.019736,0.057389,1.0,1.0,1.0,False,False,1,1,6,GLM-4.7,large,deepinfra,MoE,single_file
deepinfra_zai-org_GLM-4.7,GLM-4.7,deepinfra/zai-org/GLM-4.7,15,ast,1,Add header name to InvalidHeader exception message,1c2022cf868cb503815f34901ad8e85cf524d01a,99170,1477,0.0,6,48.86,submitted,82912,0.015721,0.042253,1.0,1.0,1.0,False,False,1,1,6,GLM-4.7,large,deepinfra,MoE,single_file
deepinfra_zai-org_GLM-4.7,GLM-4.7,deepinfra/zai-org/GLM-4.7,15,ast,2,Add header name to InvalidHeader exception message,1c2022cf868cb503815f34901ad8e85cf524d01a,100249,1575,0.0,6,47.89,submitted,98400,0.011368,0.042856,1.0,1.0,1.0,False,False,1,1,6,GLM-4.7,large,deepinfra,MoE,single_file
deepinfra_zai-org_GLM-4.7,GLM-4.7,deepinfra/zai-org/GLM-4.7,15,ast,3,Add header name to InvalidHeader exception message,1c2022cf868cb503815f34901ad8e85cf524d01a,65275,940,0.0,4,31.77,submitted,49440,0.011934,0.027755,1.0,1.0,1.0,False,False,1,1,6,GLM-4.7,large,deepinfra,MoE,single_file
deepinfra_zai-org_GLM-4.7,GLM-4.7,deepinfra/zai-org/GLM-4.7,15,ast,4,Add header name to InvalidHeader exception message,1c2022cf868cb503815f34901ad8e85cf524d01a,175879,2566,0.0,10,137.81,submitted,157920,0.024308,0.074842,1.0,1.0,1.0,False,False,1,1,6,GLM-4.7,large,deepinfra,MoE,single_file
deepinfra_zai-org_GLM-4.7,GLM-4.7,deepinfra/zai-org/GLM-4.7,15,none,0,Add header name to InvalidHeader exception message,1c2022cf868cb503815f34901ad8e85cf524d01a,51685,3123,0.0,18,126.78,submitted,48032,0.010769,0.026139,1.0,1.0,1.0,False,False,1,1,6,GLM-4.7,large,deepinfra,MoE,single_file
deepinfra_zai-org_GLM-4.7,GLM-4.7,deepinfra/zai-org/GLM-4.7,15,none,1,Add header name to InvalidHeader exception message,1c2022cf868cb503815f34901ad8e85cf524d01a,22886,2089,0.0,10,101.83,submitted,19936,0.006431,0.01281,1.0,1.0,1.0,False,False,1,1,6,GLM-4.7,large,deepinfra,MoE,single_file
deepinfra_zai-org_GLM-4.7,GLM-4.7,deepinfra/zai-org/GLM-4.7,15,none,2,Add header name to InvalidHeader exception message,1c2022cf868cb503815f34901ad8e85cf524d01a,24819,1206,0.0,7,57.57,submitted,16800,0.006662,0.012038,1.0,1.0,1.0,False,False,1,1,6,GLM-4.7,large,deepinfra,MoE,single_file
deepinfra_zai-org_GLM-4.7,GLM-4.7,deepinfra/zai-org/GLM-4.7,15,none,3,Add header name to InvalidHeader exception message,1c2022cf868cb503815f34901ad8e85cf524d01a,44010,2210,0.0,15,57.44,submitted,37664,0.009419,0.021472,1.0,1.0,1.0,False,False,1,1,6,GLM-4.7,large,deepinfra,MoE,single_file
deepinfra_zai-org_GLM-4.7,GLM-4.7,deepinfra/zai-org/GLM-4.7,15,none,4,Add header name to InvalidHeader exception message,1c2022cf868cb503815f34901ad8e85cf524d01a,29543,2148,0.0,12,60.24,submitted,23328,0.008111,0.015576,1.0,1.0,1.0,False,False,1,1,6,GLM-4.7,large,deepinfra,MoE,single_file
deepinfra_zai-org_GLM-4.7,GLM-4.7,deepinfra/zai-org/GLM-4.7,4,ast_compact,0,Requests doesn't catch requests.packages.urllib3.exceptions.ProxyError,9968a10fcfad7268b552808c4f8946eecafc956a,130641,4255,0.0,17,116.4,submitted,113504,0.023381,0.059703,1.0,1.0,1.0,False,False,2,2,6,GLM-4.7,large,deepinfra,MoE,multi_file
deepinfra_zai-org_GLM-4.7,GLM-4.7,deepinfra/zai-org/GLM-4.7,4,ast_compact,1,Requests doesn't catch requests.packages.urllib3.exceptions.ProxyError,9968a10fcfad7268b552808c4f8946eecafc956a,31515,1081,0.0,4,50.42,submitted,22976,0.007145,0.014498,1.0,1.0,1.0,False,False,2,2,6,GLM-4.7,large,deepinfra,MoE,multi_file
deepinfra_zai-org_GLM-4.7,GLM-4.7,deepinfra/zai-org/GLM-4.7,4,ast_compact,2,Requests doesn't catch requests.packages.urllib3.exceptions.ProxyError,9968a10fcfad7268b552808c4f8946eecafc956a,124465,3033,0.0,13,120.01,submitted,111520,0.019407,0.055094,1.0,1.0,1.0,False,False,2,2,6,GLM-4.7,large,deepinfra,MoE,multi_file
deepinfra_zai-org_GLM-4.7,GLM-4.7,deepinfra/zai-org/GLM-4.7,4,ast_compact,3,Requests doesn't catch requests.packages.urllib3.exceptions.ProxyError,9968a10fcfad7268b552808c4f8946eecafc956a,70130,2421,0.0,8,87.61,submitted,51424,0.015833,0.032289,1.0,1.0,1.0,False,False,2,2,6,GLM-4.7,large,deepinfra,MoE,multi_file
deepinfra_zai-org_GLM-4.7,GLM-4.7,deepinfra/zai-org/GLM-4.7,4,ast_compact,4,Requests doesn't catch requests.packages.urllib3.exceptions.ProxyError,9968a10fcfad7268b552808c4f8946eecafc956a,93796,3336,0.0,10,99.22,submitted,74400,0.019548,0.043356,1.0,1.0,1.0,False,False,2,2,6,GLM-4.7,large,deepinfra,MoE,multi_file
deepinfra_zai-org_GLM-4.7,GLM-4.7,deepinfra/zai-org/GLM-4.7,4,ast,0,Requests doesn't catch requests.packages.urllib3.exceptions.ProxyError,9968a10fcfad7268b552808c4f8946eecafc956a,213496,4965,0.0,12,154.39,submitted,194112,0.031971,0.094087,1.0,1.0,1.0,False,False,2,2,6,GLM-4.7,large,deepinfra,MoE,multi_file
deepinfra_zai-org_GLM-4.7,GLM-4.7,deepinfra/zai-org/GLM-4.7,4,ast,1,Requests doesn't catch requests.packages.urllib3.exceptions.ProxyError,9968a10fcfad7268b552808c4f8946eecafc956a,307177,3108,0.0,18,121.38,submitted,287808,0.036211,0.12831,1.0,1.0,1.0,False,False,2,2,6,GLM-4.7,large,deepinfra,MoE,multi_file
deepinfra_zai-org_GLM-4.7,GLM-4.7,deepinfra/zai-org/GLM-4.7,4,ast,2,Requests doesn't catch requests.packages.urllib3.exceptions.ProxyError,9968a10fcfad7268b552808c4f8946eecafc956a,143356,2035,0.0,9,74.54,submitted,126432,0.020445,0.060904,1.0,1.0,1.0,False,False,2,2,6,GLM-4.7,large,deepinfra,MoE,multi_file
deepinfra_zai-org_GLM-4.7,GLM-4.7,deepinfra/zai-org/GLM-4.7,4,ast,3,Requests doesn't catch requests.packages.urllib3.exceptions.ProxyError,9968a10fcfad7268b552808c4f8946eecafc956a,235851,4065,0.0,14,103.12,submitted,218144,0.031648,0.101454,1.0,1.0,1.0,False,False,2,2,6,GLM-4.7,large,deepinfra,MoE,multi_file
deepinfra_zai-org_GLM-4.7,GLM-4.7,deepinfra/zai-org/GLM-4.7,4,ast,4,Requests doesn't catch requests.packages.urllib3.exceptions.ProxyError,9968a10fcfad7268b552808c4f8946eecafc956a,268042,4693,0.0,15,173.06,submitted,248672,0.035855,0.11543,1.0,1.0,1.0,False,False,2,2,6,GLM-4.7,large,deepinfra,MoE,multi_file
deepinfra_zai-org_GLM-4.7,GLM-4.7,deepinfra/zai-org/GLM-4.7,4,none,0,Requests doesn't catch requests.packages.urllib3.exceptions.ProxyError,9968a10fcfad7268b552808c4f8946eecafc956a,99230,4217,0.0,20,156.78,submitted,91744,0.017714,0.047072,1.0,1.0,1.0,False,False,2,2,6,GLM-4.7,large,deepinfra,MoE,multi_file
deepinfra_zai-org_GLM-4.7,GLM-4.7,deepinfra/zai-org/GLM-4.7,4,none,1,Requests doesn't catch requests.packages.urllib3.exceptions.ProxyError,9968a10fcfad7268b552808c4f8946eecafc956a,82582,5067,0.0,19,105.24,submitted,75232,0.017826,0.0419,1.0,1.0,1.0,False,False,2,2,6,GLM-4.7,large,deepinfra,MoE,multi_file
deepinfra_zai-org_GLM-4.7,GLM-4.7,deepinfra/zai-org/GLM-4.7,4,none,2,Requests doesn't catch requests.packages.urllib3.exceptions.ProxyError,9968a10fcfad7268b552808c4f8946eecafc956a,103205,3918,0.0,20,172.63,max_turns,89184,0.0196,0.048139,1.0,1.0,1.0,False,False,2,2,6,GLM-4.7,large,deepinfra,MoE,multi_file
deepinfra_zai-org_GLM-4.7,GLM-4.7,deepinfra/zai-org/GLM-4.7,4,none,3,Requests doesn't catch requests.packages.urllib3.exceptions.ProxyError,9968a10fcfad7268b552808c4f8946eecafc956a,99368,2947,0.0,20,251.18,max_turns,85664,0.017492,0.044904,1.0,1.0,1.0,False,False,2,2,6,GLM-4.7,large,deepinfra,MoE,multi_file
deepinfra_zai-org_GLM-4.7,GLM-4.7,deepinfra/zai-org/GLM-4.7,4,none,4,Requests doesn't catch requests.packages.urllib3.exceptions.ProxyError,9968a10fcfad7268b552808c4f8946eecafc956a,112332,3820,0.0,20,117.3,max_turns,96320,0.020795,0.051618,1.0,1.0,1.0,False,False,2,2,6,GLM-4.7,large,deepinfra,MoE,multi_file
