f1,success,precision,recall,map_condition,model_short,log_codebase_size,codebase_size,issue_id,repo,issue_idx,rep,turns_used,hit_turn_cap,total_input_tokens,total_output_tokens,total_cost,wall_time_seconds
1.0,1,1.0,1.0,baseline,ministral_3b,12.068688124847148,174327,core/16,core,16,1,14,0,151168,1611,0.010808,38.25
0.0,0,0.0,0.0,baseline,ministral_3b,12.068688124847148,174327,core/16,core,16,2,18,0,180485,1706,0.006901,44.37
1.0,1,1.0,1.0,baseline,ministral_3b,12.068688124847148,174327,core/16,core,16,3,5,0,15169,706,0.00123,9.69
1.0,1,1.0,1.0,baseline,ministral_3b,11.506545154005941,99364,core/20,core,20,1,5,0,27591,1661,0.002366,18.45
1.0,1,1.0,1.0,baseline,ministral_3b,11.506545154005941,99364,core/20,core,20,2,4,0,20201,1561,0.001802,16.1
1.0,1,1.0,1.0,baseline,ministral_3b,11.506545154005941,99364,core/20,core,20,3,10,0,52739,1572,0.003605,26.52
0.0,0,0.0,0.0,baseline,ministral_3b,8.579980179515003,5324,fastapi/17,fastapi,17,1,23,0,217559,2094,0.005768,51.0
0.0,0,0.0,0.0,baseline,ministral_3b,8.579980179515003,5324,fastapi/17,fastapi,17,2,13,0,114047,3359,0.006194,47.89
0.0,0,0.0,0.0,baseline,ministral_3b,8.579980179515003,5324,fastapi/17,fastapi,17,3,16,0,116498,8291,0.007076,96.13
0.0,0,0.0,0.0,baseline,ministral_3b,8.518991573357617,5009,fastapi/20,fastapi,20,1,26,0,57462,2548,0.00194,53.08
0.0,0,0.0,0.0,baseline,ministral_3b,8.518991573357617,5009,fastapi/20,fastapi,20,2,29,0,74189,1399,0.002997,44.38
0.0,0,0.0,0.0,baseline,ministral_3b,8.518991573357617,5009,fastapi/20,fastapi,20,3,16,0,42120,2778,0.00142,35.82
0.5,0,1.0,0.3333,baseline,ministral_3b,8.482187582217422,4828,fastapi/9,fastapi,9,1,15,0,101530,1245,0.004569,32.86
0.5,0,1.0,0.3333,baseline,ministral_3b,8.482187582217422,4828,fastapi/9,fastapi,9,2,8,0,37357,849,0.002335,14.66
0.5,0,1.0,0.3333,baseline,ministral_3b,8.482187582217422,4828,fastapi/9,fastapi,9,3,7,0,50244,946,0.00278,15.69
0.6667,0,1.0,0.5,baseline,ministral_3b,8.808369153122275,6690,flask/18,flask,18,1,24,0,102807,1806,0.003653,43.34
0.6667,0,1.0,0.5,baseline,ministral_3b,8.808369153122275,6690,flask/18,flask,18,2,24,0,133704,2491,0.005043,48.86
0.6667,0,1.0,0.5,baseline,ministral_3b,8.808369153122275,6690,flask/18,flask,18,3,13,0,116760,2731,0.005492,35.93
1.0,1,1.0,1.0,baseline,ministral_3b,8.899457906353966,7328,flask/3,flask,3,1,7,0,18193,836,0.000906,13.34
1.0,1,1.0,1.0,baseline,ministral_3b,8.899457906353966,7328,flask/3,flask,3,2,10,0,34504,1204,0.001785,18.4
1.0,1,1.0,1.0,baseline,ministral_3b,8.899457906353966,7328,flask/3,flask,3,3,12,0,34426,2152,0.002264,37.52
1.0,1,1.0,1.0,baseline,ministral_3b,8.827468112520654,6819,flask/6,flask,6,1,8,0,19485,501,0.001411,12.82
1.0,1,1.0,1.0,baseline,ministral_3b,8.827468112520654,6819,flask/6,flask,6,2,7,0,14606,382,0.000865,11.64
1.0,1,1.0,1.0,baseline,ministral_3b,8.827468112520654,6819,flask/6,flask,6,3,9,0,79211,587,0.00499,22.59
0.0,0,0.0,0.0,baseline,ministral_3b,8.341410211461865,4194,gpt-engineer/11,gpt-engineer,11,1,11,0,31652,1744,0.001882,25.92
0.0,0,0.0,0.0,baseline,ministral_3b,8.341410211461865,4194,gpt-engineer/11,gpt-engineer,11,2,9,0,43747,1601,0.002962,37.81
0.0,0,0.0,0.0,baseline,ministral_3b,8.341410211461865,4194,gpt-engineer/11,gpt-engineer,11,3,7,0,29353,1583,0.002063,25.66
0.4,0,1.0,0.25,baseline,ministral_3b,8.029432840581244,3070,gpt-engineer/12,gpt-engineer,12,1,6,0,27809,919,0.002458,16.09
0.4,0,1.0,0.25,baseline,ministral_3b,8.029432840581244,3070,gpt-engineer/12,gpt-engineer,12,2,5,0,18468,1320,0.001242,14.56
0.4,0,1.0,0.25,baseline,ministral_3b,8.029432840581244,3070,gpt-engineer/12,gpt-engineer,12,3,4,0,11232,878,0.000837,26.99
1.0,1,1.0,1.0,baseline,ministral_3b,8.36380888451688,4289,gpt-engineer/9,gpt-engineer,9,1,22,0,88993,1129,0.003506,34.12
1.0,1,1.0,1.0,baseline,ministral_3b,8.36380888451688,4289,gpt-engineer/9,gpt-engineer,9,2,13,0,66173,1647,0.003994,29.81
1.0,1,1.0,1.0,baseline,ministral_3b,8.36380888451688,4289,gpt-engineer/9,gpt-engineer,9,3,10,0,29518,1237,0.002379,21.28
0.0,0,0.0,0.0,baseline,ministral_3b,10.196231790580173,26802,keras/12,keras,12,1,14,0,56986,1725,0.002813,29.85
0.0,0,0.0,0.0,baseline,ministral_3b,10.196231790580173,26802,keras/12,keras,12,2,20,0,47746,3093,0.002083,42.54
0.0,0,0.0,0.0,baseline,ministral_3b,10.196231790580173,26802,keras/12,keras,12,3,7,0,14226,1305,0.000885,14.24
1.0,1,1.0,1.0,baseline,ministral_3b,10.349134450277123,31230,keras/5,keras,5,1,8,0,59597,1421,0.003504,22.9
0.0,0,0.0,0.0,baseline,ministral_3b,10.349134450277123,31230,keras/5,keras,5,2,24,0,41996,1260,0.001094,34.21
0.0,0,0.0,0.0,baseline,ministral_3b,10.349134450277123,31230,keras/5,keras,5,3,14,0,20236,1022,0.000686,42.75
1.0,1,1.0,1.0,baseline,ministral_3b,10.444153492313001,34343,keras/9,keras,9,1,11,0,82528,2283,0.004363,38.29
1.0,1,1.0,1.0,baseline,ministral_3b,10.444153492313001,34343,keras/9,keras,9,2,7,0,31016,1049,0.002625,15.92
1.0,1,1.0,1.0,baseline,ministral_3b,10.444153492313001,34343,keras/9,keras,9,3,12,0,84698,1617,0.007151,34.59
0.25,0,1.0,0.1429,baseline,ministral_3b,9.61953186182516,15056,localstack/19,localstack,19,1,14,0,125976,1627,0.006931,42.02
0.0,0,0.0,0.0,baseline,ministral_3b,9.61953186182516,15056,localstack/19,localstack,19,2,12,0,38339,1079,0.002698,20.8
0.0,0,0.0,0.0,baseline,ministral_3b,9.61953186182516,15056,localstack/19,localstack,19,3,13,0,64595,1113,0.004791,31.32
1.0,1,1.0,1.0,baseline,ministral_3b,10.563155506021905,38683,localstack/2,localstack,2,1,11,0,126521,2568,0.005358,36.42
1.0,1,1.0,1.0,baseline,ministral_3b,10.563155506021905,38683,localstack/2,localstack,2,2,14,0,178386,2089,0.007708,40.19
1.0,1,1.0,1.0,baseline,ministral_3b,10.563155506021905,38683,localstack/2,localstack,2,3,14,0,158718,1271,0.004761,33.17
0.0,0,0.0,0.0,baseline,ministral_3b,9.860214640302662,19153,localstack/9,localstack,9,1,28,0,81897,1508,0.002079,44.67
1.0,1,1.0,1.0,baseline,ministral_3b,9.860214640302662,19153,localstack/9,localstack,9,2,19,0,83089,1696,0.002966,36.38
0.0,0,0.0,0.0,baseline,ministral_3b,9.860214640302662,19153,localstack/9,localstack,9,3,1,0,4518,10,0.000389,6.46
0.6667,0,1.0,0.5,baseline,ministral_3b,11.189312196300184,72353,pandas/26,pandas,26,1,26,0,157158,1302,0.003543,44.71
0.6667,0,1.0,0.5,baseline,ministral_3b,11.189312196300184,72353,pandas/26,pandas,26,2,13,0,82011,997,0.004298,24.61
1.0,1,1.0,1.0,baseline,ministral_3b,11.189312196300184,72353,pandas/26,pandas,26,3,18,0,379027,1588,0.020419,46.22
0.0,0,0.0,0.0,baseline,ministral_3b,11.270446177349276,78468,pandas/35,pandas,35,1,19,0,346555,3373,0.016451,68.49
0.0,0,0.0,0.0,baseline,ministral_3b,11.270446177349276,78468,pandas/35,pandas,35,2,26,0,357576,1974,0.01193,61.68
0.0,0,0.0,0.0,baseline,ministral_3b,11.270446177349276,78468,pandas/35,pandas,35,3,22,0,534976,2208,0.016566,122.35
0.6667,0,1.0,0.5,baseline,ministral_3b,12.08721590866289,177587,pandas/38,pandas,38,1,9,0,57558,1359,0.002937,23.54
0.6667,0,1.0,0.5,baseline,ministral_3b,12.08721590866289,177587,pandas/38,pandas,38,2,15,0,91706,2723,0.004731,94.95
0.6667,0,1.0,0.5,baseline,ministral_3b,12.08721590866289,177587,pandas/38,pandas,38,3,15,0,81345,2339,0.003167,34.41
0.0,0,0.0,0.0,baseline,ministral_3b,10.883015959814806,53264,pandas/44,pandas,44,1,16,0,40595,1287,0.002034,30.03
0.5,0,0.5,0.5,baseline,ministral_3b,10.883015959814806,53264,pandas/44,pandas,44,2,16,0,33881,810,0.001753,20.61
0.0,0,0.0,0.0,baseline,ministral_3b,10.883015959814806,53264,pandas/44,pandas,44,3,27,0,65845,1196,0.002327,37.8
0.5,0,1.0,0.3333,baseline,ministral_3b,9.346705246496699,11461,requests/12,requests,12,1,6,0,12772,648,0.000634,12.14
0.5,0,1.0,0.3333,baseline,ministral_3b,9.346705246496699,11461,requests/12,requests,12,2,10,0,17626,725,0.001184,15.4
0.5,0,1.0,0.3333,baseline,ministral_3b,9.346705246496699,11461,requests/12,requests,12,3,11,0,32884,792,0.002118,18.4
1.0,1,1.0,1.0,baseline,ministral_3b,9.348274558065496,11479,requests/13,requests,13,1,8,0,41514,790,0.003948,21.28
1.0,1,1.0,1.0,baseline,ministral_3b,9.348274558065496,11479,requests/13,requests,13,2,9,0,61919,1321,0.003732,22.47
1.0,1,1.0,1.0,baseline,ministral_3b,9.348274558065496,11479,requests/13,requests,13,3,12,0,63726,1269,0.004783,31.26
1.0,1,1.0,1.0,baseline,ministral_3b,7.958576903813898,2860,requests/7,requests,7,1,5,0,14597,491,0.001244,9.83
1.0,1,1.0,1.0,baseline,ministral_3b,7.958576903813898,2860,requests/7,requests,7,2,11,0,24998,941,0.001597,19.19
1.0,1,1.0,1.0,baseline,ministral_3b,7.958576903813898,2860,requests/7,requests,7,3,5,0,8688,1007,0.000382,10.24
1.0,1,1.0,1.0,baseline,ministral_3b,10.031000872835088,22720,rich/1,rich,1,1,7,0,20404,1016,0.001376,24.46
1.0,1,1.0,1.0,baseline,ministral_3b,10.031000872835088,22720,rich/1,rich,1,2,4,0,10185,596,0.000525,12.94
1.0,1,1.0,1.0,baseline,ministral_3b,10.031000872835088,22720,rich/1,rich,1,3,4,0,19928,531,0.001418,8.9
0.4,0,1.0,0.25,baseline,ministral_3b,10.051648903516648,23194,rich/12,rich,12,1,23,0,229003,2922,0.010348,69.86
0.4,0,1.0,0.25,baseline,ministral_3b,10.051648903516648,23194,rich/12,rich,12,2,19,0,388120,1715,0.014855,57.7
0.4,0,1.0,0.25,baseline,ministral_3b,10.051648903516648,23194,rich/12,rich,12,3,11,0,58935,1886,0.005264,33.7
1.0,1,1.0,1.0,baseline,ministral_3b,10.039939675671627,22924,rich/8,rich,8,1,5,0,22579,956,0.001449,15.95
1.0,1,1.0,1.0,baseline,ministral_3b,10.039939675671627,22924,rich/8,rich,8,2,5,0,22508,508,0.001248,12.03
0.0,0,0.0,0.0,baseline,ministral_3b,10.039939675671627,22924,rich/8,rich,8,3,15,0,65112,998,0.004105,33.2
0.6667,0,1.0,0.5,baseline,ministral_3b,11.620954417182327,111408,scikit-learn/45,scikit-learn,45,1,6,0,9834,930,0.000523,12.22
0.6667,0,1.0,0.5,baseline,ministral_3b,11.620954417182327,111408,scikit-learn/45,scikit-learn,45,2,5,0,7646,686,0.000493,9.46
0.6667,0,1.0,0.5,baseline,ministral_3b,11.620954417182327,111408,scikit-learn/45,scikit-learn,45,3,5,0,7622,292,0.000475,6.86
1.0,1,1.0,1.0,baseline,ministral_3b,11.55076060327325,103856,scikit-learn/49,scikit-learn,49,1,5,0,32222,578,0.00305,11.88
1.0,1,1.0,1.0,baseline,ministral_3b,11.55076060327325,103856,scikit-learn/49,scikit-learn,49,2,6,0,55633,595,0.005519,14.02
1.0,1,1.0,1.0,baseline,ministral_3b,11.55076060327325,103856,scikit-learn/49,scikit-learn,49,3,11,0,81265,710,0.005559,21.39
1.0,1,1.0,1.0,baseline,ministral_3b,11.525654110946952,101281,scikit-learn/5,scikit-learn,5,1,22,0,268934,1429,0.012711,54.53
1.0,1,1.0,1.0,baseline,ministral_3b,11.525654110946952,101281,scikit-learn/5,scikit-learn,5,2,12,0,117560,1387,0.006538,29.3
1.0,1,1.0,1.0,baseline,ministral_3b,11.525654110946952,101281,scikit-learn/5,scikit-learn,5,3,11,0,74039,992,0.003149,19.47
1.0,1,1.0,1.0,baseline,ministral_3b,9.796458979777604,17970,scrapy/20,scrapy,20,1,9,0,43780,648,0.003262,16.7
1.0,1,1.0,1.0,baseline,ministral_3b,9.796458979777604,17970,scrapy/20,scrapy,20,2,5,0,12866,360,0.000729,9.79
1.0,1,1.0,1.0,baseline,ministral_3b,9.796458979777604,17970,scrapy/20,scrapy,20,3,6,0,18963,484,0.001841,15.39
1.0,1,1.0,1.0,baseline,ministral_3b,9.655026193237628,15600,scrapy/26,scrapy,26,1,16,0,136303,1245,0.006042,33.0
1.0,1,1.0,1.0,baseline,ministral_3b,9.655026193237628,15600,scrapy/26,scrapy,26,2,10,0,74079,1524,0.004911,26.21
1.0,1,1.0,1.0,baseline,ministral_3b,9.655026193237628,15600,scrapy/26,scrapy,26,3,19,0,148111,1400,0.006714,37.49
0.0,0,0.0,0.0,baseline,ministral_3b,9.73477299914839,16895,scrapy/48,scrapy,48,1,16,0,63711,1178,0.00218,29.68
0.0,0,0.0,0.0,baseline,ministral_3b,9.73477299914839,16895,scrapy/48,scrapy,48,2,9,0,53623,1104,0.002817,21.16
0.0,0,0.0,0.0,baseline,ministral_3b,9.73477299914839,16895,scrapy/48,scrapy,48,3,13,0,42793,1318,0.002637,32.48
1.0,1,1.0,1.0,baseline,ministral_3b,9.961803629358965,21201,stable-diffusion-webui/0,stable-diffusion-webui,0,1,6,0,104983,1262,0.007318,23.01
1.0,1,1.0,1.0,baseline,ministral_3b,9.961803629358965,21201,stable-diffusion-webui/0,stable-diffusion-webui,0,2,5,0,85217,881,0.005401,15.93
1.0,1,1.0,1.0,baseline,ministral_3b,9.961803629358965,21201,stable-diffusion-webui/0,stable-diffusion-webui,0,3,4,0,65036,525,0.006303,11.15
0.0,0,0.0,0.0,baseline,ministral_3b,9.908425341565751,20099,stable-diffusion-webui/13,stable-diffusion-webui,13,1,6,0,79867,424,0.004458,15.97
1.0,1,1.0,1.0,baseline,ministral_3b,9.908425341565751,20099,stable-diffusion-webui/13,stable-diffusion-webui,13,2,19,0,269127,2568,0.009515,53.23
0.0,0,0.0,0.0,baseline,ministral_3b,9.908425341565751,20099,stable-diffusion-webui/13,stable-diffusion-webui,13,3,12,0,198841,1921,0.012421,47.85
0.0,0,0.0,0.0,baseline,ministral_3b,10.028797743501574,22670,stable-diffusion-webui/5,stable-diffusion-webui,5,1,24,0,434570,1802,0.009238,19.91
0.0,0,0.0,0.0,baseline,ministral_3b,10.028797743501574,22670,stable-diffusion-webui/5,stable-diffusion-webui,5,2,6,0,14149,901,0.000871,5.28
0.0,0,0.0,0.0,baseline,ministral_3b,10.028797743501574,22670,stable-diffusion-webui/5,stable-diffusion-webui,5,3,7,0,65538,1164,0.003329,9.41
0.5,0,1.0,0.3333,baseline,ministral_3b,8.483636407887394,4835,thefuck/10,thefuck,10,1,9,0,27746,1427,0.001512,15.74
0.0,0,0.0,0.0,baseline,ministral_3b,8.483636407887394,4835,thefuck/10,thefuck,10,2,18,0,54701,1316,0.001754,15.34
0.0,0,0.0,0.0,baseline,ministral_3b,8.483636407887394,4835,thefuck/10,thefuck,10,3,26,0,112474,2007,0.003292,30.36
0.0,0,0.0,0.0,baseline,ministral_3b,8.270781013162674,3908,thefuck/20,thefuck,20,1,11,0,28168,1794,0.001625,28.47
0.0,0,0.0,0.0,baseline,ministral_3b,8.270781013162674,3908,thefuck/20,thefuck,20,2,13,0,45977,2199,0.001966,32.59
0.0,0,0.0,0.0,baseline,ministral_3b,8.270781013162674,3908,thefuck/20,thefuck,20,3,11,0,82130,2247,0.002879,30.07
1.0,1,1.0,1.0,baseline,ministral_3b,7.822845290279774,2497,thefuck/5,thefuck,5,1,6,0,17228,873,0.00143,16.64
0.0,0,0.0,0.0,baseline,ministral_3b,7.822845290279774,2497,thefuck/5,thefuck,5,2,3,0,7047,812,0.000642,9.16
1.0,1,1.0,1.0,baseline,ministral_3b,7.822845290279774,2497,thefuck/5,thefuck,5,3,4,0,7216,757,0.000527,12.89
1.0,1,1.0,1.0,baseline,ministral_3b,12.430331574579306,250279,transformers/25,transformers,25,1,16,0,176093,1341,0.010106,41.1
1.0,1,1.0,1.0,baseline,ministral_3b,12.430331574579306,250279,transformers/25,transformers,25,2,19,0,220004,1730,0.013142,48.9
1.0,1,1.0,1.0,baseline,ministral_3b,12.430331574579306,250279,transformers/25,transformers,25,3,7,0,30023,924,0.002818,18.27
0.1538,0,1.0,0.0833,baseline,ministral_3b,12.407424472605875,244611,transformers/27,transformers,27,1,4,0,11945,499,0.000997,8.45
0.1538,0,1.0,0.0833,baseline,ministral_3b,12.407424472605875,244611,transformers/27,transformers,27,2,7,0,27944,916,0.00174,15.08
0.1538,0,1.0,0.0833,baseline,ministral_3b,12.407424472605875,244611,transformers/27,transformers,27,3,5,0,14698,438,0.001231,10.12
0.0,0,0.0,0.0,baseline,ministral_3b,11.587420505060633,107734,transformers/5,transformers,5,1,2,0,3744,929,0.000341,8.32
0.0,0,0.0,0.0,baseline,ministral_3b,11.587420505060633,107734,transformers/5,transformers,5,2,24,0,190001,3867,0.00986,69.61
0.0,0,0.0,0.0,baseline,ministral_3b,11.587420505060633,107734,transformers/5,transformers,5,3,10,0,52169,3292,0.004152,29.73
1.0,1,1.0,1.0,baseline,ministral_3b,12.095096391086711,178992,yt-dlp/23,yt-dlp,23,1,10,0,126141,1912,0.007558,35.4
1.0,1,1.0,1.0,baseline,ministral_3b,12.095096391086711,178992,yt-dlp/23,yt-dlp,23,2,5,0,37571,1406,0.002872,22.02
1.0,1,1.0,1.0,baseline,ministral_3b,12.095096391086711,178992,yt-dlp/23,yt-dlp,23,3,7,0,101777,1910,0.009361,32.23
0.0,0,0.0,0.0,baseline,ministral_3b,12.1489730534896,188900,yt-dlp/41,yt-dlp,41,1,9,0,141320,945,0.007579,32.19
0.0,0,0.0,0.0,baseline,ministral_3b,12.1489730534896,188900,yt-dlp/41,yt-dlp,41,2,24,0,763073,2214,0.042107,83.09
0.0,0,0.0,0.0,baseline,ministral_3b,12.1489730534896,188900,yt-dlp/41,yt-dlp,41,3,19,0,122280,1480,0.00244,34.96
0.0,0,0.0,0.0,baseline,ministral_3b,12.198660241414718,198523,yt-dlp/45,yt-dlp,45,1,19,0,464964,2672,0.016305,67.18
0.6667,0,1.0,0.5,baseline,ministral_3b,12.198660241414718,198523,yt-dlp/45,yt-dlp,45,2,8,0,183265,1702,0.011153,33.32
0.0,0,0.0,0.0,baseline,ministral_3b,12.198660241414718,198523,yt-dlp/45,yt-dlp,45,3,4,0,37593,1348,0.002829,23.88
1.0,1,1.0,1.0,baseline,gpt_oss_120b,12.068688124847148,174327,core/16,core,16,1,5,0,37379,1479,0.005784,26.86
1.0,1,1.0,1.0,baseline,gpt_oss_120b,12.068688124847148,174327,core/16,core,16,2,5,0,16551,2672,0.003338,27.63
1.0,1,1.0,1.0,baseline,gpt_oss_120b,12.068688124847148,174327,core/16,core,16,3,6,0,17945,1329,0.00259,16.14
1.0,1,1.0,1.0,baseline,gpt_oss_120b,11.506545154005941,99364,core/20,core,20,1,6,0,27362,2014,0.00289,22.27
1.0,1,1.0,1.0,baseline,gpt_oss_120b,11.506545154005941,99364,core/20,core,20,2,9,0,38529,3044,0.004301,33.72
1.0,1,1.0,1.0,baseline,gpt_oss_120b,11.506545154005941,99364,core/20,core,20,3,9,0,32052,2258,0.003144,27.21
0.0,0,0.0,0.0,baseline,gpt_oss_120b,8.579980179515003,5324,fastapi/17,fastapi,17,1,20,0,144222,9386,0.012865,109.26
0.0,0,0.0,0.0,baseline,gpt_oss_120b,8.579980179515003,5324,fastapi/17,fastapi,17,2,23,0,244458,12022,0.019283,171.48
0.0,0,0.0,0.0,baseline,gpt_oss_120b,8.579980179515003,5324,fastapi/17,fastapi,17,3,12,0,60842,3474,0.004877,38.82
0.0,0,0.0,0.0,baseline,gpt_oss_120b,8.518991573357617,5009,fastapi/20,fastapi,20,1,15,0,49239,6976,0.006876,67.41
0.0,0,0.0,0.0,baseline,gpt_oss_120b,8.518991573357617,5009,fastapi/20,fastapi,20,2,14,0,26629,4677,0.004392,50.12
0.0,0,0.0,0.0,baseline,gpt_oss_120b,8.518991573357617,5009,fastapi/20,fastapi,20,3,5,0,6935,1156,0.001051,13.36
0.5,0,1.0,0.3333,baseline,gpt_oss_120b,8.482187582217422,4828,fastapi/9,fastapi,9,1,5,0,14283,1068,0.002105,16.92
0.5,0,1.0,0.3333,baseline,gpt_oss_120b,8.482187582217422,4828,fastapi/9,fastapi,9,2,7,0,37026,1714,0.004259,21.26
0.5,0,1.0,0.3333,baseline,gpt_oss_120b,8.482187582217422,4828,fastapi/9,fastapi,9,3,5,0,17397,606,0.001529,11.24
0.6667,0,1.0,0.5,baseline,gpt_oss_120b,8.808369153122275,6690,flask/18,flask,18,1,9,0,22137,1765,0.002684,22.01
0.6667,0,1.0,0.5,baseline,gpt_oss_120b,8.808369153122275,6690,flask/18,flask,18,2,4,0,5254,2284,0.001602,21.26
1.0,1,1.0,1.0,baseline,gpt_oss_120b,8.808369153122275,6690,flask/18,flask,18,3,15,0,38327,3043,0.003698,52.36
1.0,1,1.0,1.0,baseline,gpt_oss_120b,8.899457906353966,7328,flask/3,flask,3,1,7,0,12458,1438,0.001815,17.97
1.0,1,1.0,1.0,baseline,gpt_oss_120b,8.899457906353966,7328,flask/3,flask,3,2,13,0,55511,7169,0.006758,65.8
1.0,1,1.0,1.0,baseline,gpt_oss_120b,8.899457906353966,7328,flask/3,flask,3,3,9,0,43494,1687,0.004659,26.39
1.0,1,1.0,1.0,baseline,gpt_oss_120b,8.827468112520654,6819,flask/6,flask,6,1,12,0,39325,5154,0.005446,47.19
1.0,1,1.0,1.0,baseline,gpt_oss_120b,8.827468112520654,6819,flask/6,flask,6,2,5,0,10829,1280,0.001699,13.97
1.0,1,1.0,1.0,baseline,gpt_oss_120b,8.827468112520654,6819,flask/6,flask,6,3,12,0,128232,4584,0.008402,58.5
0.0,0,0.0,0.0,baseline,gpt_oss_120b,8.341410211461865,4194,gpt-engineer/11,gpt-engineer,11,1,11,0,112114,5909,0.010751,80.76
0.0,0,0.0,0.0,baseline,gpt_oss_120b,8.341410211461865,4194,gpt-engineer/11,gpt-engineer,11,2,9,0,69186,2666,0.007693,40.05
0.0,0,0.0,0.0,baseline,gpt_oss_120b,8.341410211461865,4194,gpt-engineer/11,gpt-engineer,11,3,5,0,30841,1873,0.004496,19.38
0.4,0,1.0,0.25,baseline,gpt_oss_120b,8.029432840581244,3070,gpt-engineer/12,gpt-engineer,12,1,9,0,39137,2902,0.004214,34.77
0.4,0,1.0,0.25,baseline,gpt_oss_120b,8.029432840581244,3070,gpt-engineer/12,gpt-engineer,12,2,8,0,27480,2324,0.003299,23.15
0.4,0,1.0,0.25,baseline,gpt_oss_120b,8.029432840581244,3070,gpt-engineer/12,gpt-engineer,12,3,3,0,6082,572,0.000824,7.66
0.6667,1,0.5,1.0,baseline,gpt_oss_120b,8.36380888451688,4289,gpt-engineer/9,gpt-engineer,9,1,7,0,34390,6257,0.006492,60.48
1.0,1,1.0,1.0,baseline,gpt_oss_120b,8.36380888451688,4289,gpt-engineer/9,gpt-engineer,9,2,9,0,53297,6003,0.008888,58.4
0.0,0,0.0,0.0,baseline,gpt_oss_120b,8.36380888451688,4289,gpt-engineer/9,gpt-engineer,9,3,5,0,12851,2459,0.002696,24.67
0.0,0,0.0,0.0,baseline,gpt_oss_120b,10.196231790580173,26802,keras/12,keras,12,1,7,0,20407,2189,0.003338,25.56
0.0,0,0.0,0.0,baseline,gpt_oss_120b,10.196231790580173,26802,keras/12,keras,12,2,7,0,20700,2237,0.003008,21.53
0.2857,0,0.5,0.2,baseline,gpt_oss_120b,10.196231790580173,26802,keras/12,keras,12,3,12,0,43314,5036,0.005911,51.41
0.0,0,0.0,0.0,baseline,gpt_oss_120b,10.349134450277123,31230,keras/5,keras,5,1,10,0,37755,6354,0.006504,60.27
0.0,0,0.0,0.0,baseline,gpt_oss_120b,10.349134450277123,31230,keras/5,keras,5,2,10,0,44362,4311,0.004175,41.38
0.0,0,0.0,0.0,baseline,gpt_oss_120b,10.349134450277123,31230,keras/5,keras,5,3,11,0,41632,4860,0.005267,52.3
1.0,1,1.0,1.0,baseline,gpt_oss_120b,10.444153492313001,34343,keras/9,keras,9,1,10,0,32957,1817,0.003293,62.39
1.0,1,1.0,1.0,baseline,gpt_oss_120b,10.444153492313001,34343,keras/9,keras,9,2,10,0,41810,3180,0.005941,45.43
1.0,1,1.0,1.0,baseline,gpt_oss_120b,10.444153492313001,34343,keras/9,keras,9,3,6,0,18354,2622,0.003186,30.17
0.0,0,0.0,0.0,baseline,gpt_oss_120b,9.61953186182516,15056,localstack/19,localstack,19,1,18,0,28031,2770,0.003112,35.67
0.0,0,0.0,0.0,baseline,gpt_oss_120b,9.61953186182516,15056,localstack/19,localstack,19,2,15,0,44224,3160,0.00517,31.97
0.0,0,0.0,0.0,baseline,gpt_oss_120b,9.61953186182516,15056,localstack/19,localstack,19,3,18,0,70222,3201,0.004984,44.01
1.0,1,1.0,1.0,baseline,gpt_oss_120b,10.563155506021905,38683,localstack/2,localstack,2,1,19,0,173993,7528,0.012075,82.36
1.0,1,1.0,1.0,baseline,gpt_oss_120b,10.563155506021905,38683,localstack/2,localstack,2,2,25,0,221795,6234,0.009791,84.36
1.0,1,1.0,1.0,baseline,gpt_oss_120b,10.563155506021905,38683,localstack/2,localstack,2,3,13,0,114103,3852,0.008931,66.55
1.0,1,1.0,1.0,baseline,gpt_oss_120b,9.860214640302662,19153,localstack/9,localstack,9,1,13,0,84503,6199,0.00697,103.97
1.0,1,1.0,1.0,baseline,gpt_oss_120b,9.860214640302662,19153,localstack/9,localstack,9,2,15,0,93485,13202,0.01453,118.58
1.0,1,1.0,1.0,baseline,gpt_oss_120b,9.860214640302662,19153,localstack/9,localstack,9,3,14,0,77636,8917,0.0094,80.47
0.6667,0,1.0,0.5,baseline,gpt_oss_120b,11.189312196300184,72353,pandas/26,pandas,26,1,25,0,161527,4621,0.010409,78.53
1.0,1,1.0,1.0,baseline,gpt_oss_120b,11.189312196300184,72353,pandas/26,pandas,26,2,16,0,96043,3223,0.005302,50.3
0.8,1,0.6667,1.0,baseline,gpt_oss_120b,11.189312196300184,72353,pandas/26,pandas,26,3,26,0,224678,9320,0.014336,110.05
0.0,0,0.0,0.0,baseline,gpt_oss_120b,11.270446177349276,78468,pandas/35,pandas,35,1,20,0,229622,6405,0.015972,98.87
0.0,0,0.0,0.0,baseline,gpt_oss_120b,11.270446177349276,78468,pandas/35,pandas,35,2,18,0,183079,4756,0.013793,75.37
0.0,0,0.0,0.0,baseline,gpt_oss_120b,11.270446177349276,78468,pandas/35,pandas,35,3,9,0,76346,2715,0.005611,38.37
0.6667,0,1.0,0.5,baseline,gpt_oss_120b,12.08721590866289,177587,pandas/38,pandas,38,1,4,0,20733,935,0.002956,16.75
0.6667,0,1.0,0.5,baseline,gpt_oss_120b,12.08721590866289,177587,pandas/38,pandas,38,2,11,0,105764,2388,0.007498,36.81
0.6667,0,1.0,0.5,baseline,gpt_oss_120b,12.08721590866289,177587,pandas/38,pandas,38,3,3,0,22813,682,0.002655,10.87
0.0,0,0.0,0.0,baseline,gpt_oss_120b,10.883015959814806,53264,pandas/44,pandas,44,1,3,0,19226,1311,0.002696,18.09
0.0,0,0.0,0.0,baseline,gpt_oss_120b,10.883015959814806,53264,pandas/44,pandas,44,2,4,0,24125,1563,0.002924,16.01
0.0,0,0.0,0.0,baseline,gpt_oss_120b,10.883015959814806,53264,pandas/44,pandas,44,3,9,0,30904,2360,0.003218,32.09
0.8,0,1.0,0.6667,baseline,gpt_oss_120b,9.346705246496699,11461,requests/12,requests,12,1,16,0,50869,4113,0.005656,52.17
0.5,0,1.0,0.3333,baseline,gpt_oss_120b,9.346705246496699,11461,requests/12,requests,12,2,16,0,61578,4797,0.00616,61.88
0.8,0,1.0,0.6667,baseline,gpt_oss_120b,9.346705246496699,11461,requests/12,requests,12,3,14,0,52658,2760,0.004423,40.07
1.0,1,1.0,1.0,baseline,gpt_oss_120b,9.348274558065496,11479,requests/13,requests,13,1,6,0,41663,1874,0.005672,33.31
1.0,1,1.0,1.0,baseline,gpt_oss_120b,9.348274558065496,11479,requests/13,requests,13,2,10,0,44506,3726,0.005763,39.47
1.0,1,1.0,1.0,baseline,gpt_oss_120b,9.348274558065496,11479,requests/13,requests,13,3,9,0,45809,3358,0.006027,59.67
1.0,1,1.0,1.0,baseline,gpt_oss_120b,7.958576903813898,2860,requests/7,requests,7,1,10,0,31819,4367,0.004653,42.28
1.0,1,1.0,1.0,baseline,gpt_oss_120b,7.958576903813898,2860,requests/7,requests,7,2,5,0,9449,2567,0.001955,21.34
1.0,1,1.0,1.0,baseline,gpt_oss_120b,7.958576903813898,2860,requests/7,requests,7,3,6,0,13131,2916,0.002381,26.8
1.0,1,1.0,1.0,baseline,gpt_oss_120b,10.031000872835088,22720,rich/1,rich,1,1,14,0,52930,3371,0.005244,36.59
1.0,1,1.0,1.0,baseline,gpt_oss_120b,10.031000872835088,22720,rich/1,rich,1,2,7,0,18731,1187,0.002156,20.78
1.0,1,1.0,1.0,baseline,gpt_oss_120b,10.031000872835088,22720,rich/1,rich,1,3,8,0,22494,1359,0.001867,19.24
0.0,0,0.0,0.0,baseline,gpt_oss_120b,10.051648903516648,23194,rich/12,rich,12,1,11,0,46492,2812,0.004142,33.91
0.0,0,0.0,0.0,baseline,gpt_oss_120b,10.051648903516648,23194,rich/12,rich,12,2,11,0,57072,3132,0.006337,35.61
0.0,0,0.0,0.0,baseline,gpt_oss_120b,10.051648903516648,23194,rich/12,rich,12,3,9,0,30604,2053,0.002791,25.87
1.0,1,1.0,1.0,baseline,gpt_oss_120b,10.039939675671627,22924,rich/8,rich,8,1,7,0,40863,2825,0.00535,41.65
1.0,1,1.0,1.0,baseline,gpt_oss_120b,10.039939675671627,22924,rich/8,rich,8,2,5,0,27232,1602,0.00358,18.92
1.0,1,1.0,1.0,baseline,gpt_oss_120b,10.039939675671627,22924,rich/8,rich,8,3,4,0,20838,889,0.002846,14.71
0.6667,0,1.0,0.5,baseline,gpt_oss_120b,11.620954417182327,111408,scikit-learn/45,scikit-learn,45,1,19,0,132681,3680,0.008865,62.73
0.6667,0,1.0,0.5,baseline,gpt_oss_120b,11.620954417182327,111408,scikit-learn/45,scikit-learn,45,2,7,0,26762,1035,0.002633,19.28
0.6667,0,1.0,0.5,baseline,gpt_oss_120b,11.620954417182327,111408,scikit-learn/45,scikit-learn,45,3,10,0,53759,1497,0.004406,25.95
1.0,1,1.0,1.0,baseline,gpt_oss_120b,11.55076060327325,103856,scikit-learn/49,scikit-learn,49,1,7,0,70861,1514,0.007987,22.27
1.0,1,1.0,1.0,baseline,gpt_oss_120b,11.55076060327325,103856,scikit-learn/49,scikit-learn,49,2,9,0,93747,2943,0.009748,46.76
1.0,1,1.0,1.0,baseline,gpt_oss_120b,11.55076060327325,103856,scikit-learn/49,scikit-learn,49,3,7,0,82854,3826,0.010323,45.5
1.0,1,1.0,1.0,baseline,gpt_oss_120b,11.525654110946952,101281,scikit-learn/5,scikit-learn,5,1,6,0,13458,1467,0.001737,21.26
1.0,1,1.0,1.0,baseline,gpt_oss_120b,11.525654110946952,101281,scikit-learn/5,scikit-learn,5,2,8,0,29630,7213,0.006952,64.03
1.0,1,1.0,1.0,baseline,gpt_oss_120b,11.525654110946952,101281,scikit-learn/5,scikit-learn,5,3,6,0,10637,1136,0.001656,15.11
1.0,1,1.0,1.0,baseline,gpt_oss_120b,9.796458979777604,17970,scrapy/20,scrapy,20,1,10,0,43761,1561,0.00387,26.42
1.0,1,1.0,1.0,baseline,gpt_oss_120b,9.796458979777604,17970,scrapy/20,scrapy,20,2,15,0,109037,3827,0.005349,55.94
1.0,1,1.0,1.0,baseline,gpt_oss_120b,9.796458979777604,17970,scrapy/20,scrapy,20,3,5,0,19212,481,0.001956,15.02
1.0,1,1.0,1.0,baseline,gpt_oss_120b,9.655026193237628,15600,scrapy/26,scrapy,26,1,4,0,18607,2116,0.002942,24.8
1.0,1,1.0,1.0,baseline,gpt_oss_120b,9.655026193237628,15600,scrapy/26,scrapy,26,2,12,0,98367,2945,0.0072,44.23
0.6667,1,0.5,1.0,baseline,gpt_oss_120b,9.655026193237628,15600,scrapy/26,scrapy,26,3,21,0,192935,4431,0.011703,86.79
0.0,0,0.0,0.0,baseline,gpt_oss_120b,9.73477299914839,16895,scrapy/48,scrapy,48,1,12,0,51750,3649,0.005415,56.56
0.0,0,0.0,0.0,baseline,gpt_oss_120b,9.73477299914839,16895,scrapy/48,scrapy,48,2,9,0,21407,1650,0.00297,26.66
0.0,0,0.0,0.0,baseline,gpt_oss_120b,9.73477299914839,16895,scrapy/48,scrapy,48,3,9,0,30346,1612,0.002945,21.45
1.0,1,1.0,1.0,baseline,gpt_oss_120b,9.961803629358965,21201,stable-diffusion-webui/0,stable-diffusion-webui,0,1,4,0,64824,605,0.008195,13.51
1.0,1,1.0,1.0,baseline,gpt_oss_120b,9.961803629358965,21201,stable-diffusion-webui/0,stable-diffusion-webui,0,2,5,0,78253,810,0.005344,19.57
1.0,1,1.0,1.0,baseline,gpt_oss_120b,9.961803629358965,21201,stable-diffusion-webui/0,stable-diffusion-webui,0,3,2,0,35887,199,0.005294,8.95
1.0,1,1.0,1.0,baseline,gpt_oss_120b,9.908425341565751,20099,stable-diffusion-webui/13,stable-diffusion-webui,13,1,24,0,307159,8509,0.017233,113.12
1.0,1,1.0,1.0,baseline,gpt_oss_120b,9.908425341565751,20099,stable-diffusion-webui/13,stable-diffusion-webui,13,2,9,0,109466,1780,0.007156,36.01
1.0,1,1.0,1.0,baseline,gpt_oss_120b,9.908425341565751,20099,stable-diffusion-webui/13,stable-diffusion-webui,13,3,26,0,344751,5373,0.014895,129.9
0.6667,0,1.0,0.5,baseline,gpt_oss_120b,10.028797743501574,22670,stable-diffusion-webui/5,stable-diffusion-webui,5,1,9,0,67515,4418,0.007171,67.1
0.6667,0,1.0,0.5,baseline,gpt_oss_120b,10.028797743501574,22670,stable-diffusion-webui/5,stable-diffusion-webui,5,2,21,0,120034,3477,0.005735,85.92
0.6667,0,1.0,0.5,baseline,gpt_oss_120b,10.028797743501574,22670,stable-diffusion-webui/5,stable-diffusion-webui,5,3,12,0,60284,1969,0.004644,25.44
0.0,0,0.0,0.0,baseline,gpt_oss_120b,8.483636407887394,4835,thefuck/10,thefuck,10,1,10,0,26873,3621,0.003588,65.42
0.0,0,0.0,0.0,baseline,gpt_oss_120b,8.483636407887394,4835,thefuck/10,thefuck,10,2,18,0,64908,7602,0.007242,137.84
0.0,0,0.0,0.0,baseline,gpt_oss_120b,8.483636407887394,4835,thefuck/10,thefuck,10,3,7,0,20538,4385,0.004077,74.85
0.0,0,0.0,0.0,baseline,gpt_oss_120b,8.270781013162674,3908,thefuck/20,thefuck,20,1,15,0,47629,5246,0.006516,51.85
0.0,0,0.0,0.0,baseline,gpt_oss_120b,8.270781013162674,3908,thefuck/20,thefuck,20,2,11,0,23732,2810,0.003467,33.06
0.0,0,0.0,0.0,baseline,gpt_oss_120b,8.270781013162674,3908,thefuck/20,thefuck,20,3,27,0,102903,7868,0.008712,104.9
1.0,1,1.0,1.0,baseline,gpt_oss_120b,7.822845290279774,2497,thefuck/5,thefuck,5,1,8,0,16232,1560,0.002253,17.61
1.0,1,1.0,1.0,baseline,gpt_oss_120b,7.822845290279774,2497,thefuck/5,thefuck,5,2,10,0,25164,5560,0.005478,51.24
1.0,1,1.0,1.0,baseline,gpt_oss_120b,7.822845290279774,2497,thefuck/5,thefuck,5,3,10,0,31407,1964,0.003049,28.86
1.0,1,1.0,1.0,baseline,gpt_oss_120b,12.430331574579306,250279,transformers/25,transformers,25,1,12,0,33655,4928,0.004836,40.27
1.0,1,1.0,1.0,baseline,gpt_oss_120b,12.430331574579306,250279,transformers/25,transformers,25,2,5,0,11676,1444,0.001554,19.47
1.0,1,1.0,1.0,baseline,gpt_oss_120b,12.430331574579306,250279,transformers/25,transformers,25,3,5,0,10434,1227,0.001528,15.04
0.1538,0,1.0,0.0833,baseline,gpt_oss_120b,12.407424472605875,244611,transformers/27,transformers,27,1,3,0,18813,677,0.002318,11.12
0.1538,0,1.0,0.0833,baseline,gpt_oss_120b,12.407424472605875,244611,transformers/27,transformers,27,2,3,0,11580,351,0.001308,6.36
0.1538,0,1.0,0.0833,baseline,gpt_oss_120b,12.407424472605875,244611,transformers/27,transformers,27,3,6,0,63613,1097,0.005521,22.12
0.0,0,0.0,0.0,baseline,gpt_oss_120b,11.587420505060633,107734,transformers/5,transformers,5,1,1,0,2118,456,0.00056,6.14
0.75,0,1.0,0.6,baseline,gpt_oss_120b,11.587420505060633,107734,transformers/5,transformers,5,2,20,0,234595,4385,0.012172,71.21
0.5714,0,1.0,0.4,baseline,gpt_oss_120b,11.587420505060633,107734,transformers/5,transformers,5,3,10,0,101543,2248,0.007796,36.1
1.0,1,1.0,1.0,baseline,gpt_oss_120b,12.095096391086711,178992,yt-dlp/23,yt-dlp,23,1,6,0,17640,2964,0.003336,66.73
1.0,1,1.0,1.0,baseline,gpt_oss_120b,12.095096391086711,178992,yt-dlp/23,yt-dlp,23,2,3,0,7526,655,0.001069,7.76
1.0,1,1.0,1.0,baseline,gpt_oss_120b,12.095096391086711,178992,yt-dlp/23,yt-dlp,23,3,4,0,11405,1318,0.001778,77.85
0.6667,1,0.5,1.0,baseline,gpt_oss_120b,12.1489730534896,188900,yt-dlp/41,yt-dlp,41,1,9,0,67340,5837,0.007938,60.43
0.0,0,0.0,0.0,baseline,gpt_oss_120b,12.1489730534896,188900,yt-dlp/41,yt-dlp,41,2,9,0,151925,5545,0.017584,74.15
0.0,0,0.0,0.0,baseline,gpt_oss_120b,12.1489730534896,188900,yt-dlp/41,yt-dlp,41,3,11,0,93887,7562,0.009414,66.55
0.6667,0,1.0,0.5,baseline,gpt_oss_120b,12.198660241414718,198523,yt-dlp/45,yt-dlp,45,1,13,0,145116,4766,0.011394,65.82
0.6667,0,1.0,0.5,baseline,gpt_oss_120b,12.198660241414718,198523,yt-dlp/45,yt-dlp,45,2,11,0,138853,2319,0.01075,42.36
0.6667,0,1.0,0.5,baseline,gpt_oss_120b,12.198660241414718,198523,yt-dlp/45,yt-dlp,45,3,6,0,69449,3845,0.008062,37.54
1.0,1,1.0,1.0,baseline,deepseek_flash,12.068688124847148,174327,core/16,core,16,1,24,0,586150,14554,0.009374,157.16
1.0,1,1.0,1.0,baseline,deepseek_flash,12.068688124847148,174327,core/16,core,16,2,25,0,375146,12113,0.007389,154.56
0.6667,1,0.5,1.0,baseline,deepseek_flash,12.068688124847148,174327,core/16,core,16,3,21,0,257259,7943,0.004961,95.4
1.0,1,1.0,1.0,baseline,deepseek_flash,11.506545154005941,99364,core/20,core,20,1,9,0,42413,2528,0.001377,36.02
1.0,1,1.0,1.0,baseline,deepseek_flash,11.506545154005941,99364,core/20,core,20,2,9,0,104059,3626,0.003238,47.09
1.0,1,1.0,1.0,baseline,deepseek_flash,11.506545154005941,99364,core/20,core,20,3,7,0,46683,2728,0.00175,34.42
0.0,0,0.0,0.0,baseline,deepseek_flash,8.579980179515003,5324,fastapi/17,fastapi,17,1,30,1,1064968,31826,0.021729,386.0
0.0,0,0.0,0.0,baseline,deepseek_flash,8.579980179515003,5324,fastapi/17,fastapi,17,2,30,1,913819,20738,0.01866,214.17
0.0,0,0.0,0.0,baseline,deepseek_flash,8.579980179515003,5324,fastapi/17,fastapi,17,3,30,1,1040792,23931,0.018276,246.66
0.0,0,0.0,0.0,baseline,deepseek_flash,8.518991573357617,5009,fastapi/20,fastapi,20,1,30,1,650177,7551,0.011302,149.46
0.5,1,0.3333,1.0,baseline,deepseek_flash,8.518991573357617,5009,fastapi/20,fastapi,20,2,30,1,545814,9356,0.010403,160.31
0.5,1,0.3333,1.0,baseline,deepseek_flash,8.518991573357617,5009,fastapi/20,fastapi,20,3,30,1,536869,10926,0.010644,174.25
0.5,0,1.0,0.3333,baseline,deepseek_flash,8.482187582217422,4828,fastapi/9,fastapi,9,1,14,0,146912,2759,0.003041,49.61
0.5,0,1.0,0.3333,baseline,deepseek_flash,8.482187582217422,4828,fastapi/9,fastapi,9,2,13,0,70481,3171,0.002027,53.36
0.5,0,1.0,0.3333,baseline,deepseek_flash,8.482187582217422,4828,fastapi/9,fastapi,9,3,16,0,192401,4906,0.003969,69.43
1.0,1,1.0,1.0,baseline,deepseek_flash,8.808369153122275,6690,flask/18,flask,18,1,21,0,105492,4495,0.002435,70.34
0.6667,0,1.0,0.5,baseline,deepseek_flash,8.808369153122275,6690,flask/18,flask,18,2,20,0,138632,4630,0.002933,70.08
0.6667,0,1.0,0.5,baseline,deepseek_flash,8.808369153122275,6690,flask/18,flask,18,3,20,0,101830,3433,0.002222,63.1
0.0,0,0.0,0.0,baseline,deepseek_flash,8.899457906353966,7328,flask/3,flask,3,1,30,1,328321,24352,0.010969,279.0
0.0,0,0.0,0.0,baseline,deepseek_flash,8.899457906353966,7328,flask/3,flask,3,2,30,1,201164,7240,0.004919,114.67
1.0,1,1.0,1.0,baseline,deepseek_flash,8.899457906353966,7328,flask/3,flask,3,3,30,1,171068,8523,0.004928,143.53
1.0,1,1.0,1.0,baseline,deepseek_flash,8.827468112520654,6819,flask/6,flask,6,1,11,0,62799,7098,0.002877,70.26
1.0,1,1.0,1.0,baseline,deepseek_flash,8.827468112520654,6819,flask/6,flask,6,2,5,0,42314,2793,0.00221,33.5
1.0,1,1.0,1.0,baseline,deepseek_flash,8.827468112520654,6819,flask/6,flask,6,3,6,0,68320,6439,0.003377,62.3
0.5,1,0.3333,1.0,baseline,deepseek_flash,8.341410211461865,4194,gpt-engineer/11,gpt-engineer,11,1,14,0,120218,2396,0.00282,45.71
0.5,1,0.3333,1.0,baseline,deepseek_flash,8.341410211461865,4194,gpt-engineer/11,gpt-engineer,11,2,8,0,49478,3029,0.002349,40.1
0.5,1,0.3333,1.0,baseline,deepseek_flash,8.341410211461865,4194,gpt-engineer/11,gpt-engineer,11,3,7,0,50752,3041,0.002899,39.72
0.6667,0,1.0,0.5,baseline,deepseek_flash,8.029432840581244,3070,gpt-engineer/12,gpt-engineer,12,1,25,0,387097,12427,0.00692,144.18
0.6667,0,1.0,0.5,baseline,deepseek_flash,8.029432840581244,3070,gpt-engineer/12,gpt-engineer,12,2,12,0,93581,7383,0.003543,78.57
0.6667,0,1.0,0.5,baseline,deepseek_flash,8.029432840581244,3070,gpt-engineer/12,gpt-engineer,12,3,12,0,92346,5230,0.002749,59.65
0.6667,1,0.5,1.0,baseline,deepseek_flash,8.36380888451688,4289,gpt-engineer/9,gpt-engineer,9,1,30,1,615425,30100,0.014981,318.8
0.6667,1,0.5,1.0,baseline,deepseek_flash,8.36380888451688,4289,gpt-engineer/9,gpt-engineer,9,2,24,0,520067,16469,0.009229,182.82
0.6667,1,0.5,1.0,baseline,deepseek_flash,8.36380888451688,4289,gpt-engineer/9,gpt-engineer,9,3,30,1,578483,27076,0.015478,328.31
0.0,0,0.0,0.0,baseline,deepseek_flash,10.196231790580173,26802,keras/12,keras,12,1,25,0,162705,5956,0.003776,87.75
0.0,0,0.0,0.0,baseline,deepseek_flash,10.196231790580173,26802,keras/12,keras,12,2,16,0,116755,4328,0.002876,65.61
0.2857,0,0.5,0.2,baseline,deepseek_flash,10.196231790580173,26802,keras/12,keras,12,3,13,0,63307,5426,0.002462,66.93
0.0,0,0.0,0.0,baseline,deepseek_flash,10.349134450277123,31230,keras/5,keras,5,1,30,1,594074,23517,0.017384,242.39
0.0,0,0.0,0.0,baseline,deepseek_flash,10.349134450277123,31230,keras/5,keras,5,2,30,1,690305,11527,0.012659,166.94
0.0,0,0.0,0.0,baseline,deepseek_flash,10.349134450277123,31230,keras/5,keras,5,3,30,1,681383,9936,0.012422,142.82
1.0,1,1.0,1.0,baseline,deepseek_flash,10.444153492313001,34343,keras/9,keras,9,1,8,0,87013,5357,0.00311,60.5
1.0,1,1.0,1.0,baseline,deepseek_flash,10.444153492313001,34343,keras/9,keras,9,2,7,0,68006,6837,0.003392,71.83
1.0,1,1.0,1.0,baseline,deepseek_flash,10.444153492313001,34343,keras/9,keras,9,3,11,0,83393,7162,0.003179,76.43
0.0,0,0.0,0.0,baseline,deepseek_flash,9.61953186182516,15056,localstack/19,localstack,19,1,11,0,47707,1326,0.001501,28.95
0.0,0,0.0,0.0,baseline,deepseek_flash,9.61953186182516,15056,localstack/19,localstack,19,2,15,0,88527,2550,0.002325,46.74
0.0,0,0.0,0.0,baseline,deepseek_flash,9.61953186182516,15056,localstack/19,localstack,19,3,12,0,42645,1669,0.001275,32.43
0.6667,1,0.5,1.0,baseline,deepseek_flash,10.563155506021905,38683,localstack/2,localstack,2,1,30,1,409956,6797,0.006612,109.92
0.6667,1,0.5,1.0,baseline,deepseek_flash,10.563155506021905,38683,localstack/2,localstack,2,2,28,0,802456,11304,0.015162,150.41
0.0,0,0.0,0.0,baseline,deepseek_flash,10.563155506021905,38683,localstack/2,localstack,2,3,30,1,391131,4847,0.007821,104.66
1.0,1,1.0,1.0,baseline,deepseek_flash,9.860214640302662,19153,localstack/9,localstack,9,1,24,0,279084,12618,0.006358,141.74
1.0,1,1.0,1.0,baseline,deepseek_flash,9.860214640302662,19153,localstack/9,localstack,9,2,25,0,285174,13443,0.005931,140.35
1.0,1,1.0,1.0,baseline,deepseek_flash,9.860214640302662,19153,localstack/9,localstack,9,3,30,1,451300,27552,0.013804,269.79
0.0,0,0.0,0.0,baseline,deepseek_flash,11.189312196300184,72353,pandas/26,pandas,26,1,30,1,256724,3972,0.00539,83.31
0.0,0,0.0,0.0,baseline,deepseek_flash,11.189312196300184,72353,pandas/26,pandas,26,2,30,1,268953,3628,0.004881,87.3
0.8,1,0.6667,1.0,baseline,deepseek_flash,11.189312196300184,72353,pandas/26,pandas,26,3,30,1,418054,5375,0.008243,113.87
0.0,0,0.0,0.0,baseline,deepseek_flash,11.270446177349276,78468,pandas/35,pandas,35,1,30,1,209618,5202,0.00511,85.54
0.0,0,0.0,0.0,baseline,deepseek_flash,11.270446177349276,78468,pandas/35,pandas,35,2,30,1,239187,6385,0.005648,109.0
0.0,0,0.0,0.0,baseline,deepseek_flash,11.270446177349276,78468,pandas/35,pandas,35,3,30,1,255529,6855,0.005977,112.23
0.5,0,0.5,0.5,baseline,deepseek_flash,12.08721590866289,177587,pandas/38,pandas,38,1,30,1,431656,6170,0.007332,111.97
0.5,0,0.5,0.5,baseline,deepseek_flash,12.08721590866289,177587,pandas/38,pandas,38,2,30,1,653100,14306,0.012426,214.48
0.5,0,0.5,0.5,baseline,deepseek_flash,12.08721590866289,177587,pandas/38,pandas,38,3,30,1,473734,9288,0.008705,151.14
0.0,0,0.0,0.0,baseline,deepseek_flash,10.883015959814806,53264,pandas/44,pandas,44,1,30,1,198569,6876,0.004506,97.53
0.0,0,0.0,0.0,baseline,deepseek_flash,10.883015959814806,53264,pandas/44,pandas,44,2,30,1,212676,8049,0.004983,111.73
0.5,0,0.5,0.5,baseline,deepseek_flash,10.883015959814806,53264,pandas/44,pandas,44,3,30,1,240047,9667,0.005528,125.55
0.8,0,1.0,0.6667,baseline,deepseek_flash,9.346705246496699,11461,requests/12,requests,12,1,9,0,69793,3331,0.002889,39.52
0.8,0,1.0,0.6667,baseline,deepseek_flash,9.346705246496699,11461,requests/12,requests,12,2,5,0,29968,3315,0.00263,33.84
0.8,0,1.0,0.6667,baseline,deepseek_flash,9.346705246496699,11461,requests/12,requests,12,3,12,0,133992,3699,0.003427,60.0
1.0,1,1.0,1.0,baseline,deepseek_flash,9.348274558065496,11479,requests/13,requests,13,1,8,0,79119,4667,0.00355,60.05
1.0,1,1.0,1.0,baseline,deepseek_flash,9.348274558065496,11479,requests/13,requests,13,2,9,0,106474,6223,0.004198,64.78
1.0,1,1.0,1.0,baseline,deepseek_flash,9.348274558065496,11479,requests/13,requests,13,3,12,0,176189,7726,0.004895,92.32
1.0,1,1.0,1.0,baseline,deepseek_flash,7.958576903813898,2860,requests/7,requests,7,1,6,0,34643,7755,0.002596,71.15
1.0,1,1.0,1.0,baseline,deepseek_flash,7.958576903813898,2860,requests/7,requests,7,2,7,0,30071,3746,0.001518,48.37
1.0,1,1.0,1.0,baseline,deepseek_flash,7.958576903813898,2860,requests/7,requests,7,3,7,0,31781,4482,0.0017,56.18
1.0,1,1.0,1.0,baseline,deepseek_flash,10.031000872835088,22720,rich/1,rich,1,1,7,0,24450,1434,0.000857,23.66
1.0,1,1.0,1.0,baseline,deepseek_flash,10.031000872835088,22720,rich/1,rich,1,2,6,0,18733,1481,0.000789,23.68
1.0,1,1.0,1.0,baseline,deepseek_flash,10.031000872835088,22720,rich/1,rich,1,3,3,0,7536,1395,0.000673,20.12
0.4,0,1.0,0.25,baseline,deepseek_flash,10.051648903516648,23194,rich/12,rich,12,1,28,0,789860,24760,0.017061,267.74
0.4,0,1.0,0.25,baseline,deepseek_flash,10.051648903516648,23194,rich/12,rich,12,2,21,0,549799,12657,0.009409,156.66
0.4,0,1.0,0.25,baseline,deepseek_flash,10.051648903516648,23194,rich/12,rich,12,3,30,1,937272,39089,0.022797,438.96
1.0,1,1.0,1.0,baseline,deepseek_flash,10.039939675671627,22924,rich/8,rich,8,1,10,0,68705,1748,0.001766,32.63
1.0,1,1.0,1.0,baseline,deepseek_flash,10.039939675671627,22924,rich/8,rich,8,2,8,0,51921,2663,0.001956,37.83
1.0,1,1.0,1.0,baseline,deepseek_flash,10.039939675671627,22924,rich/8,rich,8,3,8,0,53444,1787,0.001766,27.92
0.6667,0,1.0,0.5,baseline,deepseek_flash,11.620954417182327,111408,scikit-learn/45,scikit-learn,45,1,14,0,48186,2173,0.001103,35.74
0.6667,0,1.0,0.5,baseline,deepseek_flash,11.620954417182327,111408,scikit-learn/45,scikit-learn,45,2,18,0,109165,2829,0.001938,53.06
0.6667,0,1.0,0.5,baseline,deepseek_flash,11.620954417182327,111408,scikit-learn/45,scikit-learn,45,3,21,0,173639,3279,0.003118,64.93
1.0,1,1.0,1.0,baseline,deepseek_flash,11.55076060327325,103856,scikit-learn/49,scikit-learn,49,1,13,0,202800,3434,0.004346,49.17
1.0,1,1.0,1.0,baseline,deepseek_flash,11.55076060327325,103856,scikit-learn/49,scikit-learn,49,2,18,0,324286,6560,0.005756,92.18
1.0,1,1.0,1.0,baseline,deepseek_flash,11.55076060327325,103856,scikit-learn/49,scikit-learn,49,3,9,0,131847,3636,0.003952,44.09
1.0,1,1.0,1.0,baseline,deepseek_flash,11.525654110946952,101281,scikit-learn/5,scikit-learn,5,1,14,0,248019,22747,0.008585,253.1
1.0,1,1.0,1.0,baseline,deepseek_flash,11.525654110946952,101281,scikit-learn/5,scikit-learn,5,2,11,0,199732,15929,0.007081,149.24
1.0,1,1.0,1.0,baseline,deepseek_flash,11.525654110946952,101281,scikit-learn/5,scikit-learn,5,3,11,0,115373,18455,0.006866,157.0
1.0,1,1.0,1.0,baseline,deepseek_flash,9.796458979777604,17970,scrapy/20,scrapy,20,1,4,0,19881,1029,0.001631,14.18
1.0,1,1.0,1.0,baseline,deepseek_flash,9.796458979777604,17970,scrapy/20,scrapy,20,2,4,0,11856,754,0.000923,13.08
1.0,1,1.0,1.0,baseline,deepseek_flash,9.796458979777604,17970,scrapy/20,scrapy,20,3,4,0,15644,763,0.000929,13.56
0.6667,1,0.5,1.0,baseline,deepseek_flash,9.655026193237628,15600,scrapy/26,scrapy,26,1,17,0,161815,3248,0.003052,53.59
0.6667,1,0.5,1.0,baseline,deepseek_flash,9.655026193237628,15600,scrapy/26,scrapy,26,2,14,0,150313,2350,0.003297,45.41
0.6667,1,0.5,1.0,baseline,deepseek_flash,9.655026193237628,15600,scrapy/26,scrapy,26,3,20,0,318906,3360,0.00481,72.13
0.6667,0,1.0,0.5,baseline,deepseek_flash,9.73477299914839,16895,scrapy/48,scrapy,48,1,12,0,58811,3472,0.0019,50.8
0.0,0,0.0,0.0,baseline,deepseek_flash,9.73477299914839,16895,scrapy/48,scrapy,48,2,30,1,224450,4961,0.004889,93.64
0.0,0,0.0,0.0,baseline,deepseek_flash,9.73477299914839,16895,scrapy/48,scrapy,48,3,30,1,245160,6165,0.00521,109.6
1.0,1,1.0,1.0,baseline,deepseek_flash,9.961803629358965,21201,stable-diffusion-webui/0,stable-diffusion-webui,0,1,3,0,48597,1122,0.002762,14.98
1.0,1,1.0,1.0,baseline,deepseek_flash,9.961803629358965,21201,stable-diffusion-webui/0,stable-diffusion-webui,0,2,3,0,48158,1204,0.002706,17.64
1.0,1,1.0,1.0,baseline,deepseek_flash,9.961803629358965,21201,stable-diffusion-webui/0,stable-diffusion-webui,0,3,5,0,84179,1453,0.00299,22.69
1.0,1,1.0,1.0,baseline,deepseek_flash,9.908425341565751,20099,stable-diffusion-webui/13,stable-diffusion-webui,13,1,21,0,452202,10216,0.007513,136.82
1.0,1,1.0,1.0,baseline,deepseek_flash,9.908425341565751,20099,stable-diffusion-webui/13,stable-diffusion-webui,13,2,12,0,378615,7631,0.008025,97.81
1.0,1,1.0,1.0,baseline,deepseek_flash,9.908425341565751,20099,stable-diffusion-webui/13,stable-diffusion-webui,13,3,13,0,250785,6711,0.005308,81.11
0.6667,0,1.0,0.5,baseline,deepseek_flash,10.028797743501574,22670,stable-diffusion-webui/5,stable-diffusion-webui,5,1,14,0,251975,18015,0.009096,151.63
0.6667,0,1.0,0.5,baseline,deepseek_flash,10.028797743501574,22670,stable-diffusion-webui/5,stable-diffusion-webui,5,2,20,0,559311,17721,0.012914,177.22
1.0,1,1.0,1.0,baseline,deepseek_flash,10.028797743501574,22670,stable-diffusion-webui/5,stable-diffusion-webui,5,3,23,0,574690,31837,0.01412,268.06
0.0,0,0.0,0.0,baseline,deepseek_flash,8.483636407887394,4835,thefuck/10,thefuck,10,1,18,0,292112,20560,0.009141,181.61
0.5,0,1.0,0.3333,baseline,deepseek_flash,8.483636407887394,4835,thefuck/10,thefuck,10,2,26,0,526920,20590,0.014732,204.0
0.0,0,0.0,0.0,baseline,deepseek_flash,8.483636407887394,4835,thefuck/10,thefuck,10,3,26,0,394258,29602,0.013943,257.8
0.0,0,0.0,0.0,baseline,deepseek_flash,8.270781013162674,3908,thefuck/20,thefuck,20,1,10,0,45157,2787,0.001764,37.52
0.0,0,0.0,0.0,baseline,deepseek_flash,8.270781013162674,3908,thefuck/20,thefuck,20,2,13,0,72683,4596,0.002418,51.38
0.0,0,0.0,0.0,baseline,deepseek_flash,8.270781013162674,3908,thefuck/20,thefuck,20,3,14,0,70168,3524,0.001889,49.88
1.0,1,1.0,1.0,baseline,deepseek_flash,7.822845290279774,2497,thefuck/5,thefuck,5,1,14,0,92004,3420,0.00237,49.65
1.0,1,1.0,1.0,baseline,deepseek_flash,7.822845290279774,2497,thefuck/5,thefuck,5,2,9,0,35487,2777,0.001619,33.63
1.0,1,1.0,1.0,baseline,deepseek_flash,7.822845290279774,2497,thefuck/5,thefuck,5,3,9,0,41853,2528,0.001562,33.78
1.0,1,1.0,1.0,baseline,deepseek_flash,12.430331574579306,250279,transformers/25,transformers,25,1,14,0,80948,3852,0.002419,57.7
1.0,1,1.0,1.0,baseline,deepseek_flash,12.430331574579306,250279,transformers/25,transformers,25,2,11,0,39691,4065,0.001848,44.51
1.0,1,1.0,1.0,baseline,deepseek_flash,12.430331574579306,250279,transformers/25,transformers,25,3,11,0,62372,4222,0.002398,55.18
0.1538,0,1.0,0.0833,baseline,deepseek_flash,12.407424472605875,244611,transformers/27,transformers,27,1,2,0,7089,458,0.000664,7.91
0.1538,0,1.0,0.0833,baseline,deepseek_flash,12.407424472605875,244611,transformers/27,transformers,27,2,2,0,5143,498,0.000403,7.27
0.1538,0,1.0,0.0833,baseline,deepseek_flash,12.407424472605875,244611,transformers/27,transformers,27,3,3,0,13248,888,0.000962,14.66
0.8889,0,1.0,0.8,baseline,deepseek_flash,11.587420505060633,107734,transformers/5,transformers,5,1,30,1,395919,6648,0.008135,115.06
0.0,0,0.0,0.0,baseline,deepseek_flash,11.587420505060633,107734,transformers/5,transformers,5,2,30,1,484336,5907,0.009471,119.84
0.75,0,1.0,0.6,baseline,deepseek_flash,11.587420505060633,107734,transformers/5,transformers,5,3,26,0,297434,5679,0.007774,100.33
1.0,1,1.0,1.0,baseline,deepseek_flash,12.095096391086711,178992,yt-dlp/23,yt-dlp,23,1,11,0,141146,7592,0.004377,83.15
1.0,1,1.0,1.0,baseline,deepseek_flash,12.095096391086711,178992,yt-dlp/23,yt-dlp,23,2,18,0,199056,7662,0.004444,94.67
1.0,1,1.0,1.0,baseline,deepseek_flash,12.095096391086711,178992,yt-dlp/23,yt-dlp,23,3,20,0,246195,13581,0.006343,144.49
0.0,0,0.0,0.0,baseline,deepseek_flash,12.1489730534896,188900,yt-dlp/41,yt-dlp,41,1,28,0,469093,21637,0.011478,232.71
0.0,0,0.0,0.0,baseline,deepseek_flash,12.1489730534896,188900,yt-dlp/41,yt-dlp,41,2,30,1,450993,13673,0.009471,176.29
0.0,0,0.0,0.0,baseline,deepseek_flash,12.1489730534896,188900,yt-dlp/41,yt-dlp,41,3,30,1,445708,17176,0.010081,215.63
0.0,0,0.0,0.0,baseline,deepseek_flash,12.198660241414718,198523,yt-dlp/45,yt-dlp,45,1,30,1,333432,7230,0.006487,119.48
0.6667,0,1.0,0.5,baseline,deepseek_flash,12.198660241414718,198523,yt-dlp/45,yt-dlp,45,2,30,0,678929,7195,0.010749,144.71
0.6667,0,1.0,0.5,baseline,deepseek_flash,12.198660241414718,198523,yt-dlp/45,yt-dlp,45,3,26,0,318113,7777,0.007042,115.78
1.0,1,1.0,1.0,baseline,nemotron_super,12.068688124847148,174327,core/16,core,16,1,8,0,29161,18856,0.010021,373.34
1.0,1,1.0,1.0,baseline,nemotron_super,12.068688124847148,174327,core/16,core,16,2,14,0,110935,39195,0.025107,353.33
1.0,1,1.0,1.0,baseline,nemotron_super,12.068688124847148,174327,core/16,core,16,3,9,0,40411,7028,0.006246,93.37
1.0,1,1.0,1.0,baseline,nemotron_super,11.506545154005941,99364,core/20,core,20,1,6,0,30817,11812,0.007344,198.25
1.0,1,1.0,1.0,baseline,nemotron_super,11.506545154005941,99364,core/20,core,20,2,5,0,19249,7407,0.004599,123.19
1.0,1,1.0,1.0,baseline,nemotron_super,11.506545154005941,99364,core/20,core,20,3,7,0,36076,14602,0.008907,284.0
0.0,0,0.0,0.0,baseline,nemotron_super,8.579980179515003,5324,fastapi/17,fastapi,17,1,14,0,120192,37118,0.025064,326.96
0.0,0,0.0,0.0,baseline,nemotron_super,8.579980179515003,5324,fastapi/17,fastapi,17,2,10,0,98140,19733,0.016235,228.55
0.0,0,0.0,0.0,baseline,nemotron_super,8.579980179515003,5324,fastapi/17,fastapi,17,3,9,0,52524,12790,0.009581,151.29
0.0,0,0.0,0.0,baseline,nemotron_super,8.518991573357617,5009,fastapi/20,fastapi,20,1,11,0,21385,22829,0.010949,227.59
0.0,0,0.0,0.0,baseline,nemotron_super,8.518991573357617,5009,fastapi/20,fastapi,20,2,11,0,67279,16946,0.012497,162.36
0.0,0,0.0,0.0,baseline,nemotron_super,8.518991573357617,5009,fastapi/20,fastapi,20,3,16,0,48147,27794,0.01521,350.31
0.5,0,1.0,0.3333,baseline,nemotron_super,8.482187582217422,4828,fastapi/9,fastapi,9,1,5,0,19297,8298,0.004959,160.09
0.5,0,1.0,0.3333,baseline,nemotron_super,8.482187582217422,4828,fastapi/9,fastapi,9,2,5,0,19430,6777,0.004362,84.79
0.5,0,1.0,0.3333,baseline,nemotron_super,8.482187582217422,4828,fastapi/9,fastapi,9,3,4,0,17168,8518,0.004866,189.41
0.6667,0,1.0,0.5,baseline,nemotron_super,8.808369153122275,6690,flask/18,flask,18,1,7,0,15737,8528,0.004749,109.61
0.6667,0,1.0,0.5,baseline,nemotron_super,8.808369153122275,6690,flask/18,flask,18,2,7,0,41079,6810,0.006216,113.41
0.6667,0,1.0,0.5,baseline,nemotron_super,8.808369153122275,6690,flask/18,flask,18,3,9,0,21865,7081,0.004691,77.8
1.0,1,1.0,1.0,baseline,nemotron_super,8.899457906353966,7328,flask/3,flask,3,1,11,0,25716,9730,0.006078,188.5
1.0,1,1.0,1.0,baseline,nemotron_super,8.899457906353966,7328,flask/3,flask,3,2,7,0,39092,7480,0.006315,77.63
1.0,1,1.0,1.0,baseline,nemotron_super,8.899457906353966,7328,flask/3,flask,3,3,15,0,47790,21762,0.012767,253.55
1.0,1,1.0,1.0,baseline,nemotron_super,8.827468112520654,6819,flask/6,flask,6,1,5,0,15992,9211,0.005044,204.88
1.0,1,1.0,1.0,baseline,nemotron_super,8.827468112520654,6819,flask/6,flask,6,2,4,0,14212,2201,0.002088,46.63
1.0,1,1.0,1.0,baseline,nemotron_super,8.827468112520654,6819,flask/6,flask,6,3,5,0,40506,7597,0.006482,82.28
0.0,0,0.0,0.0,baseline,nemotron_super,8.341410211461865,4194,gpt-engineer/11,gpt-engineer,11,1,13,0,84352,32405,0.020132,345.82
0.0,0,0.0,0.0,baseline,nemotron_super,8.341410211461865,4194,gpt-engineer/11,gpt-engineer,11,2,9,0,25420,16653,0.008822,174.43
0.0,0,0.0,0.0,baseline,nemotron_super,8.341410211461865,4194,gpt-engineer/11,gpt-engineer,11,3,9,0,40199,14611,0.009261,116.97
0.4,0,1.0,0.25,baseline,nemotron_super,8.029432840581244,3070,gpt-engineer/12,gpt-engineer,12,1,4,0,10107,5683,0.003132,43.78
0.4,0,1.0,0.25,baseline,nemotron_super,8.029432840581244,3070,gpt-engineer/12,gpt-engineer,12,2,6,0,17890,6131,0.003973,55.88
0.4,0,1.0,0.25,baseline,nemotron_super,8.029432840581244,3070,gpt-engineer/12,gpt-engineer,12,3,19,0,113945,21136,0.01814,363.5
1.0,1,1.0,1.0,baseline,nemotron_super,8.36380888451688,4289,gpt-engineer/9,gpt-engineer,9,1,5,0,11842,6826,0.003737,152.25
0.6667,1,0.5,1.0,baseline,nemotron_super,8.36380888451688,4289,gpt-engineer/9,gpt-engineer,9,2,9,0,43815,14393,0.009481,121.96
0.0,0,0.0,0.0,baseline,nemotron_super,8.36380888451688,4289,gpt-engineer/9,gpt-engineer,9,3,6,0,29772,12535,0.007545,246.73
0.0,0,0.0,0.0,baseline,nemotron_super,10.196231790580173,26802,keras/12,keras,12,1,7,0,14131,8004,0.004403,103.48
0.0,0,0.0,0.0,baseline,nemotron_super,10.196231790580173,26802,keras/12,keras,12,2,11,0,29611,25221,0.012605,314.27
0.0,0,0.0,0.0,baseline,nemotron_super,10.196231790580173,26802,keras/12,keras,12,3,5,0,10644,9351,0.004645,238.44
0.0,0,0.0,0.0,baseline,nemotron_super,10.349134450277123,31230,keras/5,keras,5,1,13,0,200056,54191,0.038681,709.7
0.0,0,0.0,0.0,baseline,nemotron_super,10.349134450277123,31230,keras/5,keras,5,2,15,0,244363,36617,0.035418,430.53
0.6667,1,0.5,1.0,baseline,nemotron_super,10.349134450277123,31230,keras/5,keras,5,3,11,0,168188,41700,0.030976,522.67
1.0,1,1.0,1.0,baseline,nemotron_super,10.444153492313001,34343,keras/9,keras,9,1,7,0,31792,21466,0.011289,284.97
1.0,1,1.0,1.0,baseline,nemotron_super,10.444153492313001,34343,keras/9,keras,9,2,4,0,13252,7501,0.004127,152.07
1.0,1,1.0,1.0,baseline,nemotron_super,10.444153492313001,34343,keras/9,keras,9,3,6,0,23270,16934,0.008752,231.16
0.0,0,0.0,0.0,baseline,nemotron_super,9.61953186182516,15056,localstack/19,localstack,19,1,10,0,19742,3593,0.003115,94.29
0.0,0,0.0,0.0,baseline,nemotron_super,9.61953186182516,15056,localstack/19,localstack,19,2,15,0,99643,9063,0.012095,112.66
0.0,0,0.0,0.0,baseline,nemotron_super,9.61953186182516,15056,localstack/19,localstack,19,3,20,0,161762,7216,0.016636,186.27
1.0,1,1.0,1.0,baseline,nemotron_super,10.563155506021905,38683,localstack/2,localstack,2,1,14,0,217748,30644,0.030766,298.61
1.0,1,1.0,1.0,baseline,nemotron_super,10.563155506021905,38683,localstack/2,localstack,2,2,9,0,97675,13025,0.013512,195.39
1.0,1,1.0,1.0,baseline,nemotron_super,10.563155506021905,38683,localstack/2,localstack,2,3,11,0,142529,20205,0.020197,182.99
1.0,1,1.0,1.0,baseline,nemotron_super,9.860214640302662,19153,localstack/9,localstack,9,1,18,0,87239,28421,0.018784,398.94
0.0,0,0.0,0.0,baseline,nemotron_super,9.860214640302662,19153,localstack/9,localstack,9,2,7,0,81705,29082,0.018578,321.1
1.0,1,1.0,1.0,baseline,nemotron_super,9.860214640302662,19153,localstack/9,localstack,9,3,15,0,65802,12334,0.010527,388.88
0.0,0,0.0,0.0,baseline,nemotron_super,11.189312196300184,72353,pandas/26,pandas,26,1,30,1,287344,9136,0.028079,123.28
0.0,0,0.0,0.0,baseline,nemotron_super,11.189312196300184,72353,pandas/26,pandas,26,2,30,1,675128,18543,0.064803,433.44
0.0,0,0.0,0.0,baseline,nemotron_super,11.189312196300184,72353,pandas/26,pandas,26,3,30,1,169693,8386,0.017778,241.59
0.0,0,0.0,0.0,baseline,nemotron_super,11.270446177349276,78468,pandas/35,pandas,35,1,30,1,234108,12262,0.024804,171.52
0.0,0,0.0,0.0,baseline,nemotron_super,11.270446177349276,78468,pandas/35,pandas,35,2,30,1,351040,12683,0.034912,169.8
0.0,0,0.0,0.0,baseline,nemotron_super,11.270446177349276,78468,pandas/35,pandas,35,3,30,1,391124,27862,0.04439,299.33
0.6667,0,1.0,0.5,baseline,nemotron_super,12.08721590866289,177587,pandas/38,pandas,38,1,6,0,26512,10546,0.006472,86.71
0.6667,0,1.0,0.5,baseline,nemotron_super,12.08721590866289,177587,pandas/38,pandas,38,2,4,0,21795,9864,0.005798,189.98
0.6667,0,1.0,0.5,baseline,nemotron_super,12.08721590866289,177587,pandas/38,pandas,38,3,5,0,17464,8046,0.004703,169.55
0.0,0,0.0,0.0,baseline,nemotron_super,10.883015959814806,53264,pandas/44,pandas,44,1,18,0,71717,20701,0.014376,213.87
0.0,0,0.0,0.0,baseline,nemotron_super,10.883015959814806,53264,pandas/44,pandas,44,2,13,0,35819,12440,0.008021,170.02
0.0,0,0.0,0.0,baseline,nemotron_super,10.883015959814806,53264,pandas/44,pandas,44,3,10,0,34426,14482,0.008719,431.11
0.8,0,1.0,0.6667,baseline,nemotron_super,9.346705246496699,11461,requests/12,requests,12,1,8,0,29954,9756,0.006448,114.55
0.8,0,1.0,0.6667,baseline,nemotron_super,9.346705246496699,11461,requests/12,requests,12,2,9,0,44520,15169,0.009852,145.34
0.8,0,1.0,0.6667,baseline,nemotron_super,9.346705246496699,11461,requests/12,requests,12,3,9,0,35444,8997,0.006612,158.96
1.0,1,1.0,1.0,baseline,nemotron_super,9.348274558065496,11479,requests/13,requests,13,1,5,0,13394,6341,0.003675,110.52
0.0,0,0.0,0.0,baseline,nemotron_super,9.348274558065496,11479,requests/13,requests,13,2,1,0,2603,819,0.000549,12.28
1.0,1,1.0,1.0,baseline,nemotron_super,9.348274558065496,11479,requests/13,requests,13,3,6,0,21574,9924,0.005803,139.75
1.0,1,1.0,1.0,baseline,nemotron_super,7.958576903813898,2860,requests/7,requests,7,1,7,0,62354,8638,0.008755,141.81
1.0,1,1.0,1.0,baseline,nemotron_super,7.958576903813898,2860,requests/7,requests,7,2,5,0,11917,12897,0.006172,130.97
1.0,1,1.0,1.0,baseline,nemotron_super,7.958576903813898,2860,requests/7,requests,7,3,11,0,27345,23828,0.011856,424.34
1.0,1,1.0,1.0,baseline,nemotron_super,10.031000872835088,22720,rich/1,rich,1,1,10,0,75474,7354,0.009357,98.28
1.0,1,1.0,1.0,baseline,nemotron_super,10.031000872835088,22720,rich/1,rich,1,2,11,0,38856,8292,0.00662,81.95
1.0,1,1.0,1.0,baseline,nemotron_super,10.031000872835088,22720,rich/1,rich,1,3,7,0,21681,5469,0.00403,131.23
0.0,0,0.0,0.0,baseline,nemotron_super,10.051648903516648,23194,rich/12,rich,12,1,6,0,53904,13777,0.010093,168.36
0.4,0,1.0,0.25,baseline,nemotron_super,10.051648903516648,23194,rich/12,rich,12,2,7,0,73141,18724,0.013707,283.42
0.6667,0,1.0,0.5,baseline,nemotron_super,10.051648903516648,23194,rich/12,rich,12,3,7,0,56897,14070,0.010464,291.43
1.0,1,1.0,1.0,baseline,nemotron_super,10.039939675671627,22924,rich/8,rich,8,1,7,0,39080,13384,0.008675,172.5
1.0,1,1.0,1.0,baseline,nemotron_super,10.039939675671627,22924,rich/8,rich,8,2,5,0,23583,7449,0.004984,75.51
1.0,1,1.0,1.0,baseline,nemotron_super,10.039939675671627,22924,rich/8,rich,8,3,10,0,59259,11432,0.00961,273.66
0.6667,0,1.0,0.5,baseline,nemotron_super,11.620954417182327,111408,scikit-learn/45,scikit-learn,45,1,9,0,45777,6728,0.006582,81.21
0.6667,0,1.0,0.5,baseline,nemotron_super,11.620954417182327,111408,scikit-learn/45,scikit-learn,45,2,9,0,24078,10150,0.006107,96.65
0.6667,0,1.0,0.5,baseline,nemotron_super,11.620954417182327,111408,scikit-learn/45,scikit-learn,45,3,14,0,42540,20631,0.011868,513.44
1.0,1,1.0,1.0,baseline,nemotron_super,11.55076060327325,103856,scikit-learn/49,scikit-learn,49,1,12,0,110978,8470,0.012821,128.37
1.0,1,1.0,1.0,baseline,nemotron_super,11.55076060327325,103856,scikit-learn/49,scikit-learn,49,2,10,0,51736,5332,0.00653,58.71
1.0,1,1.0,1.0,baseline,nemotron_super,11.55076060327325,103856,scikit-learn/49,scikit-learn,49,3,30,0,341774,25831,0.039383,483.76
1.0,1,1.0,1.0,baseline,nemotron_super,11.525654110946952,101281,scikit-learn/5,scikit-learn,5,1,5,0,13754,4351,0.002909,46.29
1.0,1,1.0,1.0,baseline,nemotron_super,11.525654110946952,101281,scikit-learn/5,scikit-learn,5,2,6,0,15743,3941,0.002915,65.29
1.0,1,1.0,1.0,baseline,nemotron_super,11.525654110946952,101281,scikit-learn/5,scikit-learn,5,3,5,0,13523,7086,0.003984,273.81
1.0,1,1.0,1.0,baseline,nemotron_super,9.796458979777604,17970,scrapy/20,scrapy,20,1,7,0,29793,6860,0.005276,377.42
1.0,1,1.0,1.0,baseline,nemotron_super,9.796458979777604,17970,scrapy/20,scrapy,20,2,4,0,15075,1771,0.00199,33.4
1.0,1,1.0,1.0,baseline,nemotron_super,9.796458979777604,17970,scrapy/20,scrapy,20,3,6,0,26870,3659,0.003748,63.83
1.0,1,1.0,1.0,baseline,nemotron_super,9.655026193237628,15600,scrapy/26,scrapy,26,1,7,0,28264,8495,0.0058,101.89
1.0,1,1.0,1.0,baseline,nemotron_super,9.655026193237628,15600,scrapy/26,scrapy,26,2,4,0,13640,9699,0.005039,129.38
1.0,1,1.0,1.0,baseline,nemotron_super,9.655026193237628,15600,scrapy/26,scrapy,26,3,6,0,27230,10424,0.006484,184.66
0.5,0,0.5,0.5,baseline,nemotron_super,9.73477299914839,16895,scrapy/48,scrapy,48,1,8,0,13796,7501,0.004173,136.83
0.0,0,0.0,0.0,baseline,nemotron_super,9.73477299914839,16895,scrapy/48,scrapy,48,2,13,0,48264,16879,0.010854,280.38
0.5,0,0.5,0.5,baseline,nemotron_super,9.73477299914839,16895,scrapy/48,scrapy,48,3,6,0,11030,8170,0.004206,89.74
1.0,1,1.0,1.0,baseline,nemotron_super,9.961803629358965,21201,stable-diffusion-webui/0,stable-diffusion-webui,0,1,3,0,49993,2007,0.005052,36.29
1.0,1,1.0,1.0,baseline,nemotron_super,9.961803629358965,21201,stable-diffusion-webui/0,stable-diffusion-webui,0,2,3,0,50002,2068,0.005077,27.78
1.0,1,1.0,1.0,baseline,nemotron_super,9.961803629358965,21201,stable-diffusion-webui/0,stable-diffusion-webui,0,3,2,0,33081,2657,0.003875,48.51
0.0,0,0.0,0.0,baseline,nemotron_super,9.908425341565751,20099,stable-diffusion-webui/13,stable-diffusion-webui,13,1,30,0,775089,43594,0.08332,870.81
0.0,0,0.0,0.0,baseline,nemotron_super,9.908425341565751,20099,stable-diffusion-webui/13,stable-diffusion-webui,13,2,23,0,433243,33180,0.050098,341.67
1.0,1,1.0,1.0,baseline,nemotron_super,9.908425341565751,20099,stable-diffusion-webui/13,stable-diffusion-webui,13,3,30,0,680723,37253,0.072763,636.31
0.6667,0,1.0,0.5,baseline,nemotron_super,10.028797743501574,22670,stable-diffusion-webui/5,stable-diffusion-webui,5,1,11,0,77343,13925,0.012144,230.45
0.0,0,0.0,0.0,baseline,nemotron_super,10.028797743501574,22670,stable-diffusion-webui/5,stable-diffusion-webui,5,2,8,0,36242,5274,0.00519,98.59
0.0,0,0.0,0.0,baseline,nemotron_super,10.028797743501574,22670,stable-diffusion-webui/5,stable-diffusion-webui,5,3,11,0,94781,12777,0.013167,122.77
0.4,0,0.5,0.3333,baseline,nemotron_super,8.483636407887394,4835,thefuck/10,thefuck,10,1,6,0,14933,10978,0.005661,176.83
0.4,0,0.5,0.3333,baseline,nemotron_super,8.483636407887394,4835,thefuck/10,thefuck,10,2,8,0,23202,21321,0.010501,288.08
0.0,0,0.0,0.0,baseline,nemotron_super,8.483636407887394,4835,thefuck/10,thefuck,10,3,9,0,17929,6880,0.004276,119.78
0.0,0,0.0,0.0,baseline,nemotron_super,8.270781013162674,3908,thefuck/20,thefuck,20,1,30,1,164775,24310,0.02373,303.03
0.0,0,0.0,0.0,baseline,nemotron_super,8.270781013162674,3908,thefuck/20,thefuck,20,2,30,0,132722,28291,0.022598,378.03
0.0,0,0.0,0.0,baseline,nemotron_super,8.270781013162674,3908,thefuck/20,thefuck,20,3,23,0,95924,30981,0.020546,693.44
1.0,1,1.0,1.0,baseline,nemotron_super,7.822845290279774,2497,thefuck/5,thefuck,5,1,24,0,144525,50543,0.032502,497.77
1.0,1,1.0,1.0,baseline,nemotron_super,7.822845290279774,2497,thefuck/5,thefuck,5,2,17,0,40924,21853,0.01222,417.96
1.0,1,1.0,1.0,baseline,nemotron_super,7.822845290279774,2497,thefuck/5,thefuck,5,3,7,0,17377,7705,0.004559,81.44
1.0,1,1.0,1.0,baseline,nemotron_super,12.430331574579306,250279,transformers/25,transformers,25,1,13,0,56353,17113,0.011635,276.51
1.0,1,1.0,1.0,baseline,nemotron_super,12.430331574579306,250279,transformers/25,transformers,25,2,12,0,89266,4869,0.009535,79.1
1.0,1,1.0,1.0,baseline,nemotron_super,12.430331574579306,250279,transformers/25,transformers,25,3,9,0,75700,5461,0.008619,55.64
0.1538,0,1.0,0.0833,baseline,nemotron_super,12.407424472605875,244611,transformers/27,transformers,27,1,2,0,7220,1394,0.001171,27.78
0.1538,0,1.0,0.0833,baseline,nemotron_super,12.407424472605875,244611,transformers/27,transformers,27,2,5,0,15484,1390,0.001872,18.63
0.1538,0,1.0,0.0833,baseline,nemotron_super,12.407424472605875,244611,transformers/27,transformers,27,3,3,0,9911,844,0.00118,9.66
0.5714,0,1.0,0.4,baseline,nemotron_super,11.587420505060633,107734,transformers/5,transformers,5,1,27,0,640064,21361,0.06295,246.07
0.8889,0,1.0,0.8,baseline,nemotron_super,11.587420505060633,107734,transformers/5,transformers,5,2,15,0,262376,17685,0.029376,220.32
0.8889,0,1.0,0.8,baseline,nemotron_super,11.587420505060633,107734,transformers/5,transformers,5,3,10,0,139164,8866,0.015375,124.28
1.0,1,1.0,1.0,baseline,nemotron_super,12.095096391086711,178992,yt-dlp/23,yt-dlp,23,1,4,0,12436,5522,0.003266,52.24
1.0,1,1.0,1.0,baseline,nemotron_super,12.095096391086711,178992,yt-dlp/23,yt-dlp,23,2,3,0,9502,7250,0.003708,65.91
1.0,1,1.0,1.0,baseline,nemotron_super,12.095096391086711,178992,yt-dlp/23,yt-dlp,23,3,3,0,9478,5859,0.003149,45.52
0.0,0,0.0,0.0,baseline,nemotron_super,12.1489730534896,188900,yt-dlp/41,yt-dlp,41,1,30,1,225752,9126,0.022839,139.75
0.0,0,0.0,0.0,baseline,nemotron_super,12.1489730534896,188900,yt-dlp/41,yt-dlp,41,2,29,0,358417,27934,0.041639,645.52
0.0,0,0.0,0.0,baseline,nemotron_super,12.1489730534896,188900,yt-dlp/41,yt-dlp,41,3,23,0,422280,8422,0.039263,237.07
0.6667,0,1.0,0.5,baseline,nemotron_super,12.198660241414718,198523,yt-dlp/45,yt-dlp,45,1,20,0,288261,32414,0.037468,525.31
0.6667,0,1.0,0.5,baseline,nemotron_super,12.198660241414718,198523,yt-dlp/45,yt-dlp,45,2,17,0,183893,23470,0.025019,228.03
0.6667,0,1.0,0.5,baseline,nemotron_super,12.198660241414718,198523,yt-dlp/45,yt-dlp,45,3,24,0,229311,32580,0.032523,368.01
1.0,1,1.0,1.0,structural,ministral_3b,12.068688124847148,174327,core/16,core,16,1,6,0,17210,702,0.000824,3.91
1.0,1,1.0,1.0,structural,ministral_3b,12.068688124847148,174327,core/16,core,16,2,23,0,94619,2743,0.001822,18.49
1.0,1,1.0,1.0,structural,ministral_3b,12.068688124847148,174327,core/16,core,16,3,24,0,261742,2546,0.00734,17.85
1.0,1,1.0,1.0,structural,ministral_3b,11.506545154005941,99364,core/20,core,20,1,8,0,56116,2456,0.002816,11.48
1.0,1,1.0,1.0,structural,ministral_3b,11.506545154005941,99364,core/20,core,20,2,10,0,62041,1925,0.002319,11.1
0.0,0,0.0,0.0,structural,ministral_3b,11.506545154005941,99364,core/20,core,20,3,8,0,34210,1917,0.00124,8.81
0.0,0,0.0,0.0,structural,ministral_3b,8.579980179515003,5324,fastapi/17,fastapi,17,1,18,0,159095,4496,0.004332,23.66
0.0,0,0.0,0.0,structural,ministral_3b,8.579980179515003,5324,fastapi/17,fastapi,17,2,19,0,291255,4770,0.007784,28.5
0.0,0,0.0,0.0,structural,ministral_3b,8.579980179515003,5324,fastapi/17,fastapi,17,3,26,0,371962,5075,0.008155,29.96
0.0,0,0.0,0.0,structural,ministral_3b,8.518991573357617,5009,fastapi/20,fastapi,20,1,29,0,121657,1861,0.003021,21.02
0.0,0,0.0,0.0,structural,ministral_3b,8.518991573357617,5009,fastapi/20,fastapi,20,2,17,0,78968,1630,0.002127,10.96
0.0,0,0.0,0.0,structural,ministral_3b,8.518991573357617,5009,fastapi/20,fastapi,20,3,9,0,37197,2020,0.001629,12.83
0.5,0,1.0,0.3333,structural,ministral_3b,8.482187582217422,4828,fastapi/9,fastapi,9,1,13,0,110264,1065,0.00497,8.25
0.5,0,1.0,0.3333,structural,ministral_3b,8.482187582217422,4828,fastapi/9,fastapi,9,2,8,0,38636,1202,0.001231,6.45
0.5,0,1.0,0.3333,structural,ministral_3b,8.482187582217422,4828,fastapi/9,fastapi,9,3,15,0,105692,1661,0.003674,13.0
0.6667,0,1.0,0.5,structural,ministral_3b,8.808369153122275,6690,flask/18,flask,18,1,17,0,226730,2085,0.006258,13.8
0.6667,0,1.0,0.5,structural,ministral_3b,8.808369153122275,6690,flask/18,flask,18,2,15,0,156697,1948,0.005842,17.96
0.6667,0,1.0,0.5,structural,ministral_3b,8.808369153122275,6690,flask/18,flask,18,3,12,0,104745,1558,0.003615,11.2
1.0,1,1.0,1.0,structural,ministral_3b,8.899457906353966,7328,flask/3,flask,3,1,17,0,182791,2232,0.005796,15.19
0.0,0,0.0,0.0,structural,ministral_3b,8.899457906353966,7328,flask/3,flask,3,2,30,1,90294,1941,0.001655,20.22
1.0,1,1.0,1.0,structural,ministral_3b,8.899457906353966,7328,flask/3,flask,3,3,22,0,220390,3119,0.006108,22.7
1.0,1,1.0,1.0,structural,ministral_3b,8.827468112520654,6819,flask/6,flask,6,1,5,0,20796,758,0.001107,4.47
1.0,1,1.0,1.0,structural,ministral_3b,8.827468112520654,6819,flask/6,flask,6,2,7,0,29656,818,0.001273,9.29
1.0,1,1.0,1.0,structural,ministral_3b,8.827468112520654,6819,flask/6,flask,6,3,6,0,27308,910,0.001416,6.48
0.6667,1,0.5,1.0,structural,ministral_3b,8.341410211461865,4194,gpt-engineer/11,gpt-engineer,11,1,9,0,26615,1242,0.001,8.07
0.0,0,0.0,0.0,structural,ministral_3b,8.341410211461865,4194,gpt-engineer/11,gpt-engineer,11,2,14,0,58096,1746,0.001814,10.33
0.0,0,0.0,0.0,structural,ministral_3b,8.341410211461865,4194,gpt-engineer/11,gpt-engineer,11,3,8,0,22419,1080,0.001152,7.37
0.4,0,1.0,0.25,structural,ministral_3b,8.029432840581244,3070,gpt-engineer/12,gpt-engineer,12,1,9,0,36550,1411,0.001665,7.03
0.4,0,1.0,0.25,structural,ministral_3b,8.029432840581244,3070,gpt-engineer/12,gpt-engineer,12,2,5,0,19693,1163,0.000934,6.98
0.4,0,1.0,0.25,structural,ministral_3b,8.029432840581244,3070,gpt-engineer/12,gpt-engineer,12,3,11,0,71539,2614,0.002704,43.42
1.0,1,1.0,1.0,structural,ministral_3b,8.36380888451688,4289,gpt-engineer/9,gpt-engineer,9,1,17,0,115386,1651,0.003202,14.74
1.0,1,1.0,1.0,structural,ministral_3b,8.36380888451688,4289,gpt-engineer/9,gpt-engineer,9,2,15,0,72292,1746,0.001701,9.45
1.0,1,1.0,1.0,structural,ministral_3b,8.36380888451688,4289,gpt-engineer/9,gpt-engineer,9,3,9,0,27554,1098,0.000976,7.53
0.0,0,0.0,0.0,structural,ministral_3b,10.196231790580173,26802,keras/12,keras,12,1,6,0,28335,1969,0.001982,13.91
0.0,0,0.0,0.0,structural,ministral_3b,10.196231790580173,26802,keras/12,keras,12,2,12,0,38666,1699,0.00103,8.25
0.0,0,0.0,0.0,structural,ministral_3b,10.196231790580173,26802,keras/12,keras,12,3,8,0,22586,1458,0.000941,9.04
1.0,1,1.0,1.0,structural,ministral_3b,10.349134450277123,31230,keras/5,keras,5,1,18,0,73065,1740,0.001916,18.73
1.0,1,1.0,1.0,structural,ministral_3b,10.349134450277123,31230,keras/5,keras,5,2,17,0,201171,2123,0.005872,16.5
1.0,1,1.0,1.0,structural,ministral_3b,10.349134450277123,31230,keras/5,keras,5,3,16,0,218610,1623,0.008107,14.92
1.0,1,1.0,1.0,structural,ministral_3b,10.444153492313001,34343,keras/9,keras,9,1,13,0,130081,2041,0.004399,12.19
1.0,1,1.0,1.0,structural,ministral_3b,10.444153492313001,34343,keras/9,keras,9,2,13,0,87092,2700,0.004129,15.39
1.0,1,1.0,1.0,structural,ministral_3b,10.444153492313001,34343,keras/9,keras,9,3,12,0,86684,3120,0.004004,18.35
0.2222,0,0.5,0.1429,structural,ministral_3b,9.61953186182516,15056,localstack/19,localstack,19,1,26,0,580197,3044,0.012901,26.01
0.25,0,1.0,0.1429,structural,ministral_3b,9.61953186182516,15056,localstack/19,localstack,19,2,26,0,100776,1932,0.002287,13.32
0.0,0,0.0,0.0,structural,ministral_3b,9.61953186182516,15056,localstack/19,localstack,19,3,15,0,144563,1531,0.006914,14.5
1.0,1,1.0,1.0,structural,ministral_3b,10.563155506021905,38683,localstack/2,localstack,2,1,26,0,402206,3018,0.008094,22.23
0.0,0,0.0,0.0,structural,ministral_3b,10.563155506021905,38683,localstack/2,localstack,2,2,21,0,445495,4004,0.010194,26.12
1.0,1,1.0,1.0,structural,ministral_3b,10.563155506021905,38683,localstack/2,localstack,2,3,18,0,242984,2710,0.005884,23.23
1.0,1,1.0,1.0,structural,ministral_3b,9.860214640302662,19153,localstack/9,localstack,9,1,12,0,56315,1269,0.001335,8.17
1.0,1,1.0,1.0,structural,ministral_3b,9.860214640302662,19153,localstack/9,localstack,9,2,17,0,152942,2602,0.004011,18.94
1.0,1,1.0,1.0,structural,ministral_3b,9.860214640302662,19153,localstack/9,localstack,9,3,11,0,70055,1402,0.003275,11.55
0.6667,0,1.0,0.5,structural,ministral_3b,11.189312196300184,72353,pandas/26,pandas,26,1,26,0,438260,1653,0.009489,17.78
0.6667,0,1.0,0.5,structural,ministral_3b,11.189312196300184,72353,pandas/26,pandas,26,2,27,0,246808,1557,0.006093,18.0
0.6667,0,1.0,0.5,structural,ministral_3b,11.189312196300184,72353,pandas/26,pandas,26,3,26,0,239184,1808,0.006612,19.37
0.0,0,0.0,0.0,structural,ministral_3b,11.270446177349276,78468,pandas/35,pandas,35,1,20,0,331899,2432,0.007686,19.02
0.0,0,0.0,0.0,structural,ministral_3b,11.270446177349276,78468,pandas/35,pandas,35,2,25,0,596785,2238,0.01214,19.48
0.0,0,0.0,0.0,structural,ministral_3b,11.270446177349276,78468,pandas/35,pandas,35,3,20,0,306670,2320,0.008953,24.84
0.6667,0,1.0,0.5,structural,ministral_3b,12.08721590866289,177587,pandas/38,pandas,38,1,13,0,265262,1069,0.009434,10.87
0.6667,0,1.0,0.5,structural,ministral_3b,12.08721590866289,177587,pandas/38,pandas,38,2,14,0,76127,1245,0.002922,8.98
0.6667,0,1.0,0.5,structural,ministral_3b,12.08721590866289,177587,pandas/38,pandas,38,3,15,0,239932,2148,0.010649,19.68
0.0,0,0.0,0.0,structural,ministral_3b,10.883015959814806,53264,pandas/44,pandas,44,1,25,0,842597,2763,0.016407,23.44
0.5,0,0.5,0.5,structural,ministral_3b,10.883015959814806,53264,pandas/44,pandas,44,2,16,0,343262,2332,0.010252,81.09
0.5,0,0.5,0.5,structural,ministral_3b,10.883015959814806,53264,pandas/44,pandas,44,3,12,0,122088,2847,0.005109,17.49
0.5,0,1.0,0.3333,structural,ministral_3b,9.346705246496699,11461,requests/12,requests,12,1,11,0,30597,828,0.000908,6.08
0.5,0,1.0,0.3333,structural,ministral_3b,9.346705246496699,11461,requests/12,requests,12,2,16,0,76732,1322,0.002207,13.94
0.5,0,1.0,0.3333,structural,ministral_3b,9.346705246496699,11461,requests/12,requests,12,3,11,0,29839,1181,0.00127,9.27
1.0,1,1.0,1.0,structural,ministral_3b,9.348274558065496,11479,requests/13,requests,13,1,7,0,25384,892,0.000877,4.61
1.0,1,1.0,1.0,structural,ministral_3b,9.348274558065496,11479,requests/13,requests,13,2,10,0,50215,1809,0.001366,10.37
1.0,1,1.0,1.0,structural,ministral_3b,9.348274558065496,11479,requests/13,requests,13,3,15,0,79788,1484,0.002886,11.09
1.0,1,1.0,1.0,structural,ministral_3b,7.958576903813898,2860,requests/7,requests,7,1,9,0,39827,970,0.001614,7.08
0.0,0,0.0,0.0,structural,ministral_3b,7.958576903813898,2860,requests/7,requests,7,2,7,0,25144,1710,0.001199,7.57
1.0,1,1.0,1.0,structural,ministral_3b,7.958576903813898,2860,requests/7,requests,7,3,8,0,28531,998,0.001329,7.89
1.0,1,1.0,1.0,structural,ministral_3b,10.031000872835088,22720,rich/1,rich,1,1,5,0,32205,458,0.002345,4.18
1.0,1,1.0,1.0,structural,ministral_3b,10.031000872835088,22720,rich/1,rich,1,2,12,0,123420,1178,0.00352,9.16
1.0,1,1.0,1.0,structural,ministral_3b,10.031000872835088,22720,rich/1,rich,1,3,9,0,82880,886,0.003204,9.74
0.0,0,0.0,0.0,structural,ministral_3b,10.051648903516648,23194,rich/12,rich,12,1,11,0,152244,1387,0.005905,10.18
0.4,0,1.0,0.25,structural,ministral_3b,10.051648903516648,23194,rich/12,rich,12,2,22,0,241221,2273,0.005261,47.57
0.4,0,1.0,0.25,structural,ministral_3b,10.051648903516648,23194,rich/12,rich,12,3,26,0,531383,4132,0.011492,30.0
0.0,0,0.0,0.0,structural,ministral_3b,10.039939675671627,22924,rich/8,rich,8,1,11,0,88591,2020,0.004027,12.69
1.0,1,1.0,1.0,structural,ministral_3b,10.039939675671627,22924,rich/8,rich,8,2,9,0,53125,1457,0.001369,8.71
1.0,1,1.0,1.0,structural,ministral_3b,10.039939675671627,22924,rich/8,rich,8,3,8,0,46476,931,0.00246,7.54
0.6667,0,1.0,0.5,structural,ministral_3b,11.620954417182327,111408,scikit-learn/45,scikit-learn,45,1,8,0,17302,704,0.000591,4.8
0.6667,0,1.0,0.5,structural,ministral_3b,11.620954417182327,111408,scikit-learn/45,scikit-learn,45,2,9,0,22047,918,0.000718,6.77
0.6667,0,1.0,0.5,structural,ministral_3b,11.620954417182327,111408,scikit-learn/45,scikit-learn,45,3,4,0,7040,496,0.000477,4.06
1.0,1,1.0,1.0,structural,ministral_3b,11.55076060327325,103856,scikit-learn/49,scikit-learn,49,1,6,0,31459,782,0.002475,4.82
1.0,1,1.0,1.0,structural,ministral_3b,11.55076060327325,103856,scikit-learn/49,scikit-learn,49,2,5,0,30274,595,0.001509,3.88
1.0,1,1.0,1.0,structural,ministral_3b,11.55076060327325,103856,scikit-learn/49,scikit-learn,49,3,7,0,63541,668,0.003679,5.65
1.0,1,1.0,1.0,structural,ministral_3b,11.525654110946952,101281,scikit-learn/5,scikit-learn,5,1,11,0,56808,1661,0.002045,8.32
1.0,1,1.0,1.0,structural,ministral_3b,11.525654110946952,101281,scikit-learn/5,scikit-learn,5,2,8,0,35583,1205,0.001882,6.59
1.0,1,1.0,1.0,structural,ministral_3b,11.525654110946952,101281,scikit-learn/5,scikit-learn,5,3,9,0,38019,1161,0.002213,9.63
1.0,1,1.0,1.0,structural,ministral_3b,9.796458979777604,17970,scrapy/20,scrapy,20,1,8,0,37883,589,0.002165,4.48
1.0,1,1.0,1.0,structural,ministral_3b,9.796458979777604,17970,scrapy/20,scrapy,20,2,7,0,24652,590,0.001107,6.98
1.0,1,1.0,1.0,structural,ministral_3b,9.796458979777604,17970,scrapy/20,scrapy,20,3,6,0,23377,365,0.001234,5.26
0.6667,1,0.5,1.0,structural,ministral_3b,9.655026193237628,15600,scrapy/26,scrapy,26,1,18,0,128657,1695,0.003232,12.91
0.0,0,0.0,0.0,structural,ministral_3b,9.655026193237628,15600,scrapy/26,scrapy,26,2,30,1,128991,2190,0.003165,39.66
0.0,0,0.0,0.0,structural,ministral_3b,9.655026193237628,15600,scrapy/26,scrapy,26,3,14,0,53495,1264,0.001928,11.53
0.0,0,0.0,0.0,structural,ministral_3b,9.73477299914839,16895,scrapy/48,scrapy,48,1,9,0,26429,1059,0.001032,7.92
0.0,0,0.0,0.0,structural,ministral_3b,9.73477299914839,16895,scrapy/48,scrapy,48,2,26,0,132688,2130,0.003171,19.64
0.0,0,0.0,0.0,structural,ministral_3b,9.73477299914839,16895,scrapy/48,scrapy,48,3,23,0,122672,1883,0.002744,18.12
1.0,1,1.0,1.0,structural,ministral_3b,9.961803629358965,21201,stable-diffusion-webui/0,stable-diffusion-webui,0,1,7,0,122271,1463,0.004471,11.8
1.0,1,1.0,1.0,structural,ministral_3b,9.961803629358965,21201,stable-diffusion-webui/0,stable-diffusion-webui,0,2,6,0,112051,822,0.004698,5.84
1.0,1,1.0,1.0,structural,ministral_3b,9.961803629358965,21201,stable-diffusion-webui/0,stable-diffusion-webui,0,3,10,0,178556,1234,0.006966,10.89
0.0,0,0.0,0.0,structural,ministral_3b,9.908425341565751,20099,stable-diffusion-webui/13,stable-diffusion-webui,13,1,21,0,331477,4212,0.006946,23.08
1.0,1,1.0,1.0,structural,ministral_3b,9.908425341565751,20099,stable-diffusion-webui/13,stable-diffusion-webui,13,2,17,0,360621,2147,0.009182,15.29
0.0,0,0.0,0.0,structural,ministral_3b,9.908425341565751,20099,stable-diffusion-webui/13,stable-diffusion-webui,13,3,9,0,175586,3043,0.009039,20.23
0.0,0,0.0,0.0,structural,ministral_3b,10.028797743501574,22670,stable-diffusion-webui/5,stable-diffusion-webui,5,1,26,0,180483,2148,0.004047,18.77
0.0,0,0.0,0.0,structural,ministral_3b,10.028797743501574,22670,stable-diffusion-webui/5,stable-diffusion-webui,5,2,21,0,162263,2368,0.004828,17.76
0.6667,0,1.0,0.5,structural,ministral_3b,10.028797743501574,22670,stable-diffusion-webui/5,stable-diffusion-webui,5,3,13,0,82914,1677,0.003655,19.8
0.5,0,1.0,0.3333,structural,ministral_3b,8.483636407887394,4835,thefuck/10,thefuck,10,1,12,0,48805,1788,0.001695,13.02
0.0,0,0.0,0.0,structural,ministral_3b,8.483636407887394,4835,thefuck/10,thefuck,10,2,14,0,58474,2257,0.001661,14.02
0.0,0,0.0,0.0,structural,ministral_3b,8.483636407887394,4835,thefuck/10,thefuck,10,3,12,0,36958,1137,0.001091,8.19
0.0,0,0.0,0.0,structural,ministral_3b,8.270781013162674,3908,thefuck/20,thefuck,20,1,12,0,40600,2081,0.000985,10.72
0.0,0,0.0,0.0,structural,ministral_3b,8.270781013162674,3908,thefuck/20,thefuck,20,2,17,0,70540,1922,0.002108,10.52
0.0,0,0.0,0.0,structural,ministral_3b,8.270781013162674,3908,thefuck/20,thefuck,20,3,10,0,28255,1058,0.00171,309.4
1.0,1,1.0,1.0,structural,ministral_3b,7.822845290279774,2497,thefuck/5,thefuck,5,1,11,0,83307,1071,0.002747,8.04
0.0,0,0.0,0.0,structural,ministral_3b,7.822845290279774,2497,thefuck/5,thefuck,5,2,9,0,48685,2037,0.001317,9.23
1.0,1,1.0,1.0,structural,ministral_3b,7.822845290279774,2497,thefuck/5,thefuck,5,3,8,0,48821,1075,0.002651,8.45
1.0,1,1.0,1.0,structural,ministral_3b,12.430331574579306,250279,transformers/25,transformers,25,1,13,0,239475,1608,0.007819,14.57
1.0,1,1.0,1.0,structural,ministral_3b,12.430331574579306,250279,transformers/25,transformers,25,2,7,0,68679,750,0.002865,5.74
1.0,1,1.0,1.0,structural,ministral_3b,12.430331574579306,250279,transformers/25,transformers,25,3,19,0,241198,1446,0.005936,13.34
0.1538,0,1.0,0.0833,structural,ministral_3b,12.407424472605875,244611,transformers/27,transformers,27,1,6,0,20039,538,0.000952,4.09
0.1538,0,1.0,0.0833,structural,ministral_3b,12.407424472605875,244611,transformers/27,transformers,27,2,5,0,16657,659,0.000706,3.52
0.1538,0,1.0,0.0833,structural,ministral_3b,12.407424472605875,244611,transformers/27,transformers,27,3,8,0,36191,1251,0.001313,10.98
0.3333,0,1.0,0.2,structural,ministral_3b,11.587420505060633,107734,transformers/5,transformers,5,1,26,0,197022,3044,0.00404,18.75
0.3333,0,1.0,0.2,structural,ministral_3b,11.587420505060633,107734,transformers/5,transformers,5,2,15,0,134281,2813,0.004966,15.09
0.0,0,0.0,0.0,structural,ministral_3b,11.587420505060633,107734,transformers/5,transformers,5,3,15,0,139569,2089,0.005595,27.34
1.0,1,1.0,1.0,structural,ministral_3b,12.095096391086711,178992,yt-dlp/23,yt-dlp,23,1,12,0,150453,1372,0.005056,8.87
1.0,1,1.0,1.0,structural,ministral_3b,12.095096391086711,178992,yt-dlp/23,yt-dlp,23,2,9,0,34794,1598,0.001208,7.73
1.0,1,1.0,1.0,structural,ministral_3b,12.095096391086711,178992,yt-dlp/23,yt-dlp,23,3,11,0,103324,1576,0.004891,12.05
0.0,0,0.0,0.0,structural,ministral_3b,12.1489730534896,188900,yt-dlp/41,yt-dlp,41,1,20,0,505928,4229,0.012044,33.14
0.0,0,0.0,0.0,structural,ministral_3b,12.1489730534896,188900,yt-dlp/41,yt-dlp,41,2,11,0,201525,2786,0.007886,15.24
0.0,0,0.0,0.0,structural,ministral_3b,12.1489730534896,188900,yt-dlp/41,yt-dlp,41,3,30,1,791616,3913,0.016861,38.78
0.0,0,0.0,0.0,structural,ministral_3b,12.198660241414718,198523,yt-dlp/45,yt-dlp,45,1,16,0,318713,4594,0.008323,26.8
0.6667,0,1.0,0.5,structural,ministral_3b,12.198660241414718,198523,yt-dlp/45,yt-dlp,45,2,13,0,197706,2971,0.00682,21.59
0.0,0,0.0,0.0,structural,ministral_3b,12.198660241414718,198523,yt-dlp/45,yt-dlp,45,3,9,0,100306,2272,0.004463,12.42
1.0,1,1.0,1.0,structural,gpt_oss_120b,12.068688124847148,174327,core/16,core,16,1,5,0,23274,1595,0.003149,19.47
1.0,1,1.0,1.0,structural,gpt_oss_120b,12.068688124847148,174327,core/16,core,16,2,7,0,28659,3192,0.004152,30.19
1.0,1,1.0,1.0,structural,gpt_oss_120b,12.068688124847148,174327,core/16,core,16,3,5,0,17668,1136,0.001632,23.1
1.0,1,1.0,1.0,structural,gpt_oss_120b,11.506545154005941,99364,core/20,core,20,1,16,0,67625,5088,0.006734,68.71
1.0,1,1.0,1.0,structural,gpt_oss_120b,11.506545154005941,99364,core/20,core,20,2,18,0,81113,4931,0.007668,78.11
1.0,1,1.0,1.0,structural,gpt_oss_120b,11.506545154005941,99364,core/20,core,20,3,5,0,19440,1420,0.00233,29.61
0.0,0,0.0,0.0,structural,gpt_oss_120b,8.579980179515003,5324,fastapi/17,fastapi,17,1,30,1,272478,8847,0.015262,138.38
0.0,0,0.0,0.0,structural,gpt_oss_120b,8.579980179515003,5324,fastapi/17,fastapi,17,2,27,0,265468,19942,0.025264,282.17
0.0,0,0.0,0.0,structural,gpt_oss_120b,8.579980179515003,5324,fastapi/17,fastapi,17,3,30,1,261327,8122,0.016249,146.45
0.0,0,0.0,0.0,structural,gpt_oss_120b,8.518991573357617,5009,fastapi/20,fastapi,20,1,12,0,37995,5189,0.005265,52.84
0.0,0,0.0,0.0,structural,gpt_oss_120b,8.518991573357617,5009,fastapi/20,fastapi,20,2,23,0,104282,8790,0.010806,141.49
0.0,0,0.0,0.0,structural,gpt_oss_120b,8.518991573357617,5009,fastapi/20,fastapi,20,3,18,0,59973,5643,0.006359,48.35
0.5,0,1.0,0.3333,structural,gpt_oss_120b,8.482187582217422,4828,fastapi/9,fastapi,9,1,9,0,40955,2414,0.004096,57.14
0.5,0,1.0,0.3333,structural,gpt_oss_120b,8.482187582217422,4828,fastapi/9,fastapi,9,2,16,0,109488,6424,0.009737,88.3
0.5,0,1.0,0.3333,structural,gpt_oss_120b,8.482187582217422,4828,fastapi/9,fastapi,9,3,24,0,159083,9441,0.012154,87.14
1.0,1,1.0,1.0,structural,gpt_oss_120b,8.808369153122275,6690,flask/18,flask,18,1,19,0,228003,3818,0.014225,84.23
0.6667,0,1.0,0.5,structural,gpt_oss_120b,8.808369153122275,6690,flask/18,flask,18,2,18,0,176153,3088,0.012826,52.07
0.6667,0,1.0,0.5,structural,gpt_oss_120b,8.808369153122275,6690,flask/18,flask,18,3,14,0,119500,2782,0.007015,36.48
1.0,1,1.0,1.0,structural,gpt_oss_120b,8.899457906353966,7328,flask/3,flask,3,1,28,0,408822,15047,0.026245,201.97
0.6667,1,0.5,1.0,structural,gpt_oss_120b,8.899457906353966,7328,flask/3,flask,3,2,8,0,37013,2765,0.005698,42.02
1.0,1,1.0,1.0,structural,gpt_oss_120b,8.899457906353966,7328,flask/3,flask,3,3,21,0,209701,6863,0.01398,89.59
1.0,1,1.0,1.0,structural,gpt_oss_120b,8.827468112520654,6819,flask/6,flask,6,1,10,0,44734,3865,0.006151,63.99
1.0,1,1.0,1.0,structural,gpt_oss_120b,8.827468112520654,6819,flask/6,flask,6,2,27,0,188321,13789,0.017505,191.72
1.0,1,1.0,1.0,structural,gpt_oss_120b,8.827468112520654,6819,flask/6,flask,6,3,15,0,87388,2998,0.007174,35.37
0.0,0,0.0,0.0,structural,gpt_oss_120b,8.341410211461865,4194,gpt-engineer/11,gpt-engineer,11,1,24,0,321284,15153,0.023281,292.41
0.0,0,0.0,0.0,structural,gpt_oss_120b,8.341410211461865,4194,gpt-engineer/11,gpt-engineer,11,2,11,0,71636,1689,0.007795,25.86
0.0,0,0.0,0.0,structural,gpt_oss_120b,8.341410211461865,4194,gpt-engineer/11,gpt-engineer,11,3,12,0,62528,4583,0.006642,44.21
0.4,0,1.0,0.25,structural,gpt_oss_120b,8.029432840581244,3070,gpt-engineer/12,gpt-engineer,12,1,10,0,60730,6014,0.007909,83.06
0.4,0,1.0,0.25,structural,gpt_oss_120b,8.029432840581244,3070,gpt-engineer/12,gpt-engineer,12,2,18,0,150637,7008,0.012363,124.8
0.4,0,1.0,0.25,structural,gpt_oss_120b,8.029432840581244,3070,gpt-engineer/12,gpt-engineer,12,3,15,0,94835,6726,0.007836,67.1
0.6667,1,0.5,1.0,structural,gpt_oss_120b,8.36380888451688,4289,gpt-engineer/9,gpt-engineer,9,1,13,0,65344,6132,0.007444,76.86
0.6667,1,0.5,1.0,structural,gpt_oss_120b,8.36380888451688,4289,gpt-engineer/9,gpt-engineer,9,2,15,0,99737,14799,0.015217,200.59
0.6667,1,0.5,1.0,structural,gpt_oss_120b,8.36380888451688,4289,gpt-engineer/9,gpt-engineer,9,3,10,0,47133,4525,0.006047,78.62
0.0,0,0.0,0.0,structural,gpt_oss_120b,10.196231790580173,26802,keras/12,keras,12,1,13,0,76981,5117,0.008343,53.14
0.0,0,0.0,0.0,structural,gpt_oss_120b,10.196231790580173,26802,keras/12,keras,12,2,5,0,11536,1576,0.001816,38.4
0.0,0,0.0,0.0,structural,gpt_oss_120b,10.196231790580173,26802,keras/12,keras,12,3,6,0,17902,1600,0.002161,16.17
0.0,0,0.0,0.0,structural,gpt_oss_120b,10.349134450277123,31230,keras/5,keras,5,1,20,0,145943,9681,0.013825,173.83
0.0,0,0.0,0.0,structural,gpt_oss_120b,10.349134450277123,31230,keras/5,keras,5,2,13,0,89332,5869,0.009533,64.96
0.0,0,0.0,0.0,structural,gpt_oss_120b,10.349134450277123,31230,keras/5,keras,5,3,17,0,98926,6346,0.008866,91.21
1.0,1,1.0,1.0,structural,gpt_oss_120b,10.444153492313001,34343,keras/9,keras,9,1,10,0,43867,1598,0.004106,30.28
1.0,1,1.0,1.0,structural,gpt_oss_120b,10.444153492313001,34343,keras/9,keras,9,2,12,0,55330,1368,0.00496,42.65
1.0,1,1.0,1.0,structural,gpt_oss_120b,10.444153492313001,34343,keras/9,keras,9,3,16,0,112363,7201,0.010029,80.81
0.0,0,0.0,0.0,structural,gpt_oss_120b,9.61953186182516,15056,localstack/19,localstack,19,1,12,0,20012,2243,0.002314,25.2
0.0,0,0.0,0.0,structural,gpt_oss_120b,9.61953186182516,15056,localstack/19,localstack,19,2,24,0,53571,4684,0.005592,58.76
0.0,0,0.0,0.0,structural,gpt_oss_120b,9.61953186182516,15056,localstack/19,localstack,19,3,17,0,42872,3436,0.004179,33.86
1.0,1,1.0,1.0,structural,gpt_oss_120b,10.563155506021905,38683,localstack/2,localstack,2,1,17,0,154891,3363,0.010126,90.2
1.0,1,1.0,1.0,structural,gpt_oss_120b,10.563155506021905,38683,localstack/2,localstack,2,2,26,0,285338,6554,0.015578,102.63
1.0,1,1.0,1.0,structural,gpt_oss_120b,10.563155506021905,38683,localstack/2,localstack,2,3,20,0,200136,5710,0.012321,86.4
1.0,1,1.0,1.0,structural,gpt_oss_120b,9.860214640302662,19153,localstack/9,localstack,9,1,13,0,69176,8323,0.008365,106.23
1.0,1,1.0,1.0,structural,gpt_oss_120b,9.860214640302662,19153,localstack/9,localstack,9,2,14,0,83694,7838,0.009572,103.19
1.0,1,1.0,1.0,structural,gpt_oss_120b,9.860214640302662,19153,localstack/9,localstack,9,3,26,0,201035,22483,0.021267,209.18
1.0,1,1.0,1.0,structural,gpt_oss_120b,11.189312196300184,72353,pandas/26,pandas,26,1,10,0,79600,3978,0.007697,59.65
0.8,1,0.6667,1.0,structural,gpt_oss_120b,11.189312196300184,72353,pandas/26,pandas,26,2,30,1,330698,8261,0.017715,140.35
0.8,1,0.6667,1.0,structural,gpt_oss_120b,11.189312196300184,72353,pandas/26,pandas,26,3,25,0,127904,5845,0.009236,64.47
0.0,0,0.0,0.0,structural,gpt_oss_120b,11.270446177349276,78468,pandas/35,pandas,35,1,13,0,133869,5497,0.014186,72.0
0.0,0,0.0,0.0,structural,gpt_oss_120b,11.270446177349276,78468,pandas/35,pandas,35,2,19,0,486203,5374,0.031978,114.45
0.0,0,0.0,0.0,structural,gpt_oss_120b,11.270446177349276,78468,pandas/35,pandas,35,3,22,0,613565,9059,0.032194,189.89
0.6667,0,1.0,0.5,structural,gpt_oss_120b,12.08721590866289,177587,pandas/38,pandas,38,1,10,0,100636,4113,0.008383,47.15
0.6667,0,1.0,0.5,structural,gpt_oss_120b,12.08721590866289,177587,pandas/38,pandas,38,2,6,0,52430,1547,0.00615,25.14
0.6667,0,1.0,0.5,structural,gpt_oss_120b,12.08721590866289,177587,pandas/38,pandas,38,3,14,0,137520,4616,0.009726,35.52
0.0,0,0.0,0.0,structural,gpt_oss_120b,10.883015959814806,53264,pandas/44,pandas,44,1,14,0,246499,4749,0.016853,80.7
0.0,0,0.0,0.0,structural,gpt_oss_120b,10.883015959814806,53264,pandas/44,pandas,44,2,6,0,72367,2022,0.008382,29.75
0.0,0,0.0,0.0,structural,gpt_oss_120b,10.883015959814806,53264,pandas/44,pandas,44,3,10,0,145654,2642,0.008464,39.17
0.8,0,1.0,0.6667,structural,gpt_oss_120b,9.346705246496699,11461,requests/12,requests,12,1,13,0,47392,6243,0.006826,97.51
0.5,0,1.0,0.3333,structural,gpt_oss_120b,9.346705246496699,11461,requests/12,requests,12,2,12,0,59547,1611,0.005611,21.17
0.8,0,1.0,0.6667,structural,gpt_oss_120b,9.346705246496699,11461,requests/12,requests,12,3,11,0,40556,2050,0.003862,20.8
1.0,1,1.0,1.0,structural,gpt_oss_120b,9.348274558065496,11479,requests/13,requests,13,1,8,0,40160,3105,0.004496,35.08
1.0,1,1.0,1.0,structural,gpt_oss_120b,9.348274558065496,11479,requests/13,requests,13,2,10,0,43842,4100,0.00522,69.41
1.0,1,1.0,1.0,structural,gpt_oss_120b,9.348274558065496,11479,requests/13,requests,13,3,11,0,56647,5093,0.006695,115.49
1.0,1,1.0,1.0,structural,gpt_oss_120b,7.958576903813898,2860,requests/7,requests,7,1,8,0,40684,2505,0.004442,27.68
1.0,1,1.0,1.0,structural,gpt_oss_120b,7.958576903813898,2860,requests/7,requests,7,2,7,0,29124,3621,0.004175,61.28
1.0,1,1.0,1.0,structural,gpt_oss_120b,7.958576903813898,2860,requests/7,requests,7,3,11,0,57691,5867,0.006265,85.66
1.0,1,1.0,1.0,structural,gpt_oss_120b,10.031000872835088,22720,rich/1,rich,1,1,12,0,129580,2936,0.008899,32.6
1.0,1,1.0,1.0,structural,gpt_oss_120b,10.031000872835088,22720,rich/1,rich,1,2,13,0,84521,2951,0.008276,48.0
0.0,0,0.0,0.0,structural,gpt_oss_120b,10.031000872835088,22720,rich/1,rich,1,3,9,0,57140,1692,0.005678,20.13
0.0,0,0.0,0.0,structural,gpt_oss_120b,10.051648903516648,23194,rich/12,rich,12,1,8,0,42318,1923,0.004741,24.39
0.0,0,0.0,0.0,structural,gpt_oss_120b,10.051648903516648,23194,rich/12,rich,12,2,8,0,60583,1760,0.006736,30.49
0.0,0,0.0,0.0,structural,gpt_oss_120b,10.051648903516648,23194,rich/12,rich,12,3,14,0,95605,3386,0.007632,31.72
1.0,1,1.0,1.0,structural,gpt_oss_120b,10.039939675671627,22924,rich/8,rich,8,1,18,0,131486,5162,0.009215,76.88
1.0,1,1.0,1.0,structural,gpt_oss_120b,10.039939675671627,22924,rich/8,rich,8,2,10,0,52132,2375,0.006117,36.23
1.0,1,1.0,1.0,structural,gpt_oss_120b,10.039939675671627,22924,rich/8,rich,8,3,10,0,59750,2583,0.00522,27.11
0.6667,0,1.0,0.5,structural,gpt_oss_120b,11.620954417182327,111408,scikit-learn/45,scikit-learn,45,1,8,0,46463,1111,0.00587,20.99
0.6667,0,1.0,0.5,structural,gpt_oss_120b,11.620954417182327,111408,scikit-learn/45,scikit-learn,45,2,24,0,175391,5534,0.010387,84.34
0.6667,0,1.0,0.5,structural,gpt_oss_120b,11.620954417182327,111408,scikit-learn/45,scikit-learn,45,3,17,0,102562,3182,0.004491,37.7
1.0,1,1.0,1.0,structural,gpt_oss_120b,11.55076060327325,103856,scikit-learn/49,scikit-learn,49,1,8,0,142779,2640,0.014173,49.79
1.0,1,1.0,1.0,structural,gpt_oss_120b,11.55076060327325,103856,scikit-learn/49,scikit-learn,49,2,20,0,509146,9444,0.028622,145.46
1.0,1,1.0,1.0,structural,gpt_oss_120b,11.55076060327325,103856,scikit-learn/49,scikit-learn,49,3,17,0,197810,3673,0.012601,41.49
1.0,1,1.0,1.0,structural,gpt_oss_120b,11.525654110946952,101281,scikit-learn/5,scikit-learn,5,1,15,0,153247,14588,0.019789,220.12
1.0,1,1.0,1.0,structural,gpt_oss_120b,11.525654110946952,101281,scikit-learn/5,scikit-learn,5,2,19,0,171515,13830,0.015555,160.97
1.0,1,1.0,1.0,structural,gpt_oss_120b,11.525654110946952,101281,scikit-learn/5,scikit-learn,5,3,11,0,73850,8446,0.009883,92.76
1.0,1,1.0,1.0,structural,gpt_oss_120b,9.796458979777604,17970,scrapy/20,scrapy,20,1,14,0,80083,3361,0.006875,39.85
1.0,1,1.0,1.0,structural,gpt_oss_120b,9.796458979777604,17970,scrapy/20,scrapy,20,2,12,0,98442,3563,0.010965,53.99
1.0,1,1.0,1.0,structural,gpt_oss_120b,9.796458979777604,17970,scrapy/20,scrapy,20,3,8,0,43365,1056,0.003671,10.87
1.0,1,1.0,1.0,structural,gpt_oss_120b,9.655026193237628,15600,scrapy/26,scrapy,26,1,18,0,111347,3486,0.007949,63.56
0.6667,1,0.5,1.0,structural,gpt_oss_120b,9.655026193237628,15600,scrapy/26,scrapy,26,2,21,0,96929,7755,0.009658,95.55
1.0,1,1.0,1.0,structural,gpt_oss_120b,9.655026193237628,15600,scrapy/26,scrapy,26,3,14,0,76538,2911,0.005592,34.02
0.0,0,0.0,0.0,structural,gpt_oss_120b,9.73477299914839,16895,scrapy/48,scrapy,48,1,15,0,83431,3528,0.006731,53.38
0.0,0,0.0,0.0,structural,gpt_oss_120b,9.73477299914839,16895,scrapy/48,scrapy,48,2,23,0,101720,4353,0.006716,66.76
0.0,0,0.0,0.0,structural,gpt_oss_120b,9.73477299914839,16895,scrapy/48,scrapy,48,3,8,0,26927,938,0.002686,31.43
1.0,1,1.0,1.0,structural,gpt_oss_120b,9.961803629358965,21201,stable-diffusion-webui/0,stable-diffusion-webui,0,1,5,0,81677,1073,0.007475,18.31
1.0,1,1.0,1.0,structural,gpt_oss_120b,9.961803629358965,21201,stable-diffusion-webui/0,stable-diffusion-webui,0,2,6,0,99279,2132,0.008822,32.95
1.0,1,1.0,1.0,structural,gpt_oss_120b,9.961803629358965,21201,stable-diffusion-webui/0,stable-diffusion-webui,0,3,5,0,64470,943,0.005149,20.21
1.0,1,1.0,1.0,structural,gpt_oss_120b,9.908425341565751,20099,stable-diffusion-webui/13,stable-diffusion-webui,13,1,15,0,215626,3422,0.013506,51.3
1.0,1,1.0,1.0,structural,gpt_oss_120b,9.908425341565751,20099,stable-diffusion-webui/13,stable-diffusion-webui,13,2,20,0,311896,6184,0.020015,109.9
1.0,1,1.0,1.0,structural,gpt_oss_120b,9.908425341565751,20099,stable-diffusion-webui/13,stable-diffusion-webui,13,3,28,0,383983,5611,0.015663,106.43
0.6667,0,1.0,0.5,structural,gpt_oss_120b,10.028797743501574,22670,stable-diffusion-webui/5,stable-diffusion-webui,5,1,32,1,347402,5480,0.01419,78.81
0.6667,0,1.0,0.5,structural,gpt_oss_120b,10.028797743501574,22670,stable-diffusion-webui/5,stable-diffusion-webui,5,2,19,0,130893,4350,0.008228,47.08
0.6667,0,1.0,0.5,structural,gpt_oss_120b,10.028797743501574,22670,stable-diffusion-webui/5,stable-diffusion-webui,5,3,21,0,143859,4926,0.008654,53.03
0.0,0,0.0,0.0,structural,gpt_oss_120b,8.483636407887394,4835,thefuck/10,thefuck,10,1,16,0,59514,7182,0.00727,58.53
0.0,0,0.0,0.0,structural,gpt_oss_120b,8.483636407887394,4835,thefuck/10,thefuck,10,2,22,0,107189,10183,0.010232,72.46
0.0,0,0.0,0.0,structural,gpt_oss_120b,8.483636407887394,4835,thefuck/10,thefuck,10,3,18,0,69763,9068,0.008297,55.78
0.0,0,0.0,0.0,structural,gpt_oss_120b,8.270781013162674,3908,thefuck/20,thefuck,20,1,19,0,91445,6580,0.008883,101.72
0.0,0,0.0,0.0,structural,gpt_oss_120b,8.270781013162674,3908,thefuck/20,thefuck,20,2,21,0,81149,7957,0.008445,89.55
0.0,0,0.0,0.0,structural,gpt_oss_120b,8.270781013162674,3908,thefuck/20,thefuck,20,3,30,1,221160,13487,0.017804,117.04
1.0,1,1.0,1.0,structural,gpt_oss_120b,7.822845290279774,2497,thefuck/5,thefuck,5,1,8,0,24973,3258,0.003544,32.38
1.0,1,1.0,1.0,structural,gpt_oss_120b,7.822845290279774,2497,thefuck/5,thefuck,5,2,7,0,21788,2501,0.003103,27.26
1.0,1,1.0,1.0,structural,gpt_oss_120b,7.822845290279774,2497,thefuck/5,thefuck,5,3,13,0,54247,5460,0.005596,45.53
1.0,1,1.0,1.0,structural,gpt_oss_120b,12.430331574579306,250279,transformers/25,transformers,25,1,8,0,39381,966,0.004706,13.7
1.0,1,1.0,1.0,structural,gpt_oss_120b,12.430331574579306,250279,transformers/25,transformers,25,2,14,0,72524,3223,0.008896,35.83
1.0,1,1.0,1.0,structural,gpt_oss_120b,12.430331574579306,250279,transformers/25,transformers,25,3,7,0,49831,1507,0.007039,17.61
0.1538,0,1.0,0.0833,structural,gpt_oss_120b,12.407424472605875,244611,transformers/27,transformers,27,1,7,0,47574,954,0.00537,12.14
0.1538,0,1.0,0.0833,structural,gpt_oss_120b,12.407424472605875,244611,transformers/27,transformers,27,2,8,0,57845,1697,0.006353,19.88
0.1538,0,1.0,0.0833,structural,gpt_oss_120b,12.407424472605875,244611,transformers/27,transformers,27,3,7,0,52831,1272,0.004622,11.49
0.75,0,1.0,0.6,structural,gpt_oss_120b,11.587420505060633,107734,transformers/5,transformers,5,1,13,0,155720,5343,0.013961,96.2
0.0,0,0.0,0.0,structural,gpt_oss_120b,11.587420505060633,107734,transformers/5,transformers,5,2,25,0,392394,5903,0.022149,135.9
0.75,0,1.0,0.6,structural,gpt_oss_120b,11.587420505060633,107734,transformers/5,transformers,5,3,20,0,247917,4452,0.015337,78.53
1.0,1,1.0,1.0,structural,gpt_oss_120b,12.095096391086711,178992,yt-dlp/23,yt-dlp,23,1,6,0,20367,1154,0.002309,12.28
1.0,1,1.0,1.0,structural,gpt_oss_120b,12.095096391086711,178992,yt-dlp/23,yt-dlp,23,2,24,0,134058,10969,0.013725,146.19
1.0,1,1.0,1.0,structural,gpt_oss_120b,12.095096391086711,178992,yt-dlp/23,yt-dlp,23,3,11,0,42621,3833,0.004174,24.38
0.0,0,0.0,0.0,structural,gpt_oss_120b,12.1489730534896,188900,yt-dlp/41,yt-dlp,41,1,15,0,128329,5479,0.010412,78.5
0.0,0,0.0,0.0,structural,gpt_oss_120b,12.1489730534896,188900,yt-dlp/41,yt-dlp,41,2,15,0,431942,11723,0.036368,242.4
0.0,0,0.0,0.0,structural,gpt_oss_120b,12.1489730534896,188900,yt-dlp/41,yt-dlp,41,3,16,0,328929,7956,0.020981,189.53
0.6667,0,1.0,0.5,structural,gpt_oss_120b,12.198660241414718,198523,yt-dlp/45,yt-dlp,45,1,12,0,185374,5916,0.014933,130.44
0.6667,0,1.0,0.5,structural,gpt_oss_120b,12.198660241414718,198523,yt-dlp/45,yt-dlp,45,2,24,0,462686,9842,0.026439,149.78
0.6667,0,1.0,0.5,structural,gpt_oss_120b,12.198660241414718,198523,yt-dlp/45,yt-dlp,45,3,15,0,87222,2849,0.007844,54.93
1.0,1,1.0,1.0,structural,deepseek_flash,12.068688124847148,174327,core/16,core,16,1,13,0,136522,5111,0.004036,50.65
1.0,1,1.0,1.0,structural,deepseek_flash,12.068688124847148,174327,core/16,core,16,2,17,0,158378,5214,0.003507,50.9
1.0,1,1.0,1.0,structural,deepseek_flash,12.068688124847148,174327,core/16,core,16,3,25,0,354962,10573,0.006345,97.57
1.0,1,1.0,1.0,structural,deepseek_flash,11.506545154005941,99364,core/20,core,20,1,16,0,121434,5245,0.002699,55.07
1.0,1,1.0,1.0,structural,deepseek_flash,11.506545154005941,99364,core/20,core,20,2,12,0,70820,3039,0.001792,35.95
1.0,1,1.0,1.0,structural,deepseek_flash,11.506545154005941,99364,core/20,core,20,3,8,0,48191,1933,0.001598,20.92
0.0,0,0.0,0.0,structural,deepseek_flash,8.579980179515003,5324,fastapi/17,fastapi,17,1,28,0,521123,20227,0.011992,158.9
0.0,0,0.0,0.0,structural,deepseek_flash,8.579980179515003,5324,fastapi/17,fastapi,17,2,30,1,571186,24328,0.013932,211.98
0.0,0,0.0,0.0,structural,deepseek_flash,8.579980179515003,5324,fastapi/17,fastapi,17,3,30,1,568788,20279,0.011813,170.33
0.5,1,0.3333,1.0,structural,deepseek_flash,8.518991573357617,5009,fastapi/20,fastapi,20,1,30,1,346948,8182,0.007364,102.7
0.0,0,0.0,0.0,structural,deepseek_flash,8.518991573357617,5009,fastapi/20,fastapi,20,2,30,1,222712,6512,0.005537,77.89
0.5,1,0.3333,1.0,structural,deepseek_flash,8.518991573357617,5009,fastapi/20,fastapi,20,3,30,1,558717,7887,0.010639,98.4
0.5,0,1.0,0.3333,structural,deepseek_flash,8.482187582217422,4828,fastapi/9,fastapi,9,1,12,0,84854,2494,0.002269,32.86
0.5,0,1.0,0.3333,structural,deepseek_flash,8.482187582217422,4828,fastapi/9,fastapi,9,2,16,0,130810,3726,0.002726,46.72
0.5,0,1.0,0.3333,structural,deepseek_flash,8.482187582217422,4828,fastapi/9,fastapi,9,3,20,0,195254,7206,0.004117,79.35
0.6667,0,1.0,0.5,structural,deepseek_flash,8.808369153122275,6690,flask/18,flask,18,1,14,0,159279,3654,0.003513,39.79
1.0,1,1.0,1.0,structural,deepseek_flash,8.808369153122275,6690,flask/18,flask,18,2,13,0,156420,4338,0.004182,49.32
1.0,1,1.0,1.0,structural,deepseek_flash,8.808369153122275,6690,flask/18,flask,18,3,14,0,188555,3680,0.003825,38.5
1.0,1,1.0,1.0,structural,deepseek_flash,8.899457906353966,7328,flask/3,flask,3,1,30,1,289803,8832,0.007518,101.48
0.0,0,0.0,0.0,structural,deepseek_flash,8.899457906353966,7328,flask/3,flask,3,2,30,1,482292,9182,0.009381,112.5
1.0,1,1.0,1.0,structural,deepseek_flash,8.899457906353966,7328,flask/3,flask,3,3,30,1,703469,23022,0.016316,247.56
1.0,1,1.0,1.0,structural,deepseek_flash,8.827468112520654,6819,flask/6,flask,6,1,7,0,38648,5399,0.002514,48.8
1.0,1,1.0,1.0,structural,deepseek_flash,8.827468112520654,6819,flask/6,flask,6,2,11,0,71503,4075,0.002353,40.04
1.0,1,1.0,1.0,structural,deepseek_flash,8.827468112520654,6819,flask/6,flask,6,3,11,0,90593,5900,0.002867,49.56
0.5,1,0.3333,1.0,structural,deepseek_flash,8.341410211461865,4194,gpt-engineer/11,gpt-engineer,11,1,9,0,85525,5014,0.003719,47.15
0.5,1,0.3333,1.0,structural,deepseek_flash,8.341410211461865,4194,gpt-engineer/11,gpt-engineer,11,2,13,0,169155,4072,0.003959,42.25
0.5,1,0.3333,1.0,structural,deepseek_flash,8.341410211461865,4194,gpt-engineer/11,gpt-engineer,11,3,16,0,171780,4321,0.003834,51.55
0.6667,0,1.0,0.5,structural,deepseek_flash,8.029432840581244,3070,gpt-engineer/12,gpt-engineer,12,1,22,0,240597,10158,0.005321,96.89
0.6667,0,1.0,0.5,structural,deepseek_flash,8.029432840581244,3070,gpt-engineer/12,gpt-engineer,12,2,14,0,118410,7890,0.003947,75.22
0.4,0,1.0,0.25,structural,deepseek_flash,8.029432840581244,3070,gpt-engineer/12,gpt-engineer,12,3,14,0,104828,5197,0.002977,51.59
0.6667,1,0.5,1.0,structural,deepseek_flash,8.36380888451688,4289,gpt-engineer/9,gpt-engineer,9,1,29,0,468372,20774,0.011609,175.66
0.5,1,0.3333,1.0,structural,deepseek_flash,8.36380888451688,4289,gpt-engineer/9,gpt-engineer,9,2,15,0,215146,10713,0.006005,112.12
0.0,0,0.0,0.0,structural,deepseek_flash,8.36380888451688,4289,gpt-engineer/9,gpt-engineer,9,3,28,0,475838,24016,0.014036,227.74
0.2857,0,0.5,0.2,structural,deepseek_flash,10.196231790580173,26802,keras/12,keras,12,1,14,0,156577,4744,0.003756,53.96
0.0,0,0.0,0.0,structural,deepseek_flash,10.196231790580173,26802,keras/12,keras,12,2,14,0,133371,6334,0.004096,70.77
0.0,0,0.0,0.0,structural,deepseek_flash,10.196231790580173,26802,keras/12,keras,12,3,16,0,175754,3401,0.003852,42.25
0.0,0,0.0,0.0,structural,deepseek_flash,10.349134450277123,31230,keras/5,keras,5,1,30,1,489873,8585,0.010258,89.74
0.0,0,0.0,0.0,structural,deepseek_flash,10.349134450277123,31230,keras/5,keras,5,2,30,1,457204,12394,0.011615,115.06
0.0,0,0.0,0.0,structural,deepseek_flash,10.349134450277123,31230,keras/5,keras,5,3,30,1,529393,13122,0.010897,138.17
1.0,1,1.0,1.0,structural,deepseek_flash,10.444153492313001,34343,keras/9,keras,9,1,13,0,110431,8080,0.003902,84.41
1.0,1,1.0,1.0,structural,deepseek_flash,10.444153492313001,34343,keras/9,keras,9,2,10,0,107868,7116,0.004344,73.73
1.0,1,1.0,1.0,structural,deepseek_flash,10.444153492313001,34343,keras/9,keras,9,3,9,0,95777,7422,0.004107,67.18
0.25,0,1.0,0.1429,structural,deepseek_flash,9.61953186182516,15056,localstack/19,localstack,19,1,19,0,137902,3286,0.003104,39.51
0.0,0,0.0,0.0,structural,deepseek_flash,9.61953186182516,15056,localstack/19,localstack,19,2,14,0,78806,2117,0.002177,26.44
0.25,0,1.0,0.1429,structural,deepseek_flash,9.61953186182516,15056,localstack/19,localstack,19,3,21,0,150369,5279,0.003212,58.65
0.0,0,0.0,0.0,structural,deepseek_flash,10.563155506021905,38683,localstack/2,localstack,2,1,30,1,614803,10452,0.011184,119.61
1.0,1,1.0,1.0,structural,deepseek_flash,10.563155506021905,38683,localstack/2,localstack,2,2,30,1,741939,10694,0.013807,118.22
0.6667,1,0.5,1.0,structural,deepseek_flash,10.563155506021905,38683,localstack/2,localstack,2,3,26,0,559012,8498,0.010834,85.98
0.0,0,0.0,0.0,structural,deepseek_flash,9.860214640302662,19153,localstack/9,localstack,9,1,30,1,603914,42239,0.018314,349.59
1.0,1,1.0,1.0,structural,deepseek_flash,9.860214640302662,19153,localstack/9,localstack,9,2,14,0,204170,12182,0.005916,99.3
0.0,0,0.0,0.0,structural,deepseek_flash,9.860214640302662,19153,localstack/9,localstack,9,3,30,1,665167,38028,0.018316,290.11
0.0,0,0.0,0.0,structural,deepseek_flash,11.189312196300184,72353,pandas/26,pandas,26,1,30,1,354445,4445,0.005927,58.4
0.0,0,0.0,0.0,structural,deepseek_flash,11.189312196300184,72353,pandas/26,pandas,26,2,30,1,500629,3596,0.008751,55.2
0.8,1,0.6667,1.0,structural,deepseek_flash,11.189312196300184,72353,pandas/26,pandas,26,3,25,0,580684,3483,0.007195,48.99
0.0,0,0.0,0.0,structural,deepseek_flash,11.270446177349276,78468,pandas/35,pandas,35,1,30,1,313060,8251,0.007117,84.58
0.0,0,0.0,0.0,structural,deepseek_flash,11.270446177349276,78468,pandas/35,pandas,35,2,30,1,588328,6539,0.010403,75.61
0.0,0,0.0,0.0,structural,deepseek_flash,11.270446177349276,78468,pandas/35,pandas,35,3,30,1,469182,10223,0.010788,107.37
0.5,0,0.5,0.5,structural,deepseek_flash,12.08721590866289,177587,pandas/38,pandas,38,1,30,1,573154,6905,0.009505,81.86
0.5,0,0.5,0.5,structural,deepseek_flash,12.08721590866289,177587,pandas/38,pandas,38,2,23,0,350655,7689,0.005725,83.83
0.0,0,0.0,0.0,structural,deepseek_flash,12.08721590866289,177587,pandas/38,pandas,38,3,30,1,930956,15729,0.017163,146.32
0.0,0,0.0,0.0,structural,deepseek_flash,10.883015959814806,53264,pandas/44,pandas,44,1,30,0,598427,8345,0.010356,100.52
0.5,0,0.5,0.5,structural,deepseek_flash,10.883015959814806,53264,pandas/44,pandas,44,2,30,1,306766,12603,0.009807,116.3
0.0,0,0.0,0.0,structural,deepseek_flash,10.883015959814806,53264,pandas/44,pandas,44,3,30,1,735376,9527,0.013703,129.52
0.8,0,1.0,0.6667,structural,deepseek_flash,9.346705246496699,11461,requests/12,requests,12,1,7,0,46796,3591,0.002991,28.23
0.8,0,1.0,0.6667,structural,deepseek_flash,9.346705246496699,11461,requests/12,requests,12,2,11,0,70902,2129,0.002268,25.22
0.8,0,1.0,0.6667,structural,deepseek_flash,9.346705246496699,11461,requests/12,requests,12,3,12,0,114954,5115,0.003406,47.2
1.0,1,1.0,1.0,structural,deepseek_flash,9.348274558065496,11479,requests/13,requests,13,1,12,0,127188,7476,0.004129,65.58
1.0,1,1.0,1.0,structural,deepseek_flash,9.348274558065496,11479,requests/13,requests,13,2,20,0,260630,14526,0.006574,143.41
1.0,1,1.0,1.0,structural,deepseek_flash,9.348274558065496,11479,requests/13,requests,13,3,27,0,390980,18019,0.010311,181.2
1.0,1,1.0,1.0,structural,deepseek_flash,7.958576903813898,2860,requests/7,requests,7,1,13,0,84711,7197,0.003162,75.21
1.0,1,1.0,1.0,structural,deepseek_flash,7.958576903813898,2860,requests/7,requests,7,2,10,0,52939,4876,0.002244,49.52
1.0,1,1.0,1.0,structural,deepseek_flash,7.958576903813898,2860,requests/7,requests,7,3,8,0,40567,3484,0.001755,38.35
1.0,1,1.0,1.0,structural,deepseek_flash,10.031000872835088,22720,rich/1,rich,1,1,5,0,24493,1107,0.001842,11.51
1.0,1,1.0,1.0,structural,deepseek_flash,10.031000872835088,22720,rich/1,rich,1,2,5,0,33122,1793,0.002083,18.89
1.0,1,1.0,1.0,structural,deepseek_flash,10.031000872835088,22720,rich/1,rich,1,3,6,0,30958,2086,0.002161,21.66
0.4,0,1.0,0.25,structural,deepseek_flash,10.051648903516648,23194,rich/12,rich,12,1,29,0,841138,27588,0.018323,244.56
0.4,0,1.0,0.25,structural,deepseek_flash,10.051648903516648,23194,rich/12,rich,12,2,30,1,479811,29952,0.013743,248.41
0.4,0,1.0,0.25,structural,deepseek_flash,10.051648903516648,23194,rich/12,rich,12,3,30,1,459599,22688,0.013024,187.63
1.0,1,1.0,1.0,structural,deepseek_flash,10.039939675671627,22924,rich/8,rich,8,1,8,0,56005,2723,0.002123,25.27
1.0,1,1.0,1.0,structural,deepseek_flash,10.039939675671627,22924,rich/8,rich,8,2,9,0,65268,1558,0.001829,19.7
1.0,1,1.0,1.0,structural,deepseek_flash,10.039939675671627,22924,rich/8,rich,8,3,11,0,155935,2036,0.003487,25.58
0.6667,0,1.0,0.5,structural,deepseek_flash,11.620954417182327,111408,scikit-learn/45,scikit-learn,45,1,22,0,169949,2621,0.002663,38.42
0.0,0,0.0,0.0,structural,deepseek_flash,11.620954417182327,111408,scikit-learn/45,scikit-learn,45,2,30,1,270751,3722,0.005457,54.63
0.6667,0,1.0,0.5,structural,deepseek_flash,11.620954417182327,111408,scikit-learn/45,scikit-learn,45,3,25,0,206914,4050,0.002934,48.45
1.0,1,1.0,1.0,structural,deepseek_flash,11.55076060327325,103856,scikit-learn/49,scikit-learn,49,1,16,0,266185,3574,0.004619,43.55
1.0,1,1.0,1.0,structural,deepseek_flash,11.55076060327325,103856,scikit-learn/49,scikit-learn,49,2,11,0,225661,3631,0.004932,33.79
1.0,1,1.0,1.0,structural,deepseek_flash,11.55076060327325,103856,scikit-learn/49,scikit-learn,49,3,17,0,271202,3641,0.005392,46.14
1.0,1,1.0,1.0,structural,deepseek_flash,11.525654110946952,101281,scikit-learn/5,scikit-learn,5,1,15,0,245778,29742,0.010476,307.88
1.0,1,1.0,1.0,structural,deepseek_flash,11.525654110946952,101281,scikit-learn/5,scikit-learn,5,2,23,0,326234,18268,0.007797,155.38
1.0,1,1.0,1.0,structural,deepseek_flash,11.525654110946952,101281,scikit-learn/5,scikit-learn,5,3,15,0,304158,32741,0.011744,252.4
1.0,1,1.0,1.0,structural,deepseek_flash,9.796458979777604,17970,scrapy/20,scrapy,20,1,5,0,19691,982,0.000872,10.86
1.0,1,1.0,1.0,structural,deepseek_flash,9.796458979777604,17970,scrapy/20,scrapy,20,2,6,0,40103,1358,0.001727,14.55
1.0,1,1.0,1.0,structural,deepseek_flash,9.796458979777604,17970,scrapy/20,scrapy,20,3,7,0,44114,1305,0.001765,14.69
0.6667,1,0.5,1.0,structural,deepseek_flash,9.655026193237628,15600,scrapy/26,scrapy,26,1,14,0,131500,3011,0.002886,32.44
0.6667,1,0.5,1.0,structural,deepseek_flash,9.655026193237628,15600,scrapy/26,scrapy,26,2,15,0,124655,2846,0.002707,32.45
0.6667,1,0.5,1.0,structural,deepseek_flash,9.655026193237628,15600,scrapy/26,scrapy,26,3,15,0,104682,2602,0.002143,29.46
0.0,0,0.0,0.0,structural,deepseek_flash,9.73477299914839,16895,scrapy/48,scrapy,48,1,30,1,273030,5793,0.005197,72.57
0.0,0,0.0,0.0,structural,deepseek_flash,9.73477299914839,16895,scrapy/48,scrapy,48,2,32,1,253393,7154,0.005516,87.2
0.0,0,0.0,0.0,structural,deepseek_flash,9.73477299914839,16895,scrapy/48,scrapy,48,3,30,1,214928,5868,0.004671,66.19
1.0,1,1.0,1.0,structural,deepseek_flash,9.961803629358965,21201,stable-diffusion-webui/0,stable-diffusion-webui,0,1,10,0,198209,3113,0.00407,31.83
1.0,1,1.0,1.0,structural,deepseek_flash,9.961803629358965,21201,stable-diffusion-webui/0,stable-diffusion-webui,0,2,5,0,90018,1500,0.00317,16.13
1.0,1,1.0,1.0,structural,deepseek_flash,9.961803629358965,21201,stable-diffusion-webui/0,stable-diffusion-webui,0,3,4,0,72542,1808,0.003163,18.85
1.0,1,1.0,1.0,structural,deepseek_flash,9.908425341565751,20099,stable-diffusion-webui/13,stable-diffusion-webui,13,1,27,0,654401,17056,0.012026,155.91
1.0,1,1.0,1.0,structural,deepseek_flash,9.908425341565751,20099,stable-diffusion-webui/13,stable-diffusion-webui,13,2,30,1,863026,21667,0.016217,215.44
1.0,1,1.0,1.0,structural,deepseek_flash,9.908425341565751,20099,stable-diffusion-webui/13,stable-diffusion-webui,13,3,30,0,886881,21539,0.016378,196.31
0.6667,0,1.0,0.5,structural,deepseek_flash,10.028797743501574,22670,stable-diffusion-webui/5,stable-diffusion-webui,5,1,30,1,708110,29883,0.018132,252.43
1.0,1,1.0,1.0,structural,deepseek_flash,10.028797743501574,22670,stable-diffusion-webui/5,stable-diffusion-webui,5,2,23,0,738816,29774,0.016166,232.5
0.6667,0,1.0,0.5,structural,deepseek_flash,10.028797743501574,22670,stable-diffusion-webui/5,stable-diffusion-webui,5,3,18,0,347794,18065,0.009459,152.38
0.5,0,1.0,0.3333,structural,deepseek_flash,8.483636407887394,4835,thefuck/10,thefuck,10,1,18,0,198492,11292,0.00596,93.23
0.0,0,0.0,0.0,structural,deepseek_flash,8.483636407887394,4835,thefuck/10,thefuck,10,2,27,0,330001,15877,0.010658,143.91
0.0,0,0.0,0.0,structural,deepseek_flash,8.483636407887394,4835,thefuck/10,thefuck,10,3,22,0,422245,21785,0.010756,181.32
0.0,0,0.0,0.0,structural,deepseek_flash,8.270781013162674,3908,thefuck/20,thefuck,20,1,14,0,58584,3286,0.001764,32.35
0.0,0,0.0,0.0,structural,deepseek_flash,8.270781013162674,3908,thefuck/20,thefuck,20,2,10,0,47806,6783,0.002797,56.84
0.0,0,0.0,0.0,structural,deepseek_flash,8.270781013162674,3908,thefuck/20,thefuck,20,3,17,0,94069,4598,0.00255,46.0
1.0,1,1.0,1.0,structural,deepseek_flash,7.822845290279774,2497,thefuck/5,thefuck,5,1,22,0,153615,5241,0.003164,63.38
1.0,1,1.0,1.0,structural,deepseek_flash,7.822845290279774,2497,thefuck/5,thefuck,5,2,7,0,33910,2421,0.001579,20.6
1.0,1,1.0,1.0,structural,deepseek_flash,7.822845290279774,2497,thefuck/5,thefuck,5,3,8,0,31314,2204,0.001524,24.27
1.0,1,1.0,1.0,structural,deepseek_flash,12.430331574579306,250279,transformers/25,transformers,25,1,8,0,65497,2217,0.003503,25.87
1.0,1,1.0,1.0,structural,deepseek_flash,12.430331574579306,250279,transformers/25,transformers,25,2,8,0,85456,2000,0.002742,25.03
1.0,1,1.0,1.0,structural,deepseek_flash,12.430331574579306,250279,transformers/25,transformers,25,3,10,0,86644,3886,0.003419,35.5
0.1538,0,1.0,0.0833,structural,deepseek_flash,12.407424472605875,244611,transformers/27,transformers,27,1,3,0,13933,521,0.00085,6.82
0.1538,0,1.0,0.0833,structural,deepseek_flash,12.407424472605875,244611,transformers/27,transformers,27,2,8,0,64176,1871,0.002326,19.56
0.1538,0,1.0,0.0833,structural,deepseek_flash,12.407424472605875,244611,transformers/27,transformers,27,3,10,0,80929,1908,0.002047,22.8
0.75,0,1.0,0.6,structural,deepseek_flash,11.587420505060633,107734,transformers/5,transformers,5,1,27,0,669193,7073,0.014761,91.57
0.75,0,1.0,0.6,structural,deepseek_flash,11.587420505060633,107734,transformers/5,transformers,5,2,28,0,944726,9001,0.016926,118.53
0.8889,0,1.0,0.8,structural,deepseek_flash,11.587420505060633,107734,transformers/5,transformers,5,3,30,1,560120,6756,0.01245,87.66
1.0,1,1.0,1.0,structural,deepseek_flash,12.095096391086711,178992,yt-dlp/23,yt-dlp,23,1,21,0,208626,8429,0.004277,92.54
1.0,1,1.0,1.0,structural,deepseek_flash,12.095096391086711,178992,yt-dlp/23,yt-dlp,23,2,18,0,195162,11636,0.005134,103.42
1.0,1,1.0,1.0,structural,deepseek_flash,12.095096391086711,178992,yt-dlp/23,yt-dlp,23,3,22,0,336045,9192,0.006173,93.11
0.3333,1,0.2,1.0,structural,deepseek_flash,12.1489730534896,188900,yt-dlp/41,yt-dlp,41,1,23,0,715978,15713,0.010822,146.31
0.0,0,0.0,0.0,structural,deepseek_flash,12.1489730534896,188900,yt-dlp/41,yt-dlp,41,2,30,1,541826,11519,0.01254,112.07
0.0,0,0.0,0.0,structural,deepseek_flash,12.1489730534896,188900,yt-dlp/41,yt-dlp,41,3,30,1,893621,18034,0.01634,179.64
0.0,0,0.0,0.0,structural,deepseek_flash,12.198660241414718,198523,yt-dlp/45,yt-dlp,45,1,30,1,498072,7651,0.00844,86.18
0.0,0,0.0,0.0,structural,deepseek_flash,12.198660241414718,198523,yt-dlp/45,yt-dlp,45,2,17,0,198872,5032,0.004595,52.97
1.0,1,1.0,1.0,structural,deepseek_flash,12.198660241414718,198523,yt-dlp/45,yt-dlp,45,3,30,1,542728,10038,0.010829,106.87
1.0,1,1.0,1.0,structural,nemotron_super,12.068688124847148,174327,core/16,core,16,1,14,0,145598,44937,0.030351,585.4
0.0,0,0.0,0.0,structural,nemotron_super,12.068688124847148,174327,core/16,core,16,2,18,0,95986,17423,0.015128,212.82
1.0,1,1.0,1.0,structural,nemotron_super,12.068688124847148,174327,core/16,core,16,3,19,0,125079,13142,0.015889,215.55
1.0,1,1.0,1.0,structural,nemotron_super,11.506545154005941,99364,core/20,core,20,1,3,0,14183,7011,0.00401,94.94
1.0,1,1.0,1.0,structural,nemotron_super,11.506545154005941,99364,core/20,core,20,2,4,0,18284,11967,0.006341,189.88
1.0,1,1.0,1.0,structural,nemotron_super,11.506545154005941,99364,core/20,core,20,3,13,0,75420,14413,0.012176,177.59
0.0,0,0.0,0.0,structural,nemotron_super,8.579980179515003,5324,fastapi/17,fastapi,17,1,25,0,173104,79225,0.046404,854.68
0.0,0,0.0,0.0,structural,nemotron_super,8.579980179515003,5324,fastapi/17,fastapi,17,2,14,0,207410,54573,0.039459,722.41
0.0,0,0.0,0.0,structural,nemotron_super,8.579980179515003,5324,fastapi/17,fastapi,17,3,17,0,125925,20815,0.01903,335.53
0.0,0,0.0,0.0,structural,nemotron_super,8.518991573357617,5009,fastapi/20,fastapi,20,1,9,0,44902,18736,0.011311,291.68
0.0,0,0.0,0.0,structural,nemotron_super,8.518991573357617,5009,fastapi/20,fastapi,20,2,18,0,97067,41327,0.024781,609.07
0.0,0,0.0,0.0,structural,nemotron_super,8.518991573357617,5009,fastapi/20,fastapi,20,3,21,0,200149,54583,0.038846,589.12
0.5,0,1.0,0.3333,structural,nemotron_super,8.482187582217422,4828,fastapi/9,fastapi,9,1,6,0,37725,12070,0.008035,188.35
0.5,0,1.0,0.3333,structural,nemotron_super,8.482187582217422,4828,fastapi/9,fastapi,9,2,13,0,133473,54331,0.033078,665.93
0.5,0,1.0,0.3333,structural,nemotron_super,8.482187582217422,4828,fastapi/9,fastapi,9,3,11,0,160189,46680,0.032288,448.44
1.0,1,1.0,1.0,structural,nemotron_super,8.808369153122275,6690,flask/18,flask,18,1,15,0,129532,31915,0.023776,532.6
1.0,1,1.0,1.0,structural,nemotron_super,8.808369153122275,6690,flask/18,flask,18,2,12,0,98555,11735,0.013071,138.77
1.0,1,1.0,1.0,structural,nemotron_super,8.808369153122275,6690,flask/18,flask,18,3,9,0,73443,20971,0.014631,273.61
1.0,1,1.0,1.0,structural,nemotron_super,8.899457906353966,7328,flask/3,flask,3,1,14,0,104285,23143,0.018121,444.42
1.0,1,1.0,1.0,structural,nemotron_super,8.899457906353966,7328,flask/3,flask,3,2,12,0,91110,25412,0.017909,243.41
1.0,1,1.0,1.0,structural,nemotron_super,8.899457906353966,7328,flask/3,flask,3,3,19,0,304375,37705,0.040954,458.99
1.0,1,1.0,1.0,structural,nemotron_super,8.827468112520654,6819,flask/6,flask,6,1,12,0,97085,19082,0.015885,210.09
1.0,1,1.0,1.0,structural,nemotron_super,8.827468112520654,6819,flask/6,flask,6,2,7,0,55759,17667,0.011806,236.5
1.0,1,1.0,1.0,structural,nemotron_super,8.827468112520654,6819,flask/6,flask,6,3,13,0,151357,38021,0.028074,386.54
0.0,0,0.0,0.0,structural,nemotron_super,8.341410211461865,4194,gpt-engineer/11,gpt-engineer,11,1,12,0,43198,24070,0.0133,501.45
0.0,0,0.0,0.0,structural,nemotron_super,8.341410211461865,4194,gpt-engineer/11,gpt-engineer,11,2,13,0,94055,32532,0.021007,501.5
0.0,0,0.0,0.0,structural,nemotron_super,8.341410211461865,4194,gpt-engineer/11,gpt-engineer,11,3,11,0,75119,18787,0.0139,217.45
0.4,0,1.0,0.25,structural,nemotron_super,8.029432840581244,3070,gpt-engineer/12,gpt-engineer,12,1,12,0,62711,20175,0.0134,240.04
0.4,0,1.0,0.25,structural,nemotron_super,8.029432840581244,3070,gpt-engineer/12,gpt-engineer,12,2,6,0,19899,6478,0.004283,90.69
0.4,0,1.0,0.25,structural,nemotron_super,8.029432840581244,3070,gpt-engineer/12,gpt-engineer,12,3,9,0,43630,15874,0.010058,323.14
0.0,0,0.0,0.0,structural,nemotron_super,8.36380888451688,4289,gpt-engineer/9,gpt-engineer,9,1,13,0,127221,36512,0.025419,468.13
0.6667,1,0.5,1.0,structural,nemotron_super,8.36380888451688,4289,gpt-engineer/9,gpt-engineer,9,2,9,0,61614,19815,0.013163,237.84
1.0,1,1.0,1.0,structural,nemotron_super,8.36380888451688,4289,gpt-engineer/9,gpt-engineer,9,3,14,0,109084,17637,0.016327,212.66
0.0,0,0.0,0.0,structural,nemotron_super,10.196231790580173,26802,keras/12,keras,12,1,6,0,17894,14758,0.007424,170.42
0.0,0,0.0,0.0,structural,nemotron_super,10.196231790580173,26802,keras/12,keras,12,2,8,0,23577,13585,0.007438,169.22
0.0,0,0.0,0.0,structural,nemotron_super,10.196231790580173,26802,keras/12,keras,12,3,11,0,58696,30505,0.017191,598.78
0.0,0,0.0,0.0,structural,nemotron_super,10.349134450277123,31230,keras/5,keras,5,1,13,0,159083,26480,0.024114,294.15
0.0,0,0.0,0.0,structural,nemotron_super,10.349134450277123,31230,keras/5,keras,5,2,30,1,322615,51452,0.048003,698.88
0.0,0,0.0,0.0,structural,nemotron_super,10.349134450277123,31230,keras/5,keras,5,3,9,0,65895,18757,0.013104,141.47
1.0,1,1.0,1.0,structural,nemotron_super,10.444153492313001,34343,keras/9,keras,9,1,5,0,25870,17408,0.009162,197.08
1.0,1,1.0,1.0,structural,nemotron_super,10.444153492313001,34343,keras/9,keras,9,2,7,0,30719,12992,0.007808,153.82
1.0,1,1.0,1.0,structural,nemotron_super,10.444153492313001,34343,keras/9,keras,9,3,7,0,31078,14033,0.008255,227.94
0.0,0,0.0,0.0,structural,nemotron_super,9.61953186182516,15056,localstack/19,localstack,19,1,18,0,70820,15732,0.012313,237.74
0.0,0,0.0,0.0,structural,nemotron_super,9.61953186182516,15056,localstack/19,localstack,19,2,21,0,92177,15449,0.014015,208.74
0.0,0,0.0,0.0,structural,nemotron_super,9.61953186182516,15056,localstack/19,localstack,19,3,16,0,41511,9463,0.007314,161.27
1.0,1,1.0,1.0,structural,nemotron_super,10.563155506021905,38683,localstack/2,localstack,2,1,10,0,86266,9059,0.010956,175.1
1.0,1,1.0,1.0,structural,nemotron_super,10.563155506021905,38683,localstack/2,localstack,2,2,11,0,98736,8593,0.01183,112.21
1.0,1,1.0,1.0,structural,nemotron_super,10.563155506021905,38683,localstack/2,localstack,2,3,10,0,90719,14916,0.013678,178.06
1.0,1,1.0,1.0,structural,nemotron_super,9.860214640302662,19153,localstack/9,localstack,9,1,21,0,174013,55988,0.037186,722.6
1.0,1,1.0,1.0,structural,nemotron_super,9.860214640302662,19153,localstack/9,localstack,9,2,18,0,129978,68688,0.038523,819.02
1.0,1,1.0,1.0,structural,nemotron_super,9.860214640302662,19153,localstack/9,localstack,9,3,10,0,116093,38048,0.025087,660.21
0.6667,0,1.0,0.5,structural,nemotron_super,11.189312196300184,72353,pandas/26,pandas,26,1,30,1,389961,15823,0.039476,255.39
0.0,0,0.0,0.0,structural,nemotron_super,11.189312196300184,72353,pandas/26,pandas,26,2,30,1,727142,10489,0.066003,189.86
1.0,1,1.0,1.0,structural,nemotron_super,11.189312196300184,72353,pandas/26,pandas,26,3,25,0,507774,16138,0.049616,400.5
0.0,0,0.0,0.0,structural,nemotron_super,11.270446177349276,78468,pandas/35,pandas,35,1,29,0,261713,56015,0.044652,743.39
0.0,0,0.0,0.0,structural,nemotron_super,11.270446177349276,78468,pandas/35,pandas,35,2,30,1,237422,17564,0.027206,351.74
0.0,0,0.0,0.0,structural,nemotron_super,11.270446177349276,78468,pandas/35,pandas,35,3,30,1,215483,6871,0.021064,128.72
0.6667,0,1.0,0.5,structural,nemotron_super,12.08721590866289,177587,pandas/38,pandas,38,1,8,0,52958,16798,0.011221,203.58
0.6667,0,1.0,0.5,structural,nemotron_super,12.08721590866289,177587,pandas/38,pandas,38,2,9,0,38718,17419,0.010259,208.23
0.6667,0,1.0,0.5,structural,nemotron_super,12.08721590866289,177587,pandas/38,pandas,38,3,13,0,135595,32112,0.02437,351.3
0.0,0,0.0,0.0,structural,nemotron_super,10.883015959814806,53264,pandas/44,pandas,44,1,13,0,141072,18521,0.0194,346.14
0.0,0,0.0,0.0,structural,nemotron_super,10.883015959814806,53264,pandas/44,pandas,44,2,13,0,135745,24484,0.021332,298.69
0.0,0,0.0,0.0,structural,nemotron_super,10.883015959814806,53264,pandas/44,pandas,44,3,11,0,104188,17257,0.015759,143.79
0.8,0,1.0,0.6667,structural,nemotron_super,9.346705246496699,11461,requests/12,requests,12,1,16,0,103768,31005,0.021222,486.37
0.8,0,1.0,0.6667,structural,nemotron_super,9.346705246496699,11461,requests/12,requests,12,2,14,0,102895,31859,0.02149,743.71
0.8,0,1.0,0.6667,structural,nemotron_super,9.346705246496699,11461,requests/12,requests,12,3,18,0,146380,33795,0.02596,663.74
1.0,1,1.0,1.0,structural,nemotron_super,9.348274558065496,11479,requests/13,requests,13,1,12,0,83054,22183,0.015933,247.29
1.0,1,1.0,1.0,structural,nemotron_super,9.348274558065496,11479,requests/13,requests,13,2,16,0,93899,46828,0.026713,570.81
1.0,1,1.0,1.0,structural,nemotron_super,9.348274558065496,11479,requests/13,requests,13,3,5,0,18301,6055,0.003978,121.27
1.0,1,1.0,1.0,structural,nemotron_super,7.958576903813898,2860,requests/7,requests,7,1,7,0,30118,17376,0.00951,221.44
1.0,1,1.0,1.0,structural,nemotron_super,7.958576903813898,2860,requests/7,requests,7,2,8,0,84163,9373,0.010903,99.69
1.0,1,1.0,1.0,structural,nemotron_super,7.958576903813898,2860,requests/7,requests,7,3,7,0,65034,5930,0.0079,100.94
1.0,1,1.0,1.0,structural,nemotron_super,10.031000872835088,22720,rich/1,rich,1,1,6,0,47200,6413,0.006577,69.1
1.0,1,1.0,1.0,structural,nemotron_super,10.031000872835088,22720,rich/1,rich,1,2,12,0,71757,21061,0.014524,235.19
1.0,1,1.0,1.0,structural,nemotron_super,10.031000872835088,22720,rich/1,rich,1,3,4,0,39193,4699,0.005211,61.39
0.4,0,1.0,0.25,structural,nemotron_super,10.051648903516648,23194,rich/12,rich,12,1,10,0,68632,19682,0.013707,266.69
0.4,0,1.0,0.25,structural,nemotron_super,10.051648903516648,23194,rich/12,rich,12,2,13,0,96463,30440,0.020375,562.03
0.4,0,1.0,0.25,structural,nemotron_super,10.051648903516648,23194,rich/12,rich,12,3,8,0,95654,33412,0.021495,383.12
1.0,1,1.0,1.0,structural,nemotron_super,10.039939675671627,22924,rich/8,rich,8,1,12,0,85282,22296,0.016167,266.13
1.0,1,1.0,1.0,structural,nemotron_super,10.039939675671627,22924,rich/8,rich,8,2,9,0,52110,9020,0.008037,103.02
1.0,1,1.0,1.0,structural,nemotron_super,10.039939675671627,22924,rich/8,rich,8,3,6,0,31368,3710,0.00415,54.97
0.6667,0,1.0,0.5,structural,nemotron_super,11.620954417182327,111408,scikit-learn/45,scikit-learn,45,1,13,0,37778,10759,0.007515,152.4
0.6667,0,1.0,0.5,structural,nemotron_super,11.620954417182327,111408,scikit-learn/45,scikit-learn,45,2,13,0,44433,16781,0.010489,240.08
0.6667,0,1.0,0.5,structural,nemotron_super,11.620954417182327,111408,scikit-learn/45,scikit-learn,45,3,13,0,41240,23226,0.012796,275.97
1.0,1,1.0,1.0,structural,nemotron_super,11.55076060327325,103856,scikit-learn/49,scikit-learn,49,1,16,0,330640,28536,0.039519,325.59
1.0,1,1.0,1.0,structural,nemotron_super,11.55076060327325,103856,scikit-learn/49,scikit-learn,49,2,18,0,253104,16746,0.028212,220.09
1.0,1,1.0,1.0,structural,nemotron_super,11.55076060327325,103856,scikit-learn/49,scikit-learn,49,3,16,0,271261,16994,0.029855,251.23
1.0,1,1.0,1.0,structural,nemotron_super,11.525654110946952,101281,scikit-learn/5,scikit-learn,5,1,8,0,54417,18263,0.011931,422.36
1.0,1,1.0,1.0,structural,nemotron_super,11.525654110946952,101281,scikit-learn/5,scikit-learn,5,2,14,0,90247,24393,0.017428,329.69
1.0,1,1.0,1.0,structural,nemotron_super,11.525654110946952,101281,scikit-learn/5,scikit-learn,5,3,11,0,98794,49850,0.028337,635.98
1.0,1,1.0,1.0,structural,nemotron_super,9.796458979777604,17970,scrapy/20,scrapy,20,1,7,0,25082,3289,0.003448,48.49
1.0,1,1.0,1.0,structural,nemotron_super,9.796458979777604,17970,scrapy/20,scrapy,20,2,7,0,38103,5816,0.005565,89.05
1.0,1,1.0,1.0,structural,nemotron_super,9.796458979777604,17970,scrapy/20,scrapy,20,3,11,0,71026,5705,0.008319,101.25
1.0,1,1.0,1.0,structural,nemotron_super,9.655026193237628,15600,scrapy/26,scrapy,26,1,8,0,34738,8808,0.006476,134.74
1.0,1,1.0,1.0,structural,nemotron_super,9.655026193237628,15600,scrapy/26,scrapy,26,2,5,0,23301,9960,0.005965,117.8
1.0,1,1.0,1.0,structural,nemotron_super,9.655026193237628,15600,scrapy/26,scrapy,26,3,13,0,131403,37731,0.026262,594.27
0.5,0,0.5,0.5,structural,nemotron_super,9.73477299914839,16895,scrapy/48,scrapy,48,1,15,0,53150,30026,0.016528,306.35
0.6667,0,1.0,0.5,structural,nemotron_super,9.73477299914839,16895,scrapy/48,scrapy,48,2,9,0,20657,8627,0.005207,105.51
0.6667,0,1.0,0.5,structural,nemotron_super,9.73477299914839,16895,scrapy/48,scrapy,48,3,12,0,43362,10061,0.00771,130.84
1.0,1,1.0,1.0,structural,nemotron_super,9.961803629358965,21201,stable-diffusion-webui/0,stable-diffusion-webui,0,1,5,0,89252,4136,0.009241,48.51
1.0,1,1.0,1.0,structural,nemotron_super,9.961803629358965,21201,stable-diffusion-webui/0,stable-diffusion-webui,0,2,6,0,101100,2795,0.009711,37.8
1.0,1,1.0,1.0,structural,nemotron_super,9.961803629358965,21201,stable-diffusion-webui/0,stable-diffusion-webui,0,3,5,0,89219,7579,0.010615,127.78
0.0,0,0.0,0.0,structural,nemotron_super,9.908425341565751,20099,stable-diffusion-webui/13,stable-diffusion-webui,13,1,30,1,905820,41871,0.093743,468.78
0.0,0,0.0,0.0,structural,nemotron_super,9.908425341565751,20099,stable-diffusion-webui/13,stable-diffusion-webui,13,2,30,1,1068883,44474,0.108645,793.37
1.0,1,1.0,1.0,structural,nemotron_super,9.908425341565751,20099,stable-diffusion-webui/13,stable-diffusion-webui,13,3,23,0,503446,34988,0.056788,422.58
0.6667,0,1.0,0.5,structural,nemotron_super,10.028797743501574,22670,stable-diffusion-webui/5,stable-diffusion-webui,5,1,16,0,102793,18043,0.015955,266.99
0.6667,0,1.0,0.5,structural,nemotron_super,10.028797743501574,22670,stable-diffusion-webui/5,stable-diffusion-webui,5,2,26,0,244201,15191,0.026833,351.38
0.0,0,0.0,0.0,structural,nemotron_super,10.028797743501574,22670,stable-diffusion-webui/5,stable-diffusion-webui,5,3,21,0,164723,7928,0.017173,107.09
0.5,0,1.0,0.3333,structural,nemotron_super,8.483636407887394,4835,thefuck/10,thefuck,10,1,12,0,56335,34678,0.01866,449.61
0.0,0,0.0,0.0,structural,nemotron_super,8.483636407887394,4835,thefuck/10,thefuck,10,2,11,0,35213,29566,0.01482,393.56
0.4,0,0.5,0.3333,structural,nemotron_super,8.483636407887394,4835,thefuck/10,thefuck,10,3,10,0,41439,42704,0.020604,547.45
0.0,0,0.0,0.0,structural,nemotron_super,8.270781013162674,3908,thefuck/20,thefuck,20,1,15,0,50296,14888,0.01023,207.75
0.0,0,0.0,0.0,structural,nemotron_super,8.270781013162674,3908,thefuck/20,thefuck,20,2,30,1,191940,54529,0.038127,808.02
0.0,0,0.0,0.0,structural,nemotron_super,8.270781013162674,3908,thefuck/20,thefuck,20,3,30,1,190661,31892,0.028963,468.66
1.0,1,1.0,1.0,structural,nemotron_super,7.822845290279774,2497,thefuck/5,thefuck,5,1,15,0,81610,22051,0.015757,280.66
1.0,1,1.0,1.0,structural,nemotron_super,7.822845290279774,2497,thefuck/5,thefuck,5,2,25,0,103205,12878,0.013924,191.21
1.0,1,1.0,1.0,structural,nemotron_super,7.822845290279774,2497,thefuck/5,thefuck,5,3,18,0,85482,19296,0.014984,294.73
1.0,1,1.0,1.0,structural,nemotron_super,12.430331574579306,250279,transformers/25,transformers,25,1,14,0,98763,23373,0.017744,470.59
1.0,1,1.0,1.0,structural,nemotron_super,12.430331574579306,250279,transformers/25,transformers,25,2,19,0,367110,49586,0.051039,795.65
1.0,1,1.0,1.0,structural,nemotron_super,12.430331574579306,250279,transformers/25,transformers,25,3,9,0,57612,8055,0.008119,71.26
0.1538,0,1.0,0.0833,structural,nemotron_super,12.407424472605875,244611,transformers/27,transformers,27,1,3,0,9577,818,0.001141,11.15
0.1538,0,1.0,0.0833,structural,nemotron_super,12.407424472605875,244611,transformers/27,transformers,27,2,4,0,13919,1154,0.001645,17.06
0.1538,0,1.0,0.0833,structural,nemotron_super,12.407424472605875,244611,transformers/27,transformers,27,3,4,0,15880,1512,0.001955,35.9
0.8889,0,1.0,0.8,structural,nemotron_super,11.587420505060633,107734,transformers/5,transformers,5,1,30,1,556627,28008,0.058516,390.3
0.8889,0,1.0,0.8,structural,nemotron_super,11.587420505060633,107734,transformers/5,transformers,5,2,23,0,514084,24419,0.053465,358.07
0.5714,0,1.0,0.4,structural,nemotron_super,11.587420505060633,107734,transformers/5,transformers,5,3,26,0,714562,23471,0.070126,369.0
1.0,1,1.0,1.0,structural,nemotron_super,12.095096391086711,178992,yt-dlp/23,yt-dlp,23,1,4,0,29337,14856,0.008436,141.04
1.0,1,1.0,1.0,structural,nemotron_super,12.095096391086711,178992,yt-dlp/23,yt-dlp,23,2,5,0,37619,9710,0.007082,155.71
1.0,1,1.0,1.0,structural,nemotron_super,12.095096391086711,178992,yt-dlp/23,yt-dlp,23,3,8,0,68474,20060,0.013844,133.61
0.0,0,0.0,0.0,structural,nemotron_super,12.1489730534896,188900,yt-dlp/41,yt-dlp,41,1,15,0,183203,9633,0.019425,128.07
0.0,0,0.0,0.0,structural,nemotron_super,12.1489730534896,188900,yt-dlp/41,yt-dlp,41,2,23,0,203919,17336,0.024268,282.06
0.0,0,0.0,0.0,structural,nemotron_super,12.1489730534896,188900,yt-dlp/41,yt-dlp,41,3,27,0,323849,23761,0.037032,364.26
0.6667,0,1.0,0.5,structural,nemotron_super,12.198660241414718,198523,yt-dlp/45,yt-dlp,45,1,20,0,441759,33445,0.050928,715.15
0.6667,0,1.0,0.5,structural,nemotron_super,12.198660241414718,198523,yt-dlp/45,yt-dlp,45,2,11,0,214384,18086,0.025457,297.91
0.0,0,0.0,0.0,structural,nemotron_super,12.198660241414718,198523,yt-dlp/45,yt-dlp,45,3,10,0,220048,17623,0.025753,171.28
1.0,1,1.0,1.0,temporal_frequency,ministral_3b,12.068688124847148,174327,core/16,core,16,1,19,0,547793,7952,0.01507,52.83
1.0,1,1.0,1.0,temporal_frequency,ministral_3b,12.068688124847148,174327,core/16,core,16,2,15,0,66368,1445,0.002024,9.02
1.0,1,1.0,1.0,temporal_frequency,ministral_3b,12.068688124847148,174327,core/16,core,16,3,12,0,168403,1941,0.008129,20.24
1.0,1,1.0,1.0,temporal_frequency,ministral_3b,11.506545154005941,99364,core/20,core,20,1,18,0,139612,2075,0.003179,12.27
1.0,1,1.0,1.0,temporal_frequency,ministral_3b,11.506545154005941,99364,core/20,core,20,2,12,0,113448,1457,0.003012,9.05
1.0,1,1.0,1.0,temporal_frequency,ministral_3b,11.506545154005941,99364,core/20,core,20,3,21,0,141921,1710,0.003615,15.33
0.0,0,0.0,0.0,temporal_frequency,ministral_3b,8.579980179515003,5324,fastapi/17,fastapi,17,1,26,0,273733,3239,0.005337,24.62
0.0,0,0.0,0.0,temporal_frequency,ministral_3b,8.579980179515003,5324,fastapi/17,fastapi,17,2,15,0,193302,2937,0.005708,17.31
0.0,0,0.0,0.0,temporal_frequency,ministral_3b,8.579980179515003,5324,fastapi/17,fastapi,17,3,19,0,231978,3014,0.007164,21.86
0.0,0,0.0,0.0,temporal_frequency,ministral_3b,8.518991573357617,5009,fastapi/20,fastapi,20,1,15,0,100140,1072,0.002691,8.05
1.0,1,1.0,1.0,temporal_frequency,ministral_3b,8.518991573357617,5009,fastapi/20,fastapi,20,2,21,0,101417,2581,0.002866,19.12
1.0,1,1.0,1.0,temporal_frequency,ministral_3b,8.518991573357617,5009,fastapi/20,fastapi,20,3,19,0,152423,1179,0.004693,13.89
0.5,0,1.0,0.3333,temporal_frequency,ministral_3b,8.482187582217422,4828,fastapi/9,fastapi,9,1,16,0,76044,1397,0.001443,9.14
0.5,0,1.0,0.3333,temporal_frequency,ministral_3b,8.482187582217422,4828,fastapi/9,fastapi,9,2,13,0,74227,1591,0.002559,9.34
0.5,0,1.0,0.3333,temporal_frequency,ministral_3b,8.482187582217422,4828,fastapi/9,fastapi,9,3,13,0,125297,1137,0.003543,8.4
0.6667,0,1.0,0.5,temporal_frequency,ministral_3b,8.808369153122275,6690,flask/18,flask,18,1,12,0,130383,2113,0.005266,11.59
0.6667,0,1.0,0.5,temporal_frequency,ministral_3b,8.808369153122275,6690,flask/18,flask,18,2,17,0,75414,2395,0.002102,14.59
1.0,1,1.0,1.0,temporal_frequency,ministral_3b,8.808369153122275,6690,flask/18,flask,18,3,18,0,194927,2547,0.006131,19.75
1.0,1,1.0,1.0,temporal_frequency,ministral_3b,8.899457906353966,7328,flask/3,flask,3,1,10,0,23001,499,0.000657,4.07
1.0,1,1.0,1.0,temporal_frequency,ministral_3b,8.899457906353966,7328,flask/3,flask,3,2,9,0,19000,292,0.000501,3.07
1.0,1,1.0,1.0,temporal_frequency,ministral_3b,8.899457906353966,7328,flask/3,flask,3,3,12,0,29418,1027,0.001213,7.82
1.0,1,1.0,1.0,temporal_frequency,ministral_3b,8.827468112520654,6819,flask/6,flask,6,1,9,0,23945,837,0.0009,6.83
1.0,1,1.0,1.0,temporal_frequency,ministral_3b,8.827468112520654,6819,flask/6,flask,6,2,12,0,55232,889,0.001764,6.92
1.0,1,1.0,1.0,temporal_frequency,ministral_3b,8.827468112520654,6819,flask/6,flask,6,3,8,0,46042,322,0.002954,15.08
0.6667,1,0.5,1.0,temporal_frequency,ministral_3b,8.341410211461865,4194,gpt-engineer/11,gpt-engineer,11,1,15,0,131305,2357,0.004162,13.04
0.0,0,0.0,0.0,temporal_frequency,ministral_3b,8.341410211461865,4194,gpt-engineer/11,gpt-engineer,11,2,12,0,65111,1453,0.002025,14.5
0.0,0,0.0,0.0,temporal_frequency,ministral_3b,8.341410211461865,4194,gpt-engineer/11,gpt-engineer,11,3,13,0,95673,1947,0.003852,13.73
0.4,0,1.0,0.25,temporal_frequency,ministral_3b,8.029432840581244,3070,gpt-engineer/12,gpt-engineer,12,1,22,0,124759,2219,0.003033,16.51
0.4,0,1.0,0.25,temporal_frequency,ministral_3b,8.029432840581244,3070,gpt-engineer/12,gpt-engineer,12,2,23,0,131460,2251,0.002761,16.69
0.4,0,1.0,0.25,temporal_frequency,ministral_3b,8.029432840581244,3070,gpt-engineer/12,gpt-engineer,12,3,17,0,84211,1806,0.002208,11.91
1.0,1,1.0,1.0,temporal_frequency,ministral_3b,8.36380888451688,4289,gpt-engineer/9,gpt-engineer,9,1,12,0,75382,1729,0.001778,9.89
1.0,1,1.0,1.0,temporal_frequency,ministral_3b,8.36380888451688,4289,gpt-engineer/9,gpt-engineer,9,2,10,0,24251,1248,0.00073,8.7
1.0,1,1.0,1.0,temporal_frequency,ministral_3b,8.36380888451688,4289,gpt-engineer/9,gpt-engineer,9,3,14,0,74364,1282,0.002127,8.89
0.2857,0,0.5,0.2,temporal_frequency,ministral_3b,10.196231790580173,26802,keras/12,keras,12,1,9,0,26429,1377,0.000834,8.09
0.0,0,0.0,0.0,temporal_frequency,ministral_3b,10.196231790580173,26802,keras/12,keras,12,2,6,0,16735,1318,0.000792,15.97
0.0,0,0.0,0.0,temporal_frequency,ministral_3b,10.196231790580173,26802,keras/12,keras,12,3,11,0,28082,1223,0.000949,9.99
0.0,0,0.0,0.0,temporal_frequency,ministral_3b,10.349134450277123,31230,keras/5,keras,5,1,30,0,84951,1650,0.001575,13.93
1.0,1,1.0,1.0,temporal_frequency,ministral_3b,10.349134450277123,31230,keras/5,keras,5,2,14,0,156605,2752,0.004612,19.98
1.0,1,1.0,1.0,temporal_frequency,ministral_3b,10.349134450277123,31230,keras/5,keras,5,3,13,0,162776,2159,0.006506,19.6
1.0,1,1.0,1.0,temporal_frequency,ministral_3b,10.444153492313001,34343,keras/9,keras,9,1,10,0,61302,1998,0.002459,9.64
1.0,1,1.0,1.0,temporal_frequency,ministral_3b,10.444153492313001,34343,keras/9,keras,9,2,9,0,77252,1325,0.00295,8.24
1.0,1,1.0,1.0,temporal_frequency,ministral_3b,10.444153492313001,34343,keras/9,keras,9,3,8,0,53856,1095,0.002534,11.99
0.0,0,0.0,0.0,temporal_frequency,ministral_3b,9.61953186182516,15056,localstack/19,localstack,19,1,21,0,301577,1790,0.006617,15.12
0.0,0,0.0,0.0,temporal_frequency,ministral_3b,9.61953186182516,15056,localstack/19,localstack,19,2,12,0,168660,2053,0.005448,12.86
0.0,0,0.0,0.0,temporal_frequency,ministral_3b,9.61953186182516,15056,localstack/19,localstack,19,3,17,0,113861,1276,0.005811,13.67
1.0,1,1.0,1.0,temporal_frequency,ministral_3b,10.563155506021905,38683,localstack/2,localstack,2,1,11,0,187768,932,0.005242,11.0
1.0,1,1.0,1.0,temporal_frequency,ministral_3b,10.563155506021905,38683,localstack/2,localstack,2,2,8,0,137278,2204,0.006391,13.33
1.0,1,1.0,1.0,temporal_frequency,ministral_3b,10.563155506021905,38683,localstack/2,localstack,2,3,13,0,150779,945,0.004378,12.5
1.0,1,1.0,1.0,temporal_frequency,ministral_3b,9.860214640302662,19153,localstack/9,localstack,9,1,20,0,344696,2117,0.008888,21.07
1.0,1,1.0,1.0,temporal_frequency,ministral_3b,9.860214640302662,19153,localstack/9,localstack,9,2,12,0,165611,1357,0.005234,10.24
1.0,1,1.0,1.0,temporal_frequency,ministral_3b,9.860214640302662,19153,localstack/9,localstack,9,3,10,0,105031,1061,0.003778,8.16
0.6667,0,1.0,0.5,temporal_frequency,ministral_3b,11.189312196300184,72353,pandas/26,pandas,26,1,27,0,137831,1581,0.002606,13.21
0.6667,0,1.0,0.5,temporal_frequency,ministral_3b,11.189312196300184,72353,pandas/26,pandas,26,2,16,0,103041,1310,0.002682,11.65
0.6667,0,1.0,0.5,temporal_frequency,ministral_3b,11.189312196300184,72353,pandas/26,pandas,26,3,12,0,180375,855,0.008665,13.44
0.0,0,0.0,0.0,temporal_frequency,ministral_3b,11.270446177349276,78468,pandas/35,pandas,35,1,28,0,212649,1803,0.003578,15.85
0.0,0,0.0,0.0,temporal_frequency,ministral_3b,11.270446177349276,78468,pandas/35,pandas,35,2,13,0,268994,1848,0.011267,15.07
0.0,0,0.0,0.0,temporal_frequency,ministral_3b,11.270446177349276,78468,pandas/35,pandas,35,3,26,0,465958,2610,0.016709,25.99
0.0,0,0.0,0.0,temporal_frequency,ministral_3b,12.08721590866289,177587,pandas/38,pandas,38,1,12,0,64102,1080,0.002002,7.43
0.6667,0,1.0,0.5,temporal_frequency,ministral_3b,12.08721590866289,177587,pandas/38,pandas,38,2,10,0,87215,908,0.003571,6.28
0.6667,0,1.0,0.5,temporal_frequency,ministral_3b,12.08721590866289,177587,pandas/38,pandas,38,3,14,0,186382,1983,0.007432,14.92
0.6667,0,1.0,0.5,temporal_frequency,ministral_3b,10.883015959814806,53264,pandas/44,pandas,44,1,28,0,620659,2476,0.013895,24.9
0.0,0,0.0,0.0,temporal_frequency,ministral_3b,10.883015959814806,53264,pandas/44,pandas,44,2,26,0,198395,5431,0.004462,31.7
0.0,0,0.0,0.0,temporal_frequency,ministral_3b,10.883015959814806,53264,pandas/44,pandas,44,3,26,0,127031,2376,0.002688,16.08
0.5,0,1.0,0.3333,temporal_frequency,ministral_3b,9.346705246496699,11461,requests/12,requests,12,1,7,0,16373,397,0.000709,2.99
0.8,0,1.0,0.6667,temporal_frequency,ministral_3b,9.346705246496699,11461,requests/12,requests,12,2,7,0,22285,667,0.00104,4.77
0.5,0,1.0,0.3333,temporal_frequency,ministral_3b,9.346705246496699,11461,requests/12,requests,12,3,12,0,43781,914,0.002119,20.9
1.0,1,1.0,1.0,temporal_frequency,ministral_3b,9.348274558065496,11479,requests/13,requests,13,1,7,0,92545,1324,0.002498,7.17
1.0,1,1.0,1.0,temporal_frequency,ministral_3b,9.348274558065496,11479,requests/13,requests,13,2,8,0,56932,1458,0.00213,7.07
1.0,1,1.0,1.0,temporal_frequency,ministral_3b,9.348274558065496,11479,requests/13,requests,13,3,11,0,109227,1166,0.004346,10.51
1.0,1,1.0,1.0,temporal_frequency,ministral_3b,7.958576903813898,2860,requests/7,requests,7,1,7,0,16210,947,0.000598,5.07
1.0,1,1.0,1.0,temporal_frequency,ministral_3b,7.958576903813898,2860,requests/7,requests,7,2,10,0,28346,1860,0.000935,9.08
1.0,1,1.0,1.0,temporal_frequency,ministral_3b,7.958576903813898,2860,requests/7,requests,7,3,14,0,38241,1721,0.001335,11.34
1.0,1,1.0,1.0,temporal_frequency,ministral_3b,10.031000872835088,22720,rich/1,rich,1,1,8,0,72919,769,0.002991,8.97
1.0,1,1.0,1.0,temporal_frequency,ministral_3b,10.031000872835088,22720,rich/1,rich,1,2,8,0,25452,961,0.000856,5.25
1.0,1,1.0,1.0,temporal_frequency,ministral_3b,10.031000872835088,22720,rich/1,rich,1,3,5,0,23163,294,0.000998,3.18
0.4,0,1.0,0.25,temporal_frequency,ministral_3b,10.051648903516648,23194,rich/12,rich,12,1,15,0,337493,2370,0.010209,21.18
0.4,0,1.0,0.25,temporal_frequency,ministral_3b,10.051648903516648,23194,rich/12,rich,12,2,10,0,152796,1313,0.006759,9.21
0.4,0,1.0,0.25,temporal_frequency,ministral_3b,10.051648903516648,23194,rich/12,rich,12,3,14,0,286123,1078,0.011336,12.94
1.0,1,1.0,1.0,temporal_frequency,ministral_3b,10.039939675671627,22924,rich/8,rich,8,1,6,0,31570,607,0.00096,5.55
1.0,1,1.0,1.0,temporal_frequency,ministral_3b,10.039939675671627,22924,rich/8,rich,8,2,7,0,35157,661,0.001209,5.27
1.0,1,1.0,1.0,temporal_frequency,ministral_3b,10.039939675671627,22924,rich/8,rich,8,3,12,0,115264,1445,0.004759,10.03
0.6667,0,1.0,0.5,temporal_frequency,ministral_3b,11.620954417182327,111408,scikit-learn/45,scikit-learn,45,1,8,0,15894,118,0.000403,2.5
0.6667,0,1.0,0.5,temporal_frequency,ministral_3b,11.620954417182327,111408,scikit-learn/45,scikit-learn,45,2,6,0,15115,694,0.00059,4.0
0.6667,0,1.0,0.5,temporal_frequency,ministral_3b,11.620954417182327,111408,scikit-learn/45,scikit-learn,45,3,5,0,10163,1306,0.000467,6.06
1.0,1,1.0,1.0,temporal_frequency,ministral_3b,11.55076060327325,103856,scikit-learn/49,scikit-learn,49,1,7,0,32946,577,0.001348,3.81
1.0,1,1.0,1.0,temporal_frequency,ministral_3b,11.55076060327325,103856,scikit-learn/49,scikit-learn,49,2,8,0,97238,750,0.005479,6.56
1.0,1,1.0,1.0,temporal_frequency,ministral_3b,11.55076060327325,103856,scikit-learn/49,scikit-learn,49,3,8,0,60220,902,0.004638,8.01
1.0,1,1.0,1.0,temporal_frequency,ministral_3b,11.525654110946952,101281,scikit-learn/5,scikit-learn,5,1,26,0,125127,2295,0.002939,14.78
1.0,1,1.0,1.0,temporal_frequency,ministral_3b,11.525654110946952,101281,scikit-learn/5,scikit-learn,5,2,11,0,65241,1243,0.002605,7.75
1.0,1,1.0,1.0,temporal_frequency,ministral_3b,11.525654110946952,101281,scikit-learn/5,scikit-learn,5,3,12,0,68869,1426,0.002767,10.68
1.0,1,1.0,1.0,temporal_frequency,ministral_3b,9.796458979777604,17970,scrapy/20,scrapy,20,1,7,0,26160,392,0.000881,3.39
1.0,1,1.0,1.0,temporal_frequency,ministral_3b,9.796458979777604,17970,scrapy/20,scrapy,20,2,8,0,32284,271,0.000952,2.88
1.0,1,1.0,1.0,temporal_frequency,ministral_3b,9.796458979777604,17970,scrapy/20,scrapy,20,3,8,0,34134,447,0.0012,6.48
1.0,1,1.0,1.0,temporal_frequency,ministral_3b,9.655026193237628,15600,scrapy/26,scrapy,26,1,10,0,68978,1325,0.002664,7.48
0.0,0,0.0,0.0,temporal_frequency,ministral_3b,9.655026193237628,15600,scrapy/26,scrapy,26,2,21,0,255588,1628,0.005838,13.25
1.0,1,1.0,1.0,temporal_frequency,ministral_3b,9.655026193237628,15600,scrapy/26,scrapy,26,3,18,0,214623,1570,0.006367,19.73
0.0,0,0.0,0.0,temporal_frequency,ministral_3b,9.73477299914839,16895,scrapy/48,scrapy,48,1,29,0,62602,1525,0.001183,11.94
0.0,0,0.0,0.0,temporal_frequency,ministral_3b,9.73477299914839,16895,scrapy/48,scrapy,48,2,27,0,255108,4045,0.006251,22.73
0.0,0,0.0,0.0,temporal_frequency,ministral_3b,9.73477299914839,16895,scrapy/48,scrapy,48,3,26,0,185181,2204,0.00473,18.39
1.0,1,1.0,1.0,temporal_frequency,ministral_3b,9.961803629358965,21201,stable-diffusion-webui/0,stable-diffusion-webui,0,1,8,0,137952,1108,0.00454,7.51
1.0,1,1.0,1.0,temporal_frequency,ministral_3b,9.961803629358965,21201,stable-diffusion-webui/0,stable-diffusion-webui,0,2,8,0,143713,1357,0.004853,9.49
1.0,1,1.0,1.0,temporal_frequency,ministral_3b,9.961803629358965,21201,stable-diffusion-webui/0,stable-diffusion-webui,0,3,7,0,123674,1094,0.004862,10.56
1.0,1,1.0,1.0,temporal_frequency,ministral_3b,9.908425341565751,20099,stable-diffusion-webui/13,stable-diffusion-webui,13,1,13,0,215246,1044,0.006584,10.39
0.0,0,0.0,0.0,temporal_frequency,ministral_3b,9.908425341565751,20099,stable-diffusion-webui/13,stable-diffusion-webui,13,2,11,0,185232,1435,0.005062,9.98
0.0,0,0.0,0.0,temporal_frequency,ministral_3b,9.908425341565751,20099,stable-diffusion-webui/13,stable-diffusion-webui,13,3,26,0,402400,2077,0.008699,22.34
0.6667,0,1.0,0.5,temporal_frequency,ministral_3b,10.028797743501574,22670,stable-diffusion-webui/5,stable-diffusion-webui,5,1,12,0,129087,1333,0.002847,10.63
0.0,0,0.0,0.0,temporal_frequency,ministral_3b,10.028797743501574,22670,stable-diffusion-webui/5,stable-diffusion-webui,5,2,13,0,59386,1583,0.001984,12.6
0.6667,0,1.0,0.5,temporal_frequency,ministral_3b,10.028797743501574,22670,stable-diffusion-webui/5,stable-diffusion-webui,5,3,13,0,125059,1002,0.004853,15.95
0.5,0,1.0,0.3333,temporal_frequency,ministral_3b,8.483636407887394,4835,thefuck/10,thefuck,10,1,11,0,41701,1147,0.001451,8.18
0.5,0,1.0,0.3333,temporal_frequency,ministral_3b,8.483636407887394,4835,thefuck/10,thefuck,10,2,8,0,25941,1005,0.001209,10.52
0.0,0,0.0,0.0,temporal_frequency,ministral_3b,8.483636407887394,4835,thefuck/10,thefuck,10,3,10,0,28248,1312,0.000986,9.65
0.0,0,0.0,0.0,temporal_frequency,ministral_3b,8.270781013162674,3908,thefuck/20,thefuck,20,1,13,0,50815,2453,0.001491,14.45
0.0,0,0.0,0.0,temporal_frequency,ministral_3b,8.270781013162674,3908,thefuck/20,thefuck,20,2,10,0,62974,2514,0.002252,11.3
0.0,0,0.0,0.0,temporal_frequency,ministral_3b,8.270781013162674,3908,thefuck/20,thefuck,20,3,11,0,33029,1525,0.00129,11.06
0.0,0,0.0,0.0,temporal_frequency,ministral_3b,7.822845290279774,2497,thefuck/5,thefuck,5,1,12,0,89623,1971,0.002708,10.97
1.0,1,1.0,1.0,temporal_frequency,ministral_3b,7.822845290279774,2497,thefuck/5,thefuck,5,2,10,0,56731,1059,0.001943,9.56
1.0,1,1.0,1.0,temporal_frequency,ministral_3b,7.822845290279774,2497,thefuck/5,thefuck,5,3,7,0,12005,531,0.00039,3.67
1.0,1,1.0,1.0,temporal_frequency,ministral_3b,12.430331574579306,250279,transformers/25,transformers,25,1,20,0,264234,1367,0.006515,17.61
1.0,1,1.0,1.0,temporal_frequency,ministral_3b,12.430331574579306,250279,transformers/25,transformers,25,2,6,0,15315,390,0.000591,2.91
1.0,1,1.0,1.0,temporal_frequency,ministral_3b,12.430331574579306,250279,transformers/25,transformers,25,3,12,0,190093,1278,0.0084,28.0
0.1538,0,1.0,0.0833,temporal_frequency,ministral_3b,12.407424472605875,244611,transformers/27,transformers,27,1,7,0,24951,399,0.000865,3.3
0.1538,0,1.0,0.0833,temporal_frequency,ministral_3b,12.407424472605875,244611,transformers/27,transformers,27,2,7,0,24973,448,0.000918,3.23
0.1538,0,1.0,0.0833,temporal_frequency,ministral_3b,12.407424472605875,244611,transformers/27,transformers,27,3,5,0,18106,489,0.001134,3.02
0.0,0,0.0,0.0,temporal_frequency,ministral_3b,11.587420505060633,107734,transformers/5,transformers,5,1,20,0,165235,2301,0.004565,14.9
0.5714,0,1.0,0.4,temporal_frequency,ministral_3b,11.587420505060633,107734,transformers/5,transformers,5,2,20,0,189016,2437,0.005609,20.08
0.0,0,0.0,0.0,temporal_frequency,ministral_3b,11.587420505060633,107734,transformers/5,transformers,5,3,14,0,123279,1065,0.004117,12.76
1.0,1,1.0,1.0,temporal_frequency,ministral_3b,12.095096391086711,178992,yt-dlp/23,yt-dlp,23,1,10,0,150506,2463,0.00357,12.88
1.0,1,1.0,1.0,temporal_frequency,ministral_3b,12.095096391086711,178992,yt-dlp/23,yt-dlp,23,2,11,0,72821,2109,0.003553,16.47
1.0,1,1.0,1.0,temporal_frequency,ministral_3b,12.095096391086711,178992,yt-dlp/23,yt-dlp,23,3,13,0,167408,1406,0.007493,15.3
0.0,0,0.0,0.0,temporal_frequency,ministral_3b,12.1489730534896,188900,yt-dlp/41,yt-dlp,41,1,15,0,370083,688,0.011146,11.31
0.0,0,0.0,0.0,temporal_frequency,ministral_3b,12.1489730534896,188900,yt-dlp/41,yt-dlp,41,2,19,0,302897,2047,0.007109,21.35
0.0,0,0.0,0.0,temporal_frequency,ministral_3b,12.1489730534896,188900,yt-dlp/41,yt-dlp,41,3,17,0,256824,2261,0.009112,22.45
0.0,0,0.0,0.0,temporal_frequency,ministral_3b,12.198660241414718,198523,yt-dlp/45,yt-dlp,45,1,6,0,54963,3526,0.002658,15.39
0.6667,0,1.0,0.5,temporal_frequency,ministral_3b,12.198660241414718,198523,yt-dlp/45,yt-dlp,45,2,13,0,235705,2492,0.009097,15.68
0.5,0,0.5,0.5,temporal_frequency,ministral_3b,12.198660241414718,198523,yt-dlp/45,yt-dlp,45,3,13,0,258326,2242,0.010344,24.34
1.0,1,1.0,1.0,temporal_frequency,gpt_oss_120b,12.068688124847148,174327,core/16,core,16,1,13,0,70801,6498,0.007924,84.28
1.0,1,1.0,1.0,temporal_frequency,gpt_oss_120b,12.068688124847148,174327,core/16,core,16,2,15,0,162900,5048,0.012138,104.88
1.0,1,1.0,1.0,temporal_frequency,gpt_oss_120b,12.068688124847148,174327,core/16,core,16,3,11,0,66748,5481,0.006369,62.99
1.0,1,1.0,1.0,temporal_frequency,gpt_oss_120b,11.506545154005941,99364,core/20,core,20,1,14,0,57266,3560,0.005474,55.33
1.0,1,1.0,1.0,temporal_frequency,gpt_oss_120b,11.506545154005941,99364,core/20,core,20,2,12,0,41346,2710,0.003678,68.03
1.0,1,1.0,1.0,temporal_frequency,gpt_oss_120b,11.506545154005941,99364,core/20,core,20,3,14,0,59566,3043,0.004556,28.04
0.0,0,0.0,0.0,temporal_frequency,gpt_oss_120b,8.579980179515003,5324,fastapi/17,fastapi,17,1,30,1,262923,21179,0.023039,232.9
0.0,0,0.0,0.0,temporal_frequency,gpt_oss_120b,8.579980179515003,5324,fastapi/17,fastapi,17,2,30,1,232425,11882,0.016434,137.21
0.0,0,0.0,0.0,temporal_frequency,gpt_oss_120b,8.579980179515003,5324,fastapi/17,fastapi,17,3,30,1,189596,8657,0.011704,120.72
0.0,0,0.0,0.0,temporal_frequency,gpt_oss_120b,8.518991573357617,5009,fastapi/20,fastapi,20,1,20,0,69750,7559,0.008467,110.09
0.0,0,0.0,0.0,temporal_frequency,gpt_oss_120b,8.518991573357617,5009,fastapi/20,fastapi,20,2,24,0,74132,10526,0.009409,119.33
0.0,0,0.0,0.0,temporal_frequency,gpt_oss_120b,8.518991573357617,5009,fastapi/20,fastapi,20,3,14,0,49601,4274,0.005053,37.39
0.5,0,1.0,0.3333,temporal_frequency,gpt_oss_120b,8.482187582217422,4828,fastapi/9,fastapi,9,1,5,0,14800,896,0.001678,13.5
0.5,0,1.0,0.3333,temporal_frequency,gpt_oss_120b,8.482187582217422,4828,fastapi/9,fastapi,9,2,8,0,48050,1912,0.004121,19.23
0.5,0,1.0,0.3333,temporal_frequency,gpt_oss_120b,8.482187582217422,4828,fastapi/9,fastapi,9,3,13,0,47778,2891,0.004306,47.23
1.0,1,1.0,1.0,temporal_frequency,gpt_oss_120b,8.808369153122275,6690,flask/18,flask,18,1,9,0,26202,3798,0.003658,84.48
0.6667,0,1.0,0.5,temporal_frequency,gpt_oss_120b,8.808369153122275,6690,flask/18,flask,18,2,16,0,64568,2505,0.005037,39.0
0.6667,0,1.0,0.5,temporal_frequency,gpt_oss_120b,8.808369153122275,6690,flask/18,flask,18,3,11,0,28817,2080,0.002997,30.49
1.0,1,1.0,1.0,temporal_frequency,gpt_oss_120b,8.899457906353966,7328,flask/3,flask,3,1,12,0,35587,3837,0.004188,55.58
1.0,1,1.0,1.0,temporal_frequency,gpt_oss_120b,8.899457906353966,7328,flask/3,flask,3,2,7,0,21507,1859,0.00312,26.45
1.0,1,1.0,1.0,temporal_frequency,gpt_oss_120b,8.899457906353966,7328,flask/3,flask,3,3,12,0,63462,4047,0.005806,64.75
1.0,1,1.0,1.0,temporal_frequency,gpt_oss_120b,8.827468112520654,6819,flask/6,flask,6,1,18,0,61586,5104,0.005921,108.44
1.0,1,1.0,1.0,temporal_frequency,gpt_oss_120b,8.827468112520654,6819,flask/6,flask,6,2,12,0,45638,2597,0.004879,40.26
1.0,1,1.0,1.0,temporal_frequency,gpt_oss_120b,8.827468112520654,6819,flask/6,flask,6,3,6,0,14170,2097,0.001959,12.56
0.0,0,0.0,0.0,temporal_frequency,gpt_oss_120b,8.341410211461865,4194,gpt-engineer/11,gpt-engineer,11,1,9,0,44949,2303,0.005714,30.27
0.0,0,0.0,0.0,temporal_frequency,gpt_oss_120b,8.341410211461865,4194,gpt-engineer/11,gpt-engineer,11,2,22,0,208801,11842,0.015269,182.98
0.0,0,0.0,0.0,temporal_frequency,gpt_oss_120b,8.341410211461865,4194,gpt-engineer/11,gpt-engineer,11,3,10,0,74701,3053,0.005966,26.1
0.4,0,1.0,0.25,temporal_frequency,gpt_oss_120b,8.029432840581244,3070,gpt-engineer/12,gpt-engineer,12,1,12,0,62837,2887,0.005173,32.78
0.4,0,1.0,0.25,temporal_frequency,gpt_oss_120b,8.029432840581244,3070,gpt-engineer/12,gpt-engineer,12,2,10,0,42479,2116,0.003913,40.34
0.4,0,1.0,0.25,temporal_frequency,gpt_oss_120b,8.029432840581244,3070,gpt-engineer/12,gpt-engineer,12,3,19,0,145340,5905,0.011548,113.41
0.6667,1,0.5,1.0,temporal_frequency,gpt_oss_120b,8.36380888451688,4289,gpt-engineer/9,gpt-engineer,9,1,8,0,26655,4048,0.004594,62.0
0.6667,1,0.5,1.0,temporal_frequency,gpt_oss_120b,8.36380888451688,4289,gpt-engineer/9,gpt-engineer,9,2,12,0,69627,11671,0.011739,142.77
1.0,1,1.0,1.0,temporal_frequency,gpt_oss_120b,8.36380888451688,4289,gpt-engineer/9,gpt-engineer,9,3,11,0,68614,9814,0.010223,117.29
0.0,0,0.0,0.0,temporal_frequency,gpt_oss_120b,10.196231790580173,26802,keras/12,keras,12,1,12,0,42180,3586,0.004939,35.53
0.0,0,0.0,0.0,temporal_frequency,gpt_oss_120b,10.196231790580173,26802,keras/12,keras,12,2,9,0,25426,1600,0.002711,28.0
0.0,0,0.0,0.0,temporal_frequency,gpt_oss_120b,10.196231790580173,26802,keras/12,keras,12,3,9,0,21914,2408,0.002362,28.16
0.0,0,0.0,0.0,temporal_frequency,gpt_oss_120b,10.349134450277123,31230,keras/5,keras,5,1,28,0,155974,12565,0.01627,186.58
0.6667,1,0.5,1.0,temporal_frequency,gpt_oss_120b,10.349134450277123,31230,keras/5,keras,5,2,17,0,107885,14531,0.014582,151.93
0.0,0,0.0,0.0,temporal_frequency,gpt_oss_120b,10.349134450277123,31230,keras/5,keras,5,3,23,0,176179,16789,0.017787,203.33
1.0,1,1.0,1.0,temporal_frequency,gpt_oss_120b,10.444153492313001,34343,keras/9,keras,9,1,9,0,42015,3298,0.004915,65.12
1.0,1,1.0,1.0,temporal_frequency,gpt_oss_120b,10.444153492313001,34343,keras/9,keras,9,2,16,0,75370,7498,0.008449,161.23
1.0,1,1.0,1.0,temporal_frequency,gpt_oss_120b,10.444153492313001,34343,keras/9,keras,9,3,13,0,48738,2515,0.004345,22.58
0.0,0,0.0,0.0,temporal_frequency,gpt_oss_120b,9.61953186182516,15056,localstack/19,localstack,19,1,19,0,35781,4152,0.003927,45.57
0.0,0,0.0,0.0,temporal_frequency,gpt_oss_120b,9.61953186182516,15056,localstack/19,localstack,19,2,15,0,31949,3499,0.004251,58.65
0.0,0,0.0,0.0,temporal_frequency,gpt_oss_120b,9.61953186182516,15056,localstack/19,localstack,19,3,30,1,71584,5702,0.006045,49.97
1.0,1,1.0,1.0,temporal_frequency,gpt_oss_120b,10.563155506021905,38683,localstack/2,localstack,2,1,30,0,233191,6409,0.010666,82.31
1.0,1,1.0,1.0,temporal_frequency,gpt_oss_120b,10.563155506021905,38683,localstack/2,localstack,2,2,17,0,147396,3792,0.009026,50.98
1.0,1,1.0,1.0,temporal_frequency,gpt_oss_120b,10.563155506021905,38683,localstack/2,localstack,2,3,26,0,245264,8298,0.012703,120.77
1.0,1,1.0,1.0,temporal_frequency,gpt_oss_120b,9.860214640302662,19153,localstack/9,localstack,9,1,19,0,112735,20480,0.017402,220.85
1.0,1,1.0,1.0,temporal_frequency,gpt_oss_120b,9.860214640302662,19153,localstack/9,localstack,9,2,10,0,41290,4384,0.005142,53.48
1.0,1,1.0,1.0,temporal_frequency,gpt_oss_120b,9.860214640302662,19153,localstack/9,localstack,9,3,14,0,83347,8660,0.009804,111.09
0.8,1,0.6667,1.0,temporal_frequency,gpt_oss_120b,11.189312196300184,72353,pandas/26,pandas,26,1,32,1,258981,6267,0.012721,121.95
1.0,1,1.0,1.0,temporal_frequency,gpt_oss_120b,11.189312196300184,72353,pandas/26,pandas,26,2,17,0,110667,8639,0.010877,93.86
1.0,1,1.0,1.0,temporal_frequency,gpt_oss_120b,11.189312196300184,72353,pandas/26,pandas,26,3,22,0,161840,3087,0.00746,54.22
0.0,0,0.0,0.0,temporal_frequency,gpt_oss_120b,11.270446177349276,78468,pandas/35,pandas,35,1,30,1,499213,9058,0.024149,161.34
0.0,0,0.0,0.0,temporal_frequency,gpt_oss_120b,11.270446177349276,78468,pandas/35,pandas,35,2,22,0,278926,10084,0.018619,138.99
0.0,0,0.0,0.0,temporal_frequency,gpt_oss_120b,11.270446177349276,78468,pandas/35,pandas,35,3,16,0,216046,7537,0.015826,88.13
0.6667,0,1.0,0.5,temporal_frequency,gpt_oss_120b,12.08721590866289,177587,pandas/38,pandas,38,1,8,0,54151,2221,0.005389,28.02
0.6667,0,1.0,0.5,temporal_frequency,gpt_oss_120b,12.08721590866289,177587,pandas/38,pandas,38,2,9,0,91337,3492,0.007393,72.55
0.6667,0,1.0,0.5,temporal_frequency,gpt_oss_120b,12.08721590866289,177587,pandas/38,pandas,38,3,6,0,46734,1504,0.005726,16.66
0.0,0,0.0,0.0,temporal_frequency,gpt_oss_120b,10.883015959814806,53264,pandas/44,pandas,44,1,11,0,35152,3166,0.003814,51.92
0.0,0,0.0,0.0,temporal_frequency,gpt_oss_120b,10.883015959814806,53264,pandas/44,pandas,44,2,10,0,47315,2749,0.006122,41.45
0.0,0,0.0,0.0,temporal_frequency,gpt_oss_120b,10.883015959814806,53264,pandas/44,pandas,44,3,9,0,63668,3387,0.005979,41.64
0.5,0,1.0,0.3333,temporal_frequency,gpt_oss_120b,9.346705246496699,11461,requests/12,requests,12,1,9,0,31014,6516,0.006372,66.52
0.5,0,1.0,0.3333,temporal_frequency,gpt_oss_120b,9.346705246496699,11461,requests/12,requests,12,2,17,0,58823,3739,0.004984,45.26
0.8,0,1.0,0.6667,temporal_frequency,gpt_oss_120b,9.346705246496699,11461,requests/12,requests,12,3,16,0,62236,7279,0.007777,69.11
1.0,1,1.0,1.0,temporal_frequency,gpt_oss_120b,9.348274558065496,11479,requests/13,requests,13,1,10,0,40386,2563,0.003706,36.18
1.0,1,1.0,1.0,temporal_frequency,gpt_oss_120b,9.348274558065496,11479,requests/13,requests,13,2,8,0,23435,4940,0.004767,77.79
1.0,1,1.0,1.0,temporal_frequency,gpt_oss_120b,9.348274558065496,11479,requests/13,requests,13,3,13,0,56588,4709,0.004756,44.18
1.0,1,1.0,1.0,temporal_frequency,gpt_oss_120b,7.958576903813898,2860,requests/7,requests,7,1,11,0,32573,3904,0.004215,57.8
1.0,1,1.0,1.0,temporal_frequency,gpt_oss_120b,7.958576903813898,2860,requests/7,requests,7,2,11,0,34080,2578,0.003267,44.47
1.0,1,1.0,1.0,temporal_frequency,gpt_oss_120b,7.958576903813898,2860,requests/7,requests,7,3,8,0,19232,2653,0.002407,29.27
1.0,1,1.0,1.0,temporal_frequency,gpt_oss_120b,10.031000872835088,22720,rich/1,rich,1,1,11,0,44437,2120,0.003492,29.51
1.0,1,1.0,1.0,temporal_frequency,gpt_oss_120b,10.031000872835088,22720,rich/1,rich,1,2,7,0,20827,1553,0.001982,20.99
0.0,0,0.0,0.0,temporal_frequency,gpt_oss_120b,10.031000872835088,22720,rich/1,rich,1,3,18,0,78557,4430,0.005574,94.03
0.0,0,0.0,0.0,temporal_frequency,gpt_oss_120b,10.051648903516648,23194,rich/12,rich,12,1,13,0,66571,3361,0.005837,75.86
0.0,0,0.0,0.0,temporal_frequency,gpt_oss_120b,10.051648903516648,23194,rich/12,rich,12,2,17,0,98923,4427,0.007036,121.97
0.0,0,0.0,0.0,temporal_frequency,gpt_oss_120b,10.051648903516648,23194,rich/12,rich,12,3,6,0,18508,1236,0.00181,17.2
1.0,1,1.0,1.0,temporal_frequency,gpt_oss_120b,10.039939675671627,22924,rich/8,rich,8,1,6,0,23448,791,0.001671,16.22
1.0,1,1.0,1.0,temporal_frequency,gpt_oss_120b,10.039939675671627,22924,rich/8,rich,8,2,9,0,65947,2202,0.006007,33.65
1.0,1,1.0,1.0,temporal_frequency,gpt_oss_120b,10.039939675671627,22924,rich/8,rich,8,3,8,0,47282,2195,0.00455,30.6
0.6667,0,1.0,0.5,temporal_frequency,gpt_oss_120b,11.620954417182327,111408,scikit-learn/45,scikit-learn,45,1,19,0,122602,4284,0.009315,44.22
0.6667,0,1.0,0.5,temporal_frequency,gpt_oss_120b,11.620954417182327,111408,scikit-learn/45,scikit-learn,45,2,13,0,47971,2100,0.004036,45.75
0.6667,0,1.0,0.5,temporal_frequency,gpt_oss_120b,11.620954417182327,111408,scikit-learn/45,scikit-learn,45,3,15,0,34040,2329,0.00273,53.03
1.0,1,1.0,1.0,temporal_frequency,gpt_oss_120b,11.55076060327325,103856,scikit-learn/49,scikit-learn,49,1,30,1,402387,7965,0.023938,127.57
1.0,1,1.0,1.0,temporal_frequency,gpt_oss_120b,11.55076060327325,103856,scikit-learn/49,scikit-learn,49,2,18,0,216725,7585,0.013866,83.32
1.0,1,1.0,1.0,temporal_frequency,gpt_oss_120b,11.55076060327325,103856,scikit-learn/49,scikit-learn,49,3,11,0,88705,3377,0.007542,27.44
1.0,1,1.0,1.0,temporal_frequency,gpt_oss_120b,11.525654110946952,101281,scikit-learn/5,scikit-learn,5,1,11,0,82607,6813,0.009946,83.56
1.0,1,1.0,1.0,temporal_frequency,gpt_oss_120b,11.525654110946952,101281,scikit-learn/5,scikit-learn,5,2,13,0,79086,11116,0.011604,103.96
1.0,1,1.0,1.0,temporal_frequency,gpt_oss_120b,11.525654110946952,101281,scikit-learn/5,scikit-learn,5,3,7,0,33913,3106,0.003284,26.98
1.0,1,1.0,1.0,temporal_frequency,gpt_oss_120b,9.796458979777604,17970,scrapy/20,scrapy,20,1,6,0,23821,994,0.002696,23.75
1.0,1,1.0,1.0,temporal_frequency,gpt_oss_120b,9.796458979777604,17970,scrapy/20,scrapy,20,2,6,0,25779,832,0.002977,22.36
1.0,1,1.0,1.0,temporal_frequency,gpt_oss_120b,9.796458979777604,17970,scrapy/20,scrapy,20,3,19,0,152842,4301,0.009237,65.15
1.0,1,1.0,1.0,temporal_frequency,gpt_oss_120b,9.655026193237628,15600,scrapy/26,scrapy,26,1,15,0,93879,3193,0.007012,39.75
1.0,1,1.0,1.0,temporal_frequency,gpt_oss_120b,9.655026193237628,15600,scrapy/26,scrapy,26,2,29,0,170807,4638,0.010812,78.42
1.0,1,1.0,1.0,temporal_frequency,gpt_oss_120b,9.655026193237628,15600,scrapy/26,scrapy,26,3,13,0,75530,5265,0.007757,43.96
0.0,0,0.0,0.0,temporal_frequency,gpt_oss_120b,9.73477299914839,16895,scrapy/48,scrapy,48,1,9,0,27025,2494,0.002973,25.71
0.0,0,0.0,0.0,temporal_frequency,gpt_oss_120b,9.73477299914839,16895,scrapy/48,scrapy,48,2,27,0,126259,5548,0.008147,75.04
0.0,0,0.0,0.0,temporal_frequency,gpt_oss_120b,9.73477299914839,16895,scrapy/48,scrapy,48,3,20,0,113808,3812,0.006333,63.59
1.0,1,1.0,1.0,temporal_frequency,gpt_oss_120b,9.961803629358965,21201,stable-diffusion-webui/0,stable-diffusion-webui,0,1,5,0,82616,923,0.00737,20.59
1.0,1,1.0,1.0,temporal_frequency,gpt_oss_120b,9.961803629358965,21201,stable-diffusion-webui/0,stable-diffusion-webui,0,2,6,0,96060,1741,0.008073,37.08
1.0,1,1.0,1.0,temporal_frequency,gpt_oss_120b,9.961803629358965,21201,stable-diffusion-webui/0,stable-diffusion-webui,0,3,9,0,149136,2223,0.010127,30.34
1.0,1,1.0,1.0,temporal_frequency,gpt_oss_120b,9.908425341565751,20099,stable-diffusion-webui/13,stable-diffusion-webui,13,1,29,0,394403,7506,0.019959,111.4
1.0,1,1.0,1.0,temporal_frequency,gpt_oss_120b,9.908425341565751,20099,stable-diffusion-webui/13,stable-diffusion-webui,13,2,24,0,305697,4131,0.016136,75.05
1.0,1,1.0,1.0,temporal_frequency,gpt_oss_120b,9.908425341565751,20099,stable-diffusion-webui/13,stable-diffusion-webui,13,3,30,1,446275,10197,0.020742,129.06
0.6667,0,1.0,0.5,temporal_frequency,gpt_oss_120b,10.028797743501574,22670,stable-diffusion-webui/5,stable-diffusion-webui,5,1,19,0,117263,4334,0.007368,57.73
0.6667,0,1.0,0.5,temporal_frequency,gpt_oss_120b,10.028797743501574,22670,stable-diffusion-webui/5,stable-diffusion-webui,5,2,24,0,166459,6902,0.010173,54.96
0.0,0,0.0,0.0,temporal_frequency,gpt_oss_120b,10.028797743501574,22670,stable-diffusion-webui/5,stable-diffusion-webui,5,3,20,0,158781,11383,0.013376,114.81
0.0,0,0.0,0.0,temporal_frequency,gpt_oss_120b,8.483636407887394,4835,thefuck/10,thefuck,10,1,14,0,63815,7528,0.007235,51.98
0.0,0,0.0,0.0,temporal_frequency,gpt_oss_120b,8.483636407887394,4835,thefuck/10,thefuck,10,2,9,0,25778,2675,0.003401,36.92
0.0,0,0.0,0.0,temporal_frequency,gpt_oss_120b,8.483636407887394,4835,thefuck/10,thefuck,10,3,6,0,15236,3141,0.003129,22.2
0.0,0,0.0,0.0,temporal_frequency,gpt_oss_120b,8.270781013162674,3908,thefuck/20,thefuck,20,1,13,0,54808,7946,0.009769,81.2
0.0,0,0.0,0.0,temporal_frequency,gpt_oss_120b,8.270781013162674,3908,thefuck/20,thefuck,20,2,30,1,192148,16467,0.018391,217.14
0.0,0,0.0,0.0,temporal_frequency,gpt_oss_120b,8.270781013162674,3908,thefuck/20,thefuck,20,3,23,0,139684,7177,0.011075,55.44
1.0,1,1.0,1.0,temporal_frequency,gpt_oss_120b,7.822845290279774,2497,thefuck/5,thefuck,5,1,9,0,26853,3216,0.003798,39.06
1.0,1,1.0,1.0,temporal_frequency,gpt_oss_120b,7.822845290279774,2497,thefuck/5,thefuck,5,2,18,0,68480,6669,0.007155,207.9
1.0,1,1.0,1.0,temporal_frequency,gpt_oss_120b,7.822845290279774,2497,thefuck/5,thefuck,5,3,6,0,15040,1036,0.00225,34.98
1.0,1,1.0,1.0,temporal_frequency,gpt_oss_120b,12.430331574579306,250279,transformers/25,transformers,25,1,15,0,116551,5999,0.009551,121.69
1.0,1,1.0,1.0,temporal_frequency,gpt_oss_120b,12.430331574579306,250279,transformers/25,transformers,25,2,10,0,32239,3369,0.00455,65.69
1.0,1,1.0,1.0,temporal_frequency,gpt_oss_120b,12.430331574579306,250279,transformers/25,transformers,25,3,7,0,16216,2150,0.002245,36.18
0.1538,0,1.0,0.0833,temporal_frequency,gpt_oss_120b,12.407424472605875,244611,transformers/27,transformers,27,1,6,0,26093,2014,0.002998,28.75
0.1538,0,1.0,0.0833,temporal_frequency,gpt_oss_120b,12.407424472605875,244611,transformers/27,transformers,27,2,6,0,44635,1279,0.004968,15.37
0.1538,0,1.0,0.0833,temporal_frequency,gpt_oss_120b,12.407424472605875,244611,transformers/27,transformers,27,3,5,0,31043,856,0.003202,10.55
0.6667,0,0.75,0.6,temporal_frequency,gpt_oss_120b,11.587420505060633,107734,transformers/5,transformers,5,1,19,0,220858,5083,0.013387,83.3
0.3333,0,1.0,0.2,temporal_frequency,gpt_oss_120b,11.587420505060633,107734,transformers/5,transformers,5,2,10,0,75136,3558,0.007614,55.26
0.75,0,1.0,0.6,temporal_frequency,gpt_oss_120b,11.587420505060633,107734,transformers/5,transformers,5,3,14,0,192177,5151,0.015072,57.31
1.0,1,1.0,1.0,temporal_frequency,gpt_oss_120b,12.095096391086711,178992,yt-dlp/23,yt-dlp,23,1,10,0,38833,3167,0.00385,47.11
1.0,1,1.0,1.0,temporal_frequency,gpt_oss_120b,12.095096391086711,178992,yt-dlp/23,yt-dlp,23,2,5,0,15205,1760,0.002202,24.19
1.0,1,1.0,1.0,temporal_frequency,gpt_oss_120b,12.095096391086711,178992,yt-dlp/23,yt-dlp,23,3,9,0,34984,2718,0.003159,22.48
0.0,0,0.0,0.0,temporal_frequency,gpt_oss_120b,12.1489730534896,188900,yt-dlp/41,yt-dlp,41,1,26,0,247680,9978,0.01738,134.39
0.0,0,0.0,0.0,temporal_frequency,gpt_oss_120b,12.1489730534896,188900,yt-dlp/41,yt-dlp,41,2,11,0,81737,4903,0.007197,48.8
0.0,0,0.0,0.0,temporal_frequency,gpt_oss_120b,12.1489730534896,188900,yt-dlp/41,yt-dlp,41,3,19,0,166835,9817,0.014131,100.54
0.6667,0,1.0,0.5,temporal_frequency,gpt_oss_120b,12.198660241414718,198523,yt-dlp/45,yt-dlp,45,1,21,0,264109,6541,0.015635,93.32
0.6667,0,1.0,0.5,temporal_frequency,gpt_oss_120b,12.198660241414718,198523,yt-dlp/45,yt-dlp,45,2,23,0,376418,8663,0.018433,126.87
0.0,0,0.0,0.0,temporal_frequency,gpt_oss_120b,12.198660241414718,198523,yt-dlp/45,yt-dlp,45,3,21,0,267138,7445,0.014077,122.94
1.0,1,1.0,1.0,temporal_frequency,deepseek_flash,12.068688124847148,174327,core/16,core,16,1,9,0,101297,5581,0.00396,42.86
1.0,1,1.0,1.0,temporal_frequency,deepseek_flash,12.068688124847148,174327,core/16,core,16,2,11,0,131994,5240,0.004334,49.47
1.0,1,1.0,1.0,temporal_frequency,deepseek_flash,12.068688124847148,174327,core/16,core,16,3,15,0,214641,7101,0.005169,64.79
1.0,1,1.0,1.0,temporal_frequency,deepseek_flash,11.506545154005941,99364,core/20,core,20,1,21,0,287540,5603,0.005296,61.57
1.0,1,1.0,1.0,temporal_frequency,deepseek_flash,11.506545154005941,99364,core/20,core,20,2,8,0,59509,3042,0.002071,29.55
1.0,1,1.0,1.0,temporal_frequency,deepseek_flash,11.506545154005941,99364,core/20,core,20,3,8,0,54829,2269,0.001726,27.65
0.0,0,0.0,0.0,temporal_frequency,deepseek_flash,8.579980179515003,5324,fastapi/17,fastapi,17,1,30,1,473454,15816,0.011424,146.02
0.0,0,0.0,0.0,temporal_frequency,deepseek_flash,8.579980179515003,5324,fastapi/17,fastapi,17,2,30,1,1136674,27437,0.020827,272.59
0.0,0,0.0,0.0,temporal_frequency,deepseek_flash,8.579980179515003,5324,fastapi/17,fastapi,17,3,30,1,1124296,28013,0.022346,248.56
0.5,1,0.3333,1.0,temporal_frequency,deepseek_flash,8.518991573357617,5009,fastapi/20,fastapi,20,1,28,0,589942,11011,0.012267,123.52
0.0,0,0.0,0.0,temporal_frequency,deepseek_flash,8.518991573357617,5009,fastapi/20,fastapi,20,2,30,1,677014,8657,0.011259,107.37
0.0,0,0.0,0.0,temporal_frequency,deepseek_flash,8.518991573357617,5009,fastapi/20,fastapi,20,3,30,0,840760,11120,0.014379,120.13
0.5,0,1.0,0.3333,temporal_frequency,deepseek_flash,8.482187582217422,4828,fastapi/9,fastapi,9,1,19,0,285479,9781,0.006283,90.18
0.5,0,1.0,0.3333,temporal_frequency,deepseek_flash,8.482187582217422,4828,fastapi/9,fastapi,9,2,30,1,453994,8919,0.008068,100.68
0.5,0,1.0,0.3333,temporal_frequency,deepseek_flash,8.482187582217422,4828,fastapi/9,fastapi,9,3,15,0,174367,4221,0.003518,43.48
1.0,1,1.0,1.0,temporal_frequency,deepseek_flash,8.808369153122275,6690,flask/18,flask,18,1,15,0,68212,3097,0.001794,37.99
0.6667,0,1.0,0.5,temporal_frequency,deepseek_flash,8.808369153122275,6690,flask/18,flask,18,2,23,0,174345,6691,0.003785,77.46
0.6667,0,1.0,0.5,temporal_frequency,deepseek_flash,8.808369153122275,6690,flask/18,flask,18,3,26,0,194929,7102,0.005342,75.16
0.0,0,0.0,0.0,temporal_frequency,deepseek_flash,8.899457906353966,7328,flask/3,flask,3,1,32,1,234289,6226,0.005181,70.62
1.0,1,1.0,1.0,temporal_frequency,deepseek_flash,8.899457906353966,7328,flask/3,flask,3,2,30,1,375371,13170,0.008156,137.85
1.0,1,1.0,1.0,temporal_frequency,deepseek_flash,8.899457906353966,7328,flask/3,flask,3,3,30,1,313919,12414,0.007121,145.94
1.0,1,1.0,1.0,temporal_frequency,deepseek_flash,8.827468112520654,6819,flask/6,flask,6,1,10,0,114647,5603,0.003377,45.91
1.0,1,1.0,1.0,temporal_frequency,deepseek_flash,8.827468112520654,6819,flask/6,flask,6,2,10,0,45310,3795,0.001786,35.2
1.0,1,1.0,1.0,temporal_frequency,deepseek_flash,8.827468112520654,6819,flask/6,flask,6,3,11,0,57059,2955,0.001773,30.03
0.5,1,0.3333,1.0,temporal_frequency,deepseek_flash,8.341410211461865,4194,gpt-engineer/11,gpt-engineer,11,1,16,0,195372,5288,0.004563,53.4
0.5,1,0.3333,1.0,temporal_frequency,deepseek_flash,8.341410211461865,4194,gpt-engineer/11,gpt-engineer,11,2,18,0,231793,4836,0.00467,59.33
0.5,1,0.3333,1.0,temporal_frequency,deepseek_flash,8.341410211461865,4194,gpt-engineer/11,gpt-engineer,11,3,15,0,140795,4042,0.003229,43.98
0.6667,0,1.0,0.5,temporal_frequency,deepseek_flash,8.029432840581244,3070,gpt-engineer/12,gpt-engineer,12,1,11,0,78838,5838,0.002925,55.73
0.6667,0,1.0,0.5,temporal_frequency,deepseek_flash,8.029432840581244,3070,gpt-engineer/12,gpt-engineer,12,2,18,0,124792,5874,0.00317,57.69
0.6667,0,1.0,0.5,temporal_frequency,deepseek_flash,8.029432840581244,3070,gpt-engineer/12,gpt-engineer,12,3,14,0,111218,7977,0.003597,72.77
0.6667,1,0.5,1.0,temporal_frequency,deepseek_flash,8.36380888451688,4289,gpt-engineer/9,gpt-engineer,9,1,30,0,553164,27223,0.01373,265.56
0.0,0,0.0,0.0,temporal_frequency,deepseek_flash,8.36380888451688,4289,gpt-engineer/9,gpt-engineer,9,2,20,0,398339,15917,0.007891,151.27
0.5,1,0.3333,1.0,temporal_frequency,deepseek_flash,8.36380888451688,4289,gpt-engineer/9,gpt-engineer,9,3,30,0,665773,29684,0.014976,284.14
0.0,0,0.0,0.0,temporal_frequency,deepseek_flash,10.196231790580173,26802,keras/12,keras,12,1,15,0,93064,4442,0.00284,48.83
0.2857,0,0.5,0.2,temporal_frequency,deepseek_flash,10.196231790580173,26802,keras/12,keras,12,2,15,0,129301,5891,0.003349,63.7
0.2857,0,0.5,0.2,temporal_frequency,deepseek_flash,10.196231790580173,26802,keras/12,keras,12,3,16,0,109647,5834,0.003128,62.24
0.0,0,0.0,0.0,temporal_frequency,deepseek_flash,10.349134450277123,31230,keras/5,keras,5,1,32,1,630006,14721,0.012734,154.65
0.0,0,0.0,0.0,temporal_frequency,deepseek_flash,10.349134450277123,31230,keras/5,keras,5,2,32,1,707398,17825,0.013778,155.54
0.0,0,0.0,0.0,temporal_frequency,deepseek_flash,10.349134450277123,31230,keras/5,keras,5,3,32,1,832925,23267,0.017561,211.47
1.0,1,1.0,1.0,temporal_frequency,deepseek_flash,10.444153492313001,34343,keras/9,keras,9,1,14,0,110845,8642,0.003748,79.25
1.0,1,1.0,1.0,temporal_frequency,deepseek_flash,10.444153492313001,34343,keras/9,keras,9,2,11,0,131319,10435,0.004781,96.37
1.0,1,1.0,1.0,temporal_frequency,deepseek_flash,10.444153492313001,34343,keras/9,keras,9,3,12,0,147012,9642,0.004807,83.42
0.0,0,0.0,0.0,temporal_frequency,deepseek_flash,9.61953186182516,15056,localstack/19,localstack,19,1,20,0,183137,4592,0.003902,50.15
0.25,0,1.0,0.1429,temporal_frequency,deepseek_flash,9.61953186182516,15056,localstack/19,localstack,19,2,22,0,260096,4214,0.005298,53.78
0.25,0,1.0,0.1429,temporal_frequency,deepseek_flash,9.61953186182516,15056,localstack/19,localstack,19,3,20,0,129422,4918,0.003111,52.02
1.0,1,1.0,1.0,temporal_frequency,deepseek_flash,10.563155506021905,38683,localstack/2,localstack,2,1,30,1,483257,9708,0.009699,100.26
0.0,0,0.0,0.0,temporal_frequency,deepseek_flash,10.563155506021905,38683,localstack/2,localstack,2,2,32,1,539989,6883,0.00893,84.08
1.0,1,1.0,1.0,temporal_frequency,deepseek_flash,10.563155506021905,38683,localstack/2,localstack,2,3,30,1,681429,8282,0.012422,92.35
0.0,0,0.0,0.0,temporal_frequency,deepseek_flash,9.860214640302662,19153,localstack/9,localstack,9,1,30,1,465181,33077,0.01768,249.35
1.0,1,1.0,1.0,temporal_frequency,deepseek_flash,9.860214640302662,19153,localstack/9,localstack,9,2,26,0,315721,15714,0.008754,151.4
1.0,1,1.0,1.0,temporal_frequency,deepseek_flash,9.860214640302662,19153,localstack/9,localstack,9,3,19,0,246018,14608,0.006658,124.66
0.0,0,0.0,0.0,temporal_frequency,deepseek_flash,11.189312196300184,72353,pandas/26,pandas,26,1,32,1,491097,3743,0.007844,57.8
0.0,0,0.0,0.0,temporal_frequency,deepseek_flash,11.189312196300184,72353,pandas/26,pandas,26,2,32,1,300768,3609,0.005765,57.48
0.0,0,0.0,0.0,temporal_frequency,deepseek_flash,11.189312196300184,72353,pandas/26,pandas,26,3,32,1,468220,4407,0.009007,64.85
0.0,0,0.0,0.0,temporal_frequency,deepseek_flash,11.270446177349276,78468,pandas/35,pandas,35,1,32,1,286170,8256,0.006778,88.53
0.0,0,0.0,0.0,temporal_frequency,deepseek_flash,11.270446177349276,78468,pandas/35,pandas,35,2,30,1,287759,11835,0.008055,115.3
0.0,0,0.0,0.0,temporal_frequency,deepseek_flash,11.270446177349276,78468,pandas/35,pandas,35,3,32,1,282504,5672,0.005928,70.26
0.5,0,0.5,0.5,temporal_frequency,deepseek_flash,12.08721590866289,177587,pandas/38,pandas,38,1,32,1,663917,10817,0.011927,118.76
0.0,0,0.0,0.0,temporal_frequency,deepseek_flash,12.08721590866289,177587,pandas/38,pandas,38,2,32,1,495363,8382,0.008687,96.01
0.5,0,0.5,0.5,temporal_frequency,deepseek_flash,12.08721590866289,177587,pandas/38,pandas,38,3,27,0,380847,7611,0.007542,90.29
0.0,0,0.0,0.0,temporal_frequency,deepseek_flash,10.883015959814806,53264,pandas/44,pandas,44,1,30,1,293402,8922,0.006695,104.72
0.5,0,0.5,0.5,temporal_frequency,deepseek_flash,10.883015959814806,53264,pandas/44,pandas,44,2,30,1,228101,8564,0.005285,97.84
0.0,0,0.0,0.0,temporal_frequency,deepseek_flash,10.883015959814806,53264,pandas/44,pandas,44,3,32,1,336398,8545,0.007288,86.26
0.8,0,1.0,0.6667,temporal_frequency,deepseek_flash,9.346705246496699,11461,requests/12,requests,12,1,9,0,107798,4481,0.004036,37.13
0.8,0,1.0,0.6667,temporal_frequency,deepseek_flash,9.346705246496699,11461,requests/12,requests,12,2,10,0,60340,2716,0.002008,26.88
1.0,1,1.0,1.0,temporal_frequency,deepseek_flash,9.346705246496699,11461,requests/12,requests,12,3,9,0,88164,3488,0.002941,36.22
1.0,1,1.0,1.0,temporal_frequency,deepseek_flash,9.348274558065496,11479,requests/13,requests,13,1,24,0,250771,10461,0.00539,107.48
1.0,1,1.0,1.0,temporal_frequency,deepseek_flash,9.348274558065496,11479,requests/13,requests,13,2,22,0,296683,10159,0.005393,92.48
1.0,1,1.0,1.0,temporal_frequency,deepseek_flash,9.348274558065496,11479,requests/13,requests,13,3,17,0,270761,10870,0.006178,107.29
1.0,1,1.0,1.0,temporal_frequency,deepseek_flash,7.958576903813898,2860,requests/7,requests,7,1,11,0,67958,6417,0.002565,60.13
1.0,1,1.0,1.0,temporal_frequency,deepseek_flash,7.958576903813898,2860,requests/7,requests,7,2,12,0,72290,5877,0.0023,60.78
1.0,1,1.0,1.0,temporal_frequency,deepseek_flash,7.958576903813898,2860,requests/7,requests,7,3,11,0,58516,5316,0.002287,55.32
1.0,1,1.0,1.0,temporal_frequency,deepseek_flash,10.031000872835088,22720,rich/1,rich,1,1,5,0,17758,1847,0.000878,17.8
1.0,1,1.0,1.0,temporal_frequency,deepseek_flash,10.031000872835088,22720,rich/1,rich,1,2,4,0,13574,2030,0.000958,18.41
1.0,1,1.0,1.0,temporal_frequency,deepseek_flash,10.031000872835088,22720,rich/1,rich,1,3,4,0,11438,716,0.000502,8.94
0.4,0,1.0,0.25,temporal_frequency,deepseek_flash,10.051648903516648,23194,rich/12,rich,12,1,19,0,564290,17180,0.012283,171.23
0.4,0,1.0,0.25,temporal_frequency,deepseek_flash,10.051648903516648,23194,rich/12,rich,12,2,17,0,396763,14813,0.008573,152.31
0.4,0,1.0,0.25,temporal_frequency,deepseek_flash,10.051648903516648,23194,rich/12,rich,12,3,30,1,975185,27576,0.018313,255.92
1.0,1,1.0,1.0,temporal_frequency,deepseek_flash,10.039939675671627,22924,rich/8,rich,8,1,7,0,48714,1783,0.001629,21.75
1.0,1,1.0,1.0,temporal_frequency,deepseek_flash,10.039939675671627,22924,rich/8,rich,8,2,10,0,78044,1965,0.001905,23.3
1.0,1,1.0,1.0,temporal_frequency,deepseek_flash,10.039939675671627,22924,rich/8,rich,8,3,11,0,81440,2266,0.002008,25.27
0.6667,0,1.0,0.5,temporal_frequency,deepseek_flash,11.620954417182327,111408,scikit-learn/45,scikit-learn,45,1,10,0,31042,1523,0.000874,16.66
0.6667,0,1.0,0.5,temporal_frequency,deepseek_flash,11.620954417182327,111408,scikit-learn/45,scikit-learn,45,2,28,0,222888,4861,0.004256,60.47
0.6667,0,1.0,0.5,temporal_frequency,deepseek_flash,11.620954417182327,111408,scikit-learn/45,scikit-learn,45,3,9,0,27798,1432,0.000798,16.8
1.0,1,1.0,1.0,temporal_frequency,deepseek_flash,11.55076060327325,103856,scikit-learn/49,scikit-learn,49,1,12,0,178443,4677,0.004392,40.55
1.0,1,1.0,1.0,temporal_frequency,deepseek_flash,11.55076060327325,103856,scikit-learn/49,scikit-learn,49,2,19,0,310233,3714,0.004854,46.59
1.0,1,1.0,1.0,temporal_frequency,deepseek_flash,11.55076060327325,103856,scikit-learn/49,scikit-learn,49,3,9,0,113920,2148,0.003028,23.0
1.0,1,1.0,1.0,temporal_frequency,deepseek_flash,11.525654110946952,101281,scikit-learn/5,scikit-learn,5,1,10,0,188844,24415,0.008934,208.79
1.0,1,1.0,1.0,temporal_frequency,deepseek_flash,11.525654110946952,101281,scikit-learn/5,scikit-learn,5,2,18,0,241910,23718,0.008441,196.48
1.0,1,1.0,1.0,temporal_frequency,deepseek_flash,11.525654110946952,101281,scikit-learn/5,scikit-learn,5,3,13,0,228042,24478,0.009048,235.75
1.0,1,1.0,1.0,temporal_frequency,deepseek_flash,9.796458979777604,17970,scrapy/20,scrapy,20,1,9,0,61738,1688,0.002355,19.34
1.0,1,1.0,1.0,temporal_frequency,deepseek_flash,9.796458979777604,17970,scrapy/20,scrapy,20,2,9,0,72714,2035,0.002426,23.99
1.0,1,1.0,1.0,temporal_frequency,deepseek_flash,9.796458979777604,17970,scrapy/20,scrapy,20,3,7,0,51129,1571,0.002066,19.51
0.6667,1,0.5,1.0,temporal_frequency,deepseek_flash,9.655026193237628,15600,scrapy/26,scrapy,26,1,29,0,433721,4939,0.007452,65.2
0.6667,1,0.5,1.0,temporal_frequency,deepseek_flash,9.655026193237628,15600,scrapy/26,scrapy,26,2,17,0,220037,2719,0.0041,32.81
0.6667,1,0.5,1.0,temporal_frequency,deepseek_flash,9.655026193237628,15600,scrapy/26,scrapy,26,3,18,0,210178,4493,0.003796,47.41
0.0,0,0.0,0.0,temporal_frequency,deepseek_flash,9.73477299914839,16895,scrapy/48,scrapy,48,1,32,1,410059,7151,0.007937,78.58
0.0,0,0.0,0.0,temporal_frequency,deepseek_flash,9.73477299914839,16895,scrapy/48,scrapy,48,2,30,1,280314,8314,0.006097,89.92
0.0,0,0.0,0.0,temporal_frequency,deepseek_flash,9.73477299914839,16895,scrapy/48,scrapy,48,3,32,1,257509,6036,0.005691,71.63
1.0,1,1.0,1.0,temporal_frequency,deepseek_flash,9.961803629358965,21201,stable-diffusion-webui/0,stable-diffusion-webui,0,1,12,0,249214,4046,0.004517,41.12
1.0,1,1.0,1.0,temporal_frequency,deepseek_flash,9.961803629358965,21201,stable-diffusion-webui/0,stable-diffusion-webui,0,2,7,0,129913,1851,0.00334,19.48
1.0,1,1.0,1.0,temporal_frequency,deepseek_flash,9.961803629358965,21201,stable-diffusion-webui/0,stable-diffusion-webui,0,3,21,0,444680,7403,0.00634,73.05
1.0,1,1.0,1.0,temporal_frequency,deepseek_flash,9.908425341565751,20099,stable-diffusion-webui/13,stable-diffusion-webui,13,1,29,0,686964,16159,0.011012,153.9
1.0,1,1.0,1.0,temporal_frequency,deepseek_flash,9.908425341565751,20099,stable-diffusion-webui/13,stable-diffusion-webui,13,2,23,0,815787,15159,0.011469,141.53
1.0,1,1.0,1.0,temporal_frequency,deepseek_flash,9.908425341565751,20099,stable-diffusion-webui/13,stable-diffusion-webui,13,3,21,0,518586,11110,0.008188,109.94
1.0,1,1.0,1.0,temporal_frequency,deepseek_flash,10.028797743501574,22670,stable-diffusion-webui/5,stable-diffusion-webui,5,1,16,0,233452,13466,0.00695,114.34
0.6667,0,1.0,0.5,temporal_frequency,deepseek_flash,10.028797743501574,22670,stable-diffusion-webui/5,stable-diffusion-webui,5,2,15,0,237772,15694,0.007266,131.93
1.0,1,1.0,1.0,temporal_frequency,deepseek_flash,10.028797743501574,22670,stable-diffusion-webui/5,stable-diffusion-webui,5,3,13,0,241218,11902,0.008039,98.21
0.0,0,0.0,0.0,temporal_frequency,deepseek_flash,8.483636407887394,4835,thefuck/10,thefuck,10,1,27,0,685092,36526,0.023706,311.89
0.0,0,0.0,0.0,temporal_frequency,deepseek_flash,8.483636407887394,4835,thefuck/10,thefuck,10,2,26,0,524738,22713,0.018129,206.67
0.0,0,0.0,0.0,temporal_frequency,deepseek_flash,8.483636407887394,4835,thefuck/10,thefuck,10,3,28,0,806778,32667,0.02296,274.49
0.0,0,0.0,0.0,temporal_frequency,deepseek_flash,8.270781013162674,3908,thefuck/20,thefuck,20,1,19,0,162895,8249,0.003865,75.28
0.0,0,0.0,0.0,temporal_frequency,deepseek_flash,8.270781013162674,3908,thefuck/20,thefuck,20,2,9,0,47812,4117,0.002104,36.35
0.0,0,0.0,0.0,temporal_frequency,deepseek_flash,8.270781013162674,3908,thefuck/20,thefuck,20,3,17,0,146110,6872,0.003518,62.38
1.0,1,1.0,1.0,temporal_frequency,deepseek_flash,7.822845290279774,2497,thefuck/5,thefuck,5,1,13,0,66846,2351,0.001587,28.99
1.0,1,1.0,1.0,temporal_frequency,deepseek_flash,7.822845290279774,2497,thefuck/5,thefuck,5,2,12,0,68641,3668,0.002067,37.32
1.0,1,1.0,1.0,temporal_frequency,deepseek_flash,7.822845290279774,2497,thefuck/5,thefuck,5,3,10,0,65968,2950,0.002264,34.07
1.0,1,1.0,1.0,temporal_frequency,deepseek_flash,12.430331574579306,250279,transformers/25,transformers,25,1,12,0,59612,4494,0.002298,47.52
1.0,1,1.0,1.0,temporal_frequency,deepseek_flash,12.430331574579306,250279,transformers/25,transformers,25,2,10,0,52694,2829,0.001689,28.35
1.0,1,1.0,1.0,temporal_frequency,deepseek_flash,12.430331574579306,250279,transformers/25,transformers,25,3,11,0,45868,2858,0.001462,32.45
0.1538,0,1.0,0.0833,temporal_frequency,deepseek_flash,12.407424472605875,244611,transformers/27,transformers,27,1,4,0,19693,875,0.00093,9.65
0.1538,0,1.0,0.0833,temporal_frequency,deepseek_flash,12.407424472605875,244611,transformers/27,transformers,27,2,4,0,15728,820,0.000781,8.79
0.1538,0,1.0,0.0833,temporal_frequency,deepseek_flash,12.407424472605875,244611,transformers/27,transformers,27,3,8,0,51486,1929,0.00183,22.99
0.8889,0,1.0,0.8,temporal_frequency,deepseek_flash,11.587420505060633,107734,transformers/5,transformers,5,1,24,0,798090,7158,0.010492,79.86
0.0,0,0.0,0.0,temporal_frequency,deepseek_flash,11.587420505060633,107734,transformers/5,transformers,5,2,30,1,569609,6539,0.010627,91.22
0.8889,0,1.0,0.8,temporal_frequency,deepseek_flash,11.587420505060633,107734,transformers/5,transformers,5,3,25,0,1004514,5102,0.012579,68.4
1.0,1,1.0,1.0,temporal_frequency,deepseek_flash,12.095096391086711,178992,yt-dlp/23,yt-dlp,23,1,26,0,310694,11921,0.008147,110.22
1.0,1,1.0,1.0,temporal_frequency,deepseek_flash,12.095096391086711,178992,yt-dlp/23,yt-dlp,23,2,30,0,447004,16709,0.009745,169.08
1.0,1,1.0,1.0,temporal_frequency,deepseek_flash,12.095096391086711,178992,yt-dlp/23,yt-dlp,23,3,25,0,441231,14943,0.007652,135.93
0.0,0,0.0,0.0,temporal_frequency,deepseek_flash,12.1489730534896,188900,yt-dlp/41,yt-dlp,41,1,27,0,380059,10651,0.007931,111.85
0.0,0,0.0,0.0,temporal_frequency,deepseek_flash,12.1489730534896,188900,yt-dlp/41,yt-dlp,41,2,30,1,565837,17438,0.012677,159.96
0.0,0,0.0,0.0,temporal_frequency,deepseek_flash,12.1489730534896,188900,yt-dlp/41,yt-dlp,41,3,30,1,471720,10664,0.008984,106.8
0.6667,0,1.0,0.5,temporal_frequency,deepseek_flash,12.198660241414718,198523,yt-dlp/45,yt-dlp,45,1,32,1,427908,7670,0.007298,93.16
0.6667,0,1.0,0.5,temporal_frequency,deepseek_flash,12.198660241414718,198523,yt-dlp/45,yt-dlp,45,2,30,1,565284,10408,0.010051,104.11
0.6667,0,1.0,0.5,temporal_frequency,deepseek_flash,12.198660241414718,198523,yt-dlp/45,yt-dlp,45,3,30,1,378086,11017,0.008267,126.53
0.0,0,0.0,0.0,temporal_frequency,nemotron_super,12.068688124847148,174327,core/16,core,16,1,16,0,157110,37603,0.028396,457.43
1.0,1,1.0,1.0,temporal_frequency,nemotron_super,12.068688124847148,174327,core/16,core,16,2,9,0,47880,21768,0.012777,297.49
1.0,1,1.0,1.0,temporal_frequency,nemotron_super,12.068688124847148,174327,core/16,core,16,3,11,0,89075,38795,0.023089,346.53
1.0,1,1.0,1.0,temporal_frequency,nemotron_super,11.506545154005941,99364,core/20,core,20,1,5,0,29552,18014,0.009718,217.13
1.0,1,1.0,1.0,temporal_frequency,nemotron_super,11.506545154005941,99364,core/20,core,20,2,6,0,34488,15178,0.009003,189.79
1.0,1,1.0,1.0,temporal_frequency,nemotron_super,11.506545154005941,99364,core/20,core,20,3,6,0,42954,14476,0.009441,249.82
0.0,0,0.0,0.0,temporal_frequency,nemotron_super,8.579980179515003,5324,fastapi/17,fastapi,17,1,8,0,51633,17707,0.011472,321.58
0.0,0,0.0,0.0,temporal_frequency,nemotron_super,8.579980179515003,5324,fastapi/17,fastapi,17,2,12,0,142618,35937,0.026497,429.59
0.0,0,0.0,0.0,temporal_frequency,nemotron_super,8.579980179515003,5324,fastapi/17,fastapi,17,3,15,0,149506,41521,0.029316,742.47
0.0,0,0.0,0.0,temporal_frequency,nemotron_super,8.518991573357617,5009,fastapi/20,fastapi,20,1,13,0,128903,30448,0.023136,397.49
0.0,0,0.0,0.0,temporal_frequency,nemotron_super,8.518991573357617,5009,fastapi/20,fastapi,20,2,14,0,125260,52759,0.031751,763.79
0.0,0,0.0,0.0,temporal_frequency,nemotron_super,8.518991573357617,5009,fastapi/20,fastapi,20,3,12,0,103747,91672,0.045487,713.8
0.5,0,1.0,0.3333,temporal_frequency,nemotron_super,8.482187582217422,4828,fastapi/9,fastapi,9,1,6,0,31807,16717,0.00939,227.74
0.5,0,1.0,0.3333,temporal_frequency,nemotron_super,8.482187582217422,4828,fastapi/9,fastapi,9,2,8,0,63093,28332,0.016696,534.71
0.5,0,1.0,0.3333,temporal_frequency,nemotron_super,8.482187582217422,4828,fastapi/9,fastapi,9,3,10,0,77015,25054,0.016568,280.07
1.0,1,1.0,1.0,temporal_frequency,nemotron_super,8.808369153122275,6690,flask/18,flask,18,1,16,0,64467,32979,0.018671,368.28
0.6667,0,1.0,0.5,temporal_frequency,nemotron_super,8.808369153122275,6690,flask/18,flask,18,2,10,0,69644,18755,0.013422,380.91
1.0,1,1.0,1.0,temporal_frequency,nemotron_super,8.808369153122275,6690,flask/18,flask,18,3,11,0,93484,27444,0.018924,346.36
1.0,1,1.0,1.0,temporal_frequency,nemotron_super,8.899457906353966,7328,flask/3,flask,3,1,11,0,90077,21673,0.016326,392.22
1.0,1,1.0,1.0,temporal_frequency,nemotron_super,8.899457906353966,7328,flask/3,flask,3,2,9,0,56220,15273,0.010888,195.67
1.0,1,1.0,1.0,temporal_frequency,nemotron_super,8.899457906353966,7328,flask/3,flask,3,3,10,0,82590,24303,0.016741,418.33
1.0,1,1.0,1.0,temporal_frequency,nemotron_super,8.827468112520654,6819,flask/6,flask,6,1,6,0,42243,16324,0.01012,255.28
1.0,1,1.0,1.0,temporal_frequency,nemotron_super,8.827468112520654,6819,flask/6,flask,6,2,5,0,32455,21761,0.011463,226.43
1.0,1,1.0,1.0,temporal_frequency,nemotron_super,8.827468112520654,6819,flask/6,flask,6,3,10,0,85287,18078,0.014481,189.39
0.0,0,0.0,0.0,temporal_frequency,nemotron_super,8.341410211461865,4194,gpt-engineer/11,gpt-engineer,11,1,15,0,111658,26314,0.020017,499.97
0.0,0,0.0,0.0,temporal_frequency,nemotron_super,8.341410211461865,4194,gpt-engineer/11,gpt-engineer,11,2,19,0,151265,39665,0.028724,460.87
0.6667,1,0.5,1.0,temporal_frequency,nemotron_super,8.341410211461865,4194,gpt-engineer/11,gpt-engineer,11,3,16,0,130922,37446,0.026107,313.61
0.4,0,1.0,0.25,temporal_frequency,nemotron_super,8.029432840581244,3070,gpt-engineer/12,gpt-engineer,12,1,24,0,185597,42865,0.032922,544.92
0.0,0,0.0,0.0,temporal_frequency,nemotron_super,8.029432840581244,3070,gpt-engineer/12,gpt-engineer,12,2,24,0,144504,41490,0.028879,467.11
0.4,0,1.0,0.25,temporal_frequency,nemotron_super,8.029432840581244,3070,gpt-engineer/12,gpt-engineer,12,3,7,0,25848,19867,0.010144,388.27
0.6667,1,0.5,1.0,temporal_frequency,nemotron_super,8.36380888451688,4289,gpt-engineer/9,gpt-engineer,9,1,11,0,69030,23034,0.015081,311.27
0.0,0,0.0,0.0,temporal_frequency,nemotron_super,8.36380888451688,4289,gpt-engineer/9,gpt-engineer,9,2,12,0,81874,20239,0.015055,375.36
0.0,0,0.0,0.0,temporal_frequency,nemotron_super,8.36380888451688,4289,gpt-engineer/9,gpt-engineer,9,3,14,0,155853,25562,0.023472,240.06
0.0,0,0.0,0.0,temporal_frequency,nemotron_super,10.196231790580173,26802,keras/12,keras,12,1,9,0,33552,21878,0.011603,382.17
0.0,0,0.0,0.0,temporal_frequency,nemotron_super,10.196231790580173,26802,keras/12,keras,12,2,13,0,35524,14976,0.00901,162.93
0.0,0,0.0,0.0,temporal_frequency,nemotron_super,10.196231790580173,26802,keras/12,keras,12,3,9,0,27007,12110,0.00714,180.09
0.0,0,0.0,0.0,temporal_frequency,nemotron_super,10.349134450277123,31230,keras/5,keras,5,1,14,0,221071,62048,0.04361,751.73
1.0,1,1.0,1.0,temporal_frequency,nemotron_super,10.349134450277123,31230,keras/5,keras,5,2,9,0,81411,44815,0.024846,505.52
0.6667,1,0.5,1.0,temporal_frequency,nemotron_super,10.349134450277123,31230,keras/5,keras,5,3,18,0,269933,37345,0.037882,553.33
1.0,1,1.0,1.0,temporal_frequency,nemotron_super,10.444153492313001,34343,keras/9,keras,9,1,6,0,24993,12984,0.007318,209.86
1.0,1,1.0,1.0,temporal_frequency,nemotron_super,10.444153492313001,34343,keras/9,keras,9,2,10,0,59699,48081,0.024307,625.99
1.0,1,1.0,1.0,temporal_frequency,nemotron_super,10.444153492313001,34343,keras/9,keras,9,3,8,0,41990,28738,0.015064,383.18
0.0,0,0.0,0.0,temporal_frequency,nemotron_super,9.61953186182516,15056,localstack/19,localstack,19,1,22,0,205716,16084,0.023919,195.17
0.0,0,0.0,0.0,temporal_frequency,nemotron_super,9.61953186182516,15056,localstack/19,localstack,19,2,15,0,46255,7730,0.007024,123.73
0.0,0,0.0,0.0,temporal_frequency,nemotron_super,9.61953186182516,15056,localstack/19,localstack,19,3,18,0,69874,18804,0.013461,333.02
1.0,1,1.0,1.0,temporal_frequency,nemotron_super,10.563155506021905,38683,localstack/2,localstack,2,1,14,0,195942,25669,0.026923,477.72
1.0,1,1.0,1.0,temporal_frequency,nemotron_super,10.563155506021905,38683,localstack/2,localstack,2,2,10,0,118000,16813,0.016755,178.87
1.0,1,1.0,1.0,temporal_frequency,nemotron_super,10.563155506021905,38683,localstack/2,localstack,2,3,20,0,191066,63999,0.04184,848.71
1.0,1,1.0,1.0,temporal_frequency,nemotron_super,9.860214640302662,19153,localstack/9,localstack,9,1,14,0,131621,30051,0.023208,382.27
1.0,1,1.0,1.0,temporal_frequency,nemotron_super,9.860214640302662,19153,localstack/9,localstack,9,2,17,0,189413,53457,0.037483,655.93
1.0,1,1.0,1.0,temporal_frequency,nemotron_super,9.860214640302662,19153,localstack/9,localstack,9,3,15,0,166996,68863,0.04174,647.32
0.0,0,0.0,0.0,temporal_frequency,nemotron_super,11.189312196300184,72353,pandas/26,pandas,26,1,30,1,434093,15097,0.042937,258.1
0.0,0,0.0,0.0,temporal_frequency,nemotron_super,11.189312196300184,72353,pandas/26,pandas,26,2,32,1,427282,10967,0.040706,171.99
0.0,0,0.0,0.0,temporal_frequency,nemotron_super,11.189312196300184,72353,pandas/26,pandas,26,3,32,1,153757,7409,0.016033,149.56
0.0,0,0.0,0.0,temporal_frequency,nemotron_super,11.270446177349276,78468,pandas/35,pandas,35,1,30,1,455672,49820,0.05866,634.22
0.0,0,0.0,0.0,temporal_frequency,nemotron_super,11.270446177349276,78468,pandas/35,pandas,35,2,23,0,315285,21225,0.035289,251.99
0.0,0,0.0,0.0,temporal_frequency,nemotron_super,11.270446177349276,78468,pandas/35,pandas,35,3,32,1,196895,11140,0.021192,168.81
0.6667,0,1.0,0.5,temporal_frequency,nemotron_super,12.08721590866289,177587,pandas/38,pandas,38,1,7,0,58007,20673,0.0132,293.76
0.6667,0,1.0,0.5,temporal_frequency,nemotron_super,12.08721590866289,177587,pandas/38,pandas,38,2,10,0,66741,26712,0.016358,346.01
0.6667,0,1.0,0.5,temporal_frequency,nemotron_super,12.08721590866289,177587,pandas/38,pandas,38,3,9,0,99654,24736,0.018365,302.49
0.0,0,0.0,0.0,temporal_frequency,nemotron_super,10.883015959814806,53264,pandas/44,pandas,44,1,30,0,173867,53500,0.036179,701.75
0.0,0,0.0,0.0,temporal_frequency,nemotron_super,10.883015959814806,53264,pandas/44,pandas,44,2,13,0,47235,20772,0.012324,329.23
0.0,0,0.0,0.0,temporal_frequency,nemotron_super,10.883015959814806,53264,pandas/44,pandas,44,3,16,0,61236,17242,0.012102,324.5
0.8,0,1.0,0.6667,temporal_frequency,nemotron_super,9.346705246496699,11461,requests/12,requests,12,1,21,0,161725,51161,0.034211,621.61
0.0,0,0.0,0.0,temporal_frequency,nemotron_super,9.346705246496699,11461,requests/12,requests,12,2,30,1,402237,72957,0.063373,767.98
0.8,0,1.0,0.6667,temporal_frequency,nemotron_super,9.346705246496699,11461,requests/12,requests,12,3,20,0,136968,34961,0.025627,395.33
1.0,1,1.0,1.0,temporal_frequency,nemotron_super,9.348274558065496,11479,requests/13,requests,13,1,9,0,38130,19176,0.010911,255.95
1.0,1,1.0,1.0,temporal_frequency,nemotron_super,9.348274558065496,11479,requests/13,requests,13,2,7,0,28273,26003,0.012804,494.15
1.0,1,1.0,1.0,temporal_frequency,nemotron_super,9.348274558065496,11479,requests/13,requests,13,3,11,0,96957,29364,0.019987,348.75
1.0,1,1.0,1.0,temporal_frequency,nemotron_super,7.958576903813898,2860,requests/7,requests,7,1,9,0,112881,33024,0.022804,603.82
1.0,1,1.0,1.0,temporal_frequency,nemotron_super,7.958576903813898,2860,requests/7,requests,7,2,7,0,78907,17800,0.013827,238.52
1.0,1,1.0,1.0,temporal_frequency,nemotron_super,7.958576903813898,2860,requests/7,requests,7,3,7,0,26954,19342,0.010028,325.77
1.0,1,1.0,1.0,temporal_frequency,nemotron_super,10.031000872835088,22720,rich/1,rich,1,1,6,0,55460,9885,0.008668,258.65
1.0,1,1.0,1.0,temporal_frequency,nemotron_super,10.031000872835088,22720,rich/1,rich,1,2,17,0,67905,21981,0.014564,426.77
1.0,1,1.0,1.0,temporal_frequency,nemotron_super,10.031000872835088,22720,rich/1,rich,1,3,15,0,63275,16199,0.011858,216.24
0.4,0,1.0,0.25,temporal_frequency,nemotron_super,10.051648903516648,23194,rich/12,rich,12,1,13,0,169190,60377,0.038532,642.95
0.4,0,1.0,0.25,temporal_frequency,nemotron_super,10.051648903516648,23194,rich/12,rich,12,2,10,0,103761,37403,0.023781,494.76
0.4,0,1.0,0.25,temporal_frequency,nemotron_super,10.051648903516648,23194,rich/12,rich,12,3,9,0,127231,35594,0.025052,349.42
1.0,1,1.0,1.0,temporal_frequency,nemotron_super,10.039939675671627,22924,rich/8,rich,8,1,6,0,32336,9030,0.006361,114.74
1.0,1,1.0,1.0,temporal_frequency,nemotron_super,10.039939675671627,22924,rich/8,rich,8,2,10,0,60900,20413,0.013342,266.23
1.0,1,1.0,1.0,temporal_frequency,nemotron_super,10.039939675671627,22924,rich/8,rich,8,3,7,0,40214,13895,0.008976,192.87
0.6667,0,1.0,0.5,temporal_frequency,nemotron_super,11.620954417182327,111408,scikit-learn/45,scikit-learn,45,1,19,0,67595,34333,0.019479,377.06
0.6667,0,1.0,0.5,temporal_frequency,nemotron_super,11.620954417182327,111408,scikit-learn/45,scikit-learn,45,2,19,0,158765,25749,0.023795,366.29
0.6667,0,1.0,0.5,temporal_frequency,nemotron_super,11.620954417182327,111408,scikit-learn/45,scikit-learn,45,3,20,0,88176,26246,0.017993,267.34
1.0,1,1.0,1.0,temporal_frequency,nemotron_super,11.55076060327325,103856,scikit-learn/49,scikit-learn,49,1,19,0,230784,17419,0.026584,192.95
1.0,1,1.0,1.0,temporal_frequency,nemotron_super,11.55076060327325,103856,scikit-learn/49,scikit-learn,49,2,14,0,210991,23756,0.027437,320.36
1.0,1,1.0,1.0,temporal_frequency,nemotron_super,11.55076060327325,103856,scikit-learn/49,scikit-learn,49,3,5,0,46740,5973,0.006362,88.98
1.0,1,1.0,1.0,temporal_frequency,nemotron_super,11.525654110946952,101281,scikit-learn/5,scikit-learn,5,1,8,0,33849,25386,0.013032,327.75
1.0,1,1.0,1.0,temporal_frequency,nemotron_super,11.525654110946952,101281,scikit-learn/5,scikit-learn,5,2,8,0,75041,32978,0.01957,410.14
1.0,1,1.0,1.0,temporal_frequency,nemotron_super,11.525654110946952,101281,scikit-learn/5,scikit-learn,5,3,9,0,42123,16270,0.010088,159.45
1.0,1,1.0,1.0,temporal_frequency,nemotron_super,9.796458979777604,17970,scrapy/20,scrapy,20,1,7,0,33723,4442,0.004643,52.34
1.0,1,1.0,1.0,temporal_frequency,nemotron_super,9.796458979777604,17970,scrapy/20,scrapy,20,2,7,0,34931,5290,0.005085,72.66
1.0,1,1.0,1.0,temporal_frequency,nemotron_super,9.796458979777604,17970,scrapy/20,scrapy,20,3,5,0,22054,4128,0.003526,63.07
1.0,1,1.0,1.0,temporal_frequency,nemotron_super,9.655026193237628,15600,scrapy/26,scrapy,26,1,6,0,28871,13993,0.008051,192.75
1.0,1,1.0,1.0,temporal_frequency,nemotron_super,9.655026193237628,15600,scrapy/26,scrapy,26,2,7,0,45517,13750,0.009369,155.14
1.0,1,1.0,1.0,temporal_frequency,nemotron_super,9.655026193237628,15600,scrapy/26,scrapy,26,3,8,0,65568,27857,0.016716,315.57
0.0,0,0.0,0.0,temporal_frequency,nemotron_super,9.73477299914839,16895,scrapy/48,scrapy,48,1,20,0,89004,33452,0.020946,509.64
0.6667,0,1.0,0.5,temporal_frequency,nemotron_super,9.73477299914839,16895,scrapy/48,scrapy,48,2,27,0,200308,51866,0.037773,665.66
0.6667,0,1.0,0.5,temporal_frequency,nemotron_super,9.73477299914839,16895,scrapy/48,scrapy,48,3,12,0,203857,63305,0.04265,769.93
1.0,1,1.0,1.0,temporal_frequency,nemotron_super,9.961803629358965,21201,stable-diffusion-webui/0,stable-diffusion-webui,0,1,4,0,70386,6999,0.008782,80.21
1.0,1,1.0,1.0,temporal_frequency,nemotron_super,9.961803629358965,21201,stable-diffusion-webui/0,stable-diffusion-webui,0,2,6,0,106051,8522,0.012423,107.13
1.0,1,1.0,1.0,temporal_frequency,nemotron_super,9.961803629358965,21201,stable-diffusion-webui/0,stable-diffusion-webui,0,3,4,0,69656,5336,0.008055,50.04
0.0,0,0.0,0.0,temporal_frequency,nemotron_super,9.908425341565751,20099,stable-diffusion-webui/13,stable-diffusion-webui,13,1,30,1,803804,41333,0.084857,779.1
1.0,1,1.0,1.0,temporal_frequency,nemotron_super,9.908425341565751,20099,stable-diffusion-webui/13,stable-diffusion-webui,13,2,18,0,359094,39336,0.046257,592.52
0.0,0,0.0,0.0,temporal_frequency,nemotron_super,9.908425341565751,20099,stable-diffusion-webui/13,stable-diffusion-webui,13,3,32,1,811931,40438,0.085189,620.75
0.0,0,0.0,0.0,temporal_frequency,nemotron_super,10.028797743501574,22670,stable-diffusion-webui/5,stable-diffusion-webui,5,1,30,1,191280,59080,0.039891,743.95
0.0,0,0.0,0.0,temporal_frequency,nemotron_super,10.028797743501574,22670,stable-diffusion-webui/5,stable-diffusion-webui,5,2,9,0,70509,11022,0.010402,163.72
0.0,0,0.0,0.0,temporal_frequency,nemotron_super,10.028797743501574,22670,stable-diffusion-webui/5,stable-diffusion-webui,5,3,12,0,137614,21997,0.020496,229.58
0.0,0,0.0,0.0,temporal_frequency,nemotron_super,8.483636407887394,4835,thefuck/10,thefuck,10,1,10,0,35489,38354,0.018358,364.51
0.0,0,0.0,0.0,temporal_frequency,nemotron_super,8.483636407887394,4835,thefuck/10,thefuck,10,2,7,0,21900,24167,0.011528,297.81
0.0,0,0.0,0.0,temporal_frequency,nemotron_super,8.483636407887394,4835,thefuck/10,thefuck,10,3,8,0,27591,27107,0.013188,367.3
0.0,0,0.0,0.0,temporal_frequency,nemotron_super,8.270781013162674,3908,thefuck/20,thefuck,20,1,24,0,142878,39404,0.027906,498.63
0.0,0,0.0,0.0,temporal_frequency,nemotron_super,8.270781013162674,3908,thefuck/20,thefuck,20,2,30,1,135662,41823,0.02826,503.58
0.0,0,0.0,0.0,temporal_frequency,nemotron_super,8.270781013162674,3908,thefuck/20,thefuck,20,3,32,1,192066,56094,0.038763,873.12
1.0,1,1.0,1.0,temporal_frequency,nemotron_super,7.822845290279774,2497,thefuck/5,thefuck,5,1,19,0,98195,38073,0.023576,453.8
1.0,1,1.0,1.0,temporal_frequency,nemotron_super,7.822845290279774,2497,thefuck/5,thefuck,5,2,12,0,99635,24934,0.018443,289.09
1.0,1,1.0,1.0,temporal_frequency,nemotron_super,7.822845290279774,2497,thefuck/5,thefuck,5,3,22,0,80694,27832,0.017992,292.5
1.0,1,1.0,1.0,temporal_frequency,nemotron_super,12.430331574579306,250279,transformers/25,transformers,25,1,16,0,174441,18587,0.022262,259.45
1.0,1,1.0,1.0,temporal_frequency,nemotron_super,12.430331574579306,250279,transformers/25,transformers,25,2,13,0,126231,19647,0.018588,290.3
1.0,1,1.0,1.0,temporal_frequency,nemotron_super,12.430331574579306,250279,transformers/25,transformers,25,3,15,0,59938,25935,0.015469,229.71
0.1538,0,1.0,0.0833,temporal_frequency,nemotron_super,12.407424472605875,244611,transformers/27,transformers,27,1,3,0,12840,1581,0.001724,44.5
0.1538,0,1.0,0.0833,temporal_frequency,nemotron_super,12.407424472605875,244611,transformers/27,transformers,27,2,4,0,15904,2191,0.002228,41.63
0.1538,0,1.0,0.0833,temporal_frequency,nemotron_super,12.407424472605875,244611,transformers/27,transformers,27,3,8,0,45066,5749,0.00613,93.57
0.75,0,1.0,0.6,temporal_frequency,nemotron_super,11.587420505060633,107734,transformers/5,transformers,5,1,23,0,448211,34334,0.051832,363.66
0.3333,0,1.0,0.2,temporal_frequency,nemotron_super,11.587420505060633,107734,transformers/5,transformers,5,2,28,0,576897,29132,0.060689,327.52
0.0,0,0.0,0.0,temporal_frequency,nemotron_super,11.587420505060633,107734,transformers/5,transformers,5,3,32,1,717842,19960,0.069001,331.66
1.0,1,1.0,1.0,temporal_frequency,nemotron_super,12.095096391086711,178992,yt-dlp/23,yt-dlp,23,1,8,0,70808,23112,0.015263,306.6
1.0,1,1.0,1.0,temporal_frequency,nemotron_super,12.095096391086711,178992,yt-dlp/23,yt-dlp,23,2,7,0,57634,25112,0.014944,336.48
1.0,1,1.0,1.0,temporal_frequency,nemotron_super,12.095096391086711,178992,yt-dlp/23,yt-dlp,23,3,6,0,47548,13612,0.009486,289.52
0.0,0,0.0,0.0,temporal_frequency,nemotron_super,12.1489730534896,188900,yt-dlp/41,yt-dlp,41,1,29,0,233978,23917,0.029455,366.92
0.0,0,0.0,0.0,temporal_frequency,nemotron_super,12.1489730534896,188900,yt-dlp/41,yt-dlp,41,2,29,0,478449,18946,0.048247,423.82
0.0,0,0.0,0.0,temporal_frequency,nemotron_super,12.1489730534896,188900,yt-dlp/41,yt-dlp,41,3,26,0,226735,29033,0.030886,447.88
0.6667,0,1.0,0.5,temporal_frequency,nemotron_super,12.198660241414718,198523,yt-dlp/45,yt-dlp,45,1,25,0,535132,29382,0.057239,291.77
0.6667,0,1.0,0.5,temporal_frequency,nemotron_super,12.198660241414718,198523,yt-dlp/45,yt-dlp,45,2,19,0,253877,24732,0.031472,302.61
0.6667,0,1.0,0.5,temporal_frequency,nemotron_super,12.198660241414718,198523,yt-dlp/45,yt-dlp,45,3,17,0,282198,17842,0.031124,337.17
1.0,1,1.0,1.0,temporal_cochange,ministral_3b,12.068688124847148,174327,core/16,core,16,1,10,0,57175,1055,0.00254,7.32
1.0,1,1.0,1.0,temporal_cochange,ministral_3b,12.068688124847148,174327,core/16,core,16,2,9,0,52767,1087,0.002886,8.0
1.0,1,1.0,1.0,temporal_cochange,ministral_3b,12.068688124847148,174327,core/16,core,16,3,17,0,113181,2294,0.006018,24.65
1.0,1,1.0,1.0,temporal_cochange,ministral_3b,11.506545154005941,99364,core/20,core,20,1,6,0,42800,1826,0.001375,8.39
1.0,1,1.0,1.0,temporal_cochange,ministral_3b,11.506545154005941,99364,core/20,core,20,2,12,0,78144,3001,0.002493,17.05
1.0,1,1.0,1.0,temporal_cochange,ministral_3b,11.506545154005941,99364,core/20,core,20,3,22,0,246253,2706,0.007466,29.42
0.0,0,0.0,0.0,temporal_cochange,ministral_3b,8.579980179515003,5324,fastapi/17,fastapi,17,1,26,0,285803,1874,0.005509,18.2
0.0,0,0.0,0.0,temporal_cochange,ministral_3b,8.579980179515003,5324,fastapi/17,fastapi,17,2,13,0,116407,2613,0.004783,20.56
0.0,0,0.0,0.0,temporal_cochange,ministral_3b,8.579980179515003,5324,fastapi/17,fastapi,17,3,26,0,321844,3305,0.007056,23.83
0.0,0,0.0,0.0,temporal_cochange,ministral_3b,8.518991573357617,5009,fastapi/20,fastapi,20,1,24,0,97739,1839,0.002378,16.63
0.0,0,0.0,0.0,temporal_cochange,ministral_3b,8.518991573357617,5009,fastapi/20,fastapi,20,2,28,0,118903,1352,0.002406,16.59
0.0,0,0.0,0.0,temporal_cochange,ministral_3b,8.518991573357617,5009,fastapi/20,fastapi,20,3,12,0,30836,1335,0.001178,9.46
0.5,0,1.0,0.3333,temporal_cochange,ministral_3b,8.482187582217422,4828,fastapi/9,fastapi,9,1,11,0,53249,990,0.001542,7.22
0.5,0,1.0,0.3333,temporal_cochange,ministral_3b,8.482187582217422,4828,fastapi/9,fastapi,9,2,15,0,170958,1414,0.005268,12.69
0.5,0,1.0,0.3333,temporal_cochange,ministral_3b,8.482187582217422,4828,fastapi/9,fastapi,9,3,16,0,164068,1506,0.004957,13.17
0.5,0,0.5,0.5,temporal_cochange,ministral_3b,8.808369153122275,6690,flask/18,flask,18,1,18,0,116401,3222,0.003599,18.32
0.5,0,0.5,0.5,temporal_cochange,ministral_3b,8.808369153122275,6690,flask/18,flask,18,2,26,0,208802,3001,0.004787,20.91
0.6667,0,1.0,0.5,temporal_cochange,ministral_3b,8.808369153122275,6690,flask/18,flask,18,3,17,0,190098,2387,0.005897,16.42
1.0,1,1.0,1.0,temporal_cochange,ministral_3b,8.899457906353966,7328,flask/3,flask,3,1,13,0,110190,1167,0.003556,7.83
1.0,1,1.0,1.0,temporal_cochange,ministral_3b,8.899457906353966,7328,flask/3,flask,3,2,11,0,38644,1284,0.001839,8.07
1.0,1,1.0,1.0,temporal_cochange,ministral_3b,8.899457906353966,7328,flask/3,flask,3,3,13,0,37740,1584,0.001605,11.98
1.0,1,1.0,1.0,temporal_cochange,ministral_3b,8.827468112520654,6819,flask/6,flask,6,1,12,0,64626,648,0.002461,7.76
1.0,1,1.0,1.0,temporal_cochange,ministral_3b,8.827468112520654,6819,flask/6,flask,6,2,14,0,59713,741,0.002002,6.39
1.0,1,1.0,1.0,temporal_cochange,ministral_3b,8.827468112520654,6819,flask/6,flask,6,3,14,0,100299,826,0.00517,9.59
0.6667,1,0.5,1.0,temporal_cochange,ministral_3b,8.341410211461865,4194,gpt-engineer/11,gpt-engineer,11,1,9,0,48988,1659,0.002311,9.83
0.0,0,0.0,0.0,temporal_cochange,ministral_3b,8.341410211461865,4194,gpt-engineer/11,gpt-engineer,11,2,13,0,86143,1592,0.002749,10.69
1.0,1,1.0,1.0,temporal_cochange,ministral_3b,8.341410211461865,4194,gpt-engineer/11,gpt-engineer,11,3,13,0,85601,2182,0.002845,11.87
0.4,0,1.0,0.25,temporal_cochange,ministral_3b,8.029432840581244,3070,gpt-engineer/12,gpt-engineer,12,1,6,0,24983,1023,0.001241,5.33
0.6667,0,1.0,0.5,temporal_cochange,ministral_3b,8.029432840581244,3070,gpt-engineer/12,gpt-engineer,12,2,8,0,29169,783,0.001221,6.08
0.4,0,1.0,0.25,temporal_cochange,ministral_3b,8.029432840581244,3070,gpt-engineer/12,gpt-engineer,12,3,16,0,96710,2017,0.002638,12.07
0.6667,1,0.5,1.0,temporal_cochange,ministral_3b,8.36380888451688,4289,gpt-engineer/9,gpt-engineer,9,1,14,0,58420,1528,0.002147,8.75
1.0,1,1.0,1.0,temporal_cochange,ministral_3b,8.36380888451688,4289,gpt-engineer/9,gpt-engineer,9,2,9,0,42066,887,0.002141,9.15
1.0,1,1.0,1.0,temporal_cochange,ministral_3b,8.36380888451688,4289,gpt-engineer/9,gpt-engineer,9,3,27,0,217759,1748,0.006813,18.01
0.2857,0,0.5,0.2,temporal_cochange,ministral_3b,10.196231790580173,26802,keras/12,keras,12,1,10,0,54689,1797,0.001916,9.72
0.0,0,0.0,0.0,temporal_cochange,ministral_3b,10.196231790580173,26802,keras/12,keras,12,2,9,0,37529,1658,0.001062,9.23
0.0,0,0.0,0.0,temporal_cochange,ministral_3b,10.196231790580173,26802,keras/12,keras,12,3,9,0,36620,1714,0.00161,11.0
0.0,0,0.0,0.0,temporal_cochange,ministral_3b,10.349134450277123,31230,keras/5,keras,5,1,27,0,478492,2925,0.012107,27.86
0.0,0,0.0,0.0,temporal_cochange,ministral_3b,10.349134450277123,31230,keras/5,keras,5,2,27,0,512949,2775,0.010377,22.54
0.6667,1,0.5,1.0,temporal_cochange,ministral_3b,10.349134450277123,31230,keras/5,keras,5,3,17,0,296974,2652,0.011749,27.0
1.0,1,1.0,1.0,temporal_cochange,ministral_3b,10.444153492313001,34343,keras/9,keras,9,1,10,0,70731,1094,0.001952,9.46
1.0,1,1.0,1.0,temporal_cochange,ministral_3b,10.444153492313001,34343,keras/9,keras,9,2,9,0,61950,717,0.002488,6.69
1.0,1,1.0,1.0,temporal_cochange,ministral_3b,10.444153492313001,34343,keras/9,keras,9,3,17,0,215365,2719,0.00666,18.93
0.0,0,0.0,0.0,temporal_cochange,ministral_3b,9.61953186182516,15056,localstack/19,localstack,19,1,15,0,33994,1328,0.000963,10.67
0.0,0,0.0,0.0,temporal_cochange,ministral_3b,9.61953186182516,15056,localstack/19,localstack,19,2,19,0,237332,1627,0.006858,12.45
0.0,0,0.0,0.0,temporal_cochange,ministral_3b,9.61953186182516,15056,localstack/19,localstack,19,3,13,0,111364,1962,0.003188,14.06
1.0,1,1.0,1.0,temporal_cochange,ministral_3b,10.563155506021905,38683,localstack/2,localstack,2,1,15,0,252348,1289,0.008049,12.04
0.6667,1,0.5,1.0,temporal_cochange,ministral_3b,10.563155506021905,38683,localstack/2,localstack,2,2,18,0,295569,1988,0.008121,19.04
0.6667,1,0.5,1.0,temporal_cochange,ministral_3b,10.563155506021905,38683,localstack/2,localstack,2,3,17,0,340373,2308,0.012829,20.88
1.0,1,1.0,1.0,temporal_cochange,ministral_3b,9.860214640302662,19153,localstack/9,localstack,9,1,25,0,217807,4498,0.006379,23.85
1.0,1,1.0,1.0,temporal_cochange,ministral_3b,9.860214640302662,19153,localstack/9,localstack,9,2,15,0,199447,1347,0.005265,10.49
1.0,1,1.0,1.0,temporal_cochange,ministral_3b,9.860214640302662,19153,localstack/9,localstack,9,3,24,0,409383,2714,0.010728,26.98
0.6667,0,1.0,0.5,temporal_cochange,ministral_3b,11.189312196300184,72353,pandas/26,pandas,26,1,14,0,67772,1579,0.001382,9.18
0.6667,0,1.0,0.5,temporal_cochange,ministral_3b,11.189312196300184,72353,pandas/26,pandas,26,2,26,0,459745,2365,0.013321,26.91
0.6667,0,1.0,0.5,temporal_cochange,ministral_3b,11.189312196300184,72353,pandas/26,pandas,26,3,22,0,407971,2350,0.015446,24.35
0.0,0,0.0,0.0,temporal_cochange,ministral_3b,11.270446177349276,78468,pandas/35,pandas,35,1,27,0,511613,1988,0.010545,18.63
0.0,0,0.0,0.0,temporal_cochange,ministral_3b,11.270446177349276,78468,pandas/35,pandas,35,2,20,0,635702,2693,0.017011,26.03
0.0,0,0.0,0.0,temporal_cochange,ministral_3b,11.270446177349276,78468,pandas/35,pandas,35,3,23,0,482923,2512,0.01176,20.9
0.6667,0,1.0,0.5,temporal_cochange,ministral_3b,12.08721590866289,177587,pandas/38,pandas,38,1,15,0,146013,1090,0.004492,10.37
0.6667,0,1.0,0.5,temporal_cochange,ministral_3b,12.08721590866289,177587,pandas/38,pandas,38,2,16,0,102504,1968,0.002383,12.51
0.6667,0,1.0,0.5,temporal_cochange,ministral_3b,12.08721590866289,177587,pandas/38,pandas,38,3,21,0,336149,1778,0.010545,17.74
0.0,0,0.0,0.0,temporal_cochange,ministral_3b,10.883015959814806,53264,pandas/44,pandas,44,1,28,0,184088,2708,0.004072,19.85
0.0,0,0.0,0.0,temporal_cochange,ministral_3b,10.883015959814806,53264,pandas/44,pandas,44,2,26,0,441766,3693,0.009007,32.42
0.0,0,0.0,0.0,temporal_cochange,ministral_3b,10.883015959814806,53264,pandas/44,pandas,44,3,23,0,130084,3373,0.003565,23.48
0.5,0,1.0,0.3333,temporal_cochange,ministral_3b,9.346705246496699,11461,requests/12,requests,12,1,7,0,19548,729,0.000818,4.45
0.5,0,1.0,0.3333,temporal_cochange,ministral_3b,9.346705246496699,11461,requests/12,requests,12,2,10,0,40362,859,0.001449,7.34
0.8,0,1.0,0.6667,temporal_cochange,ministral_3b,9.346705246496699,11461,requests/12,requests,12,3,24,0,170390,1579,0.004548,14.71
1.0,1,1.0,1.0,temporal_cochange,ministral_3b,9.348274558065496,11479,requests/13,requests,13,1,13,0,112914,1161,0.003539,10.9
1.0,1,1.0,1.0,temporal_cochange,ministral_3b,9.348274558065496,11479,requests/13,requests,13,2,21,0,170904,2195,0.003981,14.39
0.6667,1,0.5,1.0,temporal_cochange,ministral_3b,9.348274558065496,11479,requests/13,requests,13,3,10,0,68422,1185,0.002514,9.29
1.0,1,1.0,1.0,temporal_cochange,ministral_3b,7.958576903813898,2860,requests/7,requests,7,1,27,0,82301,2027,0.001901,15.45
1.0,1,1.0,1.0,temporal_cochange,ministral_3b,7.958576903813898,2860,requests/7,requests,7,2,12,0,34726,1171,0.001078,6.91
1.0,1,1.0,1.0,temporal_cochange,ministral_3b,7.958576903813898,2860,requests/7,requests,7,3,6,0,23124,862,0.001373,5.54
1.0,1,1.0,1.0,temporal_cochange,ministral_3b,10.031000872835088,22720,rich/1,rich,1,1,8,0,44524,838,0.002002,5.46
1.0,1,1.0,1.0,temporal_cochange,ministral_3b,10.031000872835088,22720,rich/1,rich,1,2,9,0,34016,694,0.00104,4.36
1.0,1,1.0,1.0,temporal_cochange,ministral_3b,10.031000872835088,22720,rich/1,rich,1,3,7,0,59010,558,0.002962,5.48
0.4,0,1.0,0.25,temporal_cochange,ministral_3b,10.051648903516648,23194,rich/12,rich,12,1,25,0,224758,2667,0.004875,18.72
0.4,0,1.0,0.25,temporal_cochange,ministral_3b,10.051648903516648,23194,rich/12,rich,12,2,16,0,396984,1873,0.012491,15.88
0.4,0,1.0,0.25,temporal_cochange,ministral_3b,10.051648903516648,23194,rich/12,rich,12,3,28,0,175945,2239,0.003545,18.26
1.0,1,1.0,1.0,temporal_cochange,ministral_3b,10.039939675671627,22924,rich/8,rich,8,1,9,0,56520,875,0.001903,6.01
1.0,1,1.0,1.0,temporal_cochange,ministral_3b,10.039939675671627,22924,rich/8,rich,8,2,8,0,44480,978,0.001781,6.94
1.0,1,1.0,1.0,temporal_cochange,ministral_3b,10.039939675671627,22924,rich/8,rich,8,3,9,0,57694,1015,0.002749,9.27
0.6667,0,1.0,0.5,temporal_cochange,ministral_3b,11.620954417182327,111408,scikit-learn/45,scikit-learn,45,1,7,0,15651,494,0.000555,3.13
0.6667,0,1.0,0.5,temporal_cochange,ministral_3b,11.620954417182327,111408,scikit-learn/45,scikit-learn,45,2,10,0,23504,317,0.000585,5.08
0.6667,0,1.0,0.5,temporal_cochange,ministral_3b,11.620954417182327,111408,scikit-learn/45,scikit-learn,45,3,8,0,38763,818,0.001124,6.47
1.0,1,1.0,1.0,temporal_cochange,ministral_3b,11.55076060327325,103856,scikit-learn/49,scikit-learn,49,1,9,0,74083,829,0.003356,5.85
1.0,1,1.0,1.0,temporal_cochange,ministral_3b,11.55076060327325,103856,scikit-learn/49,scikit-learn,49,2,10,0,119055,691,0.003818,6.34
1.0,1,1.0,1.0,temporal_cochange,ministral_3b,11.55076060327325,103856,scikit-learn/49,scikit-learn,49,3,9,0,80155,949,0.00515,7.91
1.0,1,1.0,1.0,temporal_cochange,ministral_3b,11.525654110946952,101281,scikit-learn/5,scikit-learn,5,1,10,0,46603,1134,0.001802,8.1
1.0,1,1.0,1.0,temporal_cochange,ministral_3b,11.525654110946952,101281,scikit-learn/5,scikit-learn,5,2,10,0,62265,951,0.002382,14.64
1.0,1,1.0,1.0,temporal_cochange,ministral_3b,11.525654110946952,101281,scikit-learn/5,scikit-learn,5,3,9,0,52722,777,0.003046,14.95
1.0,1,1.0,1.0,temporal_cochange,ministral_3b,9.796458979777604,17970,scrapy/20,scrapy,20,1,7,0,27690,539,0.001279,4.89
1.0,1,1.0,1.0,temporal_cochange,ministral_3b,9.796458979777604,17970,scrapy/20,scrapy,20,2,9,0,42776,443,0.001649,4.56
1.0,1,1.0,1.0,temporal_cochange,ministral_3b,9.796458979777604,17970,scrapy/20,scrapy,20,3,7,0,33595,466,0.001263,5.06
0.0,0,0.0,0.0,temporal_cochange,ministral_3b,9.655026193237628,15600,scrapy/26,scrapy,26,1,15,0,150300,1866,0.004641,12.41
0.6667,1,0.5,1.0,temporal_cochange,ministral_3b,9.655026193237628,15600,scrapy/26,scrapy,26,2,13,0,86520,2424,0.003054,15.19
0.5,1,0.3333,1.0,temporal_cochange,ministral_3b,9.655026193237628,15600,scrapy/26,scrapy,26,3,17,0,206263,2001,0.005839,14.25
0.0,0,0.0,0.0,temporal_cochange,ministral_3b,9.73477299914839,16895,scrapy/48,scrapy,48,1,26,0,186611,2804,0.004334,19.32
0.0,0,0.0,0.0,temporal_cochange,ministral_3b,9.73477299914839,16895,scrapy/48,scrapy,48,2,21,0,182402,2377,0.004447,15.57
0.0,0,0.0,0.0,temporal_cochange,ministral_3b,9.73477299914839,16895,scrapy/48,scrapy,48,3,12,0,47671,1146,0.002267,9.77
1.0,1,1.0,1.0,temporal_cochange,ministral_3b,9.961803629358965,21201,stable-diffusion-webui/0,stable-diffusion-webui,0,1,6,0,108970,950,0.004529,7.25
1.0,1,1.0,1.0,temporal_cochange,ministral_3b,9.961803629358965,21201,stable-diffusion-webui/0,stable-diffusion-webui,0,2,7,0,131199,903,0.004893,7.96
1.0,1,1.0,1.0,temporal_cochange,ministral_3b,9.961803629358965,21201,stable-diffusion-webui/0,stable-diffusion-webui,0,3,10,0,192894,1691,0.005842,11.35
1.0,1,1.0,1.0,temporal_cochange,ministral_3b,9.908425341565751,20099,stable-diffusion-webui/13,stable-diffusion-webui,13,1,18,0,360729,1094,0.008373,13.83
0.0,0,0.0,0.0,temporal_cochange,ministral_3b,9.908425341565751,20099,stable-diffusion-webui/13,stable-diffusion-webui,13,2,28,0,719992,3234,0.016819,28.32
1.0,1,1.0,1.0,temporal_cochange,ministral_3b,9.908425341565751,20099,stable-diffusion-webui/13,stable-diffusion-webui,13,3,12,0,178879,2007,0.004564,15.08
0.0,0,0.0,0.0,temporal_cochange,ministral_3b,10.028797743501574,22670,stable-diffusion-webui/5,stable-diffusion-webui,5,1,27,0,204559,2626,0.004717,21.47
0.0,0,0.0,0.0,temporal_cochange,ministral_3b,10.028797743501574,22670,stable-diffusion-webui/5,stable-diffusion-webui,5,2,18,0,174368,1792,0.004863,16.7
0.0,0,0.0,0.0,temporal_cochange,ministral_3b,10.028797743501574,22670,stable-diffusion-webui/5,stable-diffusion-webui,5,3,20,0,274348,1772,0.008051,16.41
0.5,0,1.0,0.3333,temporal_cochange,ministral_3b,8.483636407887394,4835,thefuck/10,thefuck,10,1,20,0,102330,1421,0.002588,12.57
0.5,0,1.0,0.3333,temporal_cochange,ministral_3b,8.483636407887394,4835,thefuck/10,thefuck,10,2,18,0,152431,1972,0.0043,14.71
0.0,0,0.0,0.0,temporal_cochange,ministral_3b,8.483636407887394,4835,thefuck/10,thefuck,10,3,8,0,20575,655,0.000499,5.15
0.0,0,0.0,0.0,temporal_cochange,ministral_3b,8.270781013162674,3908,thefuck/20,thefuck,20,1,11,0,44657,1631,0.001495,8.64
0.0,0,0.0,0.0,temporal_cochange,ministral_3b,8.270781013162674,3908,thefuck/20,thefuck,20,2,11,0,34130,1617,0.000914,8.35
0.0,0,0.0,0.0,temporal_cochange,ministral_3b,8.270781013162674,3908,thefuck/20,thefuck,20,3,32,1,85641,1488,0.001847,23.51
1.0,1,1.0,1.0,temporal_cochange,ministral_3b,7.822845290279774,2497,thefuck/5,thefuck,5,1,11,0,66903,767,0.002078,6.1
1.0,1,1.0,1.0,temporal_cochange,ministral_3b,7.822845290279774,2497,thefuck/5,thefuck,5,2,8,0,38699,1279,0.001659,6.84
1.0,1,1.0,1.0,temporal_cochange,ministral_3b,7.822845290279774,2497,thefuck/5,thefuck,5,3,12,0,25195,671,0.001124,6.73
1.0,1,1.0,1.0,temporal_cochange,ministral_3b,12.430331574579306,250279,transformers/25,transformers,25,1,14,0,131495,1253,0.003828,10.26
1.0,1,1.0,1.0,temporal_cochange,ministral_3b,12.430331574579306,250279,transformers/25,transformers,25,2,11,0,186596,1221,0.0071,9.75
1.0,1,1.0,1.0,temporal_cochange,ministral_3b,12.430331574579306,250279,transformers/25,transformers,25,3,19,0,236875,1394,0.008079,34.48
0.1538,0,1.0,0.0833,temporal_cochange,ministral_3b,12.407424472605875,244611,transformers/27,transformers,27,1,6,0,27650,704,0.001453,4.91
0.1538,0,1.0,0.0833,temporal_cochange,ministral_3b,12.407424472605875,244611,transformers/27,transformers,27,2,10,0,66511,1190,0.00283,8.48
0.1538,0,1.0,0.0833,temporal_cochange,ministral_3b,12.407424472605875,244611,transformers/27,transformers,27,3,6,0,26301,616,0.001459,5.11
0.0,0,0.0,0.0,temporal_cochange,ministral_3b,11.587420505060633,107734,transformers/5,transformers,5,1,20,0,395350,1548,0.010878,15.81
0.2857,0,0.5,0.2,temporal_cochange,ministral_3b,11.587420505060633,107734,transformers/5,transformers,5,2,13,0,111249,3069,0.004877,16.47
0.3333,0,1.0,0.2,temporal_cochange,ministral_3b,11.587420505060633,107734,transformers/5,transformers,5,3,19,0,247319,1758,0.007708,16.56
1.0,1,1.0,1.0,temporal_cochange,ministral_3b,12.095096391086711,178992,yt-dlp/23,yt-dlp,23,1,18,0,184220,3127,0.004312,21.86
1.0,1,1.0,1.0,temporal_cochange,ministral_3b,12.095096391086711,178992,yt-dlp/23,yt-dlp,23,2,14,0,137650,3406,0.003818,24.45
1.0,1,1.0,1.0,temporal_cochange,ministral_3b,12.095096391086711,178992,yt-dlp/23,yt-dlp,23,3,7,0,63305,1638,0.002727,13.2
0.0,0,0.0,0.0,temporal_cochange,ministral_3b,12.1489730534896,188900,yt-dlp/41,yt-dlp,41,1,27,0,553740,2586,0.01188,22.58
0.0,0,0.0,0.0,temporal_cochange,ministral_3b,12.1489730534896,188900,yt-dlp/41,yt-dlp,41,2,17,0,357121,2564,0.011581,23.79
0.0,0,0.0,0.0,temporal_cochange,ministral_3b,12.1489730534896,188900,yt-dlp/41,yt-dlp,41,3,19,0,513603,2148,0.016255,35.65
0.5,0,0.5,0.5,temporal_cochange,ministral_3b,12.198660241414718,198523,yt-dlp/45,yt-dlp,45,1,16,0,497436,3173,0.013577,27.23
0.5,0,0.5,0.5,temporal_cochange,ministral_3b,12.198660241414718,198523,yt-dlp/45,yt-dlp,45,2,15,0,246155,1423,0.007328,13.23
0.0,0,0.0,0.0,temporal_cochange,ministral_3b,12.198660241414718,198523,yt-dlp/45,yt-dlp,45,3,19,0,567163,3408,0.014606,25.96
1.0,1,1.0,1.0,temporal_cochange,gpt_oss_120b,12.068688124847148,174327,core/16,core,16,1,5,0,16967,1649,0.002774,29.18
1.0,1,1.0,1.0,temporal_cochange,gpt_oss_120b,12.068688124847148,174327,core/16,core,16,2,5,0,20649,1920,0.002966,21.29
1.0,1,1.0,1.0,temporal_cochange,gpt_oss_120b,12.068688124847148,174327,core/16,core,16,3,8,0,34328,2101,0.00271,25.56
1.0,1,1.0,1.0,temporal_cochange,gpt_oss_120b,11.506545154005941,99364,core/20,core,20,1,14,0,52039,4408,0.005132,95.54
1.0,1,1.0,1.0,temporal_cochange,gpt_oss_120b,11.506545154005941,99364,core/20,core,20,2,15,0,82932,5609,0.00895,76.02
1.0,1,1.0,1.0,temporal_cochange,gpt_oss_120b,11.506545154005941,99364,core/20,core,20,3,13,0,51269,4027,0.00536,31.72
0.0,0,0.0,0.0,temporal_cochange,gpt_oss_120b,8.579980179515003,5324,fastapi/17,fastapi,17,1,20,0,124536,9186,0.011031,101.09
0.0,0,0.0,0.0,temporal_cochange,gpt_oss_120b,8.579980179515003,5324,fastapi/17,fastapi,17,2,26,0,301693,21646,0.026414,323.79
0.0,0,0.0,0.0,temporal_cochange,gpt_oss_120b,8.579980179515003,5324,fastapi/17,fastapi,17,3,32,1,334516,15397,0.022002,242.34
0.0,0,0.0,0.0,temporal_cochange,gpt_oss_120b,8.518991573357617,5009,fastapi/20,fastapi,20,1,17,0,69085,6114,0.007401,88.04
0.0,0,0.0,0.0,temporal_cochange,gpt_oss_120b,8.518991573357617,5009,fastapi/20,fastapi,20,2,13,0,67306,5249,0.007794,120.44
0.0,0,0.0,0.0,temporal_cochange,gpt_oss_120b,8.518991573357617,5009,fastapi/20,fastapi,20,3,14,0,56753,3814,0.006027,39.83
0.5,0,1.0,0.3333,temporal_cochange,gpt_oss_120b,8.482187582217422,4828,fastapi/9,fastapi,9,1,9,0,31418,3556,0.004443,45.24
0.5,0,1.0,0.3333,temporal_cochange,gpt_oss_120b,8.482187582217422,4828,fastapi/9,fastapi,9,2,7,0,20232,2300,0.002785,26.34
0.5,0,1.0,0.3333,temporal_cochange,gpt_oss_120b,8.482187582217422,4828,fastapi/9,fastapi,9,3,7,0,38822,1972,0.003674,32.0
1.0,1,1.0,1.0,temporal_cochange,gpt_oss_120b,8.808369153122275,6690,flask/18,flask,18,1,15,0,61696,4390,0.005735,78.98
0.6667,0,1.0,0.5,temporal_cochange,gpt_oss_120b,8.808369153122275,6690,flask/18,flask,18,2,22,0,73952,5199,0.00627,60.69
0.6667,0,1.0,0.5,temporal_cochange,gpt_oss_120b,8.808369153122275,6690,flask/18,flask,18,3,26,0,103590,9017,0.010964,140.47
1.0,1,1.0,1.0,temporal_cochange,gpt_oss_120b,8.899457906353966,7328,flask/3,flask,3,1,9,0,20479,1906,0.002408,50.64
1.0,1,1.0,1.0,temporal_cochange,gpt_oss_120b,8.899457906353966,7328,flask/3,flask,3,2,16,0,71842,5157,0.006837,54.33
1.0,1,1.0,1.0,temporal_cochange,gpt_oss_120b,8.899457906353966,7328,flask/3,flask,3,3,16,0,73234,4794,0.00605,57.04
1.0,1,1.0,1.0,temporal_cochange,gpt_oss_120b,8.827468112520654,6819,flask/6,flask,6,1,12,0,42752,2842,0.004237,42.16
1.0,1,1.0,1.0,temporal_cochange,gpt_oss_120b,8.827468112520654,6819,flask/6,flask,6,2,11,0,39276,3164,0.004098,37.59
1.0,1,1.0,1.0,temporal_cochange,gpt_oss_120b,8.827468112520654,6819,flask/6,flask,6,3,17,0,69558,5149,0.006039,59.9
0.0,0,0.0,0.0,temporal_cochange,gpt_oss_120b,8.341410211461865,4194,gpt-engineer/11,gpt-engineer,11,1,6,0,46256,1933,0.004943,24.08
0.0,0,0.0,0.0,temporal_cochange,gpt_oss_120b,8.341410211461865,4194,gpt-engineer/11,gpt-engineer,11,2,17,0,158874,6682,0.012156,108.71
0.0,0,0.0,0.0,temporal_cochange,gpt_oss_120b,8.341410211461865,4194,gpt-engineer/11,gpt-engineer,11,3,19,0,145304,7659,0.013517,94.2
0.4,0,1.0,0.25,temporal_cochange,gpt_oss_120b,8.029432840581244,3070,gpt-engineer/12,gpt-engineer,12,1,4,0,10583,1230,0.001591,21.32
0.4,0,1.0,0.25,temporal_cochange,gpt_oss_120b,8.029432840581244,3070,gpt-engineer/12,gpt-engineer,12,2,7,0,21807,1135,0.002054,14.39
0.4,0,1.0,0.25,temporal_cochange,gpt_oss_120b,8.029432840581244,3070,gpt-engineer/12,gpt-engineer,12,3,10,0,50817,4533,0.005841,55.8
0.6667,1,0.5,1.0,temporal_cochange,gpt_oss_120b,8.36380888451688,4289,gpt-engineer/9,gpt-engineer,9,1,10,0,60076,9832,0.009385,137.48
1.0,1,1.0,1.0,temporal_cochange,gpt_oss_120b,8.36380888451688,4289,gpt-engineer/9,gpt-engineer,9,2,13,0,56811,10910,0.00878,106.43
0.0,0,0.0,0.0,temporal_cochange,gpt_oss_120b,8.36380888451688,4289,gpt-engineer/9,gpt-engineer,9,3,7,0,34450,4565,0.004947,88.26
0.2857,0,0.5,0.2,temporal_cochange,gpt_oss_120b,10.196231790580173,26802,keras/12,keras,12,1,16,0,87632,4762,0.008126,84.18
0.0,0,0.0,0.0,temporal_cochange,gpt_oss_120b,10.196231790580173,26802,keras/12,keras,12,2,8,0,28057,3054,0.004017,48.13
0.0,0,0.0,0.0,temporal_cochange,gpt_oss_120b,10.196231790580173,26802,keras/12,keras,12,3,7,0,17932,2273,0.002469,34.86
0.6667,1,0.5,1.0,temporal_cochange,gpt_oss_120b,10.349134450277123,31230,keras/5,keras,5,1,21,0,131920,12075,0.013522,199.39
1.0,1,1.0,1.0,temporal_cochange,gpt_oss_120b,10.349134450277123,31230,keras/5,keras,5,2,18,0,116449,10810,0.013219,163.66
0.6667,1,0.5,1.0,temporal_cochange,gpt_oss_120b,10.349134450277123,31230,keras/5,keras,5,3,22,0,118409,10734,0.011245,86.95
1.0,1,1.0,1.0,temporal_cochange,gpt_oss_120b,10.444153492313001,34343,keras/9,keras,9,1,15,0,70044,5063,0.00724,60.32
1.0,1,1.0,1.0,temporal_cochange,gpt_oss_120b,10.444153492313001,34343,keras/9,keras,9,2,6,0,22418,1672,0.003442,37.36
1.0,1,1.0,1.0,temporal_cochange,gpt_oss_120b,10.444153492313001,34343,keras/9,keras,9,3,4,0,13009,1922,0.002465,22.35
0.0,0,0.0,0.0,temporal_cochange,gpt_oss_120b,9.61953186182516,15056,localstack/19,localstack,19,1,30,1,101999,6743,0.008674,89.74
0.0,0,0.0,0.0,temporal_cochange,gpt_oss_120b,9.61953186182516,15056,localstack/19,localstack,19,2,15,0,25701,2437,0.00248,23.6
0.0,0,0.0,0.0,temporal_cochange,gpt_oss_120b,9.61953186182516,15056,localstack/19,localstack,19,3,24,0,101596,5294,0.007428,66.3
1.0,1,1.0,1.0,temporal_cochange,gpt_oss_120b,10.563155506021905,38683,localstack/2,localstack,2,1,11,0,89316,2149,0.005773,25.66
1.0,1,1.0,1.0,temporal_cochange,gpt_oss_120b,10.563155506021905,38683,localstack/2,localstack,2,2,18,0,159589,4246,0.009681,57.7
1.0,1,1.0,1.0,temporal_cochange,gpt_oss_120b,10.563155506021905,38683,localstack/2,localstack,2,3,14,0,120135,2723,0.00808,25.0
1.0,1,1.0,1.0,temporal_cochange,gpt_oss_120b,9.860214640302662,19153,localstack/9,localstack,9,1,11,0,52760,6154,0.006752,78.4
1.0,1,1.0,1.0,temporal_cochange,gpt_oss_120b,9.860214640302662,19153,localstack/9,localstack,9,2,12,0,73483,6991,0.009125,88.45
1.0,1,1.0,1.0,temporal_cochange,gpt_oss_120b,9.860214640302662,19153,localstack/9,localstack,9,3,9,0,44604,3128,0.004685,44.62
0.0,0,0.0,0.0,temporal_cochange,gpt_oss_120b,11.189312196300184,72353,pandas/26,pandas,26,1,32,1,226001,4649,0.011452,86.63
0.8,1,0.6667,1.0,temporal_cochange,gpt_oss_120b,11.189312196300184,72353,pandas/26,pandas,26,2,12,0,65090,2124,0.005559,25.3
0.8,1,0.6667,1.0,temporal_cochange,gpt_oss_120b,11.189312196300184,72353,pandas/26,pandas,26,3,23,0,176234,4506,0.009913,123.35
0.0,0,0.0,0.0,temporal_cochange,gpt_oss_120b,11.270446177349276,78468,pandas/35,pandas,35,1,22,0,318147,5787,0.020186,150.3
0.0,0,0.0,0.0,temporal_cochange,gpt_oss_120b,11.270446177349276,78468,pandas/35,pandas,35,2,24,0,367246,10463,0.024481,151.17
0.0,0,0.0,0.0,temporal_cochange,gpt_oss_120b,11.270446177349276,78468,pandas/35,pandas,35,3,28,0,340500,9416,0.021499,137.49
0.6667,0,1.0,0.5,temporal_cochange,gpt_oss_120b,12.08721590866289,177587,pandas/38,pandas,38,1,7,0,58544,1593,0.006687,20.11
0.6667,0,1.0,0.5,temporal_cochange,gpt_oss_120b,12.08721590866289,177587,pandas/38,pandas,38,2,6,0,40116,2073,0.005937,28.9
0.6667,0,1.0,0.5,temporal_cochange,gpt_oss_120b,12.08721590866289,177587,pandas/38,pandas,38,3,6,0,53895,1190,0.005136,12.0
0.0,0,0.0,0.0,temporal_cochange,gpt_oss_120b,10.883015959814806,53264,pandas/44,pandas,44,1,5,0,34677,1774,0.003279,17.93
0.0,0,0.0,0.0,temporal_cochange,gpt_oss_120b,10.883015959814806,53264,pandas/44,pandas,44,2,6,0,34863,1547,0.004729,31.99
0.0,0,0.0,0.0,temporal_cochange,gpt_oss_120b,10.883015959814806,53264,pandas/44,pandas,44,3,6,0,31780,2189,0.004858,19.0
0.5,0,1.0,0.3333,temporal_cochange,gpt_oss_120b,9.346705246496699,11461,requests/12,requests,12,1,23,0,121287,4360,0.008343,72.69
0.8,0,1.0,0.6667,temporal_cochange,gpt_oss_120b,9.346705246496699,11461,requests/12,requests,12,2,16,0,79915,4062,0.006747,58.22
0.5,0,1.0,0.3333,temporal_cochange,gpt_oss_120b,9.346705246496699,11461,requests/12,requests,12,3,17,0,53236,2851,0.003624,125.73
1.0,1,1.0,1.0,temporal_cochange,gpt_oss_120b,9.348274558065496,11479,requests/13,requests,13,1,12,0,56816,2922,0.005714,58.84
1.0,1,1.0,1.0,temporal_cochange,gpt_oss_120b,9.348274558065496,11479,requests/13,requests,13,2,11,0,43953,3150,0.004789,66.5
1.0,1,1.0,1.0,temporal_cochange,gpt_oss_120b,9.348274558065496,11479,requests/13,requests,13,3,5,0,24347,2857,0.003293,24.82
1.0,1,1.0,1.0,temporal_cochange,gpt_oss_120b,7.958576903813898,2860,requests/7,requests,7,1,4,0,7848,888,0.001068,16.98
1.0,1,1.0,1.0,temporal_cochange,gpt_oss_120b,7.958576903813898,2860,requests/7,requests,7,2,18,0,78602,8199,0.008938,94.57
1.0,1,1.0,1.0,temporal_cochange,gpt_oss_120b,7.958576903813898,2860,requests/7,requests,7,3,8,0,22441,2898,0.003249,33.49
1.0,1,1.0,1.0,temporal_cochange,gpt_oss_120b,10.031000872835088,22720,rich/1,rich,1,1,12,0,47499,2035,0.004223,23.79
1.0,1,1.0,1.0,temporal_cochange,gpt_oss_120b,10.031000872835088,22720,rich/1,rich,1,2,11,0,42584,2290,0.003567,43.14
1.0,1,1.0,1.0,temporal_cochange,gpt_oss_120b,10.031000872835088,22720,rich/1,rich,1,3,10,0,39894,2154,0.003825,24.32
0.4,0,1.0,0.25,temporal_cochange,gpt_oss_120b,10.051648903516648,23194,rich/12,rich,12,1,11,0,53448,2878,0.005313,31.59
0.0,0,0.0,0.0,temporal_cochange,gpt_oss_120b,10.051648903516648,23194,rich/12,rich,12,2,10,0,56600,2492,0.005537,29.35
0.4,0,1.0,0.25,temporal_cochange,gpt_oss_120b,10.051648903516648,23194,rich/12,rich,12,3,13,0,77105,5507,0.007718,85.58
1.0,1,1.0,1.0,temporal_cochange,gpt_oss_120b,10.039939675671627,22924,rich/8,rich,8,1,6,0,32841,1470,0.004275,37.12
1.0,1,1.0,1.0,temporal_cochange,gpt_oss_120b,10.039939675671627,22924,rich/8,rich,8,2,9,0,40356,1550,0.003546,26.16
1.0,1,1.0,1.0,temporal_cochange,gpt_oss_120b,10.039939675671627,22924,rich/8,rich,8,3,6,0,29782,1097,0.001982,12.72
0.6667,0,1.0,0.5,temporal_cochange,gpt_oss_120b,11.620954417182327,111408,scikit-learn/45,scikit-learn,45,1,22,0,178887,4087,0.008813,57.05
0.6667,0,1.0,0.5,temporal_cochange,gpt_oss_120b,11.620954417182327,111408,scikit-learn/45,scikit-learn,45,2,18,0,113113,3062,0.006461,50.07
0.6667,0,1.0,0.5,temporal_cochange,gpt_oss_120b,11.620954417182327,111408,scikit-learn/45,scikit-learn,45,3,28,0,185282,5677,0.00872,60.15
1.0,1,1.0,1.0,temporal_cochange,gpt_oss_120b,11.55076060327325,103856,scikit-learn/49,scikit-learn,49,1,15,0,158932,3816,0.011893,49.58
1.0,1,1.0,1.0,temporal_cochange,gpt_oss_120b,11.55076060327325,103856,scikit-learn/49,scikit-learn,49,2,18,0,226559,7808,0.015512,89.71
1.0,1,1.0,1.0,temporal_cochange,gpt_oss_120b,11.55076060327325,103856,scikit-learn/49,scikit-learn,49,3,13,0,62952,5005,0.006575,65.91
1.0,1,1.0,1.0,temporal_cochange,gpt_oss_120b,11.525654110946952,101281,scikit-learn/5,scikit-learn,5,1,17,0,124069,6913,0.011563,85.13
1.0,1,1.0,1.0,temporal_cochange,gpt_oss_120b,11.525654110946952,101281,scikit-learn/5,scikit-learn,5,2,9,0,62642,7133,0.008922,75.54
1.0,1,1.0,1.0,temporal_cochange,gpt_oss_120b,11.525654110946952,101281,scikit-learn/5,scikit-learn,5,3,10,0,60482,6514,0.00729,71.97
1.0,1,1.0,1.0,temporal_cochange,gpt_oss_120b,9.796458979777604,17970,scrapy/20,scrapy,20,1,11,0,57586,2194,0.004973,51.18
1.0,1,1.0,1.0,temporal_cochange,gpt_oss_120b,9.796458979777604,17970,scrapy/20,scrapy,20,2,6,0,22684,889,0.00284,19.02
1.0,1,1.0,1.0,temporal_cochange,gpt_oss_120b,9.796458979777604,17970,scrapy/20,scrapy,20,3,8,0,54092,1253,0.005178,18.51
0.6667,1,0.5,1.0,temporal_cochange,gpt_oss_120b,9.655026193237628,15600,scrapy/26,scrapy,26,1,23,0,204686,7189,0.015079,110.19
1.0,1,1.0,1.0,temporal_cochange,gpt_oss_120b,9.655026193237628,15600,scrapy/26,scrapy,26,2,21,0,198797,5920,0.014221,116.17
0.6667,1,0.5,1.0,temporal_cochange,gpt_oss_120b,9.655026193237628,15600,scrapy/26,scrapy,26,3,11,0,56301,1682,0.004926,24.05
0.0,0,0.0,0.0,temporal_cochange,gpt_oss_120b,9.73477299914839,16895,scrapy/48,scrapy,48,1,18,0,99291,3881,0.007441,57.23
0.0,0,0.0,0.0,temporal_cochange,gpt_oss_120b,9.73477299914839,16895,scrapy/48,scrapy,48,2,26,0,137754,4946,0.008175,76.99
0.0,0,0.0,0.0,temporal_cochange,gpt_oss_120b,9.73477299914839,16895,scrapy/48,scrapy,48,3,17,0,68495,1932,0.003704,39.64
1.0,1,1.0,1.0,temporal_cochange,gpt_oss_120b,9.961803629358965,21201,stable-diffusion-webui/0,stable-diffusion-webui,0,1,6,0,90145,1446,0.007293,42.26
1.0,1,1.0,1.0,temporal_cochange,gpt_oss_120b,9.961803629358965,21201,stable-diffusion-webui/0,stable-diffusion-webui,0,2,5,0,65733,1059,0.005218,14.09
1.0,1,1.0,1.0,temporal_cochange,gpt_oss_120b,9.961803629358965,21201,stable-diffusion-webui/0,stable-diffusion-webui,0,3,5,0,65202,785,0.004994,14.6
1.0,1,1.0,1.0,temporal_cochange,gpt_oss_120b,9.908425341565751,20099,stable-diffusion-webui/13,stable-diffusion-webui,13,1,30,1,390606,5224,0.017066,97.09
1.0,1,1.0,1.0,temporal_cochange,gpt_oss_120b,9.908425341565751,20099,stable-diffusion-webui/13,stable-diffusion-webui,13,2,23,0,295948,4107,0.014117,68.37
1.0,1,1.0,1.0,temporal_cochange,gpt_oss_120b,9.908425341565751,20099,stable-diffusion-webui/13,stable-diffusion-webui,13,3,27,0,351775,6578,0.018908,139.55
0.6667,0,1.0,0.5,temporal_cochange,gpt_oss_120b,10.028797743501574,22670,stable-diffusion-webui/5,stable-diffusion-webui,5,1,23,0,173040,4831,0.009363,49.52
0.6667,0,1.0,0.5,temporal_cochange,gpt_oss_120b,10.028797743501574,22670,stable-diffusion-webui/5,stable-diffusion-webui,5,2,20,0,181960,6156,0.010619,56.67
0.6667,0,1.0,0.5,temporal_cochange,gpt_oss_120b,10.028797743501574,22670,stable-diffusion-webui/5,stable-diffusion-webui,5,3,32,1,261246,11745,0.015507,115.61
0.0,0,0.0,0.0,temporal_cochange,gpt_oss_120b,8.483636407887394,4835,thefuck/10,thefuck,10,1,12,0,39253,4590,0.003952,39.24
0.0,0,0.0,0.0,temporal_cochange,gpt_oss_120b,8.483636407887394,4835,thefuck/10,thefuck,10,2,13,0,44189,5195,0.004926,53.36
0.0,0,0.0,0.0,temporal_cochange,gpt_oss_120b,8.483636407887394,4835,thefuck/10,thefuck,10,3,20,0,114253,14609,0.012981,128.22
0.0,0,0.0,0.0,temporal_cochange,gpt_oss_120b,8.270781013162674,3908,thefuck/20,thefuck,20,1,20,0,85448,5709,0.007745,67.3
0.0,0,0.0,0.0,temporal_cochange,gpt_oss_120b,8.270781013162674,3908,thefuck/20,thefuck,20,2,29,0,180147,9169,0.013603,180.49
0.0,0,0.0,0.0,temporal_cochange,gpt_oss_120b,8.270781013162674,3908,thefuck/20,thefuck,20,3,20,0,63037,5478,0.005473,59.07
1.0,1,1.0,1.0,temporal_cochange,gpt_oss_120b,7.822845290279774,2497,thefuck/5,thefuck,5,1,11,0,53245,2160,0.005436,31.94
1.0,1,1.0,1.0,temporal_cochange,gpt_oss_120b,7.822845290279774,2497,thefuck/5,thefuck,5,2,12,0,37194,3788,0.00455,56.8
1.0,1,1.0,1.0,temporal_cochange,gpt_oss_120b,7.822845290279774,2497,thefuck/5,thefuck,5,3,7,0,17864,2621,0.002701,45.28
1.0,1,1.0,1.0,temporal_cochange,gpt_oss_120b,12.430331574579306,250279,transformers/25,transformers,25,1,7,0,16828,3017,0.002947,36.16
1.0,1,1.0,1.0,temporal_cochange,gpt_oss_120b,12.430331574579306,250279,transformers/25,transformers,25,2,14,0,46922,4936,0.005823,49.8
1.0,1,1.0,1.0,temporal_cochange,gpt_oss_120b,12.430331574579306,250279,transformers/25,transformers,25,3,19,0,63042,6856,0.006965,76.2
0.1538,0,1.0,0.0833,temporal_cochange,gpt_oss_120b,12.407424472605875,244611,transformers/27,transformers,27,1,6,0,40916,980,0.003298,12.12
0.1538,0,1.0,0.0833,temporal_cochange,gpt_oss_120b,12.407424472605875,244611,transformers/27,transformers,27,2,2,0,6638,479,0.000966,5.49
0.1538,0,1.0,0.0833,temporal_cochange,gpt_oss_120b,12.407424472605875,244611,transformers/27,transformers,27,3,7,0,36008,1239,0.002724,12.34
0.75,0,1.0,0.6,temporal_cochange,gpt_oss_120b,11.587420505060633,107734,transformers/5,transformers,5,1,15,0,141664,3133,0.008569,41.25
0.3333,0,1.0,0.2,temporal_cochange,gpt_oss_120b,11.587420505060633,107734,transformers/5,transformers,5,2,23,0,262054,4720,0.01568,77.35
0.75,0,1.0,0.6,temporal_cochange,gpt_oss_120b,11.587420505060633,107734,transformers/5,transformers,5,3,16,0,230092,4060,0.017626,81.41
1.0,1,1.0,1.0,temporal_cochange,gpt_oss_120b,12.095096391086711,178992,yt-dlp/23,yt-dlp,23,1,11,0,64177,3593,0.006924,45.93
1.0,1,1.0,1.0,temporal_cochange,gpt_oss_120b,12.095096391086711,178992,yt-dlp/23,yt-dlp,23,2,14,0,81077,4026,0.006726,108.62
1.0,1,1.0,1.0,temporal_cochange,gpt_oss_120b,12.095096391086711,178992,yt-dlp/23,yt-dlp,23,3,15,0,68405,4214,0.005928,54.14
1.0,1,1.0,1.0,temporal_cochange,gpt_oss_120b,12.1489730534896,188900,yt-dlp/41,yt-dlp,41,1,16,0,147237,7603,0.012818,102.57
0.0,0,0.0,0.0,temporal_cochange,gpt_oss_120b,12.1489730534896,188900,yt-dlp/41,yt-dlp,41,2,12,0,118674,5054,0.0087,58.62
0.0,0,0.0,0.0,temporal_cochange,gpt_oss_120b,12.1489730534896,188900,yt-dlp/41,yt-dlp,41,3,12,0,120960,5676,0.010763,53.29
0.6667,0,1.0,0.5,temporal_cochange,gpt_oss_120b,12.198660241414718,198523,yt-dlp/45,yt-dlp,45,1,16,0,212972,4744,0.013875,77.4
0.6667,0,1.0,0.5,temporal_cochange,gpt_oss_120b,12.198660241414718,198523,yt-dlp/45,yt-dlp,45,2,22,0,272785,7783,0.016685,114.86
0.6667,0,1.0,0.5,temporal_cochange,gpt_oss_120b,12.198660241414718,198523,yt-dlp/45,yt-dlp,45,3,23,0,324552,8236,0.021059,105.4
1.0,1,1.0,1.0,temporal_cochange,deepseek_flash,12.068688124847148,174327,core/16,core,16,1,10,0,130776,3981,0.004074,41.46
0.6667,1,0.5,1.0,temporal_cochange,deepseek_flash,12.068688124847148,174327,core/16,core,16,2,21,0,639703,37162,0.016125,296.52
1.0,1,1.0,1.0,temporal_cochange,deepseek_flash,12.068688124847148,174327,core/16,core,16,3,12,0,143477,5239,0.004062,47.9
1.0,1,1.0,1.0,temporal_cochange,deepseek_flash,11.506545154005941,99364,core/20,core,20,1,16,0,141123,3617,0.002646,40.6
1.0,1,1.0,1.0,temporal_cochange,deepseek_flash,11.506545154005941,99364,core/20,core,20,2,14,0,131296,5537,0.003441,52.72
1.0,1,1.0,1.0,temporal_cochange,deepseek_flash,11.506545154005941,99364,core/20,core,20,3,15,0,146432,3467,0.002821,41.71
0.0,0,0.0,0.0,temporal_cochange,deepseek_flash,8.579980179515003,5324,fastapi/17,fastapi,17,1,32,1,1194670,21388,0.020158,194.45
0.0,0,0.0,0.0,temporal_cochange,deepseek_flash,8.579980179515003,5324,fastapi/17,fastapi,17,2,32,1,1141495,24576,0.020104,217.9
0.0,0,0.0,0.0,temporal_cochange,deepseek_flash,8.579980179515003,5324,fastapi/17,fastapi,17,3,32,1,402274,8939,0.007383,96.86
0.4,1,0.25,1.0,temporal_cochange,deepseek_flash,8.518991573357617,5009,fastapi/20,fastapi,20,1,30,1,593513,6686,0.010889,98.18
0.4,1,0.25,1.0,temporal_cochange,deepseek_flash,8.518991573357617,5009,fastapi/20,fastapi,20,2,30,1,667046,11831,0.012456,148.64
0.5,1,0.3333,1.0,temporal_cochange,deepseek_flash,8.518991573357617,5009,fastapi/20,fastapi,20,3,30,1,675837,7966,0.011165,106.21
0.5,0,1.0,0.3333,temporal_cochange,deepseek_flash,8.482187582217422,4828,fastapi/9,fastapi,9,1,21,0,315792,6305,0.004759,73.58
0.0,0,0.0,0.0,temporal_cochange,deepseek_flash,8.482187582217422,4828,fastapi/9,fastapi,9,2,30,1,305146,6715,0.006246,74.49
0.5,0,1.0,0.3333,temporal_cochange,deepseek_flash,8.482187582217422,4828,fastapi/9,fastapi,9,3,20,0,262500,5056,0.004149,52.79
1.0,1,1.0,1.0,temporal_cochange,deepseek_flash,8.808369153122275,6690,flask/18,flask,18,1,17,0,91876,4920,0.002527,54.28
1.0,1,1.0,1.0,temporal_cochange,deepseek_flash,8.808369153122275,6690,flask/18,flask,18,2,19,0,118206,3462,0.002538,39.52
0.6667,0,1.0,0.5,temporal_cochange,deepseek_flash,8.808369153122275,6690,flask/18,flask,18,3,30,0,247455,6608,0.005568,80.32
0.0,0,0.0,0.0,temporal_cochange,deepseek_flash,8.899457906353966,7328,flask/3,flask,3,1,32,1,270503,6504,0.006026,82.04
1.0,1,1.0,1.0,temporal_cochange,deepseek_flash,8.899457906353966,7328,flask/3,flask,3,2,30,1,258874,9585,0.008176,102.42
1.0,1,1.0,1.0,temporal_cochange,deepseek_flash,8.899457906353966,7328,flask/3,flask,3,3,30,1,460488,7575,0.008689,108.51
1.0,1,1.0,1.0,temporal_cochange,deepseek_flash,8.827468112520654,6819,flask/6,flask,6,1,9,0,115558,6167,0.003662,56.44
1.0,1,1.0,1.0,temporal_cochange,deepseek_flash,8.827468112520654,6819,flask/6,flask,6,2,13,0,84792,6833,0.002861,65.99
1.0,1,1.0,1.0,temporal_cochange,deepseek_flash,8.827468112520654,6819,flask/6,flask,6,3,11,0,120568,6079,0.003602,61.8
0.5,1,0.3333,1.0,temporal_cochange,deepseek_flash,8.341410211461865,4194,gpt-engineer/11,gpt-engineer,11,1,10,0,106534,3137,0.003395,31.99
0.5,1,0.3333,1.0,temporal_cochange,deepseek_flash,8.341410211461865,4194,gpt-engineer/11,gpt-engineer,11,2,18,0,268316,4841,0.005324,57.08
0.5,1,0.3333,1.0,temporal_cochange,deepseek_flash,8.341410211461865,4194,gpt-engineer/11,gpt-engineer,11,3,17,0,169329,6045,0.003938,59.1
0.6667,0,1.0,0.5,temporal_cochange,deepseek_flash,8.029432840581244,3070,gpt-engineer/12,gpt-engineer,12,1,21,0,192673,7903,0.004267,72.79
0.6667,0,1.0,0.5,temporal_cochange,deepseek_flash,8.029432840581244,3070,gpt-engineer/12,gpt-engineer,12,2,19,0,178856,7679,0.003974,84.16
0.6667,0,1.0,0.5,temporal_cochange,deepseek_flash,8.029432840581244,3070,gpt-engineer/12,gpt-engineer,12,3,18,0,174321,7369,0.004604,73.11
0.0,0,0.0,0.0,temporal_cochange,deepseek_flash,8.36380888451688,4289,gpt-engineer/9,gpt-engineer,9,1,30,1,582436,29150,0.015119,291.71
0.0,0,0.0,0.0,temporal_cochange,deepseek_flash,8.36380888451688,4289,gpt-engineer/9,gpt-engineer,9,2,18,0,239102,9962,0.005443,93.02
0.5,1,0.3333,1.0,temporal_cochange,deepseek_flash,8.36380888451688,4289,gpt-engineer/9,gpt-engineer,9,3,30,1,560175,28973,0.014306,228.32
0.2857,0,0.5,0.2,temporal_cochange,deepseek_flash,10.196231790580173,26802,keras/12,keras,12,1,18,0,202596,7303,0.004839,80.59
0.2857,0,0.5,0.2,temporal_cochange,deepseek_flash,10.196231790580173,26802,keras/12,keras,12,2,24,0,214143,7469,0.004061,86.29
0.0,0,0.0,0.0,temporal_cochange,deepseek_flash,10.196231790580173,26802,keras/12,keras,12,3,25,0,288536,7439,0.005019,76.74
0.0,0,0.0,0.0,temporal_cochange,deepseek_flash,10.349134450277123,31230,keras/5,keras,5,1,32,1,572768,13372,0.010752,131.11
0.0,0,0.0,0.0,temporal_cochange,deepseek_flash,10.349134450277123,31230,keras/5,keras,5,2,30,1,664047,26804,0.015421,260.74
0.0,0,0.0,0.0,temporal_cochange,deepseek_flash,10.349134450277123,31230,keras/5,keras,5,3,32,1,744703,23235,0.016546,210.55
1.0,1,1.0,1.0,temporal_cochange,deepseek_flash,10.444153492313001,34343,keras/9,keras,9,1,13,0,172784,10193,0.004934,99.9
1.0,1,1.0,1.0,temporal_cochange,deepseek_flash,10.444153492313001,34343,keras/9,keras,9,2,12,0,139527,9285,0.004695,82.92
1.0,1,1.0,1.0,temporal_cochange,deepseek_flash,10.444153492313001,34343,keras/9,keras,9,3,19,0,203064,8109,0.004181,78.12
0.4,0,0.6667,0.2857,temporal_cochange,deepseek_flash,9.61953186182516,15056,localstack/19,localstack,19,1,29,0,461854,7589,0.009938,95.33
0.0,0,0.0,0.0,temporal_cochange,deepseek_flash,9.61953186182516,15056,localstack/19,localstack,19,2,30,0,453096,6915,0.009032,82.59
0.25,0,1.0,0.1429,temporal_cochange,deepseek_flash,9.61953186182516,15056,localstack/19,localstack,19,3,16,0,117184,3570,0.002531,38.17
1.0,1,1.0,1.0,temporal_cochange,deepseek_flash,10.563155506021905,38683,localstack/2,localstack,2,1,27,0,566845,8859,0.011171,102.68
0.0,0,0.0,0.0,temporal_cochange,deepseek_flash,10.563155506021905,38683,localstack/2,localstack,2,2,32,1,677376,7153,0.012083,84.54
0.0,0,0.0,0.0,temporal_cochange,deepseek_flash,10.563155506021905,38683,localstack/2,localstack,2,3,32,1,511961,7458,0.008697,86.51
0.0,0,0.0,0.0,temporal_cochange,deepseek_flash,9.860214640302662,19153,localstack/9,localstack,9,1,30,1,438988,20660,0.012468,166.66
1.0,1,1.0,1.0,temporal_cochange,deepseek_flash,9.860214640302662,19153,localstack/9,localstack,9,2,30,1,656042,34934,0.016506,304.9
0.0,0,0.0,0.0,temporal_cochange,deepseek_flash,9.860214640302662,19153,localstack/9,localstack,9,3,30,1,655220,58553,0.024269,486.99
0.0,0,0.0,0.0,temporal_cochange,deepseek_flash,11.189312196300184,72353,pandas/26,pandas,26,1,32,1,797138,4224,0.014016,65.73
1.0,1,1.0,1.0,temporal_cochange,deepseek_flash,11.189312196300184,72353,pandas/26,pandas,26,2,20,0,277529,3371,0.004499,38.13
0.0,0,0.0,0.0,temporal_cochange,deepseek_flash,11.189312196300184,72353,pandas/26,pandas,26,3,32,1,526991,3757,0.011117,58.13
0.0,0,0.0,0.0,temporal_cochange,deepseek_flash,11.270446177349276,78468,pandas/35,pandas,35,1,32,1,511666,6084,0.008745,77.89
0.0,0,0.0,0.0,temporal_cochange,deepseek_flash,11.270446177349276,78468,pandas/35,pandas,35,2,32,1,530294,11109,0.010284,115.03
0.0,0,0.0,0.0,temporal_cochange,deepseek_flash,11.270446177349276,78468,pandas/35,pandas,35,3,32,1,318857,12494,0.008344,132.5
0.6667,0,1.0,0.5,temporal_cochange,deepseek_flash,12.08721590866289,177587,pandas/38,pandas,38,1,30,1,475008,10736,0.009288,112.82
0.5,0,0.5,0.5,temporal_cochange,deepseek_flash,12.08721590866289,177587,pandas/38,pandas,38,2,32,1,433076,7947,0.008028,94.11
0.0,0,0.0,0.0,temporal_cochange,deepseek_flash,12.08721590866289,177587,pandas/38,pandas,38,3,30,1,713851,8975,0.012677,103.84
0.5,0,0.5,0.5,temporal_cochange,deepseek_flash,10.883015959814806,53264,pandas/44,pandas,44,1,32,1,289317,8235,0.006142,91.27
0.0,0,0.0,0.0,temporal_cochange,deepseek_flash,10.883015959814806,53264,pandas/44,pandas,44,2,30,1,216346,7533,0.005037,91.63
0.0,0,0.0,0.0,temporal_cochange,deepseek_flash,10.883015959814806,53264,pandas/44,pandas,44,3,30,1,231946,9282,0.005761,110.51
0.8,0,1.0,0.6667,temporal_cochange,deepseek_flash,9.346705246496699,11461,requests/12,requests,12,1,15,0,186787,3054,0.003508,34.18
0.8,0,1.0,0.6667,temporal_cochange,deepseek_flash,9.346705246496699,11461,requests/12,requests,12,2,9,0,65209,2054,0.002451,22.91
0.8,0,1.0,0.6667,temporal_cochange,deepseek_flash,9.346705246496699,11461,requests/12,requests,12,3,7,0,53190,1812,0.002369,17.8
1.0,1,1.0,1.0,temporal_cochange,deepseek_flash,9.348274558065496,11479,requests/13,requests,13,1,27,0,302983,12861,0.008595,132.14
1.0,1,1.0,1.0,temporal_cochange,deepseek_flash,9.348274558065496,11479,requests/13,requests,13,2,16,0,273063,6124,0.004891,65.77
1.0,1,1.0,1.0,temporal_cochange,deepseek_flash,9.348274558065496,11479,requests/13,requests,13,3,22,0,215024,7250,0.004368,71.81
1.0,1,1.0,1.0,temporal_cochange,deepseek_flash,7.958576903813898,2860,requests/7,requests,7,1,8,0,42412,6015,0.00223,59.31
1.0,1,1.0,1.0,temporal_cochange,deepseek_flash,7.958576903813898,2860,requests/7,requests,7,2,10,0,48147,4122,0.001731,40.57
1.0,1,1.0,1.0,temporal_cochange,deepseek_flash,7.958576903813898,2860,requests/7,requests,7,3,7,0,26993,3912,0.001467,40.45
1.0,1,1.0,1.0,temporal_cochange,deepseek_flash,10.031000872835088,22720,rich/1,rich,1,1,8,0,29957,1599,0.000919,18.82
1.0,1,1.0,1.0,temporal_cochange,deepseek_flash,10.031000872835088,22720,rich/1,rich,1,2,4,0,12074,767,0.000535,9.45
1.0,1,1.0,1.0,temporal_cochange,deepseek_flash,10.031000872835088,22720,rich/1,rich,1,3,7,0,28024,2558,0.001215,27.43
0.4,0,1.0,0.25,temporal_cochange,deepseek_flash,10.051648903516648,23194,rich/12,rich,12,1,23,0,979771,19035,0.014526,192.18
0.4,0,1.0,0.25,temporal_cochange,deepseek_flash,10.051648903516648,23194,rich/12,rich,12,2,28,0,788202,31762,0.019035,263.81
0.4,0,1.0,0.25,temporal_cochange,deepseek_flash,10.051648903516648,23194,rich/12,rich,12,3,30,1,812563,21907,0.015489,222.94
1.0,1,1.0,1.0,temporal_cochange,deepseek_flash,10.039939675671627,22924,rich/8,rich,8,1,7,0,52275,1817,0.001698,20.09
1.0,1,1.0,1.0,temporal_cochange,deepseek_flash,10.039939675671627,22924,rich/8,rich,8,2,6,0,44487,1892,0.001753,21.24
1.0,1,1.0,1.0,temporal_cochange,deepseek_flash,10.039939675671627,22924,rich/8,rich,8,3,11,0,82798,1900,0.001885,24.11
0.0,0,0.0,0.0,temporal_cochange,deepseek_flash,11.620954417182327,111408,scikit-learn/45,scikit-learn,45,1,30,1,282377,3856,0.005191,58.17
0.6667,0,1.0,0.5,temporal_cochange,deepseek_flash,11.620954417182327,111408,scikit-learn/45,scikit-learn,45,2,24,0,201552,4072,0.003191,49.78
0.6667,0,1.0,0.5,temporal_cochange,deepseek_flash,11.620954417182327,111408,scikit-learn/45,scikit-learn,45,3,23,0,202457,4243,0.002996,51.6
1.0,1,1.0,1.0,temporal_cochange,deepseek_flash,11.55076060327325,103856,scikit-learn/49,scikit-learn,49,1,11,0,147027,3267,0.003463,33.94
1.0,1,1.0,1.0,temporal_cochange,deepseek_flash,11.55076060327325,103856,scikit-learn/49,scikit-learn,49,2,16,0,279531,6357,0.00558,57.11
1.0,1,1.0,1.0,temporal_cochange,deepseek_flash,11.55076060327325,103856,scikit-learn/49,scikit-learn,49,3,9,0,124326,2586,0.003518,23.6
1.0,1,1.0,1.0,temporal_cochange,deepseek_flash,11.525654110946952,101281,scikit-learn/5,scikit-learn,5,1,22,0,621666,49529,0.017624,457.64
1.0,1,1.0,1.0,temporal_cochange,deepseek_flash,11.525654110946952,101281,scikit-learn/5,scikit-learn,5,2,12,0,216476,22708,0.008601,174.4
1.0,1,1.0,1.0,temporal_cochange,deepseek_flash,11.525654110946952,101281,scikit-learn/5,scikit-learn,5,3,16,0,396463,33769,0.012539,317.81
1.0,1,1.0,1.0,temporal_cochange,deepseek_flash,9.796458979777604,17970,scrapy/20,scrapy,20,1,5,0,33122,858,0.001681,11.3
1.0,1,1.0,1.0,temporal_cochange,deepseek_flash,9.796458979777604,17970,scrapy/20,scrapy,20,2,6,0,35998,1089,0.001376,13.65
1.0,1,1.0,1.0,temporal_cochange,deepseek_flash,9.796458979777604,17970,scrapy/20,scrapy,20,3,7,0,42427,1406,0.001434,14.23
0.5,1,0.3333,1.0,temporal_cochange,deepseek_flash,9.655026193237628,15600,scrapy/26,scrapy,26,1,16,0,205799,3851,0.003829,40.63
0.6667,1,0.5,1.0,temporal_cochange,deepseek_flash,9.655026193237628,15600,scrapy/26,scrapy,26,2,21,0,306982,3011,0.004676,40.61
0.6667,1,0.5,1.0,temporal_cochange,deepseek_flash,9.655026193237628,15600,scrapy/26,scrapy,26,3,23,0,256372,4786,0.003848,58.92
0.0,0,0.0,0.0,temporal_cochange,deepseek_flash,9.73477299914839,16895,scrapy/48,scrapy,48,1,32,1,269721,7925,0.005735,89.07
0.6667,0,1.0,0.5,temporal_cochange,deepseek_flash,9.73477299914839,16895,scrapy/48,scrapy,48,2,29,0,231075,8650,0.005445,86.13
0.0,0,0.0,0.0,temporal_cochange,deepseek_flash,9.73477299914839,16895,scrapy/48,scrapy,48,3,32,1,265902,7904,0.005633,95.49
1.0,1,1.0,1.0,temporal_cochange,deepseek_flash,9.961803629358965,21201,stable-diffusion-webui/0,stable-diffusion-webui,0,1,4,0,69709,1708,0.003037,17.12
1.0,1,1.0,1.0,temporal_cochange,deepseek_flash,9.961803629358965,21201,stable-diffusion-webui/0,stable-diffusion-webui,0,2,8,0,158451,4612,0.004262,39.84
1.0,1,1.0,1.0,temporal_cochange,deepseek_flash,9.961803629358965,21201,stable-diffusion-webui/0,stable-diffusion-webui,0,3,12,0,247815,3749,0.004431,41.42
1.0,1,1.0,1.0,temporal_cochange,deepseek_flash,9.908425341565751,20099,stable-diffusion-webui/13,stable-diffusion-webui,13,1,21,0,408242,7517,0.005819,72.86
1.0,1,1.0,1.0,temporal_cochange,deepseek_flash,9.908425341565751,20099,stable-diffusion-webui/13,stable-diffusion-webui,13,2,21,0,836423,15407,0.01218,136.95
0.6667,1,0.5,1.0,temporal_cochange,deepseek_flash,9.908425341565751,20099,stable-diffusion-webui/13,stable-diffusion-webui,13,3,21,0,569820,16248,0.009424,141.0
0.6667,0,1.0,0.5,temporal_cochange,deepseek_flash,10.028797743501574,22670,stable-diffusion-webui/5,stable-diffusion-webui,5,1,27,0,708481,19832,0.018934,185.22
0.6667,0,1.0,0.5,temporal_cochange,deepseek_flash,10.028797743501574,22670,stable-diffusion-webui/5,stable-diffusion-webui,5,2,27,0,734926,28218,0.020261,264.38
0.6667,0,1.0,0.5,temporal_cochange,deepseek_flash,10.028797743501574,22670,stable-diffusion-webui/5,stable-diffusion-webui,5,3,21,0,562863,19756,0.011944,192.87
0.4,0,0.5,0.3333,temporal_cochange,deepseek_flash,8.483636407887394,4835,thefuck/10,thefuck,10,1,27,0,544691,27185,0.015642,249.69
0.0,0,0.0,0.0,temporal_cochange,deepseek_flash,8.483636407887394,4835,thefuck/10,thefuck,10,2,21,0,556417,19775,0.012153,180.37
0.4,0,0.5,0.3333,temporal_cochange,deepseek_flash,8.483636407887394,4835,thefuck/10,thefuck,10,3,30,1,474802,19866,0.013853,197.77
0.0,0,0.0,0.0,temporal_cochange,deepseek_flash,8.270781013162674,3908,thefuck/20,thefuck,20,1,15,0,95067,4973,0.002655,51.14
0.0,0,0.0,0.0,temporal_cochange,deepseek_flash,8.270781013162674,3908,thefuck/20,thefuck,20,2,26,0,274543,14262,0.007376,132.07
0.0,0,0.0,0.0,temporal_cochange,deepseek_flash,8.270781013162674,3908,thefuck/20,thefuck,20,3,25,0,203086,8462,0.004143,90.74
1.0,1,1.0,1.0,temporal_cochange,deepseek_flash,7.822845290279774,2497,thefuck/5,thefuck,5,1,19,0,146850,5580,0.00326,58.24
1.0,1,1.0,1.0,temporal_cochange,deepseek_flash,7.822845290279774,2497,thefuck/5,thefuck,5,2,14,0,102616,2998,0.002315,41.49
1.0,1,1.0,1.0,temporal_cochange,deepseek_flash,7.822845290279774,2497,thefuck/5,thefuck,5,3,13,0,123425,6185,0.003381,55.03
1.0,1,1.0,1.0,temporal_cochange,deepseek_flash,12.430331574579306,250279,transformers/25,transformers,25,1,13,0,59001,3576,0.001833,34.59
1.0,1,1.0,1.0,temporal_cochange,deepseek_flash,12.430331574579306,250279,transformers/25,transformers,25,2,9,0,37463,2713,0.001403,25.71
1.0,1,1.0,1.0,temporal_cochange,deepseek_flash,12.430331574579306,250279,transformers/25,transformers,25,3,11,0,50452,3984,0.001892,40.5
0.1538,0,1.0,0.0833,temporal_cochange,deepseek_flash,12.407424472605875,244611,transformers/27,transformers,27,1,11,0,93350,2406,0.002257,27.44
0.1538,0,1.0,0.0833,temporal_cochange,deepseek_flash,12.407424472605875,244611,transformers/27,transformers,27,2,8,0,67014,2056,0.002072,20.12
0.1538,0,1.0,0.0833,temporal_cochange,deepseek_flash,12.407424472605875,244611,transformers/27,transformers,27,3,5,0,25613,1243,0.001071,15.64
0.0,0,0.0,0.0,temporal_cochange,deepseek_flash,11.587420505060633,107734,transformers/5,transformers,5,1,32,1,595625,6145,0.011051,78.2
0.8889,0,1.0,0.8,temporal_cochange,deepseek_flash,11.587420505060633,107734,transformers/5,transformers,5,2,30,0,722736,7674,0.013996,80.32
0.8889,0,1.0,0.8,temporal_cochange,deepseek_flash,11.587420505060633,107734,transformers/5,transformers,5,3,27,0,1257550,9428,0.021573,101.95
1.0,1,1.0,1.0,temporal_cochange,deepseek_flash,12.095096391086711,178992,yt-dlp/23,yt-dlp,23,1,14,0,119247,9273,0.003889,89.19
1.0,1,1.0,1.0,temporal_cochange,deepseek_flash,12.095096391086711,178992,yt-dlp/23,yt-dlp,23,2,30,1,615075,16201,0.011988,156.71
1.0,1,1.0,1.0,temporal_cochange,deepseek_flash,12.095096391086711,178992,yt-dlp/23,yt-dlp,23,3,26,0,442489,16162,0.010452,147.43
0.4,1,0.25,1.0,temporal_cochange,deepseek_flash,12.1489730534896,188900,yt-dlp/41,yt-dlp,41,1,28,0,531002,16792,0.012115,153.05
0.4,1,0.25,1.0,temporal_cochange,deepseek_flash,12.1489730534896,188900,yt-dlp/41,yt-dlp,41,2,32,1,752202,16362,0.013898,175.78
0.5,1,0.3333,1.0,temporal_cochange,deepseek_flash,12.1489730534896,188900,yt-dlp/41,yt-dlp,41,3,30,1,529095,17341,0.011773,154.85
0.0,0,0.0,0.0,temporal_cochange,deepseek_flash,12.198660241414718,198523,yt-dlp/45,yt-dlp,45,1,30,1,745606,7718,0.011836,88.91
0.0,0,0.0,0.0,temporal_cochange,deepseek_flash,12.198660241414718,198523,yt-dlp/45,yt-dlp,45,2,30,1,611289,10046,0.01042,113.08
0.6667,0,1.0,0.5,temporal_cochange,deepseek_flash,12.198660241414718,198523,yt-dlp/45,yt-dlp,45,3,30,0,384268,9024,0.007503,101.3
1.0,1,1.0,1.0,temporal_cochange,nemotron_super,12.068688124847148,174327,core/16,core,16,1,10,0,86042,24451,0.017094,425.83
1.0,1,1.0,1.0,temporal_cochange,nemotron_super,12.068688124847148,174327,core/16,core,16,2,9,0,50373,21664,0.012947,306.77
1.0,1,1.0,1.0,temporal_cochange,nemotron_super,12.068688124847148,174327,core/16,core,16,3,12,0,112254,32881,0.022694,430.47
1.0,1,1.0,1.0,temporal_cochange,nemotron_super,11.506545154005941,99364,core/20,core,20,1,7,0,42157,23353,0.012925,322.74
1.0,1,1.0,1.0,temporal_cochange,nemotron_super,11.506545154005941,99364,core/20,core,20,2,11,0,65993,26449,0.016189,439.18
1.0,1,1.0,1.0,temporal_cochange,nemotron_super,11.506545154005941,99364,core/20,core,20,3,8,0,54618,17478,0.011634,158.61
0.0,0,0.0,0.0,temporal_cochange,nemotron_super,8.579980179515003,5324,fastapi/17,fastapi,17,1,12,0,110099,21558,0.017982,438.33
0.0,0,0.0,0.0,temporal_cochange,nemotron_super,8.579980179515003,5324,fastapi/17,fastapi,17,2,12,0,111390,41447,0.026047,620.43
0.0,0,0.0,0.0,temporal_cochange,nemotron_super,8.579980179515003,5324,fastapi/17,fastapi,17,3,12,0,153580,40712,0.029339,502.83
0.0,0,0.0,0.0,temporal_cochange,nemotron_super,8.518991573357617,5009,fastapi/20,fastapi,20,1,20,0,257730,38283,0.03722,483.79
0.0,0,0.0,0.0,temporal_cochange,nemotron_super,8.518991573357617,5009,fastapi/20,fastapi,20,2,15,0,225351,38491,0.034551,490.61
0.0,0,0.0,0.0,temporal_cochange,nemotron_super,8.518991573357617,5009,fastapi/20,fastapi,20,3,8,0,57448,18402,0.012244,219.28
0.5,0,1.0,0.3333,temporal_cochange,nemotron_super,8.482187582217422,4828,fastapi/9,fastapi,9,1,6,0,41180,13738,0.008996,337.01
0.5,0,1.0,0.3333,temporal_cochange,nemotron_super,8.482187582217422,4828,fastapi/9,fastapi,9,2,7,0,52450,25766,0.014765,331.21
0.5,0,1.0,0.3333,temporal_cochange,nemotron_super,8.482187582217422,4828,fastapi/9,fastapi,9,3,11,0,104518,37037,0.023699,736.54
0.0,0,0.0,0.0,temporal_cochange,nemotron_super,8.808369153122275,6690,flask/18,flask,18,1,15,0,168347,42356,0.031252,794.81
0.6667,0,1.0,0.5,temporal_cochange,nemotron_super,8.808369153122275,6690,flask/18,flask,18,2,9,0,69385,15824,0.012227,212.7
0.6667,0,1.0,0.5,temporal_cochange,nemotron_super,8.808369153122275,6690,flask/18,flask,18,3,16,0,163070,40948,0.03024,500.5
1.0,1,1.0,1.0,temporal_cochange,nemotron_super,8.899457906353966,7328,flask/3,flask,3,1,15,0,159326,27171,0.024411,356.06
1.0,1,1.0,1.0,temporal_cochange,nemotron_super,8.899457906353966,7328,flask/3,flask,3,2,14,0,41996,18056,0.010792,219.97
1.0,1,1.0,1.0,temporal_cochange,nemotron_super,8.899457906353966,7328,flask/3,flask,3,3,11,0,102748,26848,0.019473,369.89
1.0,1,1.0,1.0,temporal_cochange,nemotron_super,8.827468112520654,6819,flask/6,flask,6,1,12,0,83430,18723,0.014581,497.7
1.0,1,1.0,1.0,temporal_cochange,nemotron_super,8.827468112520654,6819,flask/6,flask,6,2,8,0,105754,44237,0.026684,619.48
1.0,1,1.0,1.0,temporal_cochange,nemotron_super,8.827468112520654,6819,flask/6,flask,6,3,10,0,125877,34652,0.02456,711.12
0.0,0,0.0,0.0,temporal_cochange,nemotron_super,8.341410211461865,4194,gpt-engineer/11,gpt-engineer,11,1,19,0,184031,55219,0.03773,693.65
0.0,0,0.0,0.0,temporal_cochange,nemotron_super,8.341410211461865,4194,gpt-engineer/11,gpt-engineer,11,2,19,0,221036,52849,0.039928,760.02
0.0,0,0.0,0.0,temporal_cochange,nemotron_super,8.341410211461865,4194,gpt-engineer/11,gpt-engineer,11,3,10,0,47963,17238,0.010972,365.68
0.4,0,1.0,0.25,temporal_cochange,nemotron_super,8.029432840581244,3070,gpt-engineer/12,gpt-engineer,12,1,6,0,18648,16327,0.008116,274.14
0.4,0,1.0,0.25,temporal_cochange,nemotron_super,8.029432840581244,3070,gpt-engineer/12,gpt-engineer,12,2,12,0,55463,22030,0.013526,296.47
0.4,0,1.0,0.25,temporal_cochange,nemotron_super,8.029432840581244,3070,gpt-engineer/12,gpt-engineer,12,3,24,0,190261,38691,0.031649,388.74
0.6667,1,0.5,1.0,temporal_cochange,nemotron_super,8.36380888451688,4289,gpt-engineer/9,gpt-engineer,9,1,14,0,144411,40405,0.028437,698.92
1.0,1,1.0,1.0,temporal_cochange,nemotron_super,8.36380888451688,4289,gpt-engineer/9,gpt-engineer,9,2,15,0,141647,34876,0.02599,389.81
1.0,1,1.0,1.0,temporal_cochange,nemotron_super,8.36380888451688,4289,gpt-engineer/9,gpt-engineer,9,3,15,0,147132,45711,0.030791,603.57
0.0,0,0.0,0.0,temporal_cochange,nemotron_super,10.196231790580173,26802,keras/12,keras,12,1,9,0,27904,18779,0.009883,229.8
0.0,0,0.0,0.0,temporal_cochange,nemotron_super,10.196231790580173,26802,keras/12,keras,12,2,8,0,20326,10036,0.005742,118.41
0.0,0,0.0,0.0,temporal_cochange,nemotron_super,10.196231790580173,26802,keras/12,keras,12,3,13,0,86418,40199,0.023425,417.7
0.0,0,0.0,0.0,temporal_cochange,nemotron_super,10.349134450277123,31230,keras/5,keras,5,1,32,1,505324,42173,0.059822,670.3
1.0,1,1.0,1.0,temporal_cochange,nemotron_super,10.349134450277123,31230,keras/5,keras,5,2,18,0,369450,55900,0.053763,826.19
1.0,1,1.0,1.0,temporal_cochange,nemotron_super,10.349134450277123,31230,keras/5,keras,5,3,15,0,201695,32665,0.03021,459.41
1.0,1,1.0,1.0,temporal_cochange,nemotron_super,10.444153492313001,34343,keras/9,keras,9,1,8,0,43094,25170,0.013731,342.85
1.0,1,1.0,1.0,temporal_cochange,nemotron_super,10.444153492313001,34343,keras/9,keras,9,2,6,0,25608,15735,0.008471,181.54
1.0,1,1.0,1.0,temporal_cochange,nemotron_super,10.444153492313001,34343,keras/9,keras,9,3,7,0,34609,17556,0.009964,228.88
0.0,0,0.0,0.0,temporal_cochange,nemotron_super,9.61953186182516,15056,localstack/19,localstack,19,1,22,0,142770,24904,0.022097,250.01
0.0,0,0.0,0.0,temporal_cochange,nemotron_super,9.61953186182516,15056,localstack/19,localstack,19,2,21,0,73927,18814,0.013809,205.71
0.0,0,0.0,0.0,temporal_cochange,nemotron_super,9.61953186182516,15056,localstack/19,localstack,19,3,14,0,36477,7882,0.006253,94.65
1.0,1,1.0,1.0,temporal_cochange,nemotron_super,10.563155506021905,38683,localstack/2,localstack,2,1,20,0,249513,46864,0.039954,631.09
1.0,1,1.0,1.0,temporal_cochange,nemotron_super,10.563155506021905,38683,localstack/2,localstack,2,2,27,0,491517,20951,0.050159,305.06
1.0,1,1.0,1.0,temporal_cochange,nemotron_super,10.563155506021905,38683,localstack/2,localstack,2,3,12,0,175901,17908,0.022115,260.58
1.0,1,1.0,1.0,temporal_cochange,nemotron_super,9.860214640302662,19153,localstack/9,localstack,9,1,13,0,152625,49250,0.032673,581.69
1.0,1,1.0,1.0,temporal_cochange,nemotron_super,9.860214640302662,19153,localstack/9,localstack,9,2,11,0,128556,41161,0.027392,463.31
1.0,1,1.0,1.0,temporal_cochange,nemotron_super,9.860214640302662,19153,localstack/9,localstack,9,3,13,0,146499,41651,0.029113,413.33
0.0,0,0.0,0.0,temporal_cochange,nemotron_super,11.189312196300184,72353,pandas/26,pandas,26,1,32,1,1003485,14873,0.091245,352.74
0.6667,0,1.0,0.5,temporal_cochange,nemotron_super,11.189312196300184,72353,pandas/26,pandas,26,2,30,1,756119,12897,0.069429,267.99
0.0,0,0.0,0.0,temporal_cochange,nemotron_super,11.189312196300184,72353,pandas/26,pandas,26,3,32,1,428302,11449,0.040985,140.99
0.0,0,0.0,0.0,temporal_cochange,nemotron_super,11.270446177349276,78468,pandas/35,pandas,35,1,32,1,160740,7532,0.016676,189.34
0.0,0,0.0,0.0,temporal_cochange,nemotron_super,11.270446177349276,78468,pandas/35,pandas,35,2,30,1,417958,31491,0.048123,647.97
0.0,0,0.0,0.0,temporal_cochange,nemotron_super,11.270446177349276,78468,pandas/35,pandas,35,3,32,1,538729,33127,0.059043,488.2
0.6667,0,1.0,0.5,temporal_cochange,nemotron_super,12.08721590866289,177587,pandas/38,pandas,38,1,9,0,75109,24371,0.016133,331.87
0.6667,0,1.0,0.5,temporal_cochange,nemotron_super,12.08721590866289,177587,pandas/38,pandas,38,2,9,0,58129,23304,0.014263,313.73
0.6667,0,1.0,0.5,temporal_cochange,nemotron_super,12.08721590866289,177587,pandas/38,pandas,38,3,5,0,37098,16784,0.009867,216.97
0.6667,0,1.0,0.5,temporal_cochange,nemotron_super,10.883015959814806,53264,pandas/44,pandas,44,1,20,0,87685,26338,0.017988,473.99
0.0,0,0.0,0.0,temporal_cochange,nemotron_super,10.883015959814806,53264,pandas/44,pandas,44,2,26,0,140257,50095,0.03196,499.11
0.0,0,0.0,0.0,temporal_cochange,nemotron_super,10.883015959814806,53264,pandas/44,pandas,44,3,12,0,43524,18382,0.011052,191.48
0.8,0,1.0,0.6667,temporal_cochange,nemotron_super,9.346705246496699,11461,requests/12,requests,12,1,14,0,99772,29502,0.020281,524.71
0.8,0,1.0,0.6667,temporal_cochange,nemotron_super,9.346705246496699,11461,requests/12,requests,12,2,16,0,135114,25202,0.021565,340.72
0.8,0,1.0,0.6667,temporal_cochange,nemotron_super,9.346705246496699,11461,requests/12,requests,12,3,19,0,137428,30701,0.023962,313.62
1.0,1,1.0,1.0,temporal_cochange,nemotron_super,9.348274558065496,11479,requests/13,requests,13,1,7,0,24202,14194,0.007735,169.82
1.0,1,1.0,1.0,temporal_cochange,nemotron_super,9.348274558065496,11479,requests/13,requests,13,2,8,0,36240,12764,0.008186,146.47
1.0,1,1.0,1.0,temporal_cochange,nemotron_super,9.348274558065496,11479,requests/13,requests,13,3,7,0,37819,29045,0.014833,371.05
1.0,1,1.0,1.0,temporal_cochange,nemotron_super,7.958576903813898,2860,requests/7,requests,7,1,7,0,28374,11385,0.006966,129.24
1.0,1,1.0,1.0,temporal_cochange,nemotron_super,7.958576903813898,2860,requests/7,requests,7,2,10,0,49225,31698,0.016863,528.45
1.0,1,1.0,1.0,temporal_cochange,nemotron_super,7.958576903813898,2860,requests/7,requests,7,3,19,0,79325,75912,0.037107,750.53
1.0,1,1.0,1.0,temporal_cochange,nemotron_super,10.031000872835088,22720,rich/1,rich,1,1,8,0,72304,8440,0.009522,98.6
1.0,1,1.0,1.0,temporal_cochange,nemotron_super,10.031000872835088,22720,rich/1,rich,1,2,20,0,90140,26496,0.01826,385.57
1.0,1,1.0,1.0,temporal_cochange,nemotron_super,10.031000872835088,22720,rich/1,rich,1,3,6,0,46156,9721,0.007812,142.33
0.4,0,1.0,0.25,temporal_cochange,nemotron_super,10.051648903516648,23194,rich/12,rich,12,1,10,0,109385,40311,0.025422,522.16
0.4,0,1.0,0.25,temporal_cochange,nemotron_super,10.051648903516648,23194,rich/12,rich,12,2,9,0,73426,21180,0.014713,388.68
0.4,0,1.0,0.25,temporal_cochange,nemotron_super,10.051648903516648,23194,rich/12,rich,12,3,10,0,116253,16969,0.016669,258.94
1.0,1,1.0,1.0,temporal_cochange,nemotron_super,10.039939675671627,22924,rich/8,rich,8,1,11,0,77582,28375,0.017944,416.33
1.0,1,1.0,1.0,temporal_cochange,nemotron_super,10.039939675671627,22924,rich/8,rich,8,2,12,0,85775,19791,0.015207,232.15
1.0,1,1.0,1.0,temporal_cochange,nemotron_super,10.039939675671627,22924,rich/8,rich,8,3,11,0,71093,19705,0.013925,267.76
0.6667,0,1.0,0.5,temporal_cochange,nemotron_super,11.620954417182327,111408,scikit-learn/45,scikit-learn,45,1,14,0,42654,12081,0.008458,146.23
0.6667,0,1.0,0.5,temporal_cochange,nemotron_super,11.620954417182327,111408,scikit-learn/45,scikit-learn,45,2,30,1,217634,35435,0.032673,498.51
0.6667,0,1.0,0.5,temporal_cochange,nemotron_super,11.620954417182327,111408,scikit-learn/45,scikit-learn,45,3,20,0,162273,23520,0.023201,199.95
1.0,1,1.0,1.0,temporal_cochange,nemotron_super,11.55076060327325,103856,scikit-learn/49,scikit-learn,49,1,22,0,393969,23337,0.042822,368.55
1.0,1,1.0,1.0,temporal_cochange,nemotron_super,11.55076060327325,103856,scikit-learn/49,scikit-learn,49,2,18,0,136494,19161,0.019266,343.33
1.0,1,1.0,1.0,temporal_cochange,nemotron_super,11.55076060327325,103856,scikit-learn/49,scikit-learn,49,3,23,0,304717,22492,0.034898,308.68
1.0,1,1.0,1.0,temporal_cochange,nemotron_super,11.525654110946952,101281,scikit-learn/5,scikit-learn,5,1,7,0,26409,13299,0.007564,205.99
1.0,1,1.0,1.0,temporal_cochange,nemotron_super,11.525654110946952,101281,scikit-learn/5,scikit-learn,5,2,7,0,26372,8641,0.005698,88.78
1.0,1,1.0,1.0,temporal_cochange,nemotron_super,11.525654110946952,101281,scikit-learn/5,scikit-learn,5,3,7,0,26297,10367,0.006382,124.28
1.0,1,1.0,1.0,temporal_cochange,nemotron_super,9.796458979777604,17970,scrapy/20,scrapy,20,1,8,0,42673,6300,0.006147,74.35
1.0,1,1.0,1.0,temporal_cochange,nemotron_super,9.796458979777604,17970,scrapy/20,scrapy,20,2,11,0,62545,9244,0.009014,117.13
1.0,1,1.0,1.0,temporal_cochange,nemotron_super,9.796458979777604,17970,scrapy/20,scrapy,20,3,7,0,35216,6591,0.00563,119.85
1.0,1,1.0,1.0,temporal_cochange,nemotron_super,9.655026193237628,15600,scrapy/26,scrapy,26,1,6,0,29844,18935,0.010111,247.95
1.0,1,1.0,1.0,temporal_cochange,nemotron_super,9.655026193237628,15600,scrapy/26,scrapy,26,2,7,0,38580,22853,0.01242,301.04
1.0,1,1.0,1.0,temporal_cochange,nemotron_super,9.655026193237628,15600,scrapy/26,scrapy,26,3,10,0,78849,23699,0.016182,493.53
0.6667,0,1.0,0.5,temporal_cochange,nemotron_super,9.73477299914839,16895,scrapy/48,scrapy,48,1,23,0,146414,40498,0.028644,408.69
0.0,0,0.0,0.0,temporal_cochange,nemotron_super,9.73477299914839,16895,scrapy/48,scrapy,48,2,16,0,65034,19454,0.013309,382.78
0.0,0,0.0,0.0,temporal_cochange,nemotron_super,9.73477299914839,16895,scrapy/48,scrapy,48,3,20,0,141205,30318,0.02413,298.26
1.0,1,1.0,1.0,temporal_cochange,nemotron_super,9.961803629358965,21201,stable-diffusion-webui/0,stable-diffusion-webui,0,1,4,0,70091,3155,0.00722,43.97
1.0,1,1.0,1.0,temporal_cochange,nemotron_super,9.961803629358965,21201,stable-diffusion-webui/0,stable-diffusion-webui,0,2,8,0,154855,9558,0.016986,134.82
1.0,1,1.0,1.0,temporal_cochange,nemotron_super,9.961803629358965,21201,stable-diffusion-webui/0,stable-diffusion-webui,0,3,4,0,70860,7254,0.008925,84.29
1.0,1,1.0,1.0,temporal_cochange,nemotron_super,9.908425341565751,20099,stable-diffusion-webui/13,stable-diffusion-webui,13,1,30,0,969405,46816,0.101126,693.43
0.6667,1,0.5,1.0,temporal_cochange,nemotron_super,9.908425341565751,20099,stable-diffusion-webui/13,stable-diffusion-webui,13,2,26,0,606380,24732,0.061435,350.99
0.0,0,0.0,0.0,temporal_cochange,nemotron_super,9.908425341565751,20099,stable-diffusion-webui/13,stable-diffusion-webui,13,3,32,1,797094,39560,0.083577,490.31
0.6667,0,1.0,0.5,temporal_cochange,nemotron_super,10.028797743501574,22670,stable-diffusion-webui/5,stable-diffusion-webui,5,1,30,1,322757,24336,0.037169,309.47
0.0,0,0.0,0.0,temporal_cochange,nemotron_super,10.028797743501574,22670,stable-diffusion-webui/5,stable-diffusion-webui,5,2,17,0,194970,24791,0.026489,340.44
0.6667,0,1.0,0.5,temporal_cochange,nemotron_super,10.028797743501574,22670,stable-diffusion-webui/5,stable-diffusion-webui,5,3,13,0,89889,28700,0.019121,350.03
0.0,0,0.0,0.0,temporal_cochange,nemotron_super,8.483636407887394,4835,thefuck/10,thefuck,10,1,14,0,89901,67735,0.034736,849.12
0.0,0,0.0,0.0,temporal_cochange,nemotron_super,8.483636407887394,4835,thefuck/10,thefuck,10,2,8,0,28499,17703,0.009504,191.63
0.0,0,0.0,0.0,temporal_cochange,nemotron_super,8.483636407887394,4835,thefuck/10,thefuck,10,3,8,0,28409,24881,0.012367,257.02
0.0,0,0.0,0.0,temporal_cochange,nemotron_super,8.270781013162674,3908,thefuck/20,thefuck,20,1,32,1,194385,32654,0.029584,390.52
0.0,0,0.0,0.0,temporal_cochange,nemotron_super,8.270781013162674,3908,thefuck/20,thefuck,20,2,20,0,101659,33704,0.022123,569.66
0.0,0,0.0,0.0,temporal_cochange,nemotron_super,8.270781013162674,3908,thefuck/20,thefuck,20,3,32,1,206698,37177,0.03244,533.99
1.0,1,1.0,1.0,temporal_cochange,nemotron_super,7.822845290279774,2497,thefuck/5,thefuck,5,1,9,0,33832,25726,0.013166,255.42
1.0,1,1.0,1.0,temporal_cochange,nemotron_super,7.822845290279774,2497,thefuck/5,thefuck,5,2,29,0,206938,57862,0.040735,870.7
1.0,1,1.0,1.0,temporal_cochange,nemotron_super,7.822845290279774,2497,thefuck/5,thefuck,5,3,22,0,160727,50370,0.03381,629.37
1.0,1,1.0,1.0,temporal_cochange,nemotron_super,12.430331574579306,250279,transformers/25,transformers,25,1,8,0,42232,9211,0.007274,125.05
1.0,1,1.0,1.0,temporal_cochange,nemotron_super,12.430331574579306,250279,transformers/25,transformers,25,2,20,0,115136,22491,0.018783,306.0
1.0,1,1.0,1.0,temporal_cochange,nemotron_super,12.430331574579306,250279,transformers/25,transformers,25,3,18,0,99968,16395,0.015055,190.67
0.1538,0,1.0,0.0833,temporal_cochange,nemotron_super,12.407424472605875,244611,transformers/27,transformers,27,1,5,0,17836,2322,0.002445,41.08
0.1538,0,1.0,0.0833,temporal_cochange,nemotron_super,12.407424472605875,244611,transformers/27,transformers,27,2,4,0,16595,1422,0.001979,33.98
0.1538,0,1.0,0.0833,temporal_cochange,nemotron_super,12.407424472605875,244611,transformers/27,transformers,27,3,7,0,37961,1731,0.003919,27.05
0.0,0,0.0,0.0,temporal_cochange,nemotron_super,11.587420505060633,107734,transformers/5,transformers,5,1,30,1,871912,36798,0.088832,437.89
0.75,0,1.0,0.6,temporal_cochange,nemotron_super,11.587420505060633,107734,transformers/5,transformers,5,2,30,1,963695,44374,0.099664,554.42
0.8889,0,1.0,0.8,temporal_cochange,nemotron_super,11.587420505060633,107734,transformers/5,transformers,5,3,32,1,925314,29378,0.090403,239.14
1.0,1,1.0,1.0,temporal_cochange,nemotron_super,12.095096391086711,178992,yt-dlp/23,yt-dlp,23,1,4,0,29569,13375,0.007863,287.23
1.0,1,1.0,1.0,temporal_cochange,nemotron_super,12.095096391086711,178992,yt-dlp/23,yt-dlp,23,2,5,0,39315,7592,0.006379,113.05
1.0,1,1.0,1.0,temporal_cochange,nemotron_super,12.095096391086711,178992,yt-dlp/23,yt-dlp,23,3,4,0,29561,9655,0.006375,160.9
0.0,0,0.0,0.0,temporal_cochange,nemotron_super,12.1489730534896,188900,yt-dlp/41,yt-dlp,41,1,26,0,255049,37501,0.03668,379.86
0.0,0,0.0,0.0,temporal_cochange,nemotron_super,12.1489730534896,188900,yt-dlp/41,yt-dlp,41,2,24,0,218747,19485,0.026387,248.92
0.0,0,0.0,0.0,temporal_cochange,nemotron_super,12.1489730534896,188900,yt-dlp/41,yt-dlp,41,3,13,0,100710,16575,0.01519,188.29
0.6667,0,1.0,0.5,temporal_cochange,nemotron_super,12.198660241414718,198523,yt-dlp/45,yt-dlp,45,1,23,0,277758,36638,0.038265,726.63
0.6667,0,1.0,0.5,temporal_cochange,nemotron_super,12.198660241414718,198523,yt-dlp/45,yt-dlp,45,2,14,0,197698,22461,0.025789,331.14
0.6667,0,1.0,0.5,temporal_cochange,nemotron_super,12.198660241414718,198523,yt-dlp/45,yt-dlp,45,3,26,0,750862,59858,0.087766,761.23
1.0,1,1.0,1.0,all_tools,ministral_3b,12.068688124847148,174327,core/16,core,16,1,12,0,46552,1262,0.001141,8.77
1.0,1,1.0,1.0,all_tools,ministral_3b,12.068688124847148,174327,core/16,core,16,2,13,0,86336,971,0.002556,8.78
0.6667,1,0.5,1.0,all_tools,ministral_3b,12.068688124847148,174327,core/16,core,16,3,14,0,82906,1675,0.003447,12.92
1.0,1,1.0,1.0,all_tools,ministral_3b,11.506545154005941,99364,core/20,core,20,1,10,0,52443,1677,0.00153,10.1
0.0,0,0.0,0.0,all_tools,ministral_3b,11.506545154005941,99364,core/20,core,20,2,8,0,45604,2102,0.001729,10.76
1.0,1,1.0,1.0,all_tools,ministral_3b,11.506545154005941,99364,core/20,core,20,3,10,0,55053,2002,0.002088,17.16
0.0,0,0.0,0.0,all_tools,ministral_3b,8.579980179515003,5324,fastapi/17,fastapi,17,1,9,0,49552,2197,0.001247,10.47
0.0,0,0.0,0.0,all_tools,ministral_3b,8.579980179515003,5324,fastapi/17,fastapi,17,2,22,0,192000,3749,0.004127,21.93
0.0,0,0.0,0.0,all_tools,ministral_3b,8.579980179515003,5324,fastapi/17,fastapi,17,3,22,0,177651,4200,0.0042,24.0
0.0,0,0.0,0.0,all_tools,ministral_3b,8.518991573357617,5009,fastapi/20,fastapi,20,1,26,0,206412,3987,0.004969,23.43
0.0,0,0.0,0.0,all_tools,ministral_3b,8.518991573357617,5009,fastapi/20,fastapi,20,2,30,1,324828,2026,0.00627,19.5
0.0,0,0.0,0.0,all_tools,ministral_3b,8.518991573357617,5009,fastapi/20,fastapi,20,3,26,0,122499,2824,0.00312,22.35
0.5,0,1.0,0.3333,all_tools,ministral_3b,8.482187582217422,4828,fastapi/9,fastapi,9,1,12,0,75445,1612,0.002291,14.45
0.5,0,1.0,0.3333,all_tools,ministral_3b,8.482187582217422,4828,fastapi/9,fastapi,9,2,15,0,99101,1804,0.002556,14.95
0.5,0,1.0,0.3333,all_tools,ministral_3b,8.482187582217422,4828,fastapi/9,fastapi,9,3,20,0,131348,2165,0.003698,17.29
0.6667,0,1.0,0.5,all_tools,ministral_3b,8.808369153122275,6690,flask/18,flask,18,1,11,0,95440,1591,0.003448,9.46
0.6667,0,1.0,0.5,all_tools,ministral_3b,8.808369153122275,6690,flask/18,flask,18,2,20,0,283240,1836,0.006332,13.85
0.6667,0,1.0,0.5,all_tools,ministral_3b,8.808369153122275,6690,flask/18,flask,18,3,23,0,419853,2279,0.00937,19.69
1.0,1,1.0,1.0,all_tools,ministral_3b,8.899457906353966,7328,flask/3,flask,3,1,16,0,152559,3298,0.003974,17.83
1.0,1,1.0,1.0,all_tools,ministral_3b,8.899457906353966,7328,flask/3,flask,3,2,7,0,40728,1139,0.001387,6.42
1.0,1,1.0,1.0,all_tools,ministral_3b,8.899457906353966,7328,flask/3,flask,3,3,8,0,57957,1303,0.002574,14.04
1.0,1,1.0,1.0,all_tools,ministral_3b,8.827468112520654,6819,flask/6,flask,6,1,9,0,48079,601,0.001527,4.86
1.0,1,1.0,1.0,all_tools,ministral_3b,8.827468112520654,6819,flask/6,flask,6,2,11,0,45565,846,0.001277,7.04
1.0,1,1.0,1.0,all_tools,ministral_3b,8.827468112520654,6819,flask/6,flask,6,3,6,0,31650,1075,0.001694,13.0
0.0,0,0.0,0.0,all_tools,ministral_3b,8.341410211461865,4194,gpt-engineer/11,gpt-engineer,11,1,11,0,45080,1354,0.001418,7.62
0.6667,1,0.5,1.0,all_tools,ministral_3b,8.341410211461865,4194,gpt-engineer/11,gpt-engineer,11,2,8,0,23606,807,0.000529,4.74
0.0,0,0.0,0.0,all_tools,ministral_3b,8.341410211461865,4194,gpt-engineer/11,gpt-engineer,11,3,13,0,53049,1746,0.001931,23.39
0.4,0,1.0,0.25,all_tools,ministral_3b,8.029432840581244,3070,gpt-engineer/12,gpt-engineer,12,1,6,0,26375,1178,0.000831,6.3
0.4,0,1.0,0.25,all_tools,ministral_3b,8.029432840581244,3070,gpt-engineer/12,gpt-engineer,12,2,11,0,48146,1043,0.001209,7.72
0.4,0,1.0,0.25,all_tools,ministral_3b,8.029432840581244,3070,gpt-engineer/12,gpt-engineer,12,3,10,0,48715,1690,0.001953,10.52
0.0,0,0.0,0.0,all_tools,ministral_3b,8.36380888451688,4289,gpt-engineer/9,gpt-engineer,9,1,14,0,134954,2130,0.004297,12.3
0.6667,1,0.5,1.0,all_tools,ministral_3b,8.36380888451688,4289,gpt-engineer/9,gpt-engineer,9,2,16,0,115497,2755,0.003346,18.83
1.0,1,1.0,1.0,all_tools,ministral_3b,8.36380888451688,4289,gpt-engineer/9,gpt-engineer,9,3,13,0,58631,1783,0.002263,14.31
0.0,0,0.0,0.0,all_tools,ministral_3b,10.196231790580173,26802,keras/12,keras,12,1,15,0,174455,2271,0.006268,14.27
0.0,0,0.0,0.0,all_tools,ministral_3b,10.196231790580173,26802,keras/12,keras,12,2,11,0,73432,1519,0.002518,10.81
0.0,0,0.0,0.0,all_tools,ministral_3b,10.196231790580173,26802,keras/12,keras,12,3,12,0,55716,1255,0.002472,39.62
1.0,1,1.0,1.0,all_tools,ministral_3b,10.349134450277123,31230,keras/5,keras,5,1,14,0,209183,2129,0.006512,15.88
1.0,1,1.0,1.0,all_tools,ministral_3b,10.349134450277123,31230,keras/5,keras,5,2,13,0,113083,2587,0.00371,13.0
1.0,1,1.0,1.0,all_tools,ministral_3b,10.349134450277123,31230,keras/5,keras,5,3,15,0,192636,1525,0.007516,43.55
1.0,1,1.0,1.0,all_tools,ministral_3b,10.444153492313001,34343,keras/9,keras,9,1,12,0,83933,1364,0.002896,8.29
1.0,1,1.0,1.0,all_tools,ministral_3b,10.444153492313001,34343,keras/9,keras,9,2,10,0,64028,1204,0.002422,8.79
1.0,1,1.0,1.0,all_tools,ministral_3b,10.444153492313001,34343,keras/9,keras,9,3,13,0,107621,1270,0.003367,13.32
0.25,0,1.0,0.1429,all_tools,ministral_3b,9.61953186182516,15056,localstack/19,localstack,19,1,17,0,144292,967,0.003017,8.7
0.25,0,1.0,0.1429,all_tools,ministral_3b,9.61953186182516,15056,localstack/19,localstack,19,2,10,0,75846,675,0.002802,5.48
0.3636,0,0.5,0.2857,all_tools,ministral_3b,9.61953186182516,15056,localstack/19,localstack,19,3,17,0,48009,1332,0.001017,9.98
0.6667,1,0.5,1.0,all_tools,ministral_3b,10.563155506021905,38683,localstack/2,localstack,2,1,20,0,277796,1453,0.006071,13.48
1.0,1,1.0,1.0,all_tools,ministral_3b,10.563155506021905,38683,localstack/2,localstack,2,2,23,0,421501,2501,0.009361,18.13
1.0,1,1.0,1.0,all_tools,ministral_3b,10.563155506021905,38683,localstack/2,localstack,2,3,26,0,369806,2088,0.010498,23.67
1.0,1,1.0,1.0,all_tools,ministral_3b,9.860214640302662,19153,localstack/9,localstack,9,1,18,0,158317,2426,0.00384,16.94
1.0,1,1.0,1.0,all_tools,ministral_3b,9.860214640302662,19153,localstack/9,localstack,9,2,19,0,165635,3129,0.004423,18.9
1.0,1,1.0,1.0,all_tools,ministral_3b,9.860214640302662,19153,localstack/9,localstack,9,3,20,0,176170,2382,0.005702,41.22
0.6667,0,1.0,0.5,all_tools,ministral_3b,11.189312196300184,72353,pandas/26,pandas,26,1,26,0,568769,1784,0.011701,19.1
0.6667,0,1.0,0.5,all_tools,ministral_3b,11.189312196300184,72353,pandas/26,pandas,26,2,23,0,424831,1917,0.011905,19.06
0.6667,0,1.0,0.5,all_tools,ministral_3b,11.189312196300184,72353,pandas/26,pandas,26,3,26,0,405088,1334,0.009008,16.34
0.0,0,0.0,0.0,all_tools,ministral_3b,11.270446177349276,78468,pandas/35,pandas,35,1,27,0,674008,1561,0.012895,23.8
0.0,0,0.0,0.0,all_tools,ministral_3b,11.270446177349276,78468,pandas/35,pandas,35,2,26,0,404476,2121,0.007689,23.63
0.0,0,0.0,0.0,all_tools,ministral_3b,11.270446177349276,78468,pandas/35,pandas,35,3,26,0,475806,3090,0.014735,67.37
0.0,0,0.0,0.0,all_tools,ministral_3b,12.08721590866289,177587,pandas/38,pandas,38,1,9,0,78914,869,0.002322,6.19
0.6667,0,1.0,0.5,all_tools,ministral_3b,12.08721590866289,177587,pandas/38,pandas,38,2,15,0,330713,1692,0.007159,19.29
0.6667,0,1.0,0.5,all_tools,ministral_3b,12.08721590866289,177587,pandas/38,pandas,38,3,11,0,195783,1909,0.007938,14.15
0.5,0,0.5,0.5,all_tools,ministral_3b,10.883015959814806,53264,pandas/44,pandas,44,1,23,0,388425,3664,0.007725,23.32
0.0,0,0.0,0.0,all_tools,ministral_3b,10.883015959814806,53264,pandas/44,pandas,44,2,27,0,671462,3937,0.012889,30.12
0.0,0,0.0,0.0,all_tools,ministral_3b,10.883015959814806,53264,pandas/44,pandas,44,3,26,0,416461,3134,0.009185,38.94
0.5,0,1.0,0.3333,all_tools,ministral_3b,9.346705246496699,11461,requests/12,requests,12,1,12,0,48967,1173,0.00157,8.69
0.5,0,1.0,0.3333,all_tools,ministral_3b,9.346705246496699,11461,requests/12,requests,12,2,9,0,34757,779,0.000823,5.54
0.8,0,1.0,0.6667,all_tools,ministral_3b,9.346705246496699,11461,requests/12,requests,12,3,26,0,156991,2473,0.004023,18.98
1.0,1,1.0,1.0,all_tools,ministral_3b,9.348274558065496,11479,requests/13,requests,13,1,9,0,42869,1291,0.00149,8.24
0.6667,1,0.5,1.0,all_tools,ministral_3b,9.348274558065496,11479,requests/13,requests,13,2,12,0,65989,1425,0.002007,8.33
1.0,1,1.0,1.0,all_tools,ministral_3b,9.348274558065496,11479,requests/13,requests,13,3,11,0,58791,1360,0.002386,14.5
1.0,1,1.0,1.0,all_tools,ministral_3b,7.958576903813898,2860,requests/7,requests,7,1,10,0,48118,2365,0.001696,12.95
1.0,1,1.0,1.0,all_tools,ministral_3b,7.958576903813898,2860,requests/7,requests,7,2,10,0,54720,1743,0.001764,8.6
1.0,1,1.0,1.0,all_tools,ministral_3b,7.958576903813898,2860,requests/7,requests,7,3,13,0,66334,1373,0.002151,15.41
1.0,1,1.0,1.0,all_tools,ministral_3b,10.031000872835088,22720,rich/1,rich,1,1,6,0,48298,522,0.001576,3.84
1.0,1,1.0,1.0,all_tools,ministral_3b,10.031000872835088,22720,rich/1,rich,1,2,7,0,66945,697,0.002237,5.25
1.0,1,1.0,1.0,all_tools,ministral_3b,10.031000872835088,22720,rich/1,rich,1,3,7,0,61603,677,0.00374,5.99
0.0,0,0.0,0.0,all_tools,ministral_3b,10.051648903516648,23194,rich/12,rich,12,1,26,0,487894,3643,0.009606,25.31
0.0,0,0.0,0.0,all_tools,ministral_3b,10.051648903516648,23194,rich/12,rich,12,2,16,0,254952,1376,0.007362,11.34
0.0,0,0.0,0.0,all_tools,ministral_3b,10.051648903516648,23194,rich/12,rich,12,3,16,0,191196,2613,0.005638,16.8
1.0,1,1.0,1.0,all_tools,ministral_3b,10.039939675671627,22924,rich/8,rich,8,1,9,0,67886,901,0.002432,6.11
1.0,1,1.0,1.0,all_tools,ministral_3b,10.039939675671627,22924,rich/8,rich,8,2,10,0,58983,1744,0.001799,16.95
0.0,0,0.0,0.0,all_tools,ministral_3b,10.039939675671627,22924,rich/8,rich,8,3,10,0,56925,1174,0.002193,11.03
0.6667,0,1.0,0.5,all_tools,ministral_3b,11.620954417182327,111408,scikit-learn/45,scikit-learn,45,1,6,0,16027,602,0.000545,3.47
0.6667,0,1.0,0.5,all_tools,ministral_3b,11.620954417182327,111408,scikit-learn/45,scikit-learn,45,2,12,0,37827,628,0.000896,5.11
0.6667,0,1.0,0.5,all_tools,ministral_3b,11.620954417182327,111408,scikit-learn/45,scikit-learn,45,3,8,0,64063,526,0.003533,5.34
1.0,1,1.0,1.0,all_tools,ministral_3b,11.55076060327325,103856,scikit-learn/49,scikit-learn,49,1,6,0,47624,606,0.001747,3.77
1.0,1,1.0,1.0,all_tools,ministral_3b,11.55076060327325,103856,scikit-learn/49,scikit-learn,49,2,7,0,95207,840,0.006195,6.35
1.0,1,1.0,1.0,all_tools,ministral_3b,11.55076060327325,103856,scikit-learn/49,scikit-learn,49,3,7,0,54467,773,0.003784,6.4
1.0,1,1.0,1.0,all_tools,ministral_3b,11.525654110946952,101281,scikit-learn/5,scikit-learn,5,1,15,0,75000,1840,0.001797,11.28
1.0,1,1.0,1.0,all_tools,ministral_3b,11.525654110946952,101281,scikit-learn/5,scikit-learn,5,2,16,0,94244,1328,0.002945,9.24
1.0,1,1.0,1.0,all_tools,ministral_3b,11.525654110946952,101281,scikit-learn/5,scikit-learn,5,3,23,0,388456,2679,0.012456,56.94
1.0,1,1.0,1.0,all_tools,ministral_3b,9.796458979777604,17970,scrapy/20,scrapy,20,1,9,0,39289,379,0.000902,3.55
1.0,1,1.0,1.0,all_tools,ministral_3b,9.796458979777604,17970,scrapy/20,scrapy,20,2,8,0,33966,400,0.001213,7.2
1.0,1,1.0,1.0,all_tools,ministral_3b,9.796458979777604,17970,scrapy/20,scrapy,20,3,6,0,21672,243,0.000705,2.57
1.0,1,1.0,1.0,all_tools,ministral_3b,9.655026193237628,15600,scrapy/26,scrapy,26,1,15,0,110860,1925,0.002961,11.11
0.6667,1,0.5,1.0,all_tools,ministral_3b,9.655026193237628,15600,scrapy/26,scrapy,26,2,9,0,36473,1222,0.001097,9.27
0.6667,1,0.5,1.0,all_tools,ministral_3b,9.655026193237628,15600,scrapy/26,scrapy,26,3,26,0,256484,2410,0.006375,22.6
0.0,0,0.0,0.0,all_tools,ministral_3b,9.73477299914839,16895,scrapy/48,scrapy,48,1,26,0,220706,1834,0.00479,15.86
0.0,0,0.0,0.0,all_tools,ministral_3b,9.73477299914839,16895,scrapy/48,scrapy,48,2,14,0,139654,1478,0.004114,9.57
0.0,0,0.0,0.0,all_tools,ministral_3b,9.73477299914839,16895,scrapy/48,scrapy,48,3,26,0,161822,2132,0.004207,22.2
1.0,1,1.0,1.0,all_tools,ministral_3b,9.961803629358965,21201,stable-diffusion-webui/0,stable-diffusion-webui,0,1,7,0,134146,1150,0.004774,7.19
1.0,1,1.0,1.0,all_tools,ministral_3b,9.961803629358965,21201,stable-diffusion-webui/0,stable-diffusion-webui,0,2,9,0,160729,1013,0.004885,8.46
1.0,1,1.0,1.0,all_tools,ministral_3b,9.961803629358965,21201,stable-diffusion-webui/0,stable-diffusion-webui,0,3,6,0,114639,1620,0.004633,18.4
0.0,0,0.0,0.0,all_tools,ministral_3b,9.908425341565751,20099,stable-diffusion-webui/13,stable-diffusion-webui,13,1,17,0,305912,2689,0.006783,20.82
0.0,0,0.0,0.0,all_tools,ministral_3b,9.908425341565751,20099,stable-diffusion-webui/13,stable-diffusion-webui,13,2,17,0,273209,2891,0.005998,17.77
0.0,0,0.0,0.0,all_tools,ministral_3b,9.908425341565751,20099,stable-diffusion-webui/13,stable-diffusion-webui,13,3,30,0,845560,3221,0.019456,33.44
0.6667,0,1.0,0.5,all_tools,ministral_3b,10.028797743501574,22670,stable-diffusion-webui/5,stable-diffusion-webui,5,1,16,0,68864,1148,0.002117,9.74
0.6667,0,1.0,0.5,all_tools,ministral_3b,10.028797743501574,22670,stable-diffusion-webui/5,stable-diffusion-webui,5,2,13,0,89862,1356,0.003857,10.24
0.0,0,0.0,0.0,all_tools,ministral_3b,10.028797743501574,22670,stable-diffusion-webui/5,stable-diffusion-webui,5,3,26,0,142854,2114,0.003599,17.29
0.5,0,1.0,0.3333,all_tools,ministral_3b,8.483636407887394,4835,thefuck/10,thefuck,10,1,14,0,57163,1344,0.001542,11.45
0.0,0,0.0,0.0,all_tools,ministral_3b,8.483636407887394,4835,thefuck/10,thefuck,10,2,14,0,53211,1399,0.001337,10.65
0.0,0,0.0,0.0,all_tools,ministral_3b,8.483636407887394,4835,thefuck/10,thefuck,10,3,12,0,50308,1388,0.001564,9.71
0.0,0,0.0,0.0,all_tools,ministral_3b,8.270781013162674,3908,thefuck/20,thefuck,20,1,8,0,24118,973,0.000735,5.89
0.0,0,0.0,0.0,all_tools,ministral_3b,8.270781013162674,3908,thefuck/20,thefuck,20,2,22,0,136550,3609,0.003187,28.28
0.0,0,0.0,0.0,all_tools,ministral_3b,8.270781013162674,3908,thefuck/20,thefuck,20,3,14,0,66220,2131,0.002342,16.71
1.0,1,1.0,1.0,all_tools,ministral_3b,7.822845290279774,2497,thefuck/5,thefuck,5,1,6,0,89322,1209,0.003984,6.52
1.0,1,1.0,1.0,all_tools,ministral_3b,7.822845290279774,2497,thefuck/5,thefuck,5,2,12,0,97770,1647,0.001866,9.2
1.0,1,1.0,1.0,all_tools,ministral_3b,7.822845290279774,2497,thefuck/5,thefuck,5,3,15,0,82505,1876,0.002897,46.94
1.0,1,1.0,1.0,all_tools,ministral_3b,12.430331574579306,250279,transformers/25,transformers,25,1,20,0,269129,2158,0.006473,18.79
1.0,1,1.0,1.0,all_tools,ministral_3b,12.430331574579306,250279,transformers/25,transformers,25,2,17,0,270556,1112,0.005843,11.09
1.0,1,1.0,1.0,all_tools,ministral_3b,12.430331574579306,250279,transformers/25,transformers,25,3,13,0,189763,1512,0.005799,15.3
0.1538,0,1.0,0.0833,all_tools,ministral_3b,12.407424472605875,244611,transformers/27,transformers,27,1,6,0,23432,498,0.00078,4.35
0.1538,0,1.0,0.0833,all_tools,ministral_3b,12.407424472605875,244611,transformers/27,transformers,27,2,5,0,20302,548,0.000703,3.71
0.1538,0,1.0,0.0833,all_tools,ministral_3b,12.407424472605875,244611,transformers/27,transformers,27,3,7,0,27493,648,0.000833,5.06
0.3333,0,1.0,0.2,all_tools,ministral_3b,11.587420505060633,107734,transformers/5,transformers,5,1,12,0,111862,2346,0.00399,13.03
0.0,0,0.0,0.0,all_tools,ministral_3b,11.587420505060633,107734,transformers/5,transformers,5,2,16,0,165020,2526,0.006202,17.47
0.25,0,0.3333,0.2,all_tools,ministral_3b,11.587420505060633,107734,transformers/5,transformers,5,3,15,0,118899,2533,0.004252,15.13
1.0,1,1.0,1.0,all_tools,ministral_3b,12.095096391086711,178992,yt-dlp/23,yt-dlp,23,1,16,0,158866,2335,0.003759,16.26
1.0,1,1.0,1.0,all_tools,ministral_3b,12.095096391086711,178992,yt-dlp/23,yt-dlp,23,2,15,0,146598,2018,0.003572,15.74
1.0,1,1.0,1.0,all_tools,ministral_3b,12.095096391086711,178992,yt-dlp/23,yt-dlp,23,3,15,0,143536,2395,0.003327,22.71
0.0,0,0.0,0.0,all_tools,ministral_3b,12.1489730534896,188900,yt-dlp/41,yt-dlp,41,1,19,0,506553,3164,0.011838,28.07
0.0,0,0.0,0.0,all_tools,ministral_3b,12.1489730534896,188900,yt-dlp/41,yt-dlp,41,2,12,0,129989,3777,0.003688,20.48
0.0,0,0.0,0.0,all_tools,ministral_3b,12.1489730534896,188900,yt-dlp/41,yt-dlp,41,3,26,0,660664,3654,0.017863,33.3
0.5,0,0.5,0.5,all_tools,ministral_3b,12.198660241414718,198523,yt-dlp/45,yt-dlp,45,1,13,0,275717,2641,0.008148,17.77
0.6667,0,1.0,0.5,all_tools,ministral_3b,12.198660241414718,198523,yt-dlp/45,yt-dlp,45,2,23,0,433089,2795,0.011286,26.52
0.5,0,0.5,0.5,all_tools,ministral_3b,12.198660241414718,198523,yt-dlp/45,yt-dlp,45,3,23,0,398036,2895,0.010671,59.11
1.0,1,1.0,1.0,all_tools,gpt_oss_120b,12.068688124847148,174327,core/16,core,16,1,13,0,56640,2543,0.005846,37.24
1.0,1,1.0,1.0,all_tools,gpt_oss_120b,12.068688124847148,174327,core/16,core,16,2,6,0,32860,1786,0.004616,22.38
1.0,1,1.0,1.0,all_tools,gpt_oss_120b,12.068688124847148,174327,core/16,core,16,3,7,0,39584,2932,0.004892,29.2
1.0,1,1.0,1.0,all_tools,gpt_oss_120b,11.506545154005941,99364,core/20,core,20,1,10,0,45668,2559,0.004843,28.94
1.0,1,1.0,1.0,all_tools,gpt_oss_120b,11.506545154005941,99364,core/20,core,20,2,13,0,57846,2708,0.004788,46.7
1.0,1,1.0,1.0,all_tools,gpt_oss_120b,11.506545154005941,99364,core/20,core,20,3,15,0,65693,3652,0.005757,53.02
0.0,0,0.0,0.0,all_tools,gpt_oss_120b,8.579980179515003,5324,fastapi/17,fastapi,17,1,30,1,276841,7752,0.01541,87.85
0.0,0,0.0,0.0,all_tools,gpt_oss_120b,8.579980179515003,5324,fastapi/17,fastapi,17,2,30,1,230000,9162,0.013839,132.18
0.0,0,0.0,0.0,all_tools,gpt_oss_120b,8.579980179515003,5324,fastapi/17,fastapi,17,3,21,0,223954,7362,0.012868,126.25
0.0,0,0.0,0.0,all_tools,gpt_oss_120b,8.518991573357617,5009,fastapi/20,fastapi,20,1,18,0,67263,5087,0.006356,63.06
0.0,0,0.0,0.0,all_tools,gpt_oss_120b,8.518991573357617,5009,fastapi/20,fastapi,20,2,3,0,6273,915,0.000871,16.23
0.0,0,0.0,0.0,all_tools,gpt_oss_120b,8.518991573357617,5009,fastapi/20,fastapi,20,3,12,0,31753,4203,0.003799,56.31
0.5,0,1.0,0.3333,all_tools,gpt_oss_120b,8.482187582217422,4828,fastapi/9,fastapi,9,1,6,0,25381,941,0.002783,19.36
0.5,0,1.0,0.3333,all_tools,gpt_oss_120b,8.482187582217422,4828,fastapi/9,fastapi,9,2,7,0,62466,1239,0.006479,15.38
0.5,0,1.0,0.3333,all_tools,gpt_oss_120b,8.482187582217422,4828,fastapi/9,fastapi,9,3,16,0,90535,3687,0.00719,37.88
1.0,1,1.0,1.0,all_tools,gpt_oss_120b,8.808369153122275,6690,flask/18,flask,18,1,20,0,236591,3864,0.010905,85.92
1.0,1,1.0,1.0,all_tools,gpt_oss_120b,8.808369153122275,6690,flask/18,flask,18,2,20,0,186977,3634,0.01015,56.62
0.6667,0,1.0,0.5,all_tools,gpt_oss_120b,8.808369153122275,6690,flask/18,flask,18,3,9,0,62102,1144,0.00478,40.06
1.0,1,1.0,1.0,all_tools,gpt_oss_120b,8.899457906353966,7328,flask/3,flask,3,1,7,0,46131,1262,0.00518,22.2
1.0,1,1.0,1.0,all_tools,gpt_oss_120b,8.899457906353966,7328,flask/3,flask,3,2,30,1,225082,8008,0.012193,119.15
1.0,1,1.0,1.0,all_tools,gpt_oss_120b,8.899457906353966,7328,flask/3,flask,3,3,5,0,27687,1063,0.003296,51.87
1.0,1,1.0,1.0,all_tools,gpt_oss_120b,8.827468112520654,6819,flask/6,flask,6,1,11,0,56460,2015,0.005324,38.72
1.0,1,1.0,1.0,all_tools,gpt_oss_120b,8.827468112520654,6819,flask/6,flask,6,2,11,0,56612,3634,0.005992,46.42
1.0,1,1.0,1.0,all_tools,gpt_oss_120b,8.827468112520654,6819,flask/6,flask,6,3,13,0,65442,2717,0.006243,70.56
0.0,0,0.0,0.0,all_tools,gpt_oss_120b,8.341410211461865,4194,gpt-engineer/11,gpt-engineer,11,1,17,0,123248,6828,0.011612,95.36
0.0,0,0.0,0.0,all_tools,gpt_oss_120b,8.341410211461865,4194,gpt-engineer/11,gpt-engineer,11,2,10,0,56303,2506,0.005725,33.36
0.0,0,0.0,0.0,all_tools,gpt_oss_120b,8.341410211461865,4194,gpt-engineer/11,gpt-engineer,11,3,15,0,120406,3033,0.007707,63.26
0.4,0,1.0,0.25,all_tools,gpt_oss_120b,8.029432840581244,3070,gpt-engineer/12,gpt-engineer,12,1,12,0,77328,4380,0.008104,78.0
0.4,0,1.0,0.25,all_tools,gpt_oss_120b,8.029432840581244,3070,gpt-engineer/12,gpt-engineer,12,2,7,0,30678,1794,0.003014,29.73
0.4,0,1.0,0.25,all_tools,gpt_oss_120b,8.029432840581244,3070,gpt-engineer/12,gpt-engineer,12,3,8,0,31316,1380,0.002255,10.89
0.6667,1,0.5,1.0,all_tools,gpt_oss_120b,8.36380888451688,4289,gpt-engineer/9,gpt-engineer,9,1,7,0,46000,5384,0.007325,65.39
0.6667,1,0.5,1.0,all_tools,gpt_oss_120b,8.36380888451688,4289,gpt-engineer/9,gpt-engineer,9,2,11,0,63319,5682,0.007739,72.58
0.6667,1,0.5,1.0,all_tools,gpt_oss_120b,8.36380888451688,4289,gpt-engineer/9,gpt-engineer,9,3,8,0,40207,2531,0.003975,27.94
0.0,0,0.0,0.0,all_tools,gpt_oss_120b,10.196231790580173,26802,keras/12,keras,12,1,6,0,20406,1699,0.002345,27.0
0.0,0,0.0,0.0,all_tools,gpt_oss_120b,10.196231790580173,26802,keras/12,keras,12,2,6,0,19131,1877,0.002396,23.63
0.0,0,0.0,0.0,all_tools,gpt_oss_120b,10.196231790580173,26802,keras/12,keras,12,3,5,0,14740,2119,0.002389,20.93
0.0,0,0.0,0.0,all_tools,gpt_oss_120b,10.349134450277123,31230,keras/5,keras,5,1,24,0,183348,5974,0.011776,118.24
0.6667,1,0.5,1.0,all_tools,gpt_oss_120b,10.349134450277123,31230,keras/5,keras,5,2,15,0,105501,8377,0.012681,97.16
0.0,0,0.0,0.0,all_tools,gpt_oss_120b,10.349134450277123,31230,keras/5,keras,5,3,16,0,110350,5668,0.009772,88.49
1.0,1,1.0,1.0,all_tools,gpt_oss_120b,10.444153492313001,34343,keras/9,keras,9,1,7,0,33630,1894,0.003917,31.13
1.0,1,1.0,1.0,all_tools,gpt_oss_120b,10.444153492313001,34343,keras/9,keras,9,2,8,0,35306,1241,0.003074,18.69
1.0,1,1.0,1.0,all_tools,gpt_oss_120b,10.444153492313001,34343,keras/9,keras,9,3,9,0,47371,2282,0.005243,33.32
0.0,0,0.0,0.0,all_tools,gpt_oss_120b,9.61953186182516,15056,localstack/19,localstack,19,1,27,0,165762,5340,0.009256,62.6
0.0,0,0.0,0.0,all_tools,gpt_oss_120b,9.61953186182516,15056,localstack/19,localstack,19,2,17,0,52230,3204,0.004184,39.31
0.0,0,0.0,0.0,all_tools,gpt_oss_120b,9.61953186182516,15056,localstack/19,localstack,19,3,13,0,36617,2453,0.003216,36.08
1.0,1,1.0,1.0,all_tools,gpt_oss_120b,10.563155506021905,38683,localstack/2,localstack,2,1,11,0,112654,2473,0.008259,36.65
1.0,1,1.0,1.0,all_tools,gpt_oss_120b,10.563155506021905,38683,localstack/2,localstack,2,2,16,0,133610,4599,0.008119,103.71
1.0,1,1.0,1.0,all_tools,gpt_oss_120b,10.563155506021905,38683,localstack/2,localstack,2,3,11,0,103361,3419,0.007379,35.87
1.0,1,1.0,1.0,all_tools,gpt_oss_120b,9.860214640302662,19153,localstack/9,localstack,9,1,9,0,43974,2622,0.004268,32.91
1.0,1,1.0,1.0,all_tools,gpt_oss_120b,9.860214640302662,19153,localstack/9,localstack,9,2,9,0,43337,2731,0.004841,37.72
1.0,1,1.0,1.0,all_tools,gpt_oss_120b,9.860214640302662,19153,localstack/9,localstack,9,3,9,0,42750,4175,0.005195,34.72
0.6667,0,1.0,0.5,all_tools,gpt_oss_120b,11.189312196300184,72353,pandas/26,pandas,26,1,30,1,323153,3755,0.014382,88.03
0.6667,0,1.0,0.5,all_tools,gpt_oss_120b,11.189312196300184,72353,pandas/26,pandas,26,2,20,0,226091,4186,0.013486,84.59
1.0,1,1.0,1.0,all_tools,gpt_oss_120b,11.189312196300184,72353,pandas/26,pandas,26,3,16,0,103629,2705,0.0063,30.71
0.0,0,0.0,0.0,all_tools,gpt_oss_120b,11.270446177349276,78468,pandas/35,pandas,35,1,30,1,369864,6138,0.018621,138.8
0.0,0,0.0,0.0,all_tools,gpt_oss_120b,11.270446177349276,78468,pandas/35,pandas,35,2,30,1,461645,7902,0.024706,119.21
0.0,0,0.0,0.0,all_tools,gpt_oss_120b,11.270446177349276,78468,pandas/35,pandas,35,3,23,0,281239,5578,0.015459,71.74
0.6667,0,1.0,0.5,all_tools,gpt_oss_120b,12.08721590866289,177587,pandas/38,pandas,38,1,8,0,75612,1911,0.007151,40.07
0.6667,0,1.0,0.5,all_tools,gpt_oss_120b,12.08721590866289,177587,pandas/38,pandas,38,2,11,0,106715,2374,0.007263,35.76
0.6667,0,1.0,0.5,all_tools,gpt_oss_120b,12.08721590866289,177587,pandas/38,pandas,38,3,7,0,64293,2153,0.005729,40.63
0.0,0,0.0,0.0,all_tools,gpt_oss_120b,10.883015959814806,53264,pandas/44,pandas,44,1,5,0,56904,1079,0.005969,23.05
0.0,0,0.0,0.0,all_tools,gpt_oss_120b,10.883015959814806,53264,pandas/44,pandas,44,2,4,0,41107,1282,0.005406,25.67
0.0,0,0.0,0.0,all_tools,gpt_oss_120b,10.883015959814806,53264,pandas/44,pandas,44,3,3,0,30535,910,0.004421,11.97
0.8,0,1.0,0.6667,all_tools,gpt_oss_120b,9.346705246496699,11461,requests/12,requests,12,1,16,0,77269,2797,0.006819,53.36
0.8,0,1.0,0.6667,all_tools,gpt_oss_120b,9.346705246496699,11461,requests/12,requests,12,2,11,0,48634,2760,0.004402,28.95
0.5,0,1.0,0.3333,all_tools,gpt_oss_120b,9.346705246496699,11461,requests/12,requests,12,3,12,0,56277,2314,0.004296,17.1
1.0,1,1.0,1.0,all_tools,gpt_oss_120b,9.348274558065496,11479,requests/13,requests,13,1,13,0,80026,4145,0.008046,54.85
1.0,1,1.0,1.0,all_tools,gpt_oss_120b,9.348274558065496,11479,requests/13,requests,13,2,7,0,41290,1344,0.003402,30.38
1.0,1,1.0,1.0,all_tools,gpt_oss_120b,9.348274558065496,11479,requests/13,requests,13,3,7,0,28932,2085,0.003224,22.2
1.0,1,1.0,1.0,all_tools,gpt_oss_120b,7.958576903813898,2860,requests/7,requests,7,1,8,0,37173,2033,0.003403,23.28
1.0,1,1.0,1.0,all_tools,gpt_oss_120b,7.958576903813898,2860,requests/7,requests,7,2,8,0,32588,2642,0.004022,38.85
1.0,1,1.0,1.0,all_tools,gpt_oss_120b,7.958576903813898,2860,requests/7,requests,7,3,6,0,25346,1122,0.00204,16.72
1.0,1,1.0,1.0,all_tools,gpt_oss_120b,10.031000872835088,22720,rich/1,rich,1,1,5,0,42261,869,0.005889,17.15
1.0,1,1.0,1.0,all_tools,gpt_oss_120b,10.031000872835088,22720,rich/1,rich,1,2,16,0,88803,3128,0.008531,72.63
1.0,1,1.0,1.0,all_tools,gpt_oss_120b,10.031000872835088,22720,rich/1,rich,1,3,11,0,97072,1757,0.007806,21.76
0.0,0,0.0,0.0,all_tools,gpt_oss_120b,10.051648903516648,23194,rich/12,rich,12,1,7,0,35507,1466,0.003583,23.33
0.0,0,0.0,0.0,all_tools,gpt_oss_120b,10.051648903516648,23194,rich/12,rich,12,2,6,0,21979,1291,0.00258,14.53
0.0,0,0.0,0.0,all_tools,gpt_oss_120b,10.051648903516648,23194,rich/12,rich,12,3,7,0,39056,1186,0.003991,19.9
1.0,1,1.0,1.0,all_tools,gpt_oss_120b,10.039939675671627,22924,rich/8,rich,8,1,8,0,55435,1659,0.004426,28.86
1.0,1,1.0,1.0,all_tools,gpt_oss_120b,10.039939675671627,22924,rich/8,rich,8,2,10,0,62859,2169,0.005324,52.38
1.0,1,1.0,1.0,all_tools,gpt_oss_120b,10.039939675671627,22924,rich/8,rich,8,3,14,0,103756,3986,0.007075,51.94
0.6667,0,1.0,0.5,all_tools,gpt_oss_120b,11.620954417182327,111408,scikit-learn/45,scikit-learn,45,1,21,0,135966,3360,0.009572,52.61
0.6667,0,1.0,0.5,all_tools,gpt_oss_120b,11.620954417182327,111408,scikit-learn/45,scikit-learn,45,2,18,0,134228,2790,0.00777,37.24
0.6667,0,1.0,0.5,all_tools,gpt_oss_120b,11.620954417182327,111408,scikit-learn/45,scikit-learn,45,3,11,0,30204,1512,0.002168,28.46
1.0,1,1.0,1.0,all_tools,gpt_oss_120b,11.55076060327325,103856,scikit-learn/49,scikit-learn,49,1,19,0,308080,6916,0.018392,100.51
1.0,1,1.0,1.0,all_tools,gpt_oss_120b,11.55076060327325,103856,scikit-learn/49,scikit-learn,49,2,21,0,284288,3379,0.020008,50.77
1.0,1,1.0,1.0,all_tools,gpt_oss_120b,11.55076060327325,103856,scikit-learn/49,scikit-learn,49,3,11,0,238449,1984,0.017727,35.0
1.0,1,1.0,1.0,all_tools,gpt_oss_120b,11.525654110946952,101281,scikit-learn/5,scikit-learn,5,1,16,0,127001,7588,0.010908,92.07
1.0,1,1.0,1.0,all_tools,gpt_oss_120b,11.525654110946952,101281,scikit-learn/5,scikit-learn,5,2,9,0,76385,3894,0.007656,46.12
1.0,1,1.0,1.0,all_tools,gpt_oss_120b,11.525654110946952,101281,scikit-learn/5,scikit-learn,5,3,9,0,51602,3295,0.005146,47.6
1.0,1,1.0,1.0,all_tools,gpt_oss_120b,9.796458979777604,17970,scrapy/20,scrapy,20,1,9,0,66136,1294,0.006143,23.44
1.0,1,1.0,1.0,all_tools,gpt_oss_120b,9.796458979777604,17970,scrapy/20,scrapy,20,2,12,0,96101,2041,0.006513,31.5
1.0,1,1.0,1.0,all_tools,gpt_oss_120b,9.796458979777604,17970,scrapy/20,scrapy,20,3,7,0,43371,831,0.00425,31.73
1.0,1,1.0,1.0,all_tools,gpt_oss_120b,9.655026193237628,15600,scrapy/26,scrapy,26,1,22,0,170737,3829,0.01096,63.39
1.0,1,1.0,1.0,all_tools,gpt_oss_120b,9.655026193237628,15600,scrapy/26,scrapy,26,2,30,1,234015,3692,0.012105,63.03
1.0,1,1.0,1.0,all_tools,gpt_oss_120b,9.655026193237628,15600,scrapy/26,scrapy,26,3,26,0,182875,5248,0.01045,52.39
0.0,0,0.0,0.0,all_tools,gpt_oss_120b,9.73477299914839,16895,scrapy/48,scrapy,48,1,9,0,25353,1473,0.002343,43.27
0.0,0,0.0,0.0,all_tools,gpt_oss_120b,9.73477299914839,16895,scrapy/48,scrapy,48,2,12,0,52917,2308,0.004672,30.68
0.0,0,0.0,0.0,all_tools,gpt_oss_120b,9.73477299914839,16895,scrapy/48,scrapy,48,3,24,0,128605,4143,0.00721,52.81
1.0,1,1.0,1.0,all_tools,gpt_oss_120b,9.961803629358965,21201,stable-diffusion-webui/0,stable-diffusion-webui,0,1,5,0,84230,1000,0.007617,19.43
1.0,1,1.0,1.0,all_tools,gpt_oss_120b,9.961803629358965,21201,stable-diffusion-webui/0,stable-diffusion-webui,0,2,4,0,64060,648,0.006236,22.95
1.0,1,1.0,1.0,all_tools,gpt_oss_120b,9.961803629358965,21201,stable-diffusion-webui/0,stable-diffusion-webui,0,3,7,0,113383,1035,0.007984,15.85
1.0,1,1.0,1.0,all_tools,gpt_oss_120b,9.908425341565751,20099,stable-diffusion-webui/13,stable-diffusion-webui,13,1,24,0,386202,4252,0.017951,62.83
1.0,1,1.0,1.0,all_tools,gpt_oss_120b,9.908425341565751,20099,stable-diffusion-webui/13,stable-diffusion-webui,13,2,28,0,389593,4336,0.018556,84.76
1.0,1,1.0,1.0,all_tools,gpt_oss_120b,9.908425341565751,20099,stable-diffusion-webui/13,stable-diffusion-webui,13,3,30,1,432298,4725,0.018566,53.0
0.6667,0,1.0,0.5,all_tools,gpt_oss_120b,10.028797743501574,22670,stable-diffusion-webui/5,stable-diffusion-webui,5,1,30,1,232998,4504,0.010291,63.79
0.6667,0,1.0,0.5,all_tools,gpt_oss_120b,10.028797743501574,22670,stable-diffusion-webui/5,stable-diffusion-webui,5,2,21,0,149625,2860,0.007398,37.52
0.6667,0,1.0,0.5,all_tools,gpt_oss_120b,10.028797743501574,22670,stable-diffusion-webui/5,stable-diffusion-webui,5,3,30,1,229709,5328,0.010632,60.24
0.0,0,0.0,0.0,all_tools,gpt_oss_120b,8.483636407887394,4835,thefuck/10,thefuck,10,1,15,0,73152,7050,0.007626,68.13
0.0,0,0.0,0.0,all_tools,gpt_oss_120b,8.483636407887394,4835,thefuck/10,thefuck,10,2,24,0,124851,11434,0.01092,127.19
0.0,0,0.0,0.0,all_tools,gpt_oss_120b,8.483636407887394,4835,thefuck/10,thefuck,10,3,14,0,54132,5022,0.005828,79.71
0.0,0,0.0,0.0,all_tools,gpt_oss_120b,8.270781013162674,3908,thefuck/20,thefuck,20,1,22,0,119519,7807,0.010006,111.63
0.0,0,0.0,0.0,all_tools,gpt_oss_120b,8.270781013162674,3908,thefuck/20,thefuck,20,2,26,0,111283,6192,0.008314,105.91
0.0,0,0.0,0.0,all_tools,gpt_oss_120b,8.270781013162674,3908,thefuck/20,thefuck,20,3,30,1,143807,8297,0.009744,71.52
0.0,0,0.0,0.0,all_tools,gpt_oss_120b,7.822845290279774,2497,thefuck/5,thefuck,5,1,14,0,47561,3072,0.004263,43.79
1.0,1,1.0,1.0,all_tools,gpt_oss_120b,7.822845290279774,2497,thefuck/5,thefuck,5,2,17,0,87927,5586,0.008158,76.67
1.0,1,1.0,1.0,all_tools,gpt_oss_120b,7.822845290279774,2497,thefuck/5,thefuck,5,3,4,0,18471,677,0.001936,4.93
1.0,1,1.0,1.0,all_tools,gpt_oss_120b,12.430331574579306,250279,transformers/25,transformers,25,1,8,0,19422,1018,0.00134,27.21
1.0,1,1.0,1.0,all_tools,gpt_oss_120b,12.430331574579306,250279,transformers/25,transformers,25,2,9,0,80925,2640,0.008186,35.69
1.0,1,1.0,1.0,all_tools,gpt_oss_120b,12.430331574579306,250279,transformers/25,transformers,25,3,8,0,83848,2474,0.00773,39.49
0.1538,0,1.0,0.0833,all_tools,gpt_oss_120b,12.407424472605875,244611,transformers/27,transformers,27,1,6,0,57312,959,0.005852,16.75
0.1538,0,1.0,0.0833,all_tools,gpt_oss_120b,12.407424472605875,244611,transformers/27,transformers,27,2,9,0,65730,1303,0.005763,29.41
0.1538,0,1.0,0.0833,all_tools,gpt_oss_120b,12.407424472605875,244611,transformers/27,transformers,27,3,5,0,56027,1125,0.004387,9.58
0.75,0,1.0,0.6,all_tools,gpt_oss_120b,11.587420505060633,107734,transformers/5,transformers,5,1,18,0,148565,4108,0.010267,52.29
0.75,0,1.0,0.6,all_tools,gpt_oss_120b,11.587420505060633,107734,transformers/5,transformers,5,2,21,0,341892,5215,0.023825,73.3
0.75,0,1.0,0.6,all_tools,gpt_oss_120b,11.587420505060633,107734,transformers/5,transformers,5,3,15,0,173157,2593,0.014855,56.05
1.0,1,1.0,1.0,all_tools,gpt_oss_120b,12.095096391086711,178992,yt-dlp/23,yt-dlp,23,1,15,0,74377,4786,0.006911,42.77
1.0,1,1.0,1.0,all_tools,gpt_oss_120b,12.095096391086711,178992,yt-dlp/23,yt-dlp,23,2,12,0,62083,3833,0.005806,83.07
1.0,1,1.0,1.0,all_tools,gpt_oss_120b,12.095096391086711,178992,yt-dlp/23,yt-dlp,23,3,8,0,34025,3032,0.004319,57.24
0.0,0,0.0,0.0,all_tools,gpt_oss_120b,12.1489730534896,188900,yt-dlp/41,yt-dlp,41,1,30,0,260425,9909,0.015359,208.8
0.0,0,0.0,0.0,all_tools,gpt_oss_120b,12.1489730534896,188900,yt-dlp/41,yt-dlp,41,2,19,0,320965,8299,0.021033,137.65
0.0,0,0.0,0.0,all_tools,gpt_oss_120b,12.1489730534896,188900,yt-dlp/41,yt-dlp,41,3,21,0,233204,7111,0.015482,79.39
0.0,0,0.0,0.0,all_tools,gpt_oss_120b,12.198660241414718,198523,yt-dlp/45,yt-dlp,45,1,13,0,228071,4381,0.015563,61.9
0.6667,0,1.0,0.5,all_tools,gpt_oss_120b,12.198660241414718,198523,yt-dlp/45,yt-dlp,45,2,21,0,446907,4903,0.022761,151.31
0.0,0,0.0,0.0,all_tools,gpt_oss_120b,12.198660241414718,198523,yt-dlp/45,yt-dlp,45,3,7,0,113638,1964,0.007965,35.3
1.0,1,1.0,1.0,all_tools,deepseek_flash,12.068688124847148,174327,core/16,core,16,1,10,0,125960,4961,0.004043,49.71
1.0,1,1.0,1.0,all_tools,deepseek_flash,12.068688124847148,174327,core/16,core,16,2,18,0,151042,6561,0.00349,69.11
1.0,1,1.0,1.0,all_tools,deepseek_flash,12.068688124847148,174327,core/16,core,16,3,17,0,271187,11422,0.006708,100.06
1.0,1,1.0,1.0,all_tools,deepseek_flash,11.506545154005941,99364,core/20,core,20,1,25,0,337223,6575,0.006009,72.34
1.0,1,1.0,1.0,all_tools,deepseek_flash,11.506545154005941,99364,core/20,core,20,2,11,0,92547,3570,0.002172,32.55
1.0,1,1.0,1.0,all_tools,deepseek_flash,11.506545154005941,99364,core/20,core,20,3,17,0,125387,4317,0.002554,47.18
0.0,0,0.0,0.0,all_tools,deepseek_flash,8.579980179515003,5324,fastapi/17,fastapi,17,1,30,1,594298,22942,0.013584,182.66
0.0,0,0.0,0.0,all_tools,deepseek_flash,8.579980179515003,5324,fastapi/17,fastapi,17,2,30,1,742994,21784,0.015251,216.78
0.0,0,0.0,0.0,all_tools,deepseek_flash,8.579980179515003,5324,fastapi/17,fastapi,17,3,30,1,577928,19566,0.01263,180.21
0.0,0,0.0,0.0,all_tools,deepseek_flash,8.518991573357617,5009,fastapi/20,fastapi,20,1,30,1,520914,6326,0.009598,83.03
0.5,1,0.3333,1.0,all_tools,deepseek_flash,8.518991573357617,5009,fastapi/20,fastapi,20,2,30,1,679359,7023,0.012008,102.39
0.0,0,0.0,0.0,all_tools,deepseek_flash,8.518991573357617,5009,fastapi/20,fastapi,20,3,30,1,294446,5205,0.005765,74.78
0.5,0,1.0,0.3333,all_tools,deepseek_flash,8.482187582217422,4828,fastapi/9,fastapi,9,1,10,0,123204,2179,0.002896,24.34
0.5,0,1.0,0.3333,all_tools,deepseek_flash,8.482187582217422,4828,fastapi/9,fastapi,9,2,13,0,202206,6803,0.00431,62.77
0.5,0,1.0,0.3333,all_tools,deepseek_flash,8.482187582217422,4828,fastapi/9,fastapi,9,3,27,0,377718,5361,0.007106,61.97
0.6667,0,1.0,0.5,all_tools,deepseek_flash,8.808369153122275,6690,flask/18,flask,18,1,12,0,132680,3445,0.00326,45.35
0.6667,0,1.0,0.5,all_tools,deepseek_flash,8.808369153122275,6690,flask/18,flask,18,2,17,0,239090,4962,0.004463,52.48
0.6667,0,1.0,0.5,all_tools,deepseek_flash,8.808369153122275,6690,flask/18,flask,18,3,23,0,397680,4681,0.005618,54.45
1.0,1,1.0,1.0,all_tools,deepseek_flash,8.899457906353966,7328,flask/3,flask,3,1,30,1,433979,5854,0.007657,76.79
0.0,0,0.0,0.0,all_tools,deepseek_flash,8.899457906353966,7328,flask/3,flask,3,2,30,1,531967,7537,0.00936,91.07
1.0,1,1.0,1.0,all_tools,deepseek_flash,8.899457906353966,7328,flask/3,flask,3,3,30,1,326362,10441,0.008978,117.17
1.0,1,1.0,1.0,all_tools,deepseek_flash,8.827468112520654,6819,flask/6,flask,6,1,12,0,93207,4829,0.002793,54.56
1.0,1,1.0,1.0,all_tools,deepseek_flash,8.827468112520654,6819,flask/6,flask,6,2,11,0,174118,6355,0.004239,55.89
1.0,1,1.0,1.0,all_tools,deepseek_flash,8.827468112520654,6819,flask/6,flask,6,3,8,0,47547,2567,0.001703,25.61
0.5,1,0.3333,1.0,all_tools,deepseek_flash,8.341410211461865,4194,gpt-engineer/11,gpt-engineer,11,1,12,0,164215,4244,0.004264,46.03
0.6667,1,0.5,1.0,all_tools,deepseek_flash,8.341410211461865,4194,gpt-engineer/11,gpt-engineer,11,2,14,0,177828,6714,0.004824,65.26
0.5,1,0.3333,1.0,all_tools,deepseek_flash,8.341410211461865,4194,gpt-engineer/11,gpt-engineer,11,3,15,0,171478,3423,0.003821,41.05
0.6667,0,1.0,0.5,all_tools,deepseek_flash,8.029432840581244,3070,gpt-engineer/12,gpt-engineer,12,1,19,0,155332,7094,0.003607,65.27
0.6667,0,1.0,0.5,all_tools,deepseek_flash,8.029432840581244,3070,gpt-engineer/12,gpt-engineer,12,2,16,0,116054,4384,0.0026,48.44
0.6667,0,1.0,0.5,all_tools,deepseek_flash,8.029432840581244,3070,gpt-engineer/12,gpt-engineer,12,3,21,0,272986,7023,0.005026,75.65
0.5,1,0.3333,1.0,all_tools,deepseek_flash,8.36380888451688,4289,gpt-engineer/9,gpt-engineer,9,1,30,1,534919,17736,0.011259,156.38
0.5,1,0.3333,1.0,all_tools,deepseek_flash,8.36380888451688,4289,gpt-engineer/9,gpt-engineer,9,2,22,0,432371,22113,0.009877,190.99
0.6667,1,0.5,1.0,all_tools,deepseek_flash,8.36380888451688,4289,gpt-engineer/9,gpt-engineer,9,3,30,1,516944,19967,0.012142,201.54
0.0,0,0.0,0.0,all_tools,deepseek_flash,10.196231790580173,26802,keras/12,keras,12,1,18,0,202711,5899,0.004444,62.95
0.2857,0,0.5,0.2,all_tools,deepseek_flash,10.196231790580173,26802,keras/12,keras,12,2,19,0,225713,4840,0.004821,53.23
0.2857,0,0.5,0.2,all_tools,deepseek_flash,10.196231790580173,26802,keras/12,keras,12,3,16,0,170095,5268,0.003863,63.24
0.0,0,0.0,0.0,all_tools,deepseek_flash,10.349134450277123,31230,keras/5,keras,5,1,30,1,634588,9660,0.013749,105.01
0.0,0,0.0,0.0,all_tools,deepseek_flash,10.349134450277123,31230,keras/5,keras,5,2,30,1,650515,17815,0.015523,188.71
0.0,0,0.0,0.0,all_tools,deepseek_flash,10.349134450277123,31230,keras/5,keras,5,3,30,1,496625,23237,0.013637,228.96
1.0,1,1.0,1.0,all_tools,deepseek_flash,10.444153492313001,34343,keras/9,keras,9,1,12,0,166301,7506,0.004556,71.27
1.0,1,1.0,1.0,all_tools,deepseek_flash,10.444153492313001,34343,keras/9,keras,9,2,10,0,109672,8181,0.004368,74.98
1.0,1,1.0,1.0,all_tools,deepseek_flash,10.444153492313001,34343,keras/9,keras,9,3,18,0,268784,8885,0.005205,83.78
0.25,0,1.0,0.1429,all_tools,deepseek_flash,9.61953186182516,15056,localstack/19,localstack,19,1,21,0,196669,4768,0.003843,51.22
0.0,0,0.0,0.0,all_tools,deepseek_flash,9.61953186182516,15056,localstack/19,localstack,19,2,21,0,175423,3778,0.003489,46.42
0.0,0,0.0,0.0,all_tools,deepseek_flash,9.61953186182516,15056,localstack/19,localstack,19,3,20,0,174094,3816,0.003156,48.89
0.0,0,0.0,0.0,all_tools,deepseek_flash,10.563155506021905,38683,localstack/2,localstack,2,1,30,1,554618,9427,0.009355,98.74
1.0,1,1.0,1.0,all_tools,deepseek_flash,10.563155506021905,38683,localstack/2,localstack,2,2,30,1,577532,10666,0.011101,125.58
0.0,0,0.0,0.0,all_tools,deepseek_flash,10.563155506021905,38683,localstack/2,localstack,2,3,30,1,458727,7068,0.007071,90.2
0.0,0,0.0,0.0,all_tools,deepseek_flash,9.860214640302662,19153,localstack/9,localstack,9,1,30,1,487270,36993,0.015916,288.25
1.0,1,1.0,1.0,all_tools,deepseek_flash,9.860214640302662,19153,localstack/9,localstack,9,2,20,0,281913,10689,0.005687,99.32
1.0,1,1.0,1.0,all_tools,deepseek_flash,9.860214640302662,19153,localstack/9,localstack,9,3,18,0,214611,9634,0.004767,86.33
0.0,0,0.0,0.0,all_tools,deepseek_flash,11.189312196300184,72353,pandas/26,pandas,26,1,30,1,320538,3653,0.005893,56.0
0.0,0,0.0,0.0,all_tools,deepseek_flash,11.189312196300184,72353,pandas/26,pandas,26,2,30,1,300312,3895,0.006009,59.87
0.0,0,0.0,0.0,all_tools,deepseek_flash,11.189312196300184,72353,pandas/26,pandas,26,3,30,1,301990,3639,0.006243,51.18
0.0,0,0.0,0.0,all_tools,deepseek_flash,11.270446177349276,78468,pandas/35,pandas,35,1,30,1,345707,11173,0.008062,99.43
0.0,0,0.0,0.0,all_tools,deepseek_flash,11.270446177349276,78468,pandas/35,pandas,35,2,30,1,434320,12407,0.010751,120.56
0.0,0,0.0,0.0,all_tools,deepseek_flash,11.270446177349276,78468,pandas/35,pandas,35,3,30,1,339140,5416,0.006532,68.38
0.5,0,0.5,0.5,all_tools,deepseek_flash,12.08721590866289,177587,pandas/38,pandas,38,1,27,0,451593,8745,0.009457,111.71
0.6667,0,1.0,0.5,all_tools,deepseek_flash,12.08721590866289,177587,pandas/38,pandas,38,2,30,1,523661,11991,0.009971,115.65
0.0,0,0.0,0.0,all_tools,deepseek_flash,12.08721590866289,177587,pandas/38,pandas,38,3,30,1,919598,13916,0.01561,153.21
0.0,0,0.0,0.0,all_tools,deepseek_flash,10.883015959814806,53264,pandas/44,pandas,44,1,30,1,578563,13761,0.01148,134.24
0.0,0,0.0,0.0,all_tools,deepseek_flash,10.883015959814806,53264,pandas/44,pandas,44,2,30,1,590054,14315,0.011698,155.86
0.0,0,0.0,0.0,all_tools,deepseek_flash,10.883015959814806,53264,pandas/44,pandas,44,3,30,1,957106,11813,0.01618,144.27
1.0,1,1.0,1.0,all_tools,deepseek_flash,9.346705246496699,11461,requests/12,requests,12,1,12,0,90365,3628,0.002796,34.23
0.8,0,1.0,0.6667,all_tools,deepseek_flash,9.346705246496699,11461,requests/12,requests,12,2,9,0,56182,2043,0.002467,21.97
0.8,0,1.0,0.6667,all_tools,deepseek_flash,9.346705246496699,11461,requests/12,requests,12,3,19,0,200056,3474,0.003341,40.68
1.0,1,1.0,1.0,all_tools,deepseek_flash,9.348274558065496,11479,requests/13,requests,13,1,19,0,341532,11443,0.00664,100.68
1.0,1,1.0,1.0,all_tools,deepseek_flash,9.348274558065496,11479,requests/13,requests,13,2,20,0,299125,9713,0.0054,93.92
1.0,1,1.0,1.0,all_tools,deepseek_flash,9.348274558065496,11479,requests/13,requests,13,3,26,0,351021,12495,0.007982,126.06
1.0,1,1.0,1.0,all_tools,deepseek_flash,7.958576903813898,2860,requests/7,requests,7,1,10,0,75280,6745,0.002927,72.2
1.0,1,1.0,1.0,all_tools,deepseek_flash,7.958576903813898,2860,requests/7,requests,7,2,11,0,65140,3350,0.001821,37.43
1.0,1,1.0,1.0,all_tools,deepseek_flash,7.958576903813898,2860,requests/7,requests,7,3,9,0,55461,2949,0.001689,33.46
1.0,1,1.0,1.0,all_tools,deepseek_flash,10.031000872835088,22720,rich/1,rich,1,1,5,0,36040,1874,0.002111,17.57
1.0,1,1.0,1.0,all_tools,deepseek_flash,10.031000872835088,22720,rich/1,rich,1,2,10,0,81277,2063,0.00242,24.84
1.0,1,1.0,1.0,all_tools,deepseek_flash,10.031000872835088,22720,rich/1,rich,1,3,6,0,40889,1664,0.002046,18.96
0.4,0,1.0,0.25,all_tools,deepseek_flash,10.051648903516648,23194,rich/12,rich,12,1,26,0,1091792,27706,0.024295,233.62
0.4,0,1.0,0.25,all_tools,deepseek_flash,10.051648903516648,23194,rich/12,rich,12,2,30,1,805893,32157,0.017882,303.04
0.4,0,1.0,0.25,all_tools,deepseek_flash,10.051648903516648,23194,rich/12,rich,12,3,20,0,431710,11237,0.007389,107.83
1.0,1,1.0,1.0,all_tools,deepseek_flash,10.039939675671627,22924,rich/8,rich,8,1,7,0,48643,1732,0.001605,19.18
1.0,1,1.0,1.0,all_tools,deepseek_flash,10.039939675671627,22924,rich/8,rich,8,2,9,0,73031,2160,0.001961,25.04
1.0,1,1.0,1.0,all_tools,deepseek_flash,10.039939675671627,22924,rich/8,rich,8,3,10,0,83915,2745,0.002208,30.82
0.6667,0,1.0,0.5,all_tools,deepseek_flash,11.620954417182327,111408,scikit-learn/45,scikit-learn,45,1,28,0,283748,4860,0.004891,64.82
0.6667,0,1.0,0.5,all_tools,deepseek_flash,11.620954417182327,111408,scikit-learn/45,scikit-learn,45,2,23,0,113170,2925,0.001683,43.3
0.6667,0,1.0,0.5,all_tools,deepseek_flash,11.620954417182327,111408,scikit-learn/45,scikit-learn,45,3,23,0,176751,3912,0.002817,47.28
1.0,1,1.0,1.0,all_tools,deepseek_flash,11.55076060327325,103856,scikit-learn/49,scikit-learn,49,1,21,0,462106,6011,0.007353,64.62
1.0,1,1.0,1.0,all_tools,deepseek_flash,11.55076060327325,103856,scikit-learn/49,scikit-learn,49,2,17,0,385185,4658,0.00597,46.86
1.0,1,1.0,1.0,all_tools,deepseek_flash,11.55076060327325,103856,scikit-learn/49,scikit-learn,49,3,10,0,246679,4421,0.00576,45.57
1.0,1,1.0,1.0,all_tools,deepseek_flash,11.525654110946952,101281,scikit-learn/5,scikit-learn,5,1,12,0,170956,16642,0.006905,165.57
1.0,1,1.0,1.0,all_tools,deepseek_flash,11.525654110946952,101281,scikit-learn/5,scikit-learn,5,2,18,0,741430,60991,0.021251,532.74
1.0,1,1.0,1.0,all_tools,deepseek_flash,11.525654110946952,101281,scikit-learn/5,scikit-learn,5,3,13,0,238753,18509,0.008086,157.26
1.0,1,1.0,1.0,all_tools,deepseek_flash,9.796458979777604,17970,scrapy/20,scrapy,20,1,10,0,70093,1559,0.001627,19.38
1.0,1,1.0,1.0,all_tools,deepseek_flash,9.796458979777604,17970,scrapy/20,scrapy,20,2,5,0,38361,1554,0.00217,15.49
1.0,1,1.0,1.0,all_tools,deepseek_flash,9.796458979777604,17970,scrapy/20,scrapy,20,3,8,0,69164,1657,0.00249,16.94
0.6667,1,0.5,1.0,all_tools,deepseek_flash,9.655026193237628,15600,scrapy/26,scrapy,26,1,22,0,230516,3666,0.003304,52.82
0.6667,1,0.5,1.0,all_tools,deepseek_flash,9.655026193237628,15600,scrapy/26,scrapy,26,2,19,0,185999,3149,0.003003,38.68
0.6667,1,0.5,1.0,all_tools,deepseek_flash,9.655026193237628,15600,scrapy/26,scrapy,26,3,30,0,328162,4765,0.005656,62.27
0.0,0,0.0,0.0,all_tools,deepseek_flash,9.73477299914839,16895,scrapy/48,scrapy,48,1,30,1,250621,5946,0.005299,83.11
0.0,0,0.0,0.0,all_tools,deepseek_flash,9.73477299914839,16895,scrapy/48,scrapy,48,2,30,1,252099,6499,0.004958,69.76
0.0,0,0.0,0.0,all_tools,deepseek_flash,9.73477299914839,16895,scrapy/48,scrapy,48,3,30,1,227113,6505,0.004922,75.5
1.0,1,1.0,1.0,all_tools,deepseek_flash,9.961803629358965,21201,stable-diffusion-webui/0,stable-diffusion-webui,0,1,18,0,375783,3237,0.004853,40.96
1.0,1,1.0,1.0,all_tools,deepseek_flash,9.961803629358965,21201,stable-diffusion-webui/0,stable-diffusion-webui,0,2,4,0,71747,1896,0.003112,18.51
1.0,1,1.0,1.0,all_tools,deepseek_flash,9.961803629358965,21201,stable-diffusion-webui/0,stable-diffusion-webui,0,3,4,0,72510,1919,0.00312,19.24
1.0,1,1.0,1.0,all_tools,deepseek_flash,9.908425341565751,20099,stable-diffusion-webui/13,stable-diffusion-webui,13,1,23,0,640169,9544,0.008826,84.19
0.6667,1,0.5,1.0,all_tools,deepseek_flash,9.908425341565751,20099,stable-diffusion-webui/13,stable-diffusion-webui,13,2,30,0,750820,16356,0.012632,168.41
1.0,1,1.0,1.0,all_tools,deepseek_flash,9.908425341565751,20099,stable-diffusion-webui/13,stable-diffusion-webui,13,3,29,0,1120814,22627,0.020474,212.98
0.6667,0,1.0,0.5,all_tools,deepseek_flash,10.028797743501574,22670,stable-diffusion-webui/5,stable-diffusion-webui,5,1,27,0,776428,20937,0.019449,204.82
0.6667,0,1.0,0.5,all_tools,deepseek_flash,10.028797743501574,22670,stable-diffusion-webui/5,stable-diffusion-webui,5,2,27,0,930700,28438,0.023654,245.26
0.6667,0,1.0,0.5,all_tools,deepseek_flash,10.028797743501574,22670,stable-diffusion-webui/5,stable-diffusion-webui,5,3,27,0,859319,28790,0.024454,278.26
0.4,0,0.5,0.3333,all_tools,deepseek_flash,8.483636407887394,4835,thefuck/10,thefuck,10,1,27,0,558221,36999,0.016666,325.93
0.4,0,0.5,0.3333,all_tools,deepseek_flash,8.483636407887394,4835,thefuck/10,thefuck,10,2,30,1,716712,33457,0.0219,321.32
0.5,0,1.0,0.3333,all_tools,deepseek_flash,8.483636407887394,4835,thefuck/10,thefuck,10,3,29,0,914563,44527,0.026198,400.16
0.0,0,0.0,0.0,all_tools,deepseek_flash,8.270781013162674,3908,thefuck/20,thefuck,20,1,10,0,64577,3694,0.002137,35.47
0.0,0,0.0,0.0,all_tools,deepseek_flash,8.270781013162674,3908,thefuck/20,thefuck,20,2,12,0,62496,3622,0.002072,33.34
0.0,0,0.0,0.0,all_tools,deepseek_flash,8.270781013162674,3908,thefuck/20,thefuck,20,3,14,0,121283,6642,0.003526,66.69
1.0,1,1.0,1.0,all_tools,deepseek_flash,7.822845290279774,2497,thefuck/5,thefuck,5,1,27,0,263485,7451,0.005906,85.05
1.0,1,1.0,1.0,all_tools,deepseek_flash,7.822845290279774,2497,thefuck/5,thefuck,5,2,19,0,181599,5393,0.003349,58.37
1.0,1,1.0,1.0,all_tools,deepseek_flash,7.822845290279774,2497,thefuck/5,thefuck,5,3,13,0,88820,2976,0.002046,31.53
1.0,1,1.0,1.0,all_tools,deepseek_flash,12.430331574579306,250279,transformers/25,transformers,25,1,17,0,186382,4282,0.004234,48.61
1.0,1,1.0,1.0,all_tools,deepseek_flash,12.430331574579306,250279,transformers/25,transformers,25,2,14,0,220474,4327,0.004857,46.53
1.0,1,1.0,1.0,all_tools,deepseek_flash,12.430331574579306,250279,transformers/25,transformers,25,3,16,0,165484,3308,0.003652,43.48
0.1538,0,1.0,0.0833,all_tools,deepseek_flash,12.407424472605875,244611,transformers/27,transformers,27,1,7,0,58391,1763,0.001854,19.02
0.1538,0,1.0,0.0833,all_tools,deepseek_flash,12.407424472605875,244611,transformers/27,transformers,27,2,9,0,61762,1843,0.001804,21.64
0.1538,0,1.0,0.0833,all_tools,deepseek_flash,12.407424472605875,244611,transformers/27,transformers,27,3,5,0,22856,961,0.000835,10.66
0.8889,0,1.0,0.8,all_tools,deepseek_flash,11.587420505060633,107734,transformers/5,transformers,5,1,30,1,949010,7927,0.01654,93.88
0.75,0,1.0,0.6,all_tools,deepseek_flash,11.587420505060633,107734,transformers/5,transformers,5,2,28,0,1010937,7477,0.018498,92.2
0.8889,0,1.0,0.8,all_tools,deepseek_flash,11.587420505060633,107734,transformers/5,transformers,5,3,23,0,906803,7357,0.012474,81.35
1.0,1,1.0,1.0,all_tools,deepseek_flash,12.095096391086711,178992,yt-dlp/23,yt-dlp,23,1,9,0,64262,4263,0.0022,44.61
1.0,1,1.0,1.0,all_tools,deepseek_flash,12.095096391086711,178992,yt-dlp/23,yt-dlp,23,2,15,0,201691,6415,0.004042,62.41
1.0,1,1.0,1.0,all_tools,deepseek_flash,12.095096391086711,178992,yt-dlp/23,yt-dlp,23,3,28,0,447256,16469,0.010591,146.0
0.0,0,0.0,0.0,all_tools,deepseek_flash,12.1489730534896,188900,yt-dlp/41,yt-dlp,41,1,30,1,760706,13399,0.013697,159.21
0.0,0,0.0,0.0,all_tools,deepseek_flash,12.1489730534896,188900,yt-dlp/41,yt-dlp,41,2,30,1,437300,12888,0.009564,136.03
0.5,1,0.3333,1.0,all_tools,deepseek_flash,12.1489730534896,188900,yt-dlp/41,yt-dlp,41,3,30,0,799683,10717,0.014574,107.79
0.0,0,0.0,0.0,all_tools,deepseek_flash,12.198660241414718,198523,yt-dlp/45,yt-dlp,45,1,30,1,398522,8228,0.007239,95.17
0.6667,0,1.0,0.5,all_tools,deepseek_flash,12.198660241414718,198523,yt-dlp/45,yt-dlp,45,2,25,0,562978,7615,0.007138,88.89
0.6667,0,1.0,0.5,all_tools,deepseek_flash,12.198660241414718,198523,yt-dlp/45,yt-dlp,45,3,28,0,473930,9596,0.00931,110.22
1.0,1,1.0,1.0,all_tools,nemotron_super,12.068688124847148,174327,core/16,core,16,1,14,0,121793,46744,0.02905,785.31
1.0,1,1.0,1.0,all_tools,nemotron_super,12.068688124847148,174327,core/16,core,16,2,7,0,31468,18498,0.010074,234.75
1.0,1,1.0,1.0,all_tools,nemotron_super,12.068688124847148,174327,core/16,core,16,3,8,0,32968,12353,0.007743,142.79
1.0,1,1.0,1.0,all_tools,nemotron_super,11.506545154005941,99364,core/20,core,20,1,4,0,26267,15054,0.008254,302.89
1.0,1,1.0,1.0,all_tools,nemotron_super,11.506545154005941,99364,core/20,core,20,2,9,0,52204,19021,0.012046,369.21
1.0,1,1.0,1.0,all_tools,nemotron_super,11.506545154005941,99364,core/20,core,20,3,7,0,50651,15216,0.010392,183.2
0.0,0,0.0,0.0,all_tools,nemotron_super,8.579980179515003,5324,fastapi/17,fastapi,17,1,10,0,96576,30203,0.02029,512.16
0.0,0,0.0,0.0,all_tools,nemotron_super,8.579980179515003,5324,fastapi/17,fastapi,17,2,18,0,227871,71004,0.047771,861.83
0.0,0,0.0,0.0,all_tools,nemotron_super,8.579980179515003,5324,fastapi/17,fastapi,17,3,12,0,152232,47064,0.031765,721.86
0.0,0,0.0,0.0,all_tools,nemotron_super,8.518991573357617,5009,fastapi/20,fastapi,20,1,21,0,244210,53802,0.042279,889.82
0.0,0,0.0,0.0,all_tools,nemotron_super,8.518991573357617,5009,fastapi/20,fastapi,20,2,12,0,111902,22909,0.018675,391.66
0.0,0,0.0,0.0,all_tools,nemotron_super,8.518991573357617,5009,fastapi/20,fastapi,20,3,17,0,203716,40032,0.033329,574.38
0.5,0,1.0,0.3333,all_tools,nemotron_super,8.482187582217422,4828,fastapi/9,fastapi,9,1,16,0,88723,37043,0.022359,435.68
0.5,0,1.0,0.3333,all_tools,nemotron_super,8.482187582217422,4828,fastapi/9,fastapi,9,2,12,0,82190,35246,0.021085,609.11
0.5,0,1.0,0.3333,all_tools,nemotron_super,8.482187582217422,4828,fastapi/9,fastapi,9,3,15,0,99614,41182,0.02494,484.87
1.0,1,1.0,1.0,all_tools,nemotron_super,8.808369153122275,6690,flask/18,flask,18,1,10,0,87237,24909,0.017379,267.89
1.0,1,1.0,1.0,all_tools,nemotron_super,8.808369153122275,6690,flask/18,flask,18,2,13,0,133133,22920,0.020484,303.14
0.6667,0,1.0,0.5,all_tools,nemotron_super,8.808369153122275,6690,flask/18,flask,18,3,18,0,218736,32551,0.031613,426.75
1.0,1,1.0,1.0,all_tools,nemotron_super,8.899457906353966,7328,flask/3,flask,3,1,9,0,63867,12072,0.010257,147.68
1.0,1,1.0,1.0,all_tools,nemotron_super,8.899457906353966,7328,flask/3,flask,3,2,9,0,62095,10088,0.009313,141.84
1.0,1,1.0,1.0,all_tools,nemotron_super,8.899457906353966,7328,flask/3,flask,3,3,11,0,91504,18086,0.015012,330.18
1.0,1,1.0,1.0,all_tools,nemotron_super,8.827468112520654,6819,flask/6,flask,6,1,5,0,38677,15285,0.009402,243.35
1.0,1,1.0,1.0,all_tools,nemotron_super,8.827468112520654,6819,flask/6,flask,6,2,8,0,72434,20783,0.01447,267.74
0.0,0,0.0,0.0,all_tools,nemotron_super,8.827468112520654,6819,flask/6,flask,6,3,11,0,163676,29029,0.025524,380.77
0.0,0,0.0,0.0,all_tools,nemotron_super,8.341410211461865,4194,gpt-engineer/11,gpt-engineer,11,1,7,0,25696,18389,0.00954,396.2
0.0,0,0.0,0.0,all_tools,nemotron_super,8.341410211461865,4194,gpt-engineer/11,gpt-engineer,11,2,10,0,47430,26299,0.014551,354.52
0.0,0,0.0,0.0,all_tools,nemotron_super,8.341410211461865,4194,gpt-engineer/11,gpt-engineer,11,3,14,0,135562,53281,0.032835,451.75
0.4,0,1.0,0.25,all_tools,nemotron_super,8.029432840581244,3070,gpt-engineer/12,gpt-engineer,12,1,14,0,82380,21467,0.015589,484.36
0.4,0,1.0,0.25,all_tools,nemotron_super,8.029432840581244,3070,gpt-engineer/12,gpt-engineer,12,2,24,0,190426,34442,0.029963,575.69
0.4,0,1.0,0.25,all_tools,nemotron_super,8.029432840581244,3070,gpt-engineer/12,gpt-engineer,12,3,26,0,209449,23128,0.027054,264.28
0.0,0,0.0,0.0,all_tools,nemotron_super,8.36380888451688,4289,gpt-engineer/9,gpt-engineer,9,1,20,0,253584,68807,0.049077,849.73
0.6667,1,0.5,1.0,all_tools,nemotron_super,8.36380888451688,4289,gpt-engineer/9,gpt-engineer,9,2,22,0,300827,80309,0.057694,814.4
0.0,0,0.0,0.0,all_tools,nemotron_super,8.36380888451688,4289,gpt-engineer/9,gpt-engineer,9,3,11,0,85522,23400,0.016629,431.86
0.0,0,0.0,0.0,all_tools,nemotron_super,10.196231790580173,26802,keras/12,keras,12,1,8,0,31434,17293,0.009589,224.98
0.0,0,0.0,0.0,all_tools,nemotron_super,10.196231790580173,26802,keras/12,keras,12,2,7,0,24844,20815,0.010438,252.7
0.0,0,0.0,0.0,all_tools,nemotron_super,10.196231790580173,26802,keras/12,keras,12,3,7,0,21662,10765,0.006147,141.33
0.0,0,0.0,0.0,all_tools,nemotron_super,10.349134450277123,31230,keras/5,keras,5,1,15,0,231204,57385,0.042606,803.83
1.0,1,1.0,1.0,all_tools,nemotron_super,10.349134450277123,31230,keras/5,keras,5,2,8,0,71299,12192,0.010937,148.6
1.0,1,1.0,1.0,all_tools,nemotron_super,10.349134450277123,31230,keras/5,keras,5,3,18,0,284553,35872,0.038536,381.86
1.0,1,1.0,1.0,all_tools,nemotron_super,10.444153492313001,34343,keras/9,keras,9,1,10,0,95429,29867,0.020058,383.55
1.0,1,1.0,1.0,all_tools,nemotron_super,10.444153492313001,34343,keras/9,keras,9,2,9,0,56608,23964,0.014397,357.27
1.0,1,1.0,1.0,all_tools,nemotron_super,10.444153492313001,34343,keras/9,keras,9,3,4,0,25998,11725,0.0069,131.5
0.0,0,0.0,0.0,all_tools,nemotron_super,9.61953186182516,15056,localstack/19,localstack,19,1,16,0,88921,9912,0.011523,132.29
0.0,0,0.0,0.0,all_tools,nemotron_super,9.61953186182516,15056,localstack/19,localstack,19,2,14,0,62120,8346,0.008619,101.72
0.0,0,0.0,0.0,all_tools,nemotron_super,9.61953186182516,15056,localstack/19,localstack,19,3,9,0,76477,4128,0.008152,49.32
1.0,1,1.0,1.0,all_tools,nemotron_super,10.563155506021905,38683,localstack/2,localstack,2,1,16,0,170522,33679,0.027966,490.51
1.0,1,1.0,1.0,all_tools,nemotron_super,10.563155506021905,38683,localstack/2,localstack,2,2,20,0,229469,37033,0.034318,452.18
1.0,1,1.0,1.0,all_tools,nemotron_super,10.563155506021905,38683,localstack/2,localstack,2,3,17,0,184288,30161,0.027729,278.53
1.0,1,1.0,1.0,all_tools,nemotron_super,9.860214640302662,19153,localstack/9,localstack,9,1,11,0,66394,41351,0.022184,465.7
1.0,1,1.0,1.0,all_tools,nemotron_super,9.860214640302662,19153,localstack/9,localstack,9,2,12,0,76402,41731,0.023187,504.0
1.0,1,1.0,1.0,all_tools,nemotron_super,9.860214640302662,19153,localstack/9,localstack,9,3,10,0,127178,34996,0.024809,669.27
0.6667,0,1.0,0.5,all_tools,nemotron_super,11.189312196300184,72353,pandas/26,pandas,26,1,30,0,448241,9407,0.041863,158.27
1.0,1,1.0,1.0,all_tools,nemotron_super,11.189312196300184,72353,pandas/26,pandas,26,2,30,1,472870,8698,0.043673,185.8
0.6667,0,1.0,0.5,all_tools,nemotron_super,11.189312196300184,72353,pandas/26,pandas,26,3,30,1,513997,11123,0.048139,171.21
0.0,0,0.0,0.0,all_tools,nemotron_super,11.270446177349276,78468,pandas/35,pandas,35,1,30,1,291730,27146,0.035655,466.4
0.0,0,0.0,0.0,all_tools,nemotron_super,11.270446177349276,78468,pandas/35,pandas,35,2,30,1,322372,17496,0.0344,221.79
0.0,0,0.0,0.0,all_tools,nemotron_super,11.270446177349276,78468,pandas/35,pandas,35,3,30,1,285151,7761,0.027342,204.66
0.6667,0,1.0,0.5,all_tools,nemotron_super,12.08721590866289,177587,pandas/38,pandas,38,1,5,0,33139,10330,0.006949,127.5
0.5,0,0.5,0.5,all_tools,nemotron_super,12.08721590866289,177587,pandas/38,pandas,38,2,7,0,63392,26693,0.016066,422.93
0.6667,0,1.0,0.5,all_tools,nemotron_super,12.08721590866289,177587,pandas/38,pandas,38,3,5,0,38565,17353,0.010219,398.11
0.0,0,0.0,0.0,all_tools,nemotron_super,10.883015959814806,53264,pandas/44,pandas,44,1,6,0,74294,9346,0.010053,109.94
0.0,0,0.0,0.0,all_tools,nemotron_super,10.883015959814806,53264,pandas/44,pandas,44,2,13,0,192630,24485,0.026168,363.77
0.0,0,0.0,0.0,all_tools,nemotron_super,10.883015959814806,53264,pandas/44,pandas,44,3,18,0,153341,33804,0.026556,358.28
0.8,0,1.0,0.6667,all_tools,nemotron_super,9.346705246496699,11461,requests/12,requests,12,1,13,0,97182,22897,0.017419,346.63
0.8,0,1.0,0.6667,all_tools,nemotron_super,9.346705246496699,11461,requests/12,requests,12,2,10,0,60157,12975,0.010303,178.39
0.8,0,1.0,0.6667,all_tools,nemotron_super,9.346705246496699,11461,requests/12,requests,12,3,25,0,266586,41876,0.03941,499.44
1.0,1,1.0,1.0,all_tools,nemotron_super,9.348274558065496,11479,requests/13,requests,13,1,8,0,42707,22898,0.012789,374.48
1.0,1,1.0,1.0,all_tools,nemotron_super,9.348274558065496,11479,requests/13,requests,13,2,15,0,80790,18990,0.014463,352.43
1.0,1,1.0,1.0,all_tools,nemotron_super,9.348274558065496,11479,requests/13,requests,13,3,11,0,67015,27993,0.016893,329.62
1.0,1,1.0,1.0,all_tools,nemotron_super,7.958576903813898,2860,requests/7,requests,7,1,11,0,130448,34667,0.024955,468.21
1.0,1,1.0,1.0,all_tools,nemotron_super,7.958576903813898,2860,requests/7,requests,7,2,7,0,69147,10479,0.010069,145.54
1.0,1,1.0,1.0,all_tools,nemotron_super,7.958576903813898,2860,requests/7,requests,7,3,7,0,24184,12482,0.007048,279.15
1.0,1,1.0,1.0,all_tools,nemotron_super,10.031000872835088,22720,rich/1,rich,1,1,12,0,150085,11188,0.017232,151.96
1.0,1,1.0,1.0,all_tools,nemotron_super,10.031000872835088,22720,rich/1,rich,1,2,7,0,37122,4750,0.005055,84.93
1.0,1,1.0,1.0,all_tools,nemotron_super,10.031000872835088,22720,rich/1,rich,1,3,10,0,59500,12151,0.009918,291.54
0.4,0,1.0,0.25,all_tools,nemotron_super,10.051648903516648,23194,rich/12,rich,12,1,8,0,66929,12107,0.010532,161.61
0.0,0,0.0,0.0,all_tools,nemotron_super,10.051648903516648,23194,rich/12,rich,12,2,15,0,143543,29754,0.024103,520.02
0.4,0,1.0,0.25,all_tools,nemotron_super,10.051648903516648,23194,rich/12,rich,12,3,9,0,89191,25101,0.017622,344.8
1.0,1,1.0,1.0,all_tools,nemotron_super,10.039939675671627,22924,rich/8,rich,8,1,9,0,57621,9659,0.008761,148.86
1.0,1,1.0,1.0,all_tools,nemotron_super,10.039939675671627,22924,rich/8,rich,8,2,8,0,54021,12894,0.009749,172.44
1.0,1,1.0,1.0,all_tools,nemotron_super,10.039939675671627,22924,rich/8,rich,8,3,7,0,44956,14968,0.009808,114.05
0.6667,0,1.0,0.5,all_tools,nemotron_super,11.620954417182327,111408,scikit-learn/45,scikit-learn,45,1,14,0,49742,14520,0.010036,147.0
0.6667,0,1.0,0.5,all_tools,nemotron_super,11.620954417182327,111408,scikit-learn/45,scikit-learn,45,2,11,0,40701,10062,0.007484,139.39
0.6667,0,1.0,0.5,all_tools,nemotron_super,11.620954417182327,111408,scikit-learn/45,scikit-learn,45,3,19,0,127194,26856,0.021554,595.56
1.0,1,1.0,1.0,all_tools,nemotron_super,11.55076060327325,103856,scikit-learn/49,scikit-learn,49,1,22,0,512283,32581,0.056576,507.04
1.0,1,1.0,1.0,all_tools,nemotron_super,11.55076060327325,103856,scikit-learn/49,scikit-learn,49,2,12,0,184328,8200,0.018948,109.36
0.0,0,0.0,0.0,all_tools,nemotron_super,11.55076060327325,103856,scikit-learn/49,scikit-learn,49,3,30,1,680711,15258,0.063964,181.44
1.0,1,1.0,1.0,all_tools,nemotron_super,11.525654110946952,101281,scikit-learn/5,scikit-learn,5,1,8,0,59010,10075,0.009046,147.48
1.0,1,1.0,1.0,all_tools,nemotron_super,11.525654110946952,101281,scikit-learn/5,scikit-learn,5,2,9,0,54528,27030,0.015447,507.07
1.0,1,1.0,1.0,all_tools,nemotron_super,11.525654110946952,101281,scikit-learn/5,scikit-learn,5,3,8,0,54021,17695,0.01167,192.19
1.0,1,1.0,1.0,all_tools,nemotron_super,9.796458979777604,17970,scrapy/20,scrapy,20,1,7,0,43735,5934,0.006091,84.11
1.0,1,1.0,1.0,all_tools,nemotron_super,9.796458979777604,17970,scrapy/20,scrapy,20,2,12,0,113289,9997,0.013628,190.13
1.0,1,1.0,1.0,all_tools,nemotron_super,9.796458979777604,17970,scrapy/20,scrapy,20,3,8,0,56803,4284,0.006542,62.25
1.0,1,1.0,1.0,all_tools,nemotron_super,9.655026193237628,15600,scrapy/26,scrapy,26,1,4,0,14281,5463,0.003399,64.84
1.0,1,1.0,1.0,all_tools,nemotron_super,9.655026193237628,15600,scrapy/26,scrapy,26,2,7,0,43319,21154,0.012144,355.32
1.0,1,1.0,1.0,all_tools,nemotron_super,9.655026193237628,15600,scrapy/26,scrapy,26,3,9,0,66691,20873,0.014018,195.99
0.6667,0,1.0,0.5,all_tools,nemotron_super,9.73477299914839,16895,scrapy/48,scrapy,48,1,8,0,20979,5555,0.004005,62.83
0.0,0,0.0,0.0,all_tools,nemotron_super,9.73477299914839,16895,scrapy/48,scrapy,48,2,19,0,105307,31620,0.021599,426.21
0.6667,0,1.0,0.5,all_tools,nemotron_super,9.73477299914839,16895,scrapy/48,scrapy,48,3,15,0,81004,23264,0.016191,350.95
1.0,1,1.0,1.0,all_tools,nemotron_super,9.961803629358965,21201,stable-diffusion-webui/0,stable-diffusion-webui,0,1,4,0,72646,7736,0.009269,111.23
1.0,1,1.0,1.0,all_tools,nemotron_super,9.961803629358965,21201,stable-diffusion-webui/0,stable-diffusion-webui,0,2,6,0,118223,10097,0.014088,190.92
1.0,1,1.0,1.0,all_tools,nemotron_super,9.961803629358965,21201,stable-diffusion-webui/0,stable-diffusion-webui,0,3,5,0,92747,10443,0.012061,203.28
0.0,0,0.0,0.0,all_tools,nemotron_super,9.908425341565751,20099,stable-diffusion-webui/13,stable-diffusion-webui,13,1,30,1,731999,33366,0.075566,582.34
0.0,0,0.0,0.0,all_tools,nemotron_super,9.908425341565751,20099,stable-diffusion-webui/13,stable-diffusion-webui,13,2,24,0,644209,40453,0.070939,825.12
1.0,1,1.0,1.0,all_tools,nemotron_super,9.908425341565751,20099,stable-diffusion-webui/13,stable-diffusion-webui,13,3,30,0,770533,26116,0.075942,451.93
0.0,0,0.0,0.0,all_tools,nemotron_super,10.028797743501574,22670,stable-diffusion-webui/5,stable-diffusion-webui,5,1,14,0,106390,10860,0.013387,120.79
0.0,0,0.0,0.0,all_tools,nemotron_super,10.028797743501574,22670,stable-diffusion-webui/5,stable-diffusion-webui,5,2,15,0,116706,6658,0.012583,85.71
0.0,0,0.0,0.0,all_tools,nemotron_super,10.028797743501574,22670,stable-diffusion-webui/5,stable-diffusion-webui,5,3,20,0,259454,16710,0.028738,234.46
0.0,0,0.0,0.0,all_tools,nemotron_super,8.483636407887394,4835,thefuck/10,thefuck,10,1,14,0,75803,59669,0.030311,823.81
0.0,0,0.0,0.0,all_tools,nemotron_super,8.483636407887394,4835,thefuck/10,thefuck,10,2,10,0,47092,37089,0.018838,332.63
0.0,0,0.0,0.0,all_tools,nemotron_super,8.483636407887394,4835,thefuck/10,thefuck,10,3,11,0,54836,35302,0.018782,518.8
0.0,0,0.0,0.0,all_tools,nemotron_super,8.270781013162674,3908,thefuck/20,thefuck,20,1,30,1,180766,35274,0.029475,416.1
0.0,0,0.0,0.0,all_tools,nemotron_super,8.270781013162674,3908,thefuck/20,thefuck,20,2,30,1,239757,41549,0.036999,662.81
0.0,0,0.0,0.0,all_tools,nemotron_super,8.270781013162674,3908,thefuck/20,thefuck,20,3,29,0,206922,53391,0.038945,645.09
1.0,1,1.0,1.0,all_tools,nemotron_super,7.822845290279774,2497,thefuck/5,thefuck,5,1,15,0,115840,26709,0.02053,327.36
1.0,1,1.0,1.0,all_tools,nemotron_super,7.822845290279774,2497,thefuck/5,thefuck,5,2,21,0,149496,37519,0.027715,619.43
1.0,1,1.0,1.0,all_tools,nemotron_super,7.822845290279774,2497,thefuck/5,thefuck,5,3,28,0,108753,28295,0.020562,236.9
1.0,1,1.0,1.0,all_tools,nemotron_super,12.430331574579306,250279,transformers/25,transformers,25,1,15,0,85125,19837,0.01517,392.03
1.0,1,1.0,1.0,all_tools,nemotron_super,12.430331574579306,250279,transformers/25,transformers,25,2,15,0,78455,23937,0.016243,320.29
1.0,1,1.0,1.0,all_tools,nemotron_super,12.430331574579306,250279,transformers/25,transformers,25,3,23,0,286228,29337,0.036064,316.4
0.1538,0,1.0,0.0833,all_tools,nemotron_super,12.407424472605875,244611,transformers/27,transformers,27,1,5,0,25517,1066,0.002595,19.25
0.1538,0,1.0,0.0833,all_tools,nemotron_super,12.407424472605875,244611,transformers/27,transformers,27,2,7,0,30948,2597,0.003669,40.43
0.1538,0,1.0,0.0833,all_tools,nemotron_super,12.407424472605875,244611,transformers/27,transformers,27,3,4,0,21458,1303,0.002345,23.61
0.8889,0,1.0,0.8,all_tools,nemotron_super,11.587420505060633,107734,transformers/5,transformers,5,1,28,0,524683,23062,0.053823,337.21
0.0,0,0.0,0.0,all_tools,nemotron_super,11.587420505060633,107734,transformers/5,transformers,5,2,30,1,878340,47315,0.093585,675.37
0.0,0,0.0,0.0,all_tools,nemotron_super,11.587420505060633,107734,transformers/5,transformers,5,3,32,1,795302,33930,0.081173,524.0
1.0,1,1.0,1.0,all_tools,nemotron_super,12.095096391086711,178992,yt-dlp/23,yt-dlp,23,1,10,0,93399,25617,0.018186,449.85
1.0,1,1.0,1.0,all_tools,nemotron_super,12.095096391086711,178992,yt-dlp/23,yt-dlp,23,2,5,0,41564,11974,0.008323,144.14
1.0,1,1.0,1.0,all_tools,nemotron_super,12.095096391086711,178992,yt-dlp/23,yt-dlp,23,3,5,0,41941,17844,0.010703,455.86
0.0,0,0.0,0.0,all_tools,nemotron_super,12.1489730534896,188900,yt-dlp/41,yt-dlp,41,1,16,0,154238,14482,0.018903,211.26
0.6667,1,0.5,1.0,all_tools,nemotron_super,12.1489730534896,188900,yt-dlp/41,yt-dlp,41,2,25,0,255463,28443,0.033092,454.29
0.0,0,0.0,0.0,all_tools,nemotron_super,12.1489730534896,188900,yt-dlp/41,yt-dlp,41,3,21,0,292620,23592,0.034309,290.51
0.6667,0,1.0,0.5,all_tools,nemotron_super,12.198660241414718,198523,yt-dlp/45,yt-dlp,45,1,4,0,39673,9225,0.007062,131.34
0.6667,0,1.0,0.5,all_tools,nemotron_super,12.198660241414718,198523,yt-dlp/45,yt-dlp,45,2,12,0,144231,13972,0.017848,172.74
0.6667,0,1.0,0.5,all_tools,nemotron_super,12.198660241414718,198523,yt-dlp/45,yt-dlp,45,3,11,0,217245,20225,0.026556,470.66
